VegID,EmissionType,CommonName,GenusGroup,Family,GrowthForm,Type,References,Comment,EF1,EF2,EF3,EF4,EF5,EF6,EF7,EF8,EF9,EF10,EF11,EF12,EF13,EF14,EF15,EF16,EF17,EF18,EF19,LDF3,LDF4,LDF5,LDF6
Abelia,Nodata,,Abelia,Caprifoliaceae,Btr,genus,,,4,0.02,0.12,0.12,0.06,0.06,0.04,0.05,0.06,0.04,1.6,0.24,0.7,0.4,1,0.1,0.2,0.04,1.6,0.5,0.8,0.3,0.4
Abies,AbiesFraseri,fir,Abies,Pinaceae,Ntr,genus,,,1.8,0.02,0.4,0.2,0.1,0.4,0.2,0.05,0.04,0.01,1.6,0.24,0.7,0.4,1,0.1,0.2,0.04,1.6,0.5,0.8,0.3,0.4
Abies alba,AbiesAlba,silver fir,AbiesIso2,Pinaceae,Ntr,species,,,16,0.02,0.4,0.2,0.1,0.4,0.2,0.05,0.04,0.01,1.6,0.24,0.7,0.4,1,0.1,0.2,0.04,1.6,0.5,0.8,0.3,0.4
Abies amabilis,AbiesGrandis,Pacific silver fir,Abies,Pinaceae,Ntr,species,,,0.05,0.02,0.4,0.2,0.1,0.4,0.2,0.05,0.04,0.01,1.6,0.24,0.7,0.4,1,0.1,0.2,0.04,1.6,0.5,0.8,0.3,0.4
Abies balsamea,AbiesGrandis,balsam fir,Abies,Pinaceae,Ntr,species,,,0.05,0.02,0.4,0.2,0.1,0.4,0.2,0.05,0.04,0.01,1.6,0.24,0.7,0.4,1,0.1,0.2,0.04,1.6,0.5,0.8,0.3,0.4
Abies borisii-regis,AbiesAlba,fir,AbiesIso,Pinaceae,Ntr,species,,,16,0.02,0.4,0.2,0.1,0.4,0.2,0.05,0.04,0.01,1.6,0.24,0.7,0.4,1,0.1,0.2,0.04,1.6,0.5,0.8,0.3,0.4
Abies bornmulleriana,AbiesFraseri,Uludag fir,Abies,Pinaceae,Ntr,species,,,1.8,0.02,0.4,0.2,0.1,0.4,0.2,0.05,0.04,0.01,1.6,0.24,0.7,0.4,1,0.1,0.2,0.04,1.6,0.5,0.8,0.3,0.4
Abies bracteata,AbiesGrandis,bristlecone fir,Abies,Pinaceae,Ntr,species,,,0.05,0.02,0.4,0.2,0.1,0.4,0.2,0.05,0.04,0.01,1.6,0.24,0.7,0.4,1,0.1,0.2,0.04,1.6,0.5,0.8,0.3,0.4
Abies cephalonica,AbiesAlba,,AbiesIso,Pinaceae,Ntr,species,,,16,0.02,0.4,0.2,0.1,0.4,0.2,0.05,0.04,0.01,1.6,0.24,0.7,0.4,1,0.1,0.2,0.04,1.6,0.5,0.8,0.3,0.4
Abies cilicica,AbiesAlba,,AbiesIso,Pinaceae,Ntr,species,,,16,0.02,0.4,0.2,0.1,0.4,0.2,0.05,0.04,0.01,1.6,0.24,0.7,0.4,1,0.1,0.2,0.04,1.6,0.5,0.8,0.3,0.4
Abies concolor,AbiesGrandis,white fir,Abies,Pinaceae,Ntr,species,,,0.05,0.02,0.4,0.2,0.1,0.4,0.2,0.05,0.04,0.01,1.6,0.24,0.7,0.4,1,0.1,0.2,0.04,1.6,0.5,0.8,0.3,0.4
Abies equi-trojani,AbiesAlba,fir,AbiesIso,Pinaceae,Ntr,species,,,16,0.02,0.4,0.2,0.1,0.4,0.2,0.05,0.04,0.01,1.6,0.24,0.7,0.4,1,0.1,0.2,0.04,1.6,0.5,0.8,0.3,0.4
Abies fraseri,AbiesFraseri,Fraser fir,Abies,Pinaceae,Ntr,species,,,1.8,0.02,0.4,0.2,0.1,0.4,0.2,0.05,0.04,0.01,1.6,0.24,0.7,0.4,1,0.1,0.2,0.04,1.6,0.5,0.8,0.3,0.4
Abies grandis,AbiesGrandis,grand fir,Abies,Pinaceae,Ntr,species,,,0.05,0.02,0.4,0.2,0.1,0.4,0.2,0.05,0.04,0.01,1.6,0.24,0.7,0.4,1,0.1,0.2,0.04,1.6,0.5,0.8,0.3,0.4
Abies insignis,AbiesAlba,,AbiesIso,Pinaceae,Ntr,species,,,16,0.02,0.4,0.2,0.1,0.4,0.2,0.05,0.04,0.01,1.6,0.24,0.7,0.4,1,0.1,0.2,0.04,1.6,0.5,0.8,0.3,0.4
Abies lasiocarpa,AbiesGrandis,subalpine fir,Abies,Pinaceae,Ntr,species,,,0.05,0.02,0.4,0.2,0.1,0.4,0.2,0.05,0.04,0.01,1.6,0.24,0.7,0.4,1,0.1,0.2,0.04,1.6,0.5,0.8,0.3,0.4
Abies magnifica,AbiesGrandis,California red fir,Abies,Pinaceae,Ntr,species,,,0.05,0.02,0.4,0.2,0.1,0.4,0.2,0.05,0.04,0.01,1.6,0.24,0.7,0.4,1,0.1,0.2,0.04,1.6,0.5,0.8,0.3,0.4
Abies marocana,AbiesAlba,,AbiesIso,Pinaceae,Ntr,species,,,16,0.02,0.4,0.2,0.1,0.4,0.2,0.05,0.04,0.01,1.6,0.24,0.7,0.4,1,0.1,0.2,0.04,1.6,0.5,0.8,0.3,0.4
Abies nebrodensis,AbiesFraseri,,Abies,Pinaceae,Ntr,species,,,1.8,0.02,0.4,0.2,0.1,0.4,0.2,0.05,0.04,0.01,1.6,0.24,0.7,0.4,1,0.1,0.2,0.04,1.6,0.5,0.8,0.3,0.4
Abies nordmanniana,AbiesAlba,fir,AbiesIso,Pinaceae,Ntr,species,,,16,0.02,0.4,0.2,0.1,0.4,0.2,0.05,0.04,0.01,1.6,0.24,0.7,0.4,1,0.1,0.2,0.04,1.6,0.5,0.8,0.3,0.4
Abies numidica,AbiesAlba,,AbiesIso,Pinaceae,Ntr,species,,,16,0.02,0.4,0.2,0.1,0.4,0.2,0.05,0.04,0.01,1.6,0.24,0.7,0.4,1,0.1,0.2,0.04,1.6,0.5,0.8,0.3,0.4
Abies pardei,AbiesAlba,,AbiesIso,Pinaceae,Ntr,species,,,16,0.02,0.4,0.2,0.1,0.4,0.2,0.05,0.04,0.01,1.6,0.24,0.7,0.4,1,0.1,0.2,0.04,1.6,0.5,0.8,0.3,0.4
Abies pinsapo,AbiesGrandis,,AbiesIso,Pinaceae,Ntr,species,,,0.05,0.02,0.4,0.2,0.1,0.4,0.2,0.05,0.04,0.01,1.6,0.24,0.7,0.4,1,0.1,0.2,0.04,1.6,0.5,0.8,0.3,0.4
Abies procera,AbiesGrandis,noble fir,Abies,Pinaceae,Ntr,species,,,0.05,0.02,0.4,0.2,0.1,0.4,0.2,0.05,0.04,0.01,1.6,0.24,0.7,0.4,1,0.1,0.2,0.04,1.6,0.5,0.8,0.3,0.4
Abutilon,NoData,,Abutilon,Malvaceae,Btr,genus,,,4,0.02,0.12,0.12,0.06,0.06,0.04,0.05,0.06,0.04,1.6,0.24,0.7,0.4,1,0.1,0.2,0.04,1.6,0.5,0.8,0.3,0.4
Abutilon striatum,NoData,,Abutilon,Malvaceae,Btr,species,,,4,0.02,0.12,0.12,0.06,0.06,0.04,0.05,0.06,0.04,1.6,0.24,0.7,0.4,1,0.1,0.2,0.04,1.6,0.5,0.8,0.3,0.4
Acacia,Acacia,acacia,Acacia,Fabaceae,Btr,genus,,,4,0.02,0.4,0.1,0.1,0.1,0.04,0.05,0.06,0.04,1.6,0.24,0.7,0.4,1,0.1,0.2,0.04,1.6,0.5,0.8,0.3,0.4
Acacia amara,AcaciaAmara,,Acacia,Fabaceae,Btr,species,,,0.2,0.02,0.4,0.1,0.1,0.1,0.04,0.05,0.06,0.04,1.6,0.24,0.7,0.4,1,0.1,0.2,0.04,1.6,0.5,0.8,0.3,0.4
Acacia aneura,AcaciaAmara,mulga,Acacia,Fabaceae,Btr,species,,,0.2,0.02,0.4,0.1,0.1,0.1,0.04,0.05,0.06,0.04,1.6,0.24,0.7,0.4,1,0.1,0.2,0.04,1.6,0.5,0.8,0.3,0.4
Acacia auculaeformis,AcaciaAmara,,Acacia,Fabaceae,Btr,species,,,0.2,0.02,0.4,0.1,0.1,0.1,0.04,0.05,0.06,0.04,1.6,0.24,0.7,0.4,1,0.1,0.2,0.04,1.6,0.5,0.8,0.3,0.4
Acacia auriculiformis,AcaciaAmara,earleaf acacia,Acacia,Fabaceae,Btr,species,,,0.2,0.02,0.4,0.1,0.1,0.1,0.04,0.05,0.06,0.04,1.6,0.24,0.7,0.4,1,0.1,0.2,0.04,1.6,0.5,0.8,0.3,0.4
Acacia baileyana,AcaciaAmara,cootamundra wattle,Acacia,Fabaceae,Btr,species,,,0.2,0.02,0.4,0.1,0.1,0.1,0.04,0.05,0.06,0.04,1.6,0.24,0.7,0.4,1,0.1,0.2,0.04,1.6,0.5,0.8,0.3,0.4
Acacia berlandieri,AcaciaAmara,guajillo,Acacia,Fabaceae,Btr,species,,,0.2,0.02,0.4,0.1,0.1,0.1,0.04,0.05,0.06,0.04,1.6,0.24,0.7,0.4,1,0.1,0.2,0.04,1.6,0.5,0.8,0.3,0.4
Acacia borleae,AcaciaAmara,,Acacia,Fabaceae,Btr,species,,,0.2,0.02,0.4,0.1,0.1,0.1,0.04,0.05,0.06,0.04,1.6,0.24,0.7,0.4,1,0.1,0.2,0.04,1.6,0.5,0.8,0.3,0.4
Acacia burkei,AcaciaAmara,,Acacia,Fabaceae,Btr,species,,,0.2,0.02,0.4,0.1,0.1,0.1,0.04,0.05,0.06,0.04,1.6,0.24,0.7,0.4,1,0.1,0.2,0.04,1.6,0.5,0.8,0.3,0.4
Acacia caffra,AcaciaAmara,,Acacia,Fabaceae,Btr,species,,,0.2,0.02,0.4,0.1,0.1,0.1,0.04,0.05,0.06,0.04,1.6,0.24,0.7,0.4,1,0.1,0.2,0.04,1.6,0.5,0.8,0.3,0.4
Acacia cognata,AcaciaAmara,bower wattle,Acacia,Fabaceae,Btr,species,,,0.2,0.02,0.4,0.1,0.1,0.1,0.04,0.05,0.06,0.04,1.6,0.24,0.7,0.4,1,0.1,0.2,0.04,1.6,0.5,0.8,0.3,0.4
Acacia confusa,AcaciaAmara,small Philippine acacia,Acacia,Fabaceae,Btr,species,,,0.2,0.02,0.4,0.1,0.1,0.1,0.04,0.05,0.06,0.04,1.6,0.24,0.7,0.4,1,0.1,0.2,0.04,1.6,0.5,0.8,0.3,0.4
Acacia constricta,AcaciaAmara,whitethorn acacia,Acacia,Fabaceae,Btr,species,,,0.2,0.02,0.4,0.1,0.1,0.1,0.04,0.05,0.06,0.04,1.6,0.24,0.7,0.4,1,0.1,0.2,0.04,1.6,0.5,0.8,0.3,0.4
Acacia craspedocarpa,AcaciaAmara,,Acacia,Fabaceae,Btr,species,,,0.2,0.02,0.4,0.1,0.1,0.1,0.04,0.05,0.06,0.04,1.6,0.24,0.7,0.4,1,0.1,0.2,0.04,1.6,0.5,0.8,0.3,0.4
Acacia crassiramia,AcaciaAmara,,Acacia,Fabaceae,Btr,species,,,0.2,0.02,0.4,0.1,0.1,0.1,0.04,0.05,0.06,0.04,1.6,0.24,0.7,0.4,1,0.1,0.2,0.04,1.6,0.5,0.8,0.3,0.4
Acacia cultriformis,AcaciaAmara,knife acacia,Acacia,Fabaceae,Btr,species,,,0.2,0.02,0.4,0.1,0.1,0.1,0.04,0.05,0.06,0.04,1.6,0.24,0.7,0.4,1,0.1,0.2,0.04,1.6,0.5,0.8,0.3,0.4
Acacia cyanophylla,AcaciaAmara,,Acacia,Fabaceae,Unknown,species,,,0.2,0.02,0.4,0.1,0.1,0.1,0.04,0.05,0.06,0.04,1.6,0.24,0.7,0.4,1,0.1,0.2,0.04,1.6,0.5,0.8,0.3,0.4
Acacia cyclops,AcaciaAmara,coastal wattle,Acacia,Fabaceae,Shrub,species,,,0.2,0.02,0.4,0.1,0.1,0.1,0.04,0.05,0.06,0.04,1.6,0.24,0.7,0.4,1,0.1,0.2,0.04,1.6,0.5,0.8,0.3,0.4
Acacia dealbata,AcaciaAmara,silver wattle,Acacia,Fabaceae,Btr,species,,,0.2,0.02,0.4,0.1,0.1,0.1,0.04,0.05,0.06,0.04,1.6,0.24,0.7,0.4,1,0.1,0.2,0.04,1.6,0.5,0.8,0.3,0.4
Acacia decurrens,AcaciaAmara,green wattle,Acacia,Fabaceae,Btr,species,,,0.2,0.02,0.4,0.1,0.1,0.1,0.04,0.05,0.06,0.04,1.6,0.24,0.7,0.4,1,0.1,0.2,0.04,1.6,0.5,0.8,0.3,0.4
Acacia erioloba,Acacia erioloba,camelthorn,Acacia_MT,Fabaceae,Btr,species,,,0.2,0.02,4,1,1,1,0.04,0.05,0.06,0.04,1.6,0.24,0.7,0.4,1,0.1,0.2,0.04,1.6,0.5,0.8,0.3,0.4
Acacia farnesiana,AcaciaAmara,sweet acacia,Acacia,Fabaceae,Btr,species,,,0.2,0.02,0.4,0.1,0.1,0.1,0.04,0.05,0.06,0.04,1.6,0.24,0.7,0.4,1,0.1,0.2,0.04,1.6,0.5,0.8,0.3,0.4
Acacia floribunda,AcaciaAmara,,Acacia,Fabaceae,Btr,species,,,0.2,0.02,0.4,0.1,0.1,0.1,0.04,0.05,0.06,0.04,1.6,0.24,0.7,0.4,1,0.1,0.2,0.04,1.6,0.5,0.8,0.3,0.4
Acacia galpinii,AcaciaAmara,,Acacia,Fabaceae,Btr,species,,,0.2,0.02,0.4,0.1,0.1,0.1,0.04,0.05,0.06,0.04,1.6,0.24,0.7,0.4,1,0.1,0.2,0.04,1.6,0.5,0.8,0.3,0.4
Acacia greggii,AcaciaAmara,catclaw acacia,Acacia,Fabaceae,Btr,species,,,0.2,0.02,0.4,0.1,0.1,0.1,0.04,0.05,0.06,0.04,1.6,0.24,0.7,0.4,1,0.1,0.2,0.04,1.6,0.5,0.8,0.3,0.4
Acacia guachapele,AcaciaAmara,,Acacia,Fabaceae,Btr,species,,,0.2,0.02,0.4,0.1,0.1,0.1,0.04,0.05,0.06,0.04,1.6,0.24,0.7,0.4,1,0.1,0.2,0.04,1.6,0.5,0.8,0.3,0.4
Acacia harpophylla,AcaciaAmara,,Acacia,Fabaceae,Btr,species,,,0.2,0.02,0.4,0.1,0.1,0.1,0.04,0.05,0.06,0.04,1.6,0.24,0.7,0.4,1,0.1,0.2,0.04,1.6,0.5,0.8,0.3,0.4
Acacia holosericea,AcaciaAmara,candelabra wattle,Acacia,Fabaceae,Btr,species,,,0.2,0.02,0.4,0.1,0.1,0.1,0.04,0.05,0.06,0.04,1.6,0.24,0.7,0.4,1,0.1,0.2,0.04,1.6,0.5,0.8,0.3,0.4
Acacia intsia,AcaciaAmara,,Acacia,Fabaceae,Btr,species,,,0.2,0.02,0.4,0.1,0.1,0.1,0.04,0.05,0.06,0.04,1.6,0.24,0.7,0.4,1,0.1,0.2,0.04,1.6,0.5,0.8,0.3,0.4
Acacia julibrissin,AcaciaAmara,,Acacia,Fabaceae,Btr,species,,,0.2,0.02,0.4,0.1,0.1,0.1,0.04,0.05,0.06,0.04,1.6,0.24,0.7,0.4,1,0.1,0.2,0.04,1.6,0.5,0.8,0.3,0.4
Acacia karroo,AcaciaAmara,karroothorn,Acacia,Fabaceae,Btr,species,,,0.2,0.02,0.4,0.1,0.1,0.1,0.04,0.05,0.06,0.04,1.6,0.24,0.7,0.4,1,0.1,0.2,0.04,1.6,0.5,0.8,0.3,0.4
Acacia longifolia,AcaciaAmara,Sydney golden wattle,Acacia,Fabaceae,Btr,species,,,0.2,0.02,0.4,0.1,0.1,0.1,0.04,0.05,0.06,0.04,1.6,0.24,0.7,0.4,1,0.1,0.2,0.04,1.6,0.5,0.8,0.3,0.4
Acacia lucidior,AcaciaAmara,,Acacia,Fabaceae,Btr,species,,,0.2,0.02,0.4,0.1,0.1,0.1,0.04,0.05,0.06,0.04,1.6,0.24,0.7,0.4,1,0.1,0.2,0.04,1.6,0.5,0.8,0.3,0.4
Acacia mangium,AcaciaAmara,,Acacia,Fabaceae,Btr,species,,,0.2,0.02,0.4,0.1,0.1,0.1,0.04,0.05,0.06,0.04,1.6,0.24,0.7,0.4,1,0.1,0.2,0.04,1.6,0.5,0.8,0.3,0.4
Acacia melanoxylon,AcaciaAmara,blackwood,Acacia,Fabaceae,Btr,species,,,0.2,0.02,0.4,0.1,0.1,0.1,0.04,0.05,0.06,0.04,1.6,0.24,0.7,0.4,1,0.1,0.2,0.04,1.6,0.5,0.8,0.3,0.4
Acacia nigrescens,Acacia nigrescens,knobthorn,Acacia_ISO,Fabaceae,Btr,species,,,8,0.02,0.4,0.1,0.1,0.1,0.04,0.05,0.06,0.04,1.6,0.24,0.7,0.4,1,0.1,0.2,0.04,1.6,0.5,0.8,0.3,0.4
Acacia nilotica,AcaciaAmara,gum arabic tree,Acacia,Fabaceae,Btr,species,,,0.2,0.02,0.4,0.1,0.1,0.1,0.04,0.05,0.06,0.04,1.6,0.24,0.7,0.4,1,0.1,0.2,0.04,1.6,0.5,0.8,0.3,0.4
Acacia paradoxa,AcaciaAmara,paradox acacia,Acacia,Fabaceae,Shrub,species,,,0.2,0.02,0.4,0.1,0.1,0.1,0.04,0.05,0.06,0.04,1.6,0.24,0.7,0.4,1,0.1,0.2,0.04,1.6,0.5,0.8,0.3,0.4
Acacia pendula,AcaciaAmara,myall acacia,Acacia,Fabaceae,Btr,species,,,0.2,0.02,0.4,0.1,0.1,0.1,0.04,0.05,0.06,0.04,1.6,0.24,0.7,0.4,1,0.1,0.2,0.04,1.6,0.5,0.8,0.3,0.4
Acacia pennata,AcaciaAmara,,Acacia,Fabaceae,Btr,species,,,0.2,0.02,0.4,0.1,0.1,0.1,0.04,0.05,0.06,0.04,1.6,0.24,0.7,0.4,1,0.1,0.2,0.04,1.6,0.5,0.8,0.3,0.4
Acacia pentagona,AcaciaAmara,,Acacia,Fabaceae,Btr,species,,,0.2,0.02,0.4,0.1,0.1,0.1,0.04,0.05,0.06,0.04,1.6,0.24,0.7,0.4,1,0.1,0.2,0.04,1.6,0.5,0.8,0.3,0.4
Acacia podalyriaefolia,AcaciaAmara,,Acacia,Fabaceae,Btr,species,,,0.2,0.02,0.4,0.1,0.1,0.1,0.04,0.05,0.06,0.04,1.6,0.24,0.7,0.4,1,0.1,0.2,0.04,1.6,0.5,0.8,0.3,0.4
Acacia podalyriifolia,AcaciaAmara,pearl wattle,Acacia,Fabaceae,Btr,species,,,0.2,0.02,0.4,0.1,0.1,0.1,0.04,0.05,0.06,0.04,1.6,0.24,0.7,0.4,1,0.1,0.2,0.04,1.6,0.5,0.8,0.3,0.4
Acacia polyacantha,AcaciaAmara,catechu tree,Acacia,Fabaceae,Btr,species,,,0.2,0.02,0.4,0.1,0.1,0.1,0.04,0.05,0.06,0.04,1.6,0.24,0.7,0.4,1,0.1,0.2,0.04,1.6,0.5,0.8,0.3,0.4
Acacia pravissima,AcaciaAmara,wedge-leaf wattle,Acacia,Fabaceae,Btr,species,,,0.2,0.02,0.4,0.1,0.1,0.1,0.04,0.05,0.06,0.04,1.6,0.24,0.7,0.4,1,0.1,0.2,0.04,1.6,0.5,0.8,0.3,0.4
Acacia pycnantha,Acacia nigrescens,golden wattle,Acacia_ISO,Fabaceae,Btr,species,,,8,0.02,0.4,0.1,0.1,0.1,0.04,0.05,0.06,0.04,1.6,0.24,0.7,0.4,1,0.1,0.2,0.04,1.6,0.5,0.8,0.3,0.4
Acacia redolens,AcaciaAmara,bank catclaw,Acacia,Fabaceae,Shrub,species,,,0.2,0.02,0.4,0.1,0.1,0.1,0.04,0.05,0.06,0.04,1.6,0.24,0.7,0.4,1,0.1,0.2,0.04,1.6,0.5,0.8,0.3,0.4
Acacia retinodes,AcaciaAmara,water wattle,Acacia,Fabaceae,Btr,species,,,0.2,0.02,0.4,0.1,0.1,0.1,0.04,0.05,0.06,0.04,1.6,0.24,0.7,0.4,1,0.1,0.2,0.04,1.6,0.5,0.8,0.3,0.4
Acacia rigidula,AcaciaAmara,blackbrush acacia,Acacia,Fabaceae,Btr,species,,,0.2,0.02,0.4,0.1,0.1,0.1,0.04,0.05,0.06,0.04,1.6,0.24,0.7,0.4,1,0.1,0.2,0.04,1.6,0.5,0.8,0.3,0.4
Acacia robusta,AcaciaAmara,,Acacia,Fabaceae,Btr,species,,,0.2,0.02,0.4,0.1,0.1,0.1,0.04,0.05,0.06,0.04,1.6,0.24,0.7,0.4,1,0.1,0.2,0.04,1.6,0.5,0.8,0.3,0.4
Acacia rubusta,AcaciaAmara,,Acacia,Fabaceae,Btr,species,,,0.2,0.02,0.4,0.1,0.1,0.1,0.04,0.05,0.06,0.04,1.6,0.24,0.7,0.4,1,0.1,0.2,0.04,1.6,0.5,0.8,0.3,0.4
Acacia salicina,AcaciaAmara,cooba,Acacia,Fabaceae,Btr,species,,,0.2,0.02,0.4,0.1,0.1,0.1,0.04,0.05,0.06,0.04,1.6,0.24,0.7,0.4,1,0.1,0.2,0.04,1.6,0.5,0.8,0.3,0.4
Acacia saligna,AcaciaAmara,orange wattle,Acacia,Fabaceae,Btr,species,,,0.2,0.02,0.4,0.1,0.1,0.1,0.04,0.05,0.06,0.04,1.6,0.24,0.7,0.4,1,0.1,0.2,0.04,1.6,0.5,0.8,0.3,0.4
Acacia senegal,AcaciaAmara,gum arabic,Acacia,Fabaceae,Btr,species,,,0.2,0.02,0.4,0.1,0.1,0.1,0.04,0.05,0.06,0.04,1.6,0.24,0.7,0.4,1,0.1,0.2,0.04,1.6,0.5,0.8,0.3,0.4
Acacia sieberana,AcaciaAmara,,Acacia,Fabaceae,Btr,species,,,0.2,0.02,0.4,0.1,0.1,0.1,0.04,0.05,0.06,0.04,1.6,0.24,0.7,0.4,1,0.1,0.2,0.04,1.6,0.5,0.8,0.3,0.4
Acacia smallii,AcaciaAmara,,Acacia,Fabaceae,Btr,species,,,0.2,0.02,0.4,0.1,0.1,0.1,0.04,0.05,0.06,0.04,1.6,0.24,0.7,0.4,1,0.1,0.2,0.04,1.6,0.5,0.8,0.3,0.4
Acacia sophorae,AcaciaAmara,acacia,Acacia,Fabaceae,Btr,species,,,0.2,0.02,0.4,0.1,0.1,0.1,0.04,0.05,0.06,0.04,1.6,0.24,0.7,0.4,1,0.1,0.2,0.04,1.6,0.5,0.8,0.3,0.4
Acacia stenophylla,AcaciaAmara,Dalby myall,Acacia,Fabaceae,Btr,species,,,0.2,0.02,0.4,0.1,0.1,0.1,0.04,0.05,0.06,0.04,1.6,0.24,0.7,0.4,1,0.1,0.2,0.04,1.6,0.5,0.8,0.3,0.4
Acacia subporosa,AcaciaAmara,,Acacia,Fabaceae,Btr,species,,,0.2,0.02,0.4,0.1,0.1,0.1,0.04,0.05,0.06,0.04,1.6,0.24,0.7,0.4,1,0.1,0.2,0.04,1.6,0.5,0.8,0.3,0.4
Acacia tortilis,AcaciaAmara,umbrella thorn,Acacia,Fabaceae,Btr,species,,,0.2,0.02,0.4,0.1,0.1,0.1,0.04,0.05,0.06,0.04,1.6,0.24,0.7,0.4,1,0.1,0.2,0.04,1.6,0.5,0.8,0.3,0.4
Acacia willardiana,AcaciaAmara,,Acacia,Fabaceae,Btr,species,,,0.2,0.02,0.4,0.1,0.1,0.1,0.04,0.05,0.06,0.04,1.6,0.24,0.7,0.4,1,0.1,0.2,0.04,1.6,0.5,0.8,0.3,0.4
Acacia xanthoploea,AcaciaAmara,,Acacia,Fabaceae,Btr,species,,,0.2,0.02,0.4,0.1,0.1,0.1,0.04,0.05,0.06,0.04,1.6,0.24,0.7,0.4,1,0.1,0.2,0.04,1.6,0.5,0.8,0.3,0.4
Acacia zygia,AcaciaAmara,,Acacia,Fabaceae,Btr,species,,,0.2,0.02,0.4,0.1,0.1,0.1,0.04,0.05,0.06,0.04,1.6,0.24,0.7,0.4,1,0.1,0.2,0.04,1.6,0.5,0.8,0.3,0.4
Acalypha,NoData,,Acalypha,Euphorbiaceae,Herb,genus,,,4,0.02,0.12,0.12,0.06,0.06,0.04,0.05,0.06,0.04,1.6,0.24,0.7,0.4,1,0.1,0.2,0.04,1.6,0.5,0.8,0.3,0.4
Acalypha wilkesiana,NoData,common threeseed mercury,Acalypha,Euphorbiaceae,Herb,species,,,4,0.02,0.12,0.12,0.06,0.06,0.04,0.05,0.06,0.04,1.6,0.24,0.7,0.4,1,0.1,0.2,0.04,1.6,0.5,0.8,0.3,0.4
Acamptopappus,NoData,,Acamptopappus,TBD,Shrub,genus,from LFRDB,,4,0.02,0.12,0.12,0.06,0.06,0.04,0.05,0.06,0.04,1.6,0.24,0.7,0.4,1,0.1,0.2,0.04,1.6,0.5,0.8,0.3,0.4
Acanthopanax,NoData,,Acanthopanax,Araliaceae,btr,genus,,,4,0.02,0.12,0.12,0.06,0.06,0.04,0.05,0.06,0.04,1.6,0.24,0.7,0.4,1,0.1,0.2,0.04,1.6,0.5,0.8,0.3,0.4
Acanthopanax evodiaefolius,NoData,,Acanthopanax,Araliaceae,btr,species,,,4,0.02,0.12,0.12,0.06,0.06,0.04,0.05,0.06,0.04,1.6,0.24,0.7,0.4,1,0.1,0.2,0.04,1.6,0.5,0.8,0.3,0.4
Acca,NoData,,Acca,Myrtaceae,Btr,genus,,,4,0.02,0.12,0.12,0.06,0.06,0.04,0.05,0.06,0.04,1.6,0.24,0.7,0.4,1,0.1,0.2,0.04,1.6,0.5,0.8,0.3,0.4
Acca sellowiana,NoData,_ineapple guava,Acca,Myrtaceae,Btr,species,,,4,0.02,0.12,0.12,0.06,0.06,0.04,0.05,0.06,0.04,1.6,0.24,0.7,0.4,1,0.1,0.2,0.04,1.6,0.5,0.8,0.3,0.4
Acer,Acer,maple,Acer,Aceraceae,Btr,genus,,,0.1,0.02,0.3,0.1,0.05,0.3,0.05,0.05,0.001,0.001,1.6,0.24,0.7,0.4,1,0.1,0.2,0.04,1.6,0.5,0.8,0.3,0.4
Acer barbatum,Acer,southern sugar maple,Acer,Sapindaceae,Btr,species,,Previously included in Aceraceae family,0.1,0.02,0.3,0.1,0.05,0.3,0.05,0.05,0.001,0.001,1.6,0.24,0.7,0.4,1,0.1,0.2,0.04,1.6,0.5,0.8,0.3,0.4
Acer barbinerve,Acer,,Acer,Aceraceae,Btr,species,,,0.1,0.02,0.3,0.1,0.05,0.3,0.05,0.05,0.001,0.001,1.6,0.24,0.7,0.4,1,0.1,0.2,0.04,1.6,0.5,0.8,0.3,0.4
Acer buergerianum,Acer,trident maple,Acer,Aceraceae,Btr,species,,Previously included in Aceraceae family,0.1,0.02,0.3,0.1,0.05,0.3,0.05,0.05,0.001,0.001,1.6,0.24,0.7,0.4,1,0.1,0.2,0.04,1.6,0.5,0.8,0.3,0.4
Acer campestre,Acer,hedge maple,Acer,Aceraceae,Btr,species,,Previously included in Aceraceae family,0.1,0.02,0.3,0.1,0.05,0.3,0.05,0.05,0.001,0.001,1.6,0.24,0.7,0.4,1,0.1,0.2,0.04,1.6,0.5,0.8,0.3,0.4
Acer circinatum,Acer,vine maple,Acer,Sapindaceae,Btr,species,,Previously included in Aceraceae family,0.1,0.02,0.3,0.1,0.05,0.3,0.05,0.05,0.001,0.001,1.6,0.24,0.7,0.4,1,0.1,0.2,0.04,1.6,0.5,0.8,0.3,0.4
Acer floridanum,Acer,,Acer,Aceraceae,Btr,species,,,0.1,0.02,0.3,0.1,0.05,0.3,0.05,0.05,0.001,0.001,1.6,0.24,0.7,0.4,1,0.1,0.2,0.04,1.6,0.5,0.8,0.3,0.4
Acer glabrum,Acer,Rocky Mountain maple,Acer,Sapindaceae,Btr,species,,Previously included in Aceraceae family,0.1,0.02,0.3,0.1,0.05,0.3,0.05,0.05,0.001,0.001,1.6,0.24,0.7,0.4,1,0.1,0.2,0.04,1.6,0.5,0.8,0.3,0.4
Acer grandidentatum,Acer,bigtooth maple,Acer,Sapindaceae,Btr,species,,Previously included in Aceraceae family,0.1,0.02,0.3,0.1,0.05,0.3,0.05,0.05,0.001,0.001,1.6,0.24,0.7,0.4,1,0.1,0.2,0.04,1.6,0.5,0.8,0.3,0.4
Acer grandidentatum var. grandidentatum,Acer,bigtooth maple,Acer,Sapindaceae,Btr,species,,Previously included in Aceraceae family,0.1,0.02,0.3,0.1,0.05,0.3,0.05,0.05,0.001,0.001,1.6,0.24,0.7,0.4,1,0.1,0.2,0.04,1.6,0.5,0.8,0.3,0.4
Acer heptalobum,Acer,,Acer,Aceraceae,Btr,species,,,0.1,0.02,0.3,0.1,0.05,0.3,0.05,0.05,0.001,0.001,1.6,0.24,0.7,0.4,1,0.1,0.2,0.04,1.6,0.5,0.8,0.3,0.4
Acer leucoderme,Acer,chalk maple,Acer,Sapindaceae,Btr,species,,Previously included in Aceraceae family,0.1,0.02,0.3,0.1,0.05,0.3,0.05,0.05,0.001,0.001,1.6,0.24,0.7,0.4,1,0.1,0.2,0.04,1.6,0.5,0.8,0.3,0.4
Acer macrophyllum,Acer,bigleaf maple,Acer,Aceraceae,Btr,species,,Previously included in Aceraceae family,0.1,0.02,0.3,0.1,0.05,0.3,0.05,0.05,0.001,0.001,1.6,0.24,0.7,0.4,1,0.1,0.2,0.04,1.6,0.5,0.8,0.3,0.4
Acer mandshurica,Acer,,Acer,Aceraceae,Btr,species,,,0.1,0.02,0.3,0.1,0.05,0.3,0.05,0.05,0.001,0.001,1.6,0.24,0.7,0.4,1,0.1,0.2,0.04,1.6,0.5,0.8,0.3,0.4
Acer mono,Acer,Painted maple,Acer,Aceraceae,Btr,species,,,0.1,0.02,0.3,0.1,0.05,0.3,0.05,0.05,0.001,0.001,1.6,0.24,0.7,0.4,1,0.1,0.2,0.04,1.6,0.5,0.8,0.3,0.4
Acer monspessulanum,Acer,,Acer,Aceraceae,Unknown,species,,,0.1,0.02,0.3,0.1,0.05,0.3,0.05,0.05,0.001,0.001,1.6,0.24,0.7,0.4,1,0.1,0.2,0.04,1.6,0.5,0.8,0.3,0.4
Acer negundo,Acer,boxelder,Acer,Aceraceae,Btr,species,,Previously included in Aceraceae family,0.1,0.02,0.3,0.1,0.05,0.3,0.05,0.05,0.001,0.001,1.6,0.24,0.7,0.4,1,0.1,0.2,0.04,1.6,0.5,0.8,0.3,0.4
Acer nigrum,Acer,black maple,Acer,Sapindaceae,Btr,species,,Previously included in Aceraceae family,0.1,0.02,0.3,0.1,0.05,0.3,0.05,0.05,0.001,0.001,1.6,0.24,0.7,0.4,1,0.1,0.2,0.04,1.6,0.5,0.8,0.3,0.4
Acer oblongum,Acer,Himalayan maple,Acer,Aceraceae,Btr,species,,Previously included in Aceraceae family,0.1,0.02,0.3,0.1,0.05,0.3,0.05,0.05,0.001,0.001,1.6,0.24,0.7,0.4,1,0.1,0.2,0.04,1.6,0.5,0.8,0.3,0.4
Acer palmatum,Acer,Japanese maple,Acer,Aceraceae,Btr,species,,Previously included in Aceraceae family,0.1,0.02,0.3,0.1,0.05,0.3,0.05,0.05,0.001,0.001,1.6,0.24,0.7,0.4,1,0.1,0.2,0.04,1.6,0.5,0.8,0.3,0.4
Acer paxii,Acer,,Acer,Aceraceae,Btr,species,,Previously included in Aceraceae family,0.1,0.02,0.3,0.1,0.05,0.3,0.05,0.05,0.001,0.001,1.6,0.24,0.7,0.4,1,0.1,0.2,0.04,1.6,0.5,0.8,0.3,0.4
Acer pensylvanicum,Acer,striped maple,Acer,Sapindaceae,Btr,species,,Previously included in Aceraceae family,0.1,0.02,0.3,0.1,0.05,0.3,0.05,0.05,0.001,0.001,1.6,0.24,0.7,0.4,1,0.1,0.2,0.04,1.6,0.5,0.8,0.3,0.4
Acer platanoides,Acer,Norway maple,Acer,Aceraceae,Btr,species,,Previously included in Aceraceae family,0.1,0.02,0.3,0.1,0.05,0.3,0.05,0.05,0.001,0.001,1.6,0.24,0.7,0.4,1,0.1,0.2,0.04,1.6,0.5,0.8,0.3,0.4
Acer pseudoplatanus,Acer,sycamore maple,Acer,Aceraceae,Btr,species,,,0.1,0.02,0.3,0.1,0.05,0.3,0.05,0.05,0.001,0.001,1.6,0.24,0.7,0.4,1,0.1,0.2,0.04,1.6,0.5,0.8,0.3,0.4
Acer pseudo-sieboldiamum,Acer,,Acer,Aceraceae,Btr,species,,,0.1,0.02,0.3,0.1,0.05,0.3,0.05,0.05,0.001,0.001,1.6,0.24,0.7,0.4,1,0.1,0.2,0.04,1.6,0.5,0.8,0.3,0.4
Acer rubrum,Acer,red maple,Acer,Aceraceae,Btr,species,,Previously included in Aceraceae family,0.1,0.02,0.3,0.1,0.05,0.3,0.05,0.05,0.001,0.001,1.6,0.24,0.7,0.4,1,0.1,0.2,0.04,1.6,0.5,0.8,0.3,0.4
Acer saccharinum,Acer,silver maple,Acer,Aceraceae,Btr,species,,Previously included in Aceraceae family,0.1,0.02,0.3,0.1,0.05,0.3,0.05,0.05,0.001,0.001,1.6,0.24,0.7,0.4,1,0.1,0.2,0.04,1.6,0.5,0.8,0.3,0.4
Acer saccharum,Acer,sugar maple,Acer,Aceraceae,Btr,species,,Previously included in Aceraceae family,0.1,0.02,0.3,0.1,0.05,0.3,0.05,0.05,0.001,0.001,1.6,0.24,0.7,0.4,1,0.1,0.2,0.04,1.6,0.5,0.8,0.3,0.4
Acer speciosa,Acer,,Acer,Aceraceae,Btr,species,,,0.1,0.02,0.3,0.1,0.05,0.3,0.05,0.05,0.001,0.001,1.6,0.24,0.7,0.4,1,0.1,0.2,0.04,1.6,0.5,0.8,0.3,0.4
Acer spicatum,Acer,mountain maple,Acer,Sapindaceae,Btr,species,,Previously included in Aceraceae family,0.1,0.02,0.3,0.1,0.05,0.3,0.05,0.05,0.001,0.001,1.6,0.24,0.7,0.4,1,0.1,0.2,0.04,1.6,0.5,0.8,0.3,0.4
Acer tegmentosum,Acer,,Acer,Aceraceae,Btr,species,,,0.1,0.02,0.3,0.1,0.05,0.3,0.05,0.05,0.001,0.001,1.6,0.24,0.7,0.4,1,0.1,0.2,0.04,1.6,0.5,0.8,0.3,0.4
Acer triflorum,Acer,,Acer,Aceraceae,Btr,species,,,0.1,0.02,0.3,0.1,0.05,0.3,0.05,0.05,0.001,0.001,1.6,0.24,0.7,0.4,1,0.1,0.2,0.04,1.6,0.5,0.8,0.3,0.4
Acer ukurunduense,Acer,,Acer,Aceraceae,Btr,species,,,0.1,0.02,0.3,0.1,0.05,0.3,0.05,0.05,0.001,0.001,1.6,0.24,0.7,0.4,1,0.1,0.2,0.04,1.6,0.5,0.8,0.3,0.4
Acer x freemanii,Acer,Freeman maple,Acer,Aceraceae,Btr,species,,Previously included in Aceraceae family,0.1,0.02,0.3,0.1,0.05,0.3,0.05,0.05,0.001,0.001,1.6,0.24,0.7,0.4,1,0.1,0.2,0.04,1.6,0.5,0.8,0.3,0.4
Aceraceae,Acer,,Aceraceae,Aceraceae,Btr,family,,,0.1,0.02,0.3,0.1,0.05,0.3,0.05,0.05,0.001,0.001,1.6,0.24,0.7,0.4,1,0.1,0.2,0.04,1.6,0.5,0.8,0.3,0.4
Achillea,NoData,,Achillea,Asteraceae,Herb,genus,,,4,0.02,0.12,0.12,0.06,0.06,0.04,0.05,0.06,0.04,1.6,0.24,0.7,0.4,1,0.1,0.2,0.04,1.6,0.5,0.8,0.3,0.4
Achillea asiatica,NoData,,Achillea,Asteraceae,Herb,species,,,4,0.02,0.12,0.12,0.06,0.06,0.04,0.05,0.06,0.04,1.6,0.24,0.7,0.4,1,0.1,0.2,0.04,1.6,0.5,0.8,0.3,0.4
Achillea ptarmicoides,NoData,,Achillea,Asteraceae,Herb,species,,,4,0.02,0.12,0.12,0.06,0.06,0.04,0.05,0.06,0.04,1.6,0.24,0.7,0.4,1,0.1,0.2,0.04,1.6,0.5,0.8,0.3,0.4
Achnatherum,NoData,,Achnatherum,Poaceae,Herb,genus,,,4,0.02,0.12,0.12,0.06,0.06,0.04,0.05,0.06,0.04,1.6,0.24,0.7,0.4,1,0.1,0.2,0.04,1.6,0.5,0.8,0.3,0.4
Achnatherum sibiricum,NoData,,Achnatherum,Poaceae,Herb,species,,,4,0.02,0.12,0.12,0.06,0.06,0.04,0.05,0.06,0.04,1.6,0.24,0.7,0.4,1,0.1,0.2,0.04,1.6,0.5,0.8,0.3,0.4
Achnatherum splendens,NoData,,Achnatherum,Poaceae,Herb,species,,,4,0.02,0.12,0.12,0.06,0.06,0.04,0.05,0.06,0.04,1.6,0.24,0.7,0.4,1,0.1,0.2,0.04,1.6,0.5,0.8,0.3,0.4
Achras,NoData,,Achras,Sapotaceae,Btr,genus,,,4,0.02,0.12,0.12,0.06,0.06,0.04,0.05,0.06,0.04,1.6,0.24,0.7,0.4,1,0.1,0.2,0.04,1.6,0.5,0.8,0.3,0.4
Achras zapota,NoData,,Achras,Sapotaceae,Btr,species,,,4,0.02,0.12,0.12,0.06,0.06,0.04,0.05,0.06,0.04,1.6,0.24,0.7,0.4,1,0.1,0.2,0.04,1.6,0.5,0.8,0.3,0.4
Acleisanthes,NoData,,TBD,TBD,TBD,genus,,LF CTCOG,4,0.02,0.12,0.12,0.06,0.06,0.04,0.05,0.06,0.04,1.6,0.24,0.7,0.4,1,0.1,0.2,0.04,1.6,0.5,0.8,0.3,0.4
Acmena,NoData,,Acmena,Myrtaceae,Unknown,genus,,,4,0.02,0.12,0.12,0.06,0.06,0.04,0.05,0.06,0.04,1.6,0.24,0.7,0.4,1,0.1,0.2,0.04,1.6,0.5,0.8,0.3,0.4
Acmena smithii,NoData,,Acmena,Myrtaceae,Unknown,species,,,4,0.02,0.12,0.12,0.06,0.06,0.04,0.05,0.06,0.04,1.6,0.24,0.7,0.4,1,0.1,0.2,0.04,1.6,0.5,0.8,0.3,0.4
Acmispon,NoData,,TBD,TBD,TBD,genus,,LF CTCOG,4,0.02,0.12,0.12,0.06,0.06,0.04,0.05,0.06,0.04,1.6,0.24,0.7,0.4,1,0.1,0.2,0.04,1.6,0.5,0.8,0.3,0.4
Aconitum,NoData,,Aconitum,Ranunculaceae,Herb,genus,,,4,0.02,0.12,0.12,0.06,0.06,0.04,0.05,0.06,0.04,1.6,0.24,0.7,0.4,1,0.1,0.2,0.04,1.6,0.5,0.8,0.3,0.4
Aconitum kusnezoffii,NoData,,Aconitum,Ranunculaceae,Herb,species,,,4,0.02,0.12,0.12,0.06,0.06,0.04,0.05,0.06,0.04,1.6,0.24,0.7,0.4,1,0.1,0.2,0.04,1.6,0.5,0.8,0.3,0.4
Acourtia,NoData,,TBD,TBD,TBD,genus,,LF CTCOG,4,0.02,0.12,0.12,0.06,0.06,0.04,0.05,0.06,0.04,1.6,0.24,0.7,0.4,1,0.1,0.2,0.04,1.6,0.5,0.8,0.3,0.4
Acrocarpus,CLMPFT4,subfamily Caesalpinioideae,Acrocarpus,Fabaceae,Btr,genus,,,8,0.02,0.3,0.3,0.1,0.16,0.04,0.05,0.06,0.04,1.6,0.24,0.7,0.4,1,0.1,0.2,0.04,1.6,0.5,0.8,0.3,0.4
Acrocomia,NoData,,Acrocomia,Arecaceae,Unknown,genus,,,4,0.02,0.12,0.12,0.06,0.06,0.04,0.05,0.06,0.04,1.6,0.24,0.7,0.4,1,0.1,0.2,0.04,1.6,0.5,0.8,0.3,0.4
Acrocomia vinifera,NoData,coyol palm,Acrocomia,Arecaceae,Unknown,species,,,4,0.02,0.12,0.12,0.06,0.06,0.04,0.05,0.06,0.04,1.6,0.24,0.7,0.4,1,0.1,0.2,0.04,1.6,0.5,0.8,0.3,0.4
Actinella,NoData,,TBD,TBD,TBD,genus,,LF CTCOG,4,0.02,0.12,0.12,0.06,0.06,0.04,0.05,0.06,0.04,1.6,0.24,0.7,0.4,1,0.1,0.2,0.04,1.6,0.5,0.8,0.3,0.4
Actinomeris,NoData,,TBD,TBD,TBD,genus,,LF CTCOG,4,0.02,0.12,0.12,0.06,0.06,0.04,0.05,0.06,0.04,1.6,0.24,0.7,0.4,1,0.1,0.2,0.04,1.6,0.5,0.8,0.3,0.4
Actinostrobus,NoData,,Actinostrobus,Cupressaceae,Ntr,genus,,,4,0.02,0.12,0.12,0.06,0.06,0.04,0.05,0.06,0.04,1.6,0.24,0.7,0.4,1,0.1,0.2,0.04,1.6,0.5,0.8,0.3,0.4
Actinostrobus pyramidalis,NoData,cypress-pine,Actinostrobus,Cupressaceae,Ntr,species,,,4,0.02,0.12,0.12,0.06,0.06,0.04,0.05,0.06,0.04,1.6,0.24,0.7,0.4,1,0.1,0.2,0.04,1.6,0.5,0.8,0.3,0.4
Acuan,NoData,,TBD,TBD,TBD,genus,,LF CTCOG,4,0.02,0.12,0.12,0.06,0.06,0.04,0.05,0.06,0.04,1.6,0.24,0.7,0.4,1,0.1,0.2,0.04,1.6,0.5,0.8,0.3,0.4
Adansonia,NoData,,Adansonia,Bombacaceae,Btr,genus,,,4,0.02,0.12,0.12,0.06,0.06,0.04,0.05,0.06,0.04,1.6,0.24,0.7,0.4,1,0.1,0.2,0.04,1.6,0.5,0.8,0.3,0.4
Adansonia digitata,NoData,baobab,Adansonia,Bombacaceae,Btr,species,,,4,0.02,0.12,0.12,0.06,0.06,0.04,0.05,0.06,0.04,1.6,0.24,0.7,0.4,1,0.1,0.2,0.04,1.6,0.5,0.8,0.3,0.4
Adenanthera,NoData,,Adenanthera,Fabaceae,Btr,genus,,,4,0.02,0.12,0.12,0.06,0.06,0.04,0.05,0.06,0.04,1.6,0.24,0.7,0.4,1,0.1,0.2,0.04,1.6,0.5,0.8,0.3,0.4
Adenanthera pavonina,NoData,red beadtree,Adenanthera,Fabaceae,Btr,species,,,4,0.02,0.12,0.12,0.06,0.06,0.04,0.05,0.06,0.04,1.6,0.24,0.7,0.4,1,0.1,0.2,0.04,1.6,0.5,0.8,0.3,0.4
Adenium,NoData,,Adenium,Apocynaceae,Unknown,genus,,,4,0.02,0.12,0.12,0.06,0.06,0.04,0.05,0.06,0.04,1.6,0.24,0.7,0.4,1,0.1,0.2,0.04,1.6,0.5,0.8,0.3,0.4
Adenium multiflorum,NoData,,Adenium,Apocynaceae,Unknown,species,,,4,0.02,0.12,0.12,0.06,0.06,0.04,0.05,0.06,0.04,1.6,0.24,0.7,0.4,1,0.1,0.2,0.04,1.6,0.5,0.8,0.3,0.4
Adenocarpus,NoData,,Adenocarpus,Fabaceae,Unknown,genus,,,4,0.02,0.12,0.12,0.06,0.06,0.04,0.05,0.06,0.04,1.6,0.24,0.7,0.4,1,0.1,0.2,0.04,1.6,0.5,0.8,0.3,0.4
Adenocarpus decorticans,NoData,,Adenocarpus,Fabaceae,Unknown,species,,,4,0.02,0.12,0.12,0.06,0.06,0.04,0.05,0.06,0.04,1.6,0.24,0.7,0.4,1,0.1,0.2,0.04,1.6,0.5,0.8,0.3,0.4
Adenophora,NoData,,Adenopho,Campanulaceae,Herb,genus,,,4,0.02,0.12,0.12,0.06,0.06,0.04,0.05,0.06,0.04,1.6,0.24,0.7,0.4,1,0.1,0.2,0.04,1.6,0.5,0.8,0.3,0.4
Adenophora crispata,NoData,,Adenopho,Campanulaceae,Herb,species,,,4,0.02,0.12,0.12,0.06,0.06,0.04,0.05,0.06,0.04,1.6,0.24,0.7,0.4,1,0.1,0.2,0.04,1.6,0.5,0.8,0.3,0.4
Adenophora gmelinni,NoData,,Adenopho,Campanulaceae,Herb,species,,,4,0.02,0.12,0.12,0.06,0.06,0.04,0.05,0.06,0.04,1.6,0.24,0.7,0.4,1,0.1,0.2,0.04,1.6,0.5,0.8,0.3,0.4
Adenophora paniculata,NoData,,Adenopho,Campanulaceae,Herb,species,,,4,0.02,0.12,0.12,0.06,0.06,0.04,0.05,0.06,0.04,1.6,0.24,0.7,0.4,1,0.1,0.2,0.04,1.6,0.5,0.8,0.3,0.4
Adenophora stenanthina,NoData,,Adenopho,Campanulaceae,Herb,species,,,4,0.02,0.12,0.12,0.06,0.06,0.04,0.05,0.06,0.04,1.6,0.24,0.7,0.4,1,0.1,0.2,0.04,1.6,0.5,0.8,0.3,0.4
Adenostoma,NoData,,Adenostoma,Rosaceae,Shrub,genus,,,4,0.02,0.12,0.12,0.06,0.06,0.04,0.05,0.06,0.04,1.6,0.24,0.7,0.4,1,0.1,0.2,0.04,1.6,0.5,0.8,0.3,0.4
Adenostoma fasciculatum,NoData,chamise,Adenostoma,Rosaceae,Shrub,species,,,4,0.02,0.12,0.12,0.06,0.06,0.04,0.05,0.06,0.04,1.6,0.24,0.7,0.4,1,0.1,0.2,0.04,1.6,0.5,0.8,0.3,0.4
Adenostoma sparsifolium,NoData,redshank,Adenostoma,Rosaceae,Btr,species,,,4,0.02,0.12,0.12,0.06,0.06,0.04,0.05,0.06,0.04,1.6,0.24,0.7,0.4,1,0.1,0.2,0.04,1.6,0.5,0.8,0.3,0.4
Adhatoda,NoData,,TBD,TBD,TBD,genus,,LF CTCOG,4,0.02,0.12,0.12,0.06,0.06,0.04,0.05,0.06,0.04,1.6,0.24,0.7,0.4,1,0.1,0.2,0.04,1.6,0.5,0.8,0.3,0.4
Adiantum,NoData,,Adiantum,Pteridaceae,Herb,genus,,,4,0.02,0.12,0.12,0.06,0.06,0.04,0.05,0.06,0.04,1.6,0.24,0.7,0.4,1,0.1,0.2,0.04,1.6,0.5,0.8,0.3,0.4
Adiantum capillus-veneris,NoData,common maidenhair,Adiantum,Pteridaceae,Herb,species,,,4,0.02,0.12,0.12,0.06,0.06,0.04,0.05,0.06,0.04,1.6,0.24,0.7,0.4,1,0.1,0.2,0.04,1.6,0.5,0.8,0.3,0.4
Adiantum trapeziform,NoData,,Adiantum,Pteridaceae,Unknown,species,,,4,0.02,0.12,0.12,0.06,0.06,0.04,0.05,0.06,0.04,1.6,0.24,0.7,0.4,1,0.1,0.2,0.04,1.6,0.5,0.8,0.3,0.4
Adolphia,NoData,,TBD,TBD,TBD,genus,,LF CTCOG,4,0.02,0.12,0.12,0.06,0.06,0.04,0.05,0.06,0.04,1.6,0.24,0.7,0.4,1,0.1,0.2,0.04,1.6,0.5,0.8,0.3,0.4
Aegiceras,NoData,,Aegiceras,Primulaceae,Btr,genus,,,4,0.02,0.12,0.12,0.06,0.06,0.04,0.05,0.06,0.04,1.6,0.24,0.7,0.4,1,0.1,0.2,0.04,1.6,0.5,0.8,0.3,0.4
Aegiceras corniculatum,NoData,,Aegiceras,Primulaceae,Btr,species,,,4,0.02,0.12,0.12,0.06,0.06,0.04,0.05,0.06,0.04,1.6,0.24,0.7,0.4,1,0.1,0.2,0.04,1.6,0.5,0.8,0.3,0.4
Aeschynomene,NoData,,TBD,TBD,TBD,genus,,LF CTCOG,4,0.02,0.12,0.12,0.06,0.06,0.04,0.05,0.06,0.04,1.6,0.24,0.7,0.4,1,0.1,0.2,0.04,1.6,0.5,0.8,0.3,0.4
Aesculus,Aesculus,buckeye,Aesculus,Hippocastanaceae,Btr,genus,,,0.2,0.02,0.2,0.2,0.1,0.4,0.04,0.05,0.06,0.04,1.6,0.24,0.7,0.4,1,0.1,0.2,0.04,1.6,0.5,0.8,0.3,0.4
Aesculus californica,Aesculus,California buckeye,Aesculus,Hippocastanaceae,Btr,species,,,0.2,0.02,0.2,0.2,0.1,0.4,0.04,0.05,0.06,0.04,1.6,0.24,0.7,0.4,1,0.1,0.2,0.04,1.6,0.5,0.8,0.3,0.4
Aesculus flava,Aesculus,yellow buckeye,Aesculus,Hippocastanaceae,Btr,species,,,0.2,0.02,0.2,0.2,0.1,0.4,0.04,0.05,0.06,0.04,1.6,0.24,0.7,0.4,1,0.1,0.2,0.04,1.6,0.5,0.8,0.3,0.4
Aesculus glabra,Aesculus,Ohio buckeye,Aesculus,Hippocastanaceae,Btr,species,,,0.2,0.02,0.2,0.2,0.1,0.4,0.04,0.05,0.06,0.04,1.6,0.24,0.7,0.4,1,0.1,0.2,0.04,1.6,0.5,0.8,0.3,0.4
Aesculus hippocastanum,Aesculus,horse chestnut,Aesculus,Hippocastanaceae,Btr,species,,,0.2,0.02,0.2,0.2,0.1,0.4,0.04,0.05,0.06,0.04,1.6,0.24,0.7,0.4,1,0.1,0.2,0.04,1.6,0.5,0.8,0.3,0.4
Aesculus x carnea,Aesculus,red horse-chestnut,Aesculus,Hippocastanaceae,Btr,species,,,0.2,0.02,0.2,0.2,0.1,0.4,0.04,0.05,0.06,0.04,1.6,0.24,0.7,0.4,1,0.1,0.2,0.04,1.6,0.5,0.8,0.3,0.4
Aframomum,Afrocarpus,,Aframomum,Zingiberaceae,Unknown,genus,,,0.05,0.02,0.1,0.01,0.01,0.01,0.01,0.01,0.06,0.04,1.6,0.24,0.7,0.4,1,0.1,0.2,0.04,1.6,0.5,0.8,0.3,0.4
Aframomum giganteum,Afrocarpus,,Aframomum,Zingiberaceae,Unknown,species,,,0.05,0.02,0.1,0.01,0.01,0.01,0.01,0.01,0.06,0.04,1.6,0.24,0.7,0.4,1,0.1,0.2,0.04,1.6,0.5,0.8,0.3,0.4
Afrocarpus,Afrocarpus,yellowwood,Afrocarpus,Podocarpaceae,Ntr,genus,,,0.05,0.02,0.1,0.01,0.01,0.01,0.01,0.01,0.06,0.04,1.6,0.24,0.7,0.4,1,0.1,0.2,0.04,1.6,0.5,0.8,0.3,0.4
Afrocarpus falcatus,Afrocarpus,yellowwood,Afrocarpus,Podocarpaceae,Ntr,species,,,0.05,0.02,0.1,0.01,0.01,0.01,0.01,0.01,0.06,0.04,1.6,0.24,0.7,0.4,1,0.1,0.2,0.04,1.6,0.5,0.8,0.3,0.4
Afrocarpus gracilior,Afrocarpus,East African yellowwood,Afrocarpus,Podocarpaceae,Ntr,species,,,0.05,0.02,0.1,0.01,0.01,0.01,0.01,0.01,0.06,0.04,1.6,0.24,0.7,0.4,1,0.1,0.2,0.04,1.6,0.5,0.8,0.3,0.4
Afrocarpus henkelii,Afrocarpus,,Afrocarpus,Podocarpaceae,Ntr,species,,,0.05,0.02,0.1,0.01,0.01,0.01,0.01,0.01,0.06,0.04,1.6,0.24,0.7,0.4,1,0.1,0.2,0.04,1.6,0.5,0.8,0.3,0.4
Afrocarpus macrophyllus,Afrocarpus,,Afrocarpus,Podocarpaceae,Ntr,species,,,0.05,0.02,0.1,0.01,0.01,0.01,0.01,0.01,0.06,0.04,1.6,0.24,0.7,0.4,1,0.1,0.2,0.04,1.6,0.5,0.8,0.3,0.4
Afrocarpus nagi,Afrocarpus,,Afrocarpus,Podocarpaceae,Ntr,species,,,0.05,0.02,0.1,0.01,0.01,0.01,0.01,0.01,0.06,0.04,1.6,0.24,0.7,0.4,1,0.1,0.2,0.04,1.6,0.5,0.8,0.3,0.4
Afrormosia,NoData,,Afrormosia,Fabaceae,Unknown,genus,,,4,0.02,0.12,0.12,0.06,0.06,0.04,0.05,0.06,0.04,1.6,0.24,0.7,0.4,1,0.1,0.2,0.04,1.6,0.5,0.8,0.3,0.4
Afrormosia laxiflora,NoData,,Afrormosia,Fabaceae,Unknown,species,,,4,0.02,0.12,0.12,0.06,0.06,0.04,0.05,0.06,0.04,1.6,0.24,0.7,0.4,1,0.1,0.2,0.04,1.6,0.5,0.8,0.3,0.4
Afrostyrax,NoData,,Afrostyrax,Huaceae,Unknown,genus,,,4,0.02,0.12,0.12,0.06,0.06,0.04,0.05,0.06,0.04,1.6,0.24,0.7,0.4,1,0.1,0.2,0.04,1.6,0.5,0.8,0.3,0.4
Afrostyrax lepidophyllus,NoData,,Afrostyrax,Huaceae,Unknown,species,,,4,0.02,0.12,0.12,0.06,0.06,0.04,0.05,0.06,0.04,1.6,0.24,0.7,0.4,1,0.1,0.2,0.04,1.6,0.5,0.8,0.3,0.4
Afzelia,NoData,,Afzelia,Fabaceae,Unknown,genus,,,4,0.02,0.12,0.12,0.06,0.06,0.04,0.05,0.06,0.04,1.6,0.24,0.7,0.4,1,0.1,0.2,0.04,1.6,0.5,0.8,0.3,0.4
Afzelia quanzensis,NoData,pod mahogany,Afzelia,Fabaceae,Unknown,species,,,4,0.02,0.12,0.12,0.06,0.06,0.04,0.05,0.06,0.04,1.6,0.24,0.7,0.4,1,0.1,0.2,0.04,1.6,0.5,0.8,0.3,0.4
Afzelia xylocarpa,NoData,,Afzelia,Fabaceae,Unknown,species,,,4,0.02,0.12,0.12,0.06,0.06,0.04,0.05,0.06,0.04,1.6,0.24,0.7,0.4,1,0.1,0.2,0.04,1.6,0.5,0.8,0.3,0.4
Agalinis,NoData,,TBD,TBD,TBD,genus,,LF CTCOG,4,0.02,0.12,0.12,0.06,0.06,0.04,0.05,0.06,0.04,1.6,0.24,0.7,0.4,1,0.1,0.2,0.04,1.6,0.5,0.8,0.3,0.4
Agaloma,NoData,,TBD,TBD,TBD,genus,,LF CTCOG,4,0.02,0.12,0.12,0.06,0.06,0.04,0.05,0.06,0.04,1.6,0.24,0.7,0.4,1,0.1,0.2,0.04,1.6,0.5,0.8,0.3,0.4
Agathis,NoData,,Agathis,Araucariaceae,Btr,genus,,,4,0.02,0.12,0.12,0.06,0.06,0.04,0.05,0.06,0.04,1.6,0.24,0.7,0.4,1,0.1,0.2,0.04,1.6,0.5,0.8,0.3,0.4
Agathis robusta,NoData,Queensland kauri,Agathis,Araucariaceae,Btr,species,,,4,0.02,0.12,0.12,0.06,0.06,0.04,0.05,0.06,0.04,1.6,0.24,0.7,0.4,1,0.1,0.2,0.04,1.6,0.5,0.8,0.3,0.4
Agavaceae,NoData,,Agavaceae,Agavaceae,Unknown,family,,,4,0.02,0.12,0.12,0.06,0.06,0.04,0.05,0.06,0.04,1.6,0.24,0.7,0.4,1,0.1,0.2,0.04,1.6,0.5,0.8,0.3,0.4
Agave,NoData,,Agave,Agavaceae,Shrub,genus,,,4,0.02,0.12,0.12,0.06,0.06,0.04,0.05,0.06,0.04,1.6,0.24,0.7,0.4,1,0.1,0.2,0.04,1.6,0.5,0.8,0.3,0.4
Agave americana,NoData,American century plant,Agave,Agavaceae,Shrub,species,,,4,0.02,0.12,0.12,0.06,0.06,0.04,0.05,0.06,0.04,1.6,0.24,0.7,0.4,1,0.1,0.2,0.04,1.6,0.5,0.8,0.3,0.4
Agelaea,NoData,,Agelaea,Connaraceae,Unknown,genus,,,4,0.02,0.12,0.12,0.06,0.06,0.04,0.05,0.06,0.04,1.6,0.24,0.7,0.4,1,0.1,0.2,0.04,1.6,0.5,0.8,0.3,0.4
Agelaea dewevrei,NoData,,Agelaea,Connaraceae,Unknown,species,,,4,0.02,0.12,0.12,0.06,0.06,0.04,0.05,0.06,0.04,1.6,0.24,0.7,0.4,1,0.1,0.2,0.04,1.6,0.5,0.8,0.3,0.4
Ageratina,NoData,,TBD,TBD,TBD,genus,,LF CTCOG,4,0.02,0.12,0.12,0.06,0.06,0.04,0.05,0.06,0.04,1.6,0.24,0.7,0.4,1,0.1,0.2,0.04,1.6,0.5,0.8,0.3,0.4
Agonis,NoData,,Agonis,Myrtaceae,Shrub,genus,,,4,0.02,0.12,0.12,0.06,0.06,0.04,0.05,0.06,0.04,1.6,0.24,0.7,0.4,1,0.1,0.2,0.04,1.6,0.5,0.8,0.3,0.4
Agonis flexuosa,NoData,,Agonis,Myrtaceae,Unknown,species,,,4,0.02,0.12,0.12,0.06,0.06,0.04,0.05,0.06,0.04,1.6,0.24,0.7,0.4,1,0.1,0.2,0.04,1.6,0.5,0.8,0.3,0.4
Agrimonia,NoData,,Agrimonia,Rosaceae,Herb,genus,,,4,0.02,0.12,0.12,0.06,0.06,0.04,0.05,0.06,0.04,1.6,0.24,0.7,0.4,1,0.1,0.2,0.04,1.6,0.5,0.8,0.3,0.4
Agrimonia pilosa,NoData,,Agrimonia,Rosaceae,Herb,species,,,4,0.02,0.12,0.12,0.06,0.06,0.04,0.05,0.06,0.04,1.6,0.24,0.7,0.4,1,0.1,0.2,0.04,1.6,0.5,0.8,0.3,0.4
Agrohordeum,NoData,,TBD,TBD,TBD,genus,,LF CTCOG,4,0.02,0.12,0.12,0.06,0.06,0.04,0.05,0.06,0.04,1.6,0.24,0.7,0.4,1,0.1,0.2,0.04,1.6,0.5,0.8,0.3,0.4
Agropyron,NoData,,Agropyron,Poaceae,Herb,genus,,,4,0.02,0.12,0.12,0.06,0.06,0.04,0.05,0.06,0.04,1.6,0.24,0.7,0.4,1,0.1,0.2,0.04,1.6,0.5,0.8,0.3,0.4
Agropyron cristatum,NoData,crested wheatgrass,Agropyron,Poaceae,Herb,species,,,4,0.02,0.12,0.12,0.06,0.06,0.04,0.05,0.06,0.04,1.6,0.24,0.7,0.4,1,0.1,0.2,0.04,1.6,0.5,0.8,0.3,0.4
Agropyron fragile,NoData,Siberian wheatgrass,Agropyron,Poaceae,Herb,species,,,4,0.02,0.12,0.12,0.06,0.06,0.04,0.05,0.06,0.04,1.6,0.24,0.7,0.4,1,0.1,0.2,0.04,1.6,0.5,0.8,0.3,0.4
Agropyron michnoi,NoData,,Agropyron,Poaceae,Herb,species,,,4,0.02,0.12,0.12,0.06,0.06,0.04,0.05,0.06,0.04,1.6,0.24,0.7,0.4,1,0.1,0.2,0.04,1.6,0.5,0.8,0.3,0.4
Agrostis,NoData,,Agrostis,Poaceae,Unknown,genus,,,4,0.02,0.12,0.12,0.06,0.06,0.04,0.05,0.06,0.04,1.6,0.24,0.7,0.4,1,0.1,0.2,0.04,1.6,0.5,0.8,0.3,0.4
Agrostis curtissii,NoData,,Agrostis,Poaceae,Unknown,species,,,4,0.02,0.12,0.12,0.06,0.06,0.04,0.05,0.06,0.04,1.6,0.24,0.7,0.4,1,0.1,0.2,0.04,1.6,0.5,0.8,0.3,0.4
Agrostis gigantea,NoData,redtop,Agrostis,Poaceae,Herb,species,,,4,0.02,0.12,0.12,0.06,0.06,0.04,0.05,0.06,0.04,1.6,0.24,0.7,0.4,1,0.1,0.2,0.04,1.6,0.5,0.8,0.3,0.4
Agrostis trinii,NoData,,Agrostis,Poaceae,Herb,species,,,4,0.02,0.12,0.12,0.06,0.06,0.04,0.05,0.06,0.04,1.6,0.24,0.7,0.4,1,0.1,0.2,0.04,1.6,0.5,0.8,0.3,0.4
Ailanthus,Ailanthus,tree of heaven,Ailanthus,Simaroubaceae,Btr,genus,,,0.2,0.02,0.1,0.1,0.05,0.05,0.04,0.05,0.06,0.04,1.6,0.24,0.7,0.4,1,0.1,0.2,0.04,1.6,0.5,0.8,0.3,0.4
Ailanthus altissima,Ailanthus,tree of heaven,Ailanthus,Simaroubaceae,Btr,species,,,0.2,0.02,0.1,0.1,0.05,0.05,0.04,0.05,0.06,0.04,1.6,0.24,0.7,0.4,1,0.1,0.2,0.04,1.6,0.5,0.8,0.3,0.4
Ailanthus fordii,Ailanthus,,Ailanthus,Simaroubaceae,Unknown,species,,,0.2,0.02,0.1,0.1,0.05,0.05,0.04,0.05,0.06,0.04,1.6,0.24,0.7,0.4,1,0.1,0.2,0.04,1.6,0.5,0.8,0.3,0.4
Aira,NoData,,TBD,TBD,TBD,genus,,LF CTCOG,4,0.02,0.12,0.12,0.06,0.06,0.04,0.05,0.06,0.04,1.6,0.24,0.7,0.4,1,0.1,0.2,0.04,1.6,0.5,0.8,0.3,0.4
Alangium,NoData,,Alangium,Cornaceae,Unknown,genus,,,4,0.02,0.12,0.12,0.06,0.06,0.04,0.05,0.06,0.04,1.6,0.24,0.7,0.4,1,0.1,0.2,0.04,1.6,0.5,0.8,0.3,0.4
Alangium barbatum,NoData,,Alangium,Cornaceae,Unknown,species,,,4,0.02,0.12,0.12,0.06,0.06,0.04,0.05,0.06,0.04,1.6,0.24,0.7,0.4,1,0.1,0.2,0.04,1.6,0.5,0.8,0.3,0.4
Alangium chinensis,NoData,,Alangium,Cornaceae,Unknown,species,,,4,0.02,0.12,0.12,0.06,0.06,0.04,0.05,0.06,0.04,1.6,0.24,0.7,0.4,1,0.1,0.2,0.04,1.6,0.5,0.8,0.3,0.4
Alangium kuzii,NoData,,Alangium,Cornaceae,Unknown,species,,,4,0.02,0.12,0.12,0.06,0.06,0.04,0.05,0.06,0.04,1.6,0.24,0.7,0.4,1,0.1,0.2,0.04,1.6,0.5,0.8,0.3,0.4
Albizia,Albizia,albizia,Albizia,Fabaceae,Btr,genus,,,8,0.02,0.1,0.2,0.05,0.02,0.04,0.05,0.02,0.04,1.6,0.24,0.7,0.4,1,0.1,0.2,0.04,1.6,0.5,0.8,0.3,0.4
Albizia adianthifolia,Albizia,West African albizzia,Albizia,Fabaceae,Unknown,species,,,8,0.02,0.1,0.2,0.05,0.02,0.04,0.05,0.02,0.04,1.6,0.24,0.7,0.4,1,0.1,0.2,0.04,1.6,0.5,0.8,0.3,0.4
Albizia distachya,Albizia,,Albizia,Fabaceae,Btr,species,,,8,0.02,0.1,0.2,0.05,0.02,0.04,0.05,0.02,0.04,1.6,0.24,0.7,0.4,1,0.1,0.2,0.04,1.6,0.5,0.8,0.3,0.4
Albizia falcataria,Albizia,also A. falcata,Albizia,Fabaceae,Btr,species,,,8,0.02,0.1,0.2,0.05,0.02,0.04,0.05,0.02,0.04,1.6,0.24,0.7,0.4,1,0.1,0.2,0.04,1.6,0.5,0.8,0.3,0.4
Albizia ferruginea,Albizia,albizia,Albizia,Fabaceae,Unknown,species,,,8,0.02,0.1,0.2,0.05,0.02,0.04,0.05,0.02,0.04,1.6,0.24,0.7,0.4,1,0.1,0.2,0.04,1.6,0.5,0.8,0.3,0.4
Albizia forbesii,Albizia,,Albizia,Fabaceae,Unknown,species,,,8,0.02,0.1,0.2,0.05,0.02,0.04,0.05,0.02,0.04,1.6,0.24,0.7,0.4,1,0.1,0.2,0.04,1.6,0.5,0.8,0.3,0.4
Albizia glaberrina,Albizia,,Albizia,Fabaceae,Unknown,species,,,8,0.02,0.1,0.2,0.05,0.02,0.04,0.05,0.02,0.04,1.6,0.24,0.7,0.4,1,0.1,0.2,0.04,1.6,0.5,0.8,0.3,0.4
Albizia guachapele,Albizia,,Albizia,Fabaceae,Unknown,species,,,8,0.02,0.1,0.2,0.05,0.02,0.04,0.05,0.02,0.04,1.6,0.24,0.7,0.4,1,0.1,0.2,0.04,1.6,0.5,0.8,0.3,0.4
Albizia harveyi,Albizia,,Albizia,Fabaceae,Unknown,species,,,8,0.02,0.1,0.2,0.05,0.02,0.04,0.05,0.02,0.04,1.6,0.24,0.7,0.4,1,0.1,0.2,0.04,1.6,0.5,0.8,0.3,0.4
Albizia julibrissin,Albizia,silktree,Albizia,Fabaceae,Btr,species,,,8,0.02,0.1,0.2,0.05,0.02,0.04,0.05,0.02,0.04,1.6,0.24,0.7,0.4,1,0.1,0.2,0.04,1.6,0.5,0.8,0.3,0.4
Albizia lebbeck,Albizia,woman's tongue,Albizia,Fabaceae,Btr,species,,,8,0.02,0.1,0.2,0.05,0.02,0.04,0.05,0.02,0.04,1.6,0.24,0.7,0.4,1,0.1,0.2,0.04,1.6,0.5,0.8,0.3,0.4
Albizia lucidior,Albizia,,Albizia,Fabaceae,Btr,species,,,8,0.02,0.1,0.2,0.05,0.02,0.04,0.05,0.02,0.04,1.6,0.24,0.7,0.4,1,0.1,0.2,0.04,1.6,0.5,0.8,0.3,0.4
Albizia versicolor,Albizia,,Albizia,Fabaceae,Unknown,species,,,8,0.02,0.1,0.2,0.05,0.02,0.04,0.05,0.02,0.04,1.6,0.24,0.7,0.4,1,0.1,0.2,0.04,1.6,0.5,0.8,0.3,0.4
Albizia zygia,Albizia,albizia,Albizia,Fabaceae,Unknown,species,,,8,0.02,0.1,0.2,0.05,0.02,0.04,0.05,0.02,0.04,1.6,0.24,0.7,0.4,1,0.1,0.2,0.04,1.6,0.5,0.8,0.3,0.4
Alchornea,NoData,,Alchornea,Euphorbiaceae,Unknown,genus,,,4,0.02,0.12,0.12,0.06,0.06,0.04,0.05,0.06,0.04,1.6,0.24,0.7,0.4,1,0.1,0.2,0.04,1.6,0.5,0.8,0.3,0.4
Alchornea cordifolia,NoData,,Alchornea,Euphorbiaceae,Unknown,species,,,4,0.02,0.12,0.12,0.06,0.06,0.04,0.05,0.06,0.04,1.6,0.24,0.7,0.4,1,0.1,0.2,0.04,1.6,0.5,0.8,0.3,0.4
Alchornea costaricensis,NoData,,Alchornea,Euphorbiaceae,Unknown,species,,,4,0.02,0.12,0.12,0.06,0.06,0.04,0.05,0.06,0.04,1.6,0.24,0.7,0.4,1,0.1,0.2,0.04,1.6,0.5,0.8,0.3,0.4
Alchornea davidii,NoData,,Alchornea,Euphorbiaceae,Unknown,species,,,4,0.02,0.12,0.12,0.06,0.06,0.04,0.05,0.06,0.04,1.6,0.24,0.7,0.4,1,0.1,0.2,0.04,1.6,0.5,0.8,0.3,0.4
Alchornea tremioides,NoData,,Alchornea,Euphorbiaceae,Unknown,species,,,4,0.02,0.12,0.12,0.06,0.06,0.04,0.05,0.06,0.04,1.6,0.24,0.7,0.4,1,0.1,0.2,0.04,1.6,0.5,0.8,0.3,0.4
Alectryon,NoData,,Alectryon,Sapindaceae,Btr,genus,,,4,0.02,0.12,0.12,0.06,0.06,0.04,0.05,0.06,0.04,1.6,0.24,0.7,0.4,1,0.1,0.2,0.04,1.6,0.5,0.8,0.3,0.4
Alectryon excelsus,NoData,alectryon,Alectryon,Sapindaceae,Btr,species,,,4,0.02,0.12,0.12,0.06,0.06,0.04,0.05,0.06,0.04,1.6,0.24,0.7,0.4,1,0.1,0.2,0.04,1.6,0.5,0.8,0.3,0.4
Aleurites,NoData,,Aleurites,Euphorbiaceae,Unknown,genus,,,4,0.02,0.12,0.12,0.06,0.06,0.04,0.05,0.06,0.04,1.6,0.24,0.7,0.4,1,0.1,0.2,0.04,1.6,0.5,0.8,0.3,0.4
Aleurites fordii,NoData,,Aleurites,Euphorbiaceae,Unknown,species,,,4,0.02,0.12,0.12,0.06,0.06,0.04,0.05,0.06,0.04,1.6,0.24,0.7,0.4,1,0.1,0.2,0.04,1.6,0.5,0.8,0.3,0.4
Aleurites moluccana,NoData,Indian walnut,Aleurites,Euphorbiaceae,Btr,species,,,4,0.02,0.12,0.12,0.06,0.06,0.04,0.05,0.06,0.04,1.6,0.24,0.7,0.4,1,0.1,0.2,0.04,1.6,0.5,0.8,0.3,0.4
Alexa,NoData,,Alexa,Fabaceae,Unknown,genus,,,4,0.02,0.12,0.12,0.06,0.06,0.04,0.05,0.06,0.04,1.6,0.24,0.7,0.4,1,0.1,0.2,0.04,1.6,0.5,0.8,0.3,0.4
Alhagi,NoData,,Alhagi,TBD,Shrub,genus,from LFRDB,,4,0.02,0.12,0.12,0.06,0.06,0.04,0.05,0.06,0.04,1.6,0.24,0.7,0.4,1,0.1,0.2,0.04,1.6,0.5,0.8,0.3,0.4
Allamanda,NoData,,Allamanda,Apocynaceae,Shrub,genus,,,4,0.02,0.12,0.12,0.06,0.06,0.04,0.05,0.06,0.04,1.6,0.24,0.7,0.4,1,0.1,0.2,0.04,1.6,0.5,0.8,0.3,0.4
Allamanda schottii,NoData,bush allamanda,Allamanda,Apocynaceae,Shrub,species,,,4,0.02,0.12,0.12,0.06,0.06,0.04,0.05,0.06,0.04,1.6,0.24,0.7,0.4,1,0.1,0.2,0.04,1.6,0.5,0.8,0.3,0.4
Allenrolfea,NoData,,Allenrolfea,Chenopodiaceae,Shrub,genus,,,4,0.02,0.12,0.12,0.06,0.06,0.04,0.05,0.06,0.04,1.6,0.24,0.7,0.4,1,0.1,0.2,0.04,1.6,0.5,0.8,0.3,0.4
Allenrolfea occidentalis,NoData,iodinebush,Allenrolfea,Chenopodiaceae,Shrub,species,,,4,0.02,0.12,0.12,0.06,0.06,0.04,0.05,0.06,0.04,1.6,0.24,0.7,0.4,1,0.1,0.2,0.04,1.6,0.5,0.8,0.3,0.4
Alliaria,NoData,,TBD,TBD,TBD,genus,,LF CTCOG,4,0.02,0.12,0.12,0.06,0.06,0.04,0.05,0.06,0.04,1.6,0.24,0.7,0.4,1,0.1,0.2,0.04,1.6,0.5,0.8,0.3,0.4
Allium,NoDataLowIso,onion,Allium,Liliaceae,Crop,genus,,,0.2,0.02,0.2,0.2,0.2,0.2,0.04,0.05,0.04,0.02,1.6,0.24,0.7,0.4,1,0.1,0.2,0.04,1.6,0.5,0.8,0.3,0.4
Allium anisopodium,NoData,,Allium,Liliaceae,Herb,species,,,4,0.02,0.12,0.12,0.06,0.06,0.04,0.05,0.06,0.04,1.6,0.24,0.7,0.4,1,0.1,0.2,0.04,1.6,0.5,0.8,0.3,0.4
Allium bidentatum,NoData,,Allium,Liliaceae,Herb,species,,,4,0.02,0.12,0.12,0.06,0.06,0.04,0.05,0.06,0.04,1.6,0.24,0.7,0.4,1,0.1,0.2,0.04,1.6,0.5,0.8,0.3,0.4
Allium cepa,NoData,garden onion,Allium,Liliaceae,Crop,species,,,4,0.02,0.12,0.12,0.06,0.06,0.04,0.05,0.06,0.04,1.6,0.24,0.7,0.4,1,0.1,0.2,0.04,1.6,0.5,0.8,0.3,0.4
Allium condensatum,NoData,,Allium,Liliaceae,Herb,species,,,4,0.02,0.12,0.12,0.06,0.06,0.04,0.05,0.06,0.04,1.6,0.24,0.7,0.4,1,0.1,0.2,0.04,1.6,0.5,0.8,0.3,0.4
Allium ledebourianum,NoData,,Allium,Liliaceae,Herb,species,,,4,0.02,0.12,0.12,0.06,0.06,0.04,0.05,0.06,0.04,1.6,0.24,0.7,0.4,1,0.1,0.2,0.04,1.6,0.5,0.8,0.3,0.4
Allium ramosum,NoData,,Allium,Liliaceae,Herb,species,,,4,0.02,0.12,0.12,0.06,0.06,0.04,0.05,0.06,0.04,1.6,0.24,0.7,0.4,1,0.1,0.2,0.04,1.6,0.5,0.8,0.3,0.4
Allium sativum,NoData,Garlic,TBD,TBD,TBD,species,,,4,0.02,0.12,0.12,0.06,0.06,0.04,0.05,0.06,0.04,1.6,0.24,0.7,0.4,1,0.1,0.2,0.04,1.6,0.5,0.8,0.3,0.4
Allium senescens,NoData,,Allium,Liliaceae,Herb,species,,,4,0.02,0.12,0.12,0.06,0.06,0.04,0.05,0.06,0.04,1.6,0.24,0.7,0.4,1,0.1,0.2,0.04,1.6,0.5,0.8,0.3,0.4
Allium tenuissimum,NoData,,Allium,Liliaceae,Herb,species,,,4,0.02,0.12,0.12,0.06,0.06,0.04,0.05,0.06,0.04,1.6,0.24,0.7,0.4,1,0.1,0.2,0.04,1.6,0.5,0.8,0.3,0.4
Allium ursinum,NoData,bear garlic,Allium,Liliaceae,Unknown,species,,,4,0.02,0.12,0.12,0.06,0.06,0.04,0.05,0.06,0.04,1.6,0.24,0.7,0.4,1,0.1,0.2,0.04,1.6,0.5,0.8,0.3,0.4
Allocasuarina,NoDataIso,,Allocasuarina,Casuarinaceae,Unknown,genus,,,16,0.02,0.2,0.2,0.1,0.1,0.04,0.05,0.06,0.04,1.6,0.24,0.7,0.4,1,0.1,0.2,0.04,1.6,0.5,0.8,0.3,0.4
Allocasuarina verticillata,NoDataIso,drooping she-oak,Allocasuarina,Casuarinaceae,Unknown,species,,,16,0.02,0.2,0.2,0.1,0.1,0.04,0.05,0.06,0.04,1.6,0.24,0.7,0.4,1,0.1,0.2,0.04,1.6,0.5,0.8,0.3,0.4
Allophylus,NoData,,Allophylus,Sapindaceae,Unknown,genus,,,4,0.02,0.12,0.12,0.06,0.06,0.04,0.05,0.06,0.04,1.6,0.24,0.7,0.4,1,0.1,0.2,0.04,1.6,0.5,0.8,0.3,0.4
Allophylus africanus,NoData,,Allophylus,Sapindaceae,Unknown,species,,,4,0.02,0.12,0.12,0.06,0.06,0.04,0.05,0.06,0.04,1.6,0.24,0.7,0.4,1,0.1,0.2,0.04,1.6,0.5,0.8,0.3,0.4
Allophylus lantsangensis,NoData,,Allophylus,Sapindaceae,Unknown,species,,,4,0.02,0.12,0.12,0.06,0.06,0.04,0.05,0.06,0.04,1.6,0.24,0.7,0.4,1,0.1,0.2,0.04,1.6,0.5,0.8,0.3,0.4
Alnus,Alnus,alder,Alnus,Betulaceae,Btr,genus,,,0.2,0.02,0.02,0.1,0.02,0.01,0.04,0.05,0.06,0.04,1.6,0.24,0.7,0.4,1,0.1,0.2,0.04,1.6,0.5,0.8,0.3,0.4
Alnus cordata,Alnus,Italian alder,Alnus,Betulaceae,Btr,species,,,0.2,0.02,0.02,0.1,0.02,0.01,0.04,0.05,0.06,0.04,1.6,0.24,0.7,0.4,1,0.1,0.2,0.04,1.6,0.5,0.8,0.3,0.4
Alnus glutinosa,Alnus,European alder,Alnus,Betulaceae,Btr,species,,,0.2,0.02,0.02,0.1,0.02,0.01,0.04,0.05,0.06,0.04,1.6,0.24,0.7,0.4,1,0.1,0.2,0.04,1.6,0.5,0.8,0.3,0.4
Alnus incana ssp. rugosa,Alnus,speckled alder,Alnus,Betulaceae,Btr,species,,,0.2,0.02,0.02,0.1,0.02,0.01,0.04,0.05,0.06,0.04,1.6,0.24,0.7,0.4,1,0.1,0.2,0.04,1.6,0.5,0.8,0.3,0.4
Alnus mandshurica,Alnus,,Alnus,Betulaceae,Unknown,species,,,0.2,0.02,0.02,0.1,0.02,0.01,0.04,0.05,0.06,0.04,1.6,0.24,0.7,0.4,1,0.1,0.2,0.04,1.6,0.5,0.8,0.3,0.4
Alnus nepalensis,Alnus,Nepal alder,Alnus,Betulaceae,Btr,species,,,0.2,0.02,0.02,0.1,0.02,0.01,0.04,0.05,0.06,0.04,1.6,0.24,0.7,0.4,1,0.1,0.2,0.04,1.6,0.5,0.8,0.3,0.4
Alnus oregona,Alnus,,Alnus,Betulaceae,Btr,species,,,0.2,0.02,0.02,0.1,0.02,0.01,0.04,0.05,0.06,0.04,1.6,0.24,0.7,0.4,1,0.1,0.2,0.04,1.6,0.5,0.8,0.3,0.4
Alnus rhombifolia,Alnus,white alder,Alnus,Betulaceae,Btr,species,,,0.2,0.02,0.02,0.1,0.02,0.01,0.04,0.05,0.06,0.04,1.6,0.24,0.7,0.4,1,0.1,0.2,0.04,1.6,0.5,0.8,0.3,0.4
Alnus rubra,Alnus,red alder,Alnus,Betulaceae,Btr,species,,,0.2,0.02,0.02,0.1,0.02,0.01,0.04,0.05,0.06,0.04,1.6,0.24,0.7,0.4,1,0.1,0.2,0.04,1.6,0.5,0.8,0.3,0.4
Alnus rugosa,Alnus,,Alnus,Betulaceae,Unknown,species,,,0.2,0.02,0.02,0.1,0.02,0.01,0.04,0.05,0.06,0.04,1.6,0.24,0.7,0.4,1,0.1,0.2,0.04,1.6,0.5,0.8,0.3,0.4
Alnus sibirica,Alnus,,Alnus,Betulaceae,Unknown,species,,,0.2,0.02,0.02,0.1,0.02,0.01,0.04,0.05,0.06,0.04,1.6,0.24,0.7,0.4,1,0.1,0.2,0.04,1.6,0.5,0.8,0.3,0.4
Alnus sinuata,Alnus,,Alnus,Betulaceae,Btr,species,,,0.2,0.02,0.02,0.1,0.02,0.01,0.04,0.05,0.06,0.04,1.6,0.24,0.7,0.4,1,0.1,0.2,0.04,1.6,0.5,0.8,0.3,0.4
Alnus tenuifolia,Alnus,,Alnus,Betulaceae,Unknown,species,,,0.2,0.02,0.02,0.1,0.02,0.01,0.04,0.05,0.06,0.04,1.6,0.24,0.7,0.4,1,0.1,0.2,0.04,1.6,0.5,0.8,0.3,0.4
Alnus viridis ssp. sinuata,Alnus,Sitka alder,Alnus,Betulaceae,Btr,species,,,0.2,0.02,0.02,0.1,0.02,0.01,0.04,0.05,0.06,0.04,1.6,0.24,0.7,0.4,1,0.1,0.2,0.04,1.6,0.5,0.8,0.3,0.4
Aloe,NoData,aloe,Aloe,Aloaceae,Herb,genus,,,4,0.02,0.12,0.12,0.06,0.06,0.04,0.05,0.06,0.04,1.6,0.24,0.7,0.4,1,0.1,0.2,0.04,1.6,0.5,0.8,0.3,0.4
Aloe arborescens,NoData,candelabra aloe,Aloe,Aloaceae,Unknown,species,,,4,0.02,0.12,0.12,0.06,0.06,0.04,0.05,0.06,0.04,1.6,0.24,0.7,0.4,1,0.1,0.2,0.04,1.6,0.5,0.8,0.3,0.4
Alopecurus,NoData,,Alopecurus,Poaceae,Herb,genus,,,4,0.02,0.12,0.12,0.06,0.06,0.04,0.05,0.06,0.04,1.6,0.24,0.7,0.4,1,0.1,0.2,0.04,1.6,0.5,0.8,0.3,0.4
Alopecurus aequalis,NoData,shortawn foxtail,Alopecurus,Poaceae,Herb,species,,,4,0.02,0.12,0.12,0.06,0.06,0.04,0.05,0.06,0.04,1.6,0.24,0.7,0.4,1,0.1,0.2,0.04,1.6,0.5,0.8,0.3,0.4
Aloysia,NoData,,Aloysia,Verbenaceae,Shrub,genus,,,4,0.02,0.12,0.12,0.06,0.06,0.04,0.05,0.06,0.04,1.6,0.24,0.7,0.4,1,0.1,0.2,0.04,1.6,0.5,0.8,0.3,0.4
Aloysia gratissima,NoData,whitebrush,Aloysia,Verbenaceae,Shrub,species,,,4,0.02,0.12,0.12,0.06,0.06,0.04,0.05,0.06,0.04,1.6,0.24,0.7,0.4,1,0.1,0.2,0.04,1.6,0.5,0.8,0.3,0.4
Alpinia,NoData,,Alpinia,Zingiberaceae,Herb,genus,,,4,0.02,0.12,0.12,0.06,0.06,0.04,0.05,0.06,0.04,1.6,0.24,0.7,0.4,1,0.1,0.2,0.04,1.6,0.5,0.8,0.3,0.4
Alpinia zerumbet,NoData,shellplant,Alpinia,Zingiberaceae,Herb,species,,,4,0.02,0.12,0.12,0.06,0.06,0.04,0.05,0.06,0.04,1.6,0.24,0.7,0.4,1,0.1,0.2,0.04,1.6,0.5,0.8,0.3,0.4
Alsophila,NoData,,Alsophila,Cyatheaceae,Unknown,genus,,,4,0.02,0.12,0.12,0.06,0.06,0.04,0.05,0.06,0.04,1.6,0.24,0.7,0.4,1,0.1,0.2,0.04,1.6,0.5,0.8,0.3,0.4
Alsophila cooperi,NoData,,Alsophila,Cyatheaceae,Unknown,species,,,4,0.02,0.12,0.12,0.06,0.06,0.04,0.05,0.06,0.04,1.6,0.24,0.7,0.4,1,0.1,0.2,0.04,1.6,0.5,0.8,0.3,0.4
Alstonia,NoData,,Alstonia,Apocynaceae,Unknown,genus,,,4,0.02,0.12,0.12,0.06,0.06,0.04,0.05,0.06,0.04,1.6,0.24,0.7,0.4,1,0.1,0.2,0.04,1.6,0.5,0.8,0.3,0.4
Alstonia boonei,NoData,,Alstonia,Apocynaceae,Unknown,species,,,4,0.02,0.12,0.12,0.06,0.06,0.04,0.05,0.06,0.04,1.6,0.24,0.7,0.4,1,0.1,0.2,0.04,1.6,0.5,0.8,0.3,0.4
Alstonia congensis,NoData,,Alstonia,Apocynaceae,Unknown,species,,,4,0.02,0.12,0.12,0.06,0.06,0.04,0.05,0.06,0.04,1.6,0.24,0.7,0.4,1,0.1,0.2,0.04,1.6,0.5,0.8,0.3,0.4
Alstonia scholaris,NoData,,Alstonia,Apocynaceae,Unknown,species,,,4,0.02,0.12,0.12,0.06,0.06,0.04,0.05,0.06,0.04,1.6,0.24,0.7,0.4,1,0.1,0.2,0.04,1.6,0.5,0.8,0.3,0.4
Althaea,NoData,marshmallow,Althaea,Malvaceae,Herb,genus,,,4,0.02,0.12,0.12,0.06,0.06,0.04,0.05,0.06,0.04,1.6,0.24,0.7,0.4,1,0.1,0.2,0.04,1.6,0.5,0.8,0.3,0.4
Amaranthus,NoData,,Amaranthus,Amaranthaceae,Herb,genus,,,4,0.02,0.12,0.12,0.06,0.06,0.04,0.05,0.06,0.04,1.6,0.24,0.7,0.4,1,0.1,0.2,0.04,1.6,0.5,0.8,0.3,0.4
Amaranthus retroflexus,NoData,redroot amaranth,Amaranthus,Amaranthaceae,Herb,species,,,4,0.02,0.12,0.12,0.06,0.06,0.04,0.05,0.06,0.04,1.6,0.24,0.7,0.4,1,0.1,0.2,0.04,1.6,0.5,0.8,0.3,0.4
Amarolea,NoData,,Amarolea,TBD,Shrub,genus,from LFRDB,,4,0.02,0.12,0.12,0.06,0.06,0.04,0.05,0.06,0.04,1.6,0.24,0.7,0.4,1,0.1,0.2,0.04,1.6,0.5,0.8,0.3,0.4
Ambrosia,NoData,ragweed,Ambrosia,Asteraceae,Shrub,genus,,,4,0.02,0.12,0.12,0.06,0.06,0.04,0.05,0.06,0.04,1.6,0.24,0.7,0.4,1,0.1,0.2,0.04,1.6,0.5,0.8,0.3,0.4
Ambrosia artemisiifolia,NoData,annual ragweed,Ambrosia,Asteraceae,Herb,species,,,4,0.02,0.12,0.12,0.06,0.06,0.04,0.05,0.06,0.04,1.6,0.24,0.7,0.4,1,0.1,0.2,0.04,1.6,0.5,0.8,0.3,0.4
Ambrosia deltoidea,NoData,triangle bur ragweed,Ambrosia,Asteraceae,Shrub,species,,,4,0.02,0.12,0.12,0.06,0.06,0.04,0.05,0.06,0.04,1.6,0.24,0.7,0.4,1,0.1,0.2,0.04,1.6,0.5,0.8,0.3,0.4
Ambrosia dumosa,NoData,burrobush,Ambrosia,Asteraceae,Shrub,species,,,4,0.02,0.12,0.12,0.06,0.06,0.04,0.05,0.06,0.04,1.6,0.24,0.7,0.4,1,0.1,0.2,0.04,1.6,0.5,0.8,0.3,0.4
Amburana,NoData,,Amburana,Fabaceae,Btr,genus,,,4,0.02,0.12,0.12,0.06,0.06,0.04,0.05,0.06,0.04,1.6,0.24,0.7,0.4,1,0.1,0.2,0.04,1.6,0.5,0.8,0.3,0.4
Amelanchier,NoData,,Amelanchier,Rosaceae,Btr,genus,,,4,0.02,0.12,0.12,0.06,0.06,0.04,0.05,0.06,0.04,1.6,0.24,0.7,0.4,1,0.1,0.2,0.04,1.6,0.5,0.8,0.3,0.4
Amelanchier alnifolia,NoData,Saskatoon serviceberry,Amelanchier,Rosaceae,Btr,species,,,4,0.02,0.12,0.12,0.06,0.06,0.04,0.05,0.06,0.04,1.6,0.24,0.7,0.4,1,0.1,0.2,0.04,1.6,0.5,0.8,0.3,0.4
Amelanchier arborea,NoData,common serviceberry,Amelanchier,Rosaceae,Btr,species,,,4,0.02,0.12,0.12,0.06,0.06,0.04,0.05,0.06,0.04,1.6,0.24,0.7,0.4,1,0.1,0.2,0.04,1.6,0.5,0.8,0.3,0.4
Amelanchier canadensis,NoData,Canadian serviceberry,Amelanchier,Rosaceae,Btr,species,,,4,0.02,0.12,0.12,0.06,0.06,0.04,0.05,0.06,0.04,1.6,0.24,0.7,0.4,1,0.1,0.2,0.04,1.6,0.5,0.8,0.3,0.4
Amorpha,NoData,,Amorpha,Fabaceae,Shrub,genus,,,4,0.02,0.12,0.12,0.06,0.06,0.04,0.05,0.06,0.04,1.6,0.24,0.7,0.4,1,0.1,0.2,0.04,1.6,0.5,0.8,0.3,0.4
Amorpha californica,NoData,California false indigo,Amorpha,Fabaceae,Shrub,species,,,4,0.02,0.12,0.12,0.06,0.06,0.04,0.05,0.06,0.04,1.6,0.24,0.7,0.4,1,0.1,0.2,0.04,1.6,0.5,0.8,0.3,0.4
Amorpha fruticosa,NoData,desert false indigo,Amorpha,Fabaceae,Shrub,species,,,4,0.02,0.12,0.12,0.06,0.06,0.04,0.05,0.06,0.04,1.6,0.24,0.7,0.4,1,0.1,0.2,0.04,1.6,0.5,0.8,0.3,0.4
Ampelopsis,NoData,,TBD,TBD,TBD,genus,,LF CTCOG,4,0.02,0.12,0.12,0.06,0.06,0.04,0.05,0.06,0.04,1.6,0.24,0.7,0.4,1,0.1,0.2,0.04,1.6,0.5,0.8,0.3,0.4
Ampelothamnus,NoData,,Ampelothamnus,TBD,Shrub,genus,from LFRDB,,4,0.02,0.12,0.12,0.06,0.06,0.04,0.05,0.06,0.04,1.6,0.24,0.7,0.4,1,0.1,0.2,0.04,1.6,0.5,0.8,0.3,0.4
Ampelozizyphus,NoData,,Ampelozizyphus,Rhamnaceae,Unknown,genus,,,4,0.02,0.12,0.12,0.06,0.06,0.04,0.05,0.06,0.04,1.6,0.24,0.7,0.4,1,0.1,0.2,0.04,1.6,0.5,0.8,0.3,0.4
Ampelozizyphus amazonicus,NoData,,Ampelozizyphus,Rhamnaceae,Unknown,species,,,4,0.02,0.12,0.12,0.06,0.06,0.04,0.05,0.06,0.04,1.6,0.24,0.7,0.4,1,0.1,0.2,0.04,1.6,0.5,0.8,0.3,0.4
Amphiachyris,NoData,,TBD,TBD,TBD,genus,,LF CTCOG,4,0.02,0.12,0.12,0.06,0.06,0.04,0.05,0.06,0.04,1.6,0.24,0.7,0.4,1,0.1,0.2,0.04,1.6,0.5,0.8,0.3,0.4
Amphilophium,NoData,,Amphilophium,Bignoniaceae,Unknown,genus,,,4,0.02,0.12,0.12,0.06,0.06,0.04,0.05,0.06,0.04,1.6,0.24,0.7,0.4,1,0.1,0.2,0.04,1.6,0.5,0.8,0.3,0.4
Amphimas,NoData,,Amphimas,Fabaceae,Shrub,genus,,,4,0.02,0.12,0.12,0.06,0.06,0.04,0.05,0.06,0.04,1.6,0.24,0.7,0.4,1,0.1,0.2,0.04,1.6,0.5,0.8,0.3,0.4
Amphimas pterocarpoides,NoData,,Amphimas,Fabaceae,Shrub,species,,,4,0.02,0.12,0.12,0.06,0.06,0.04,0.05,0.06,0.04,1.6,0.24,0.7,0.4,1,0.1,0.2,0.04,1.6,0.5,0.8,0.3,0.4
Amphiodon,NoData,,Amphiodon,Fabaceae,Btr,genus,,,4,0.02,0.12,0.12,0.06,0.06,0.04,0.05,0.06,0.04,1.6,0.24,0.7,0.4,1,0.1,0.2,0.04,1.6,0.5,0.8,0.3,0.4
Amphiodon effusa,NoData,,Amphiodon,Fabaceae,Btr,species,,,4,0.02,0.12,0.12,0.06,0.06,0.04,0.05,0.06,0.04,1.6,0.24,0.7,0.4,1,0.1,0.2,0.04,1.6,0.5,0.8,0.3,0.4
Amphipappus,NoData,,Amphipappus,TBD,Shrub,genus,from LFRDB,,4,0.02,0.12,0.12,0.06,0.06,0.04,0.05,0.06,0.04,1.6,0.24,0.7,0.4,1,0.1,0.2,0.04,1.6,0.5,0.8,0.3,0.4
Amsonia,NoData,,TBD,TBD,TBD,genus,,LF CTCOG,4,0.02,0.12,0.12,0.06,0.06,0.04,0.05,0.06,0.04,1.6,0.24,0.7,0.4,1,0.1,0.2,0.04,1.6,0.5,0.8,0.3,0.4
Amyris,NoData,,Amyris,Rutaceae,Btr,genus,,,4,0.02,0.12,0.12,0.06,0.06,0.04,0.05,0.06,0.04,1.6,0.24,0.7,0.4,1,0.1,0.2,0.04,1.6,0.5,0.8,0.3,0.4
Amyris elemifera,NoData,sea torchwood,Amyris,Rutaceae,Btr,species,,,4,0.02,0.12,0.12,0.06,0.06,0.04,0.05,0.06,0.04,1.6,0.24,0.7,0.4,1,0.1,0.2,0.04,1.6,0.5,0.8,0.3,0.4
Anacardiaceae,NoData,,Anacardiaceae,Anacardiaceae,Unknown,family,,,4,0.02,0.12,0.12,0.06,0.06,0.04,0.05,0.06,0.04,1.6,0.24,0.7,0.4,1,0.1,0.2,0.04,1.6,0.5,0.8,0.3,0.4
Anacardium,NoData,anacardium,Anacardium,Anacardiaceae,Btr,genus,,,4,0.02,0.12,0.12,0.06,0.06,0.04,0.05,0.06,0.04,1.6,0.24,0.7,0.4,1,0.1,0.2,0.04,1.6,0.5,0.8,0.3,0.4
Anacardium excelsum,NoData,,Anacardium,Anacardiaceae,Unknown,species,,,4,0.02,0.12,0.12,0.06,0.06,0.04,0.05,0.06,0.04,1.6,0.24,0.7,0.4,1,0.1,0.2,0.04,1.6,0.5,0.8,0.3,0.4
Anacardium occidentale,NoData,cashew,Anacardium,Anacardiaceae,Btr,species,,,4,0.02,0.12,0.12,0.06,0.06,0.04,0.05,0.06,0.04,1.6,0.24,0.7,0.4,1,0.1,0.2,0.04,1.6,0.5,0.8,0.3,0.4
Ancistrocladus,NoData,,Ancistrocladus,Ancistrocladaceae,Unknown,genus,,,4,0.02,0.12,0.12,0.06,0.06,0.04,0.05,0.06,0.04,1.6,0.24,0.7,0.4,1,0.1,0.2,0.04,1.6,0.5,0.8,0.3,0.4
Ancistrocladus korupensis,NoData,,Ancistrocladus,Ancistrocladaceae,Unknown,species,,,4,0.02,0.12,0.12,0.06,0.06,0.04,0.05,0.06,0.04,1.6,0.24,0.7,0.4,1,0.1,0.2,0.04,1.6,0.5,0.8,0.3,0.4
Ancistrophyllum,NoData,,Ancistrophyllum,Arecaceae,Unknown,genus,,,4,0.02,0.12,0.12,0.06,0.06,0.04,0.05,0.06,0.04,1.6,0.24,0.7,0.4,1,0.1,0.2,0.04,1.6,0.5,0.8,0.3,0.4
Ancistrophyllum secondiflorum,NoData,,Ancistrophyllum,Arecaceae,Unknown,species,,,4,0.02,0.12,0.12,0.06,0.06,0.04,0.05,0.06,0.04,1.6,0.24,0.7,0.4,1,0.1,0.2,0.04,1.6,0.5,0.8,0.3,0.4
Androcera,NoData,,TBD,TBD,TBD,genus,,LF CTCOG,4,0.02,0.12,0.12,0.06,0.06,0.04,0.05,0.06,0.04,1.6,0.24,0.7,0.4,1,0.1,0.2,0.04,1.6,0.5,0.8,0.3,0.4
Andromeda,NoData,,Andromeda,TBD,Shrub,genus,from LFRDB,,4,0.02,0.12,0.12,0.06,0.06,0.04,0.05,0.06,0.04,1.6,0.24,0.7,0.4,1,0.1,0.2,0.04,1.6,0.5,0.8,0.3,0.4
Andropogon,NoData,,TBD,TBD,TBD,genus,,LF CTCOG,4,0.02,0.12,0.12,0.06,0.06,0.04,0.05,0.06,0.04,1.6,0.24,0.7,0.4,1,0.1,0.2,0.04,1.6,0.5,0.8,0.3,0.4
Androstachys,NoData,,Androstachys,Picrodendraceae,Btr,genus,,,4,0.02,0.12,0.12,0.06,0.06,0.04,0.05,0.06,0.04,1.6,0.24,0.7,0.4,1,0.1,0.2,0.04,1.6,0.5,0.8,0.3,0.4
Androstachys johnsonii,NoData,,Androstachys,Picrodendraceae,Btr,species,,,4,0.02,0.12,0.12,0.06,0.06,0.04,0.05,0.06,0.04,1.6,0.24,0.7,0.4,1,0.1,0.2,0.04,1.6,0.5,0.8,0.3,0.4
Anemarrhena,NoData,,Anemarrhena,Asparagaceae,Unknown,genus,,,4,0.02,0.12,0.12,0.06,0.06,0.04,0.05,0.06,0.04,1.6,0.24,0.7,0.4,1,0.1,0.2,0.04,1.6,0.5,0.8,0.3,0.4
Anemarrhena asphodeloides,NoData,,Anemarrhena,Asparagaceae,Unknown,species,,,4,0.02,0.12,0.12,0.06,0.06,0.04,0.05,0.06,0.04,1.6,0.24,0.7,0.4,1,0.1,0.2,0.04,1.6,0.5,0.8,0.3,0.4
Anemopsis,NoData,,TBD,TBD,TBD,genus,,LF CTCOG,4,0.02,0.12,0.12,0.06,0.06,0.04,0.05,0.06,0.04,1.6,0.24,0.7,0.4,1,0.1,0.2,0.04,1.6,0.5,0.8,0.3,0.4
Angelea,NoData,,Angelea,Angelidae,Unknown,genus,,,4,0.02,0.12,0.12,0.06,0.06,0.04,0.05,0.06,0.04,1.6,0.24,0.7,0.4,1,0.1,0.2,0.04,1.6,0.5,0.8,0.3,0.4
Angelea dewevrei,NoData,,Angelea,Angelidae,Unknown,species,,,4,0.02,0.12,0.12,0.06,0.06,0.04,0.05,0.06,0.04,1.6,0.24,0.7,0.4,1,0.1,0.2,0.04,1.6,0.5,0.8,0.3,0.4
Angiopteris,NoData,,Angiopteris,Marattiaceae,Herb,genus,,,4,0.02,0.12,0.12,0.06,0.06,0.04,0.05,0.06,0.04,1.6,0.24,0.7,0.4,1,0.1,0.2,0.04,1.6,0.5,0.8,0.3,0.4
Angiopteris evecta,NoData,Oriental vessel fern,Angiopteris,Marattiaceae,Herb,species,,,4,0.02,0.12,0.12,0.06,0.06,0.04,0.05,0.06,0.04,1.6,0.24,0.7,0.4,1,0.1,0.2,0.04,1.6,0.5,0.8,0.3,0.4
Angophora,NoData,,Angophora,Myrtaceae,Btr,genus,,,4,0.02,0.12,0.12,0.06,0.06,0.04,0.05,0.06,0.04,1.6,0.24,0.7,0.4,1,0.1,0.2,0.04,1.6,0.5,0.8,0.3,0.4
Angophora costata,NoData,,Angophora,Myrtaceae,Btr,species,,,4,0.02,0.12,0.12,0.06,0.06,0.04,0.05,0.06,0.04,1.6,0.24,0.7,0.4,1,0.1,0.2,0.04,1.6,0.5,0.8,0.3,0.4
Angophora lanceolata,NoData,,Angophora,Myrtaceae,Btr,species,,,4,0.02,0.12,0.12,0.06,0.06,0.04,0.05,0.06,0.04,1.6,0.24,0.7,0.4,1,0.1,0.2,0.04,1.6,0.5,0.8,0.3,0.4
Aniba,NoData,,Aniba,Lauraceae,Unknown,genus,,,4,0.02,0.12,0.12,0.06,0.06,0.04,0.05,0.06,0.04,1.6,0.24,0.7,0.4,1,0.1,0.2,0.04,1.6,0.5,0.8,0.3,0.4
Aniba canelilla,NoData,,Aniba,Lauraceae,Unknown,species,,,4,0.02,0.12,0.12,0.06,0.06,0.04,0.05,0.06,0.04,1.6,0.24,0.7,0.4,1,0.1,0.2,0.04,1.6,0.5,0.8,0.3,0.4
Anisantha,NoData,,TBD,TBD,TBD,genus,,LF CTCOG,4,0.02,0.12,0.12,0.06,0.06,0.04,0.05,0.06,0.04,1.6,0.24,0.7,0.4,1,0.1,0.2,0.04,1.6,0.5,0.8,0.3,0.4
Anisostichus,NoData,,Anisostichus,TBD,Shrub,genus,from LFRDB,,4,0.02,0.12,0.12,0.06,0.06,0.04,0.05,0.06,0.04,1.6,0.24,0.7,0.4,1,0.1,0.2,0.04,1.6,0.5,0.8,0.3,0.4
Anneslea,NoData,,Anneslea,Pentaphylacaceae,Unknown,genus,,,4,0.02,0.12,0.12,0.06,0.06,0.04,0.05,0.06,0.04,1.6,0.24,0.7,0.4,1,0.1,0.2,0.04,1.6,0.5,0.8,0.3,0.4
Anneslea fragrans,NoData,,Anneslea,Pentaphylacaceae,Unknown,species,,,4,0.02,0.12,0.12,0.06,0.06,0.04,0.05,0.06,0.04,1.6,0.24,0.7,0.4,1,0.1,0.2,0.04,1.6,0.5,0.8,0.3,0.4
Annona,NoData,,Annona,Annonaceae,Btr,genus,,,4,0.02,0.12,0.12,0.06,0.06,0.04,0.05,0.06,0.04,1.6,0.24,0.7,0.4,1,0.1,0.2,0.04,1.6,0.5,0.8,0.3,0.4
Annona cherimola,NoData,cherimoya,Annona,Annonaceae,Btr,species,,,4,0.02,0.12,0.12,0.06,0.06,0.04,0.05,0.06,0.04,1.6,0.24,0.7,0.4,1,0.1,0.2,0.04,1.6,0.5,0.8,0.3,0.4
Annona hayesii,NoData,,Annona,Annonaceae,Unknown,species,,,4,0.02,0.12,0.12,0.06,0.06,0.04,0.05,0.06,0.04,1.6,0.24,0.7,0.4,1,0.1,0.2,0.04,1.6,0.5,0.8,0.3,0.4
Annona muricata,NoData,soursop,Annona,Annonaceae,Btr,species,,,4,0.02,0.12,0.12,0.06,0.06,0.04,0.05,0.06,0.04,1.6,0.24,0.7,0.4,1,0.1,0.2,0.04,1.6,0.5,0.8,0.3,0.4
Annona senegalensis,NoData,wild custard-apple,Annona,Annonaceae,Unknown,species,,,4,0.02,0.12,0.12,0.06,0.06,0.04,0.05,0.06,0.04,1.6,0.24,0.7,0.4,1,0.1,0.2,0.04,1.6,0.5,0.8,0.3,0.4
Annona spraguei,NoData,,Annona,Annonaceae,Unknown,species,,,4,0.02,0.12,0.12,0.06,0.06,0.04,0.05,0.06,0.04,1.6,0.24,0.7,0.4,1,0.1,0.2,0.04,1.6,0.5,0.8,0.3,0.4
Anogeissus,NoData,,Anogeissus,Combretaceae,Unknown,genus,,,4,0.02,0.12,0.12,0.06,0.06,0.04,0.05,0.06,0.04,1.6,0.24,0.7,0.4,1,0.1,0.2,0.04,1.6,0.5,0.8,0.3,0.4
Anogeissus acuminata,NoData,,Anogeissus,Combretaceae,Unknown,species,,,4,0.02,0.12,0.12,0.06,0.06,0.04,0.05,0.06,0.04,1.6,0.24,0.7,0.4,1,0.1,0.2,0.04,1.6,0.5,0.8,0.3,0.4
Anonidium,NoData,,Anonidium,Annonaceae,Unknown,genus,,,4,0.02,0.12,0.12,0.06,0.06,0.04,0.05,0.06,0.04,1.6,0.24,0.7,0.4,1,0.1,0.2,0.04,1.6,0.5,0.8,0.3,0.4
Anonidium mannii,NoData,,Anonidium,Annonaceae,Unknown,species,,,4,0.02,0.12,0.12,0.06,0.06,0.04,0.05,0.06,0.04,1.6,0.24,0.7,0.4,1,0.1,0.2,0.04,1.6,0.5,0.8,0.3,0.4
Antennaria,NoData,,TBD,TBD,TBD,genus,,LF CTCOG,4,0.02,0.12,0.12,0.06,0.06,0.04,0.05,0.06,0.04,1.6,0.24,0.7,0.4,1,0.1,0.2,0.04,1.6,0.5,0.8,0.3,0.4
Anthocephalus,NoData,,Anthocephalus,Rubiaceae,Unknown,genus,,no longer recognized. It has been sunk intosynonymywithNeolamarckiaorBreonia.,4,0.02,0.12,0.12,0.06,0.06,0.04,0.05,0.06,0.04,1.6,0.24,0.7,0.4,1,0.1,0.2,0.04,1.6,0.5,0.8,0.3,0.4
Anthocephalus chinensis,NoData,,Anthocephalus,Rubiaceae,Unknown,species,,no longer recognized. It has been sunk intosynonymywithNeolamarckiaorBreonia.,4,0.02,0.12,0.12,0.06,0.06,0.04,0.05,0.06,0.04,1.6,0.24,0.7,0.4,1,0.1,0.2,0.04,1.6,0.5,0.8,0.3,0.4
Anthonotha,NoData,,Anthonotha,Fabaceae,Unknown,genus,,,4,0.02,0.12,0.12,0.06,0.06,0.04,0.05,0.06,0.04,1.6,0.24,0.7,0.4,1,0.1,0.2,0.04,1.6,0.5,0.8,0.3,0.4
Anthonotha macrophylla,NoData,,Anthonotha,Fabaceae,Unknown,species,,,4,0.02,0.12,0.12,0.06,0.06,0.04,0.05,0.06,0.04,1.6,0.24,0.7,0.4,1,0.1,0.2,0.04,1.6,0.5,0.8,0.3,0.4
Anthriscus,NoData,,Anthriscus,Apiaceae,Herb,genus,,,4,0.02,0.12,0.12,0.06,0.06,0.04,0.05,0.06,0.04,1.6,0.24,0.7,0.4,1,0.1,0.2,0.04,1.6,0.5,0.8,0.3,0.4
Anthriscus sylvestris,NoData,wild chervil,Anthriscus,Apiaceae,Herb,species,,,4,0.02,0.12,0.12,0.06,0.06,0.04,0.05,0.06,0.04,1.6,0.24,0.7,0.4,1,0.1,0.2,0.04,1.6,0.5,0.8,0.3,0.4
Anthyllis,NoData,,Anthyllis,Fabaceae,Unknown,genus,,,4,0.02,0.12,0.12,0.06,0.06,0.04,0.05,0.06,0.04,1.6,0.24,0.7,0.4,1,0.1,0.2,0.04,1.6,0.5,0.8,0.3,0.4
Anthyllis cytisoides,NoData,albaida,Anthyllis,Fabaceae,Unknown,species,,,4,0.02,0.12,0.12,0.06,0.06,0.04,0.05,0.06,0.04,1.6,0.24,0.7,0.4,1,0.1,0.2,0.04,1.6,0.5,0.8,0.3,0.4
Antiaris,NoData,,Antiaris,Moraceae,Unknown,genus,,,4,0.02,0.12,0.12,0.06,0.06,0.04,0.05,0.06,0.04,1.6,0.24,0.7,0.4,1,0.1,0.2,0.04,1.6,0.5,0.8,0.3,0.4
Antiaris toxicaria,NoData,,Antiaris,Moraceae,Unknown,species,,,4,0.02,0.12,0.12,0.06,0.06,0.04,0.05,0.06,0.04,1.6,0.24,0.7,0.4,1,0.1,0.2,0.04,1.6,0.5,0.8,0.3,0.4
Antidesma,NoData,,Antidesma,Euphorbiaceae,Unknown,genus,,,4,0.02,0.12,0.12,0.06,0.06,0.04,0.05,0.06,0.04,1.6,0.24,0.7,0.4,1,0.1,0.2,0.04,1.6,0.5,0.8,0.3,0.4
Antidesma venosum,NoData,,Antidesma,Euphorbiaceae,Unknown,species,,,4,0.02,0.12,0.12,0.06,0.06,0.04,0.05,0.06,0.04,1.6,0.24,0.7,0.4,1,0.1,0.2,0.04,1.6,0.5,0.8,0.3,0.4
Antirhea,NoData,,Antirhea,Rubiaceae,Btr,genus,,,4,0.02,0.12,0.12,0.06,0.06,0.04,0.05,0.06,0.04,1.6,0.24,0.7,0.4,1,0.1,0.2,0.04,1.6,0.5,0.8,0.3,0.4
Antirhea acutata,NoData,placa chiquitu,Antirhea,Rubiaceae,Btr,species,,,4,0.02,0.12,0.12,0.06,0.06,0.04,0.05,0.06,0.04,1.6,0.24,0.7,0.4,1,0.1,0.2,0.04,1.6,0.5,0.8,0.3,0.4
Antirrhoea,NoData,,Antirrhoea,Rubiaceae,Unknown,genus,,,4,0.02,0.12,0.12,0.06,0.06,0.04,0.05,0.06,0.04,1.6,0.24,0.7,0.4,1,0.1,0.2,0.04,1.6,0.5,0.8,0.3,0.4
Antirrhoea trichantha,NoData,,Antirrhoea,Rubiaceae,Unknown,species,,,4,0.02,0.12,0.12,0.06,0.06,0.04,0.05,0.06,0.04,1.6,0.24,0.7,0.4,1,0.1,0.2,0.04,1.6,0.5,0.8,0.3,0.4
Anulocaulis,NoData,,TBD,TBD,TBD,genus,,LF CTCOG,4,0.02,0.12,0.12,0.06,0.06,0.04,0.05,0.06,0.04,1.6,0.24,0.7,0.4,1,0.1,0.2,0.04,1.6,0.5,0.8,0.3,0.4
Apacheria,NoData,,Apacheria,TBD,Shrub,genus,from LFRDB,,4,0.02,0.12,0.12,0.06,0.06,0.04,0.05,0.06,0.04,1.6,0.24,0.7,0.4,1,0.1,0.2,0.04,1.6,0.5,0.8,0.3,0.4
Apeiba,NoData,,Apeiba,Malvaceae,Btr,genus,,,4,0.02,0.12,0.12,0.06,0.06,0.04,0.05,0.06,0.04,1.6,0.24,0.7,0.4,1,0.1,0.2,0.04,1.6,0.5,0.8,0.3,0.4
Apeiba membranaceae,NoData,,Apeiba,Malvaceae,Btr,species,,,4,0.02,0.12,0.12,0.06,0.06,0.04,0.05,0.06,0.04,1.6,0.24,0.7,0.4,1,0.1,0.2,0.04,1.6,0.5,0.8,0.3,0.4
Apeiba tibourbou,NoData,,Apeiba,Malvaceae,Btr,species,,,4,0.02,0.12,0.12,0.06,0.06,0.04,0.05,0.06,0.04,1.6,0.24,0.7,0.4,1,0.1,0.2,0.04,1.6,0.5,0.8,0.3,0.4
Aphanopetalum,NoData,,Aphanopetalum,Aphanopetalaceae,Unknown,genus,,,4,0.02,0.12,0.12,0.06,0.06,0.04,0.05,0.06,0.04,1.6,0.24,0.7,0.4,1,0.1,0.2,0.04,1.6,0.5,0.8,0.3,0.4
Aphanopetalum resinosum,NoData,,Aphanopetalum,Aphanopetalaceae,Unknown,species,,,4,0.02,0.12,0.12,0.06,0.06,0.04,0.05,0.06,0.04,1.6,0.24,0.7,0.4,1,0.1,0.2,0.04,1.6,0.5,0.8,0.3,0.4
Aphanostephus,NoData,,TBD,TBD,TBD,genus,,LF CTCOG,4,0.02,0.12,0.12,0.06,0.06,0.04,0.05,0.06,0.04,1.6,0.24,0.7,0.4,1,0.1,0.2,0.04,1.6,0.5,0.8,0.3,0.4
Apiaceae,NoData,,Apiaceae,Apiaceae,Unknown,family,,,4,0.02,0.12,0.12,0.06,0.06,0.04,0.05,0.06,0.04,1.6,0.24,0.7,0.4,1,0.1,0.2,0.04,1.6,0.5,0.8,0.3,0.4
Apium graveolens,NoData,Celery,TBD,TBD,TBD,species,,,4,0.02,0.12,0.12,0.06,0.06,0.04,0.05,0.06,0.04,1.6,0.24,0.7,0.4,1,0.1,0.2,0.04,1.6,0.5,0.8,0.3,0.4
Apocynaceae,NoData,,Apocynaceae,Apocynaceae,Unknown,family,,,4,0.02,0.12,0.12,0.06,0.06,0.04,0.05,0.06,0.04,1.6,0.24,0.7,0.4,1,0.1,0.2,0.04,1.6,0.5,0.8,0.3,0.4
Apocynum,NoData,,TBD,TBD,TBD,genus,,LF CTCOG,4,0.02,0.12,0.12,0.06,0.06,0.04,0.05,0.06,0.04,1.6,0.24,0.7,0.4,1,0.1,0.2,0.04,1.6,0.5,0.8,0.3,0.4
Aporosa,NoData,,Aporosa,Phyllanthaceae,Btr,genus,,,4,0.02,0.12,0.12,0.06,0.06,0.04,0.05,0.06,0.04,1.6,0.24,0.7,0.4,1,0.1,0.2,0.04,1.6,0.5,0.8,0.3,0.4
Aporosa dioica,NoData,,Aporosa,Phyllanthaceae,Btr,species,,,4,0.02,0.12,0.12,0.06,0.06,0.04,0.05,0.06,0.04,1.6,0.24,0.7,0.4,1,0.1,0.2,0.04,1.6,0.5,0.8,0.3,0.4
Aporosa yunnanensis,NoData,,Aporosa,Phyllanthaceae,Btr,species,,,4,0.02,0.12,0.12,0.06,0.06,0.04,0.05,0.06,0.04,1.6,0.24,0.7,0.4,1,0.1,0.2,0.04,1.6,0.5,0.8,0.3,0.4
Aquifoliaceae,NoData,,Aquifoliaceae,Aquifoliaceae,Unknown,family,,,4,0.02,0.12,0.12,0.06,0.06,0.04,0.05,0.06,0.04,1.6,0.24,0.7,0.4,1,0.1,0.2,0.04,1.6,0.5,0.8,0.3,0.4
Arabis,NoData,,TBD,TBD,TBD,genus,,LF CTCOG,4,0.02,0.12,0.12,0.06,0.06,0.04,0.05,0.06,0.04,1.6,0.24,0.7,0.4,1,0.1,0.2,0.04,1.6,0.5,0.8,0.3,0.4
Arachis,NoData,,Arachis,Fabaceae,Unknown,genus,,,4,0.02,0.12,0.12,0.06,0.06,0.04,0.05,0.06,0.04,1.6,0.24,0.7,0.4,1,0.1,0.2,0.04,1.6,0.5,0.8,0.3,0.4
Arachis glabrata,NoData,rhizoma peanut,Arachis,Fabaceae,Unknown,species,,,4,0.02,0.12,0.12,0.06,0.06,0.04,0.05,0.06,0.04,1.6,0.24,0.7,0.4,1,0.1,0.2,0.04,1.6,0.5,0.8,0.3,0.4
Arachis hypogaea,NoData,peanut,Arachis,Fabaceae,Crop,species,,,4,0.02,0.12,0.12,0.06,0.06,0.04,0.05,0.06,0.04,1.6,0.24,0.7,0.4,1,0.1,0.2,0.04,1.6,0.5,0.8,0.3,0.4
Aralia,NoData,,Aralia,TBD,Shrub,genus,from LFRDB,,4,0.02,0.12,0.12,0.06,0.06,0.04,0.05,0.06,0.04,1.6,0.24,0.7,0.4,1,0.1,0.2,0.04,1.6,0.5,0.8,0.3,0.4
Araucaria,NoDataIso,araucaria,Araucaria,Araucariaceae,Btr,genus,,,16,0.02,0.2,0.2,0.1,0.1,0.04,0.05,0.06,0.04,1.6,0.24,0.7,0.4,1,0.1,0.2,0.04,1.6,0.5,0.8,0.3,0.4
Araucaria angustifolia,NoDataIso,parana pine,Araucaria,Araucariaceae,Btr,species,,,16,0.02,0.2,0.2,0.1,0.1,0.04,0.05,0.06,0.04,1.6,0.24,0.7,0.4,1,0.1,0.2,0.04,1.6,0.5,0.8,0.3,0.4
Araucaria araucana,NoDataIso,monkeypuzzle tree,Araucaria,Araucariaceae,Btr,species,,,16,0.02,0.2,0.2,0.1,0.1,0.04,0.05,0.06,0.04,1.6,0.24,0.7,0.4,1,0.1,0.2,0.04,1.6,0.5,0.8,0.3,0.4
Araucaria bidwillii,NoDataIso,bunya bunya,Araucaria,Araucariaceae,Btr,species,,,16,0.02,0.2,0.2,0.1,0.1,0.04,0.05,0.06,0.04,1.6,0.24,0.7,0.4,1,0.1,0.2,0.04,1.6,0.5,0.8,0.3,0.4
Araucaria columnaris,NoDataIso,New Caledonia pine,Araucaria,Araucariaceae,Btr,species,,,16,0.02,0.2,0.2,0.1,0.1,0.04,0.05,0.06,0.04,1.6,0.24,0.7,0.4,1,0.1,0.2,0.04,1.6,0.5,0.8,0.3,0.4
Araucaria cunninghamii,NoDataIso,Moreton Bay pine,Araucaria,Araucariaceae,Btr,species,,,16,0.02,0.2,0.2,0.1,0.1,0.04,0.05,0.06,0.04,1.6,0.24,0.7,0.4,1,0.1,0.2,0.04,1.6,0.5,0.8,0.3,0.4
Araucaria excelsa,NoDataIso,,Araucaria,Araucariaceae,Unknown,species,,,16,0.02,0.2,0.2,0.1,0.1,0.04,0.05,0.06,0.04,1.6,0.24,0.7,0.4,1,0.1,0.2,0.04,1.6,0.5,0.8,0.3,0.4
Araucaria heterophylla,NoDataIso,Norfolk Island pine,Araucaria,Araucariaceae,Btr,species,,,16,0.02,0.2,0.2,0.1,0.1,0.04,0.05,0.06,0.04,1.6,0.24,0.7,0.4,1,0.1,0.2,0.04,1.6,0.5,0.8,0.3,0.4
Araucariaceae,NoDataIso,,Araucariaceae,Araucariaceae,Unknown,family,,,16,0.02,0.2,0.2,0.1,0.1,0.04,0.05,0.06,0.04,1.6,0.24,0.7,0.4,1,0.1,0.2,0.04,1.6,0.5,0.8,0.3,0.4
Arbutus,Arbutus,madrone,Arbutus,Ericaceae,Btr,genus,,,0.05,0.02,0.005,0.005,0.005,0.005,0.02,0.01,0.04,0.01,1.6,0.24,0.7,0.4,1,0.1,0.2,0.04,1.6,0.5,0.8,0.3,0.4
Arbutus menziesii,Arbutus,Pacific madrone,Arbutus,Ericaceae,Btr,species,,,0.05,0.02,0.005,0.005,0.005,0.005,0.02,0.01,0.04,0.01,1.6,0.24,0.7,0.4,1,0.1,0.2,0.04,1.6,0.5,0.8,0.3,0.4
Arbutus unedo,Arbutus,strawberry tree,Arbutus,Ericaceae,Unknown,species,,,0.05,0.02,0.005,0.005,0.005,0.005,0.02,0.01,0.04,0.01,1.6,0.24,0.7,0.4,1,0.1,0.2,0.04,1.6,0.5,0.8,0.3,0.4
Arbutus var. marina,Arbutus,madrone,Arbutus,Ericaceae,Btr,species,,,0.05,0.02,0.005,0.005,0.005,0.005,0.02,0.01,0.04,0.01,1.6,0.24,0.7,0.4,1,0.1,0.2,0.04,1.6,0.5,0.8,0.3,0.4
Arbutus xalapensis,Arbutus,,Arbutus,Ericaceae,Btr,species,,,0.05,0.02,0.005,0.005,0.005,0.005,0.02,0.01,0.04,0.01,1.6,0.24,0.7,0.4,1,0.1,0.2,0.04,1.6,0.5,0.8,0.3,0.4
Archontophoenix,Archontophoenix,,Archontophoenix,Arecaceae,Btr,genus,,,16,0.005,0.005,0.005,0.005,0.005,0.005,0.05,0.001,0.001,1.6,0.24,0.7,0.4,1,0.1,0.2,0.04,1.6,0.5,0.8,0.3,0.4
Archontophoenix alexandrae,Archontophoenix,Alexandra palm,Archontophoenix,Arecaceae,Btr,species,,,16,0.005,0.005,0.005,0.005,0.005,0.005,0.05,0.001,0.001,1.6,0.24,0.7,0.4,1,0.1,0.2,0.04,1.6,0.5,0.8,0.3,0.4
Archontophoenix cunninghamiana,Archontophoenix,,Archontophoenix,Arecaceae,Btr,species,,,16,0.005,0.005,0.005,0.005,0.005,0.005,0.05,0.001,0.001,1.6,0.24,0.7,0.4,1,0.1,0.2,0.04,1.6,0.5,0.8,0.3,0.4
Archontophoenix myolensis,Archontophoenix,,Archontophoenix,Arecaceae,Btr,species,,,16,0.005,0.005,0.005,0.005,0.005,0.005,0.05,0.001,0.001,1.6,0.24,0.7,0.4,1,0.1,0.2,0.04,1.6,0.5,0.8,0.3,0.4
Arctostaphylos,NoDataLowIso,manzanita,Arctostaphylos,Ericaceae,Btr,genus,,,0.2,0.02,0.2,0.2,0.2,0.2,0.04,0.05,0.04,0.02,1.6,0.24,0.7,0.4,1,0.1,0.2,0.04,1.6,0.5,0.8,0.3,0.4
Arctostaphylos columbiana,NoDataLowIso,hairy manzanita,Arctostaphylos,Ericaceae,Btr,species,,,0.2,0.02,0.2,0.2,0.2,0.2,0.04,0.05,0.04,0.02,1.6,0.24,0.7,0.4,1,0.1,0.2,0.04,1.6,0.5,0.8,0.3,0.4
Arctostaphylos glandulosa,NoDataLowIso,Eastwood's manzanita,Arctostaphylos,Ericaceae,Shrub,species,,,0.2,0.02,0.2,0.2,0.2,0.2,0.04,0.05,0.04,0.02,1.6,0.24,0.7,0.4,1,0.1,0.2,0.04,1.6,0.5,0.8,0.3,0.4
Arctostaphylos glauca,NoDataLowIso,bigberry manzanita,Arctostaphylos,Ericaceae,Btr,species,,,0.2,0.02,0.2,0.2,0.2,0.2,0.04,0.05,0.04,0.02,1.6,0.24,0.7,0.4,1,0.1,0.2,0.04,1.6,0.5,0.8,0.3,0.4
Arctostaphylos manzanita,NoDataLowIso,whiteleaf manzanita,Arctostaphylos,Ericaceae,Shrub,species,,,0.2,0.02,0.2,0.2,0.2,0.2,0.04,0.05,0.04,0.02,1.6,0.24,0.7,0.4,1,0.1,0.2,0.04,1.6,0.5,0.8,0.3,0.4
Arctostaphylos pungens,NoDataLowIso,pointleaf manzanita,Arctostaphylos,Ericaceae,Shrub,species,,,0.2,0.02,0.2,0.2,0.2,0.2,0.04,0.05,0.04,0.02,1.6,0.24,0.7,0.4,1,0.1,0.2,0.04,1.6,0.5,0.8,0.3,0.4
Ardisia,NoData,marlberry,Ardisia,Myrsinaceae,Btr,genus,,,4,0.02,0.12,0.12,0.06,0.06,0.04,0.05,0.06,0.04,1.6,0.24,0.7,0.4,1,0.1,0.2,0.04,1.6,0.5,0.8,0.3,0.4
Ardisia humilis,NoData,low shoebutton,Ardisia,Myrsinaceae,Shrub,species,,,4,0.02,0.12,0.12,0.06,0.06,0.04,0.05,0.06,0.04,1.6,0.24,0.7,0.4,1,0.1,0.2,0.04,1.6,0.5,0.8,0.3,0.4
Ardisia tenera,NoData,,Ardisia,Myrsinaceae,Unknown,species,,,4,0.02,0.12,0.12,0.06,0.06,0.04,0.05,0.06,0.04,1.6,0.24,0.7,0.4,1,0.1,0.2,0.04,1.6,0.5,0.8,0.3,0.4
Arecaceae,NoDataIso,,Arecaceae,Arecaceae,Unknown,family,,,16,0.02,0.2,0.2,0.1,0.1,0.04,0.05,0.06,0.04,1.6,0.24,0.7,0.4,1,0.1,0.2,0.04,1.6,0.5,0.8,0.3,0.4
Arecastrum,NoDataIso,,Arecastrum,Arecaceae,Unknown,genus,,,16,0.02,0.2,0.2,0.1,0.1,0.04,0.05,0.06,0.04,1.6,0.24,0.7,0.4,1,0.1,0.2,0.04,1.6,0.5,0.8,0.3,0.4
Arecastrum romanzoffianum,NoDataIso,queen palm,Arecastrum,Arecaceae,Unknown,species,,,16,0.02,0.2,0.2,0.1,0.1,0.04,0.05,0.06,0.04,1.6,0.24,0.7,0.4,1,0.1,0.2,0.04,1.6,0.5,0.8,0.3,0.4
Arenaria,NoData,,TBD,TBD,TBD,genus,,LF CTCOG,4,0.02,0.12,0.12,0.06,0.06,0.04,0.05,0.06,0.04,1.6,0.24,0.7,0.4,1,0.1,0.2,0.04,1.6,0.5,0.8,0.3,0.4
Arenga,NoDataIso,,Arenga,Arecaceae,Unknown,genus,,,16,0.02,0.2,0.2,0.1,0.1,0.04,0.05,0.06,0.04,1.6,0.24,0.7,0.4,1,0.1,0.2,0.04,1.6,0.5,0.8,0.3,0.4
Arenga engleri,NoDataIso,,Arenga,Arecaceae,Unknown,species,,,16,0.02,0.2,0.2,0.1,0.1,0.04,0.05,0.06,0.04,1.6,0.24,0.7,0.4,1,0.1,0.2,0.04,1.6,0.5,0.8,0.3,0.4
Argentina,NoData,,TBD,TBD,TBD,genus,,LF CTCOG,4,0.02,0.12,0.12,0.06,0.06,0.04,0.05,0.06,0.04,1.6,0.24,0.7,0.4,1,0.1,0.2,0.04,1.6,0.5,0.8,0.3,0.4
Argythamnia,NoData,,Argythamnia,TBD,Shrub,genus,from LFRDB,,4,0.02,0.12,0.12,0.06,0.06,0.04,0.05,0.06,0.04,1.6,0.24,0.7,0.4,1,0.1,0.2,0.04,1.6,0.5,0.8,0.3,0.4
Ariocarpus,NoData,,Ariocarpus,TBD,Shrub,genus,from LFRDB,,4,0.02,0.12,0.12,0.06,0.06,0.04,0.05,0.06,0.04,1.6,0.24,0.7,0.4,1,0.1,0.2,0.04,1.6,0.5,0.8,0.3,0.4
Aristida,NoData,,TBD,TBD,TBD,genus,,LF CTCOG,4,0.02,0.12,0.12,0.06,0.06,0.04,0.05,0.06,0.04,1.6,0.24,0.7,0.4,1,0.1,0.2,0.04,1.6,0.5,0.8,0.3,0.4
Aristolochia,NoData,,TBD,TBD,TBD,genus,,LF CTCOG,4,0.02,0.12,0.12,0.06,0.06,0.04,0.05,0.06,0.04,1.6,0.24,0.7,0.4,1,0.1,0.2,0.04,1.6,0.5,0.8,0.3,0.4
Arrabidaea,NoData,,Arrabidaea,Bignoniaceae,Unknown,genus,,,4,0.02,0.12,0.12,0.06,0.06,0.04,0.05,0.06,0.04,1.6,0.24,0.7,0.4,1,0.1,0.2,0.04,1.6,0.5,0.8,0.3,0.4
Arrabidaea patellifera,NoData,,Arrabidaea,Bignoniaceae,Unknown,species,,,4,0.02,0.12,0.12,0.06,0.06,0.04,0.05,0.06,0.04,1.6,0.24,0.7,0.4,1,0.1,0.2,0.04,1.6,0.5,0.8,0.3,0.4
Arrhenatherum,NoData,,Arrhenatherum,Poaceae,Herb,genus,,,4,0.02,0.12,0.12,0.06,0.06,0.04,0.05,0.06,0.04,1.6,0.24,0.7,0.4,1,0.1,0.2,0.04,1.6,0.5,0.8,0.3,0.4
Arrhenatherum elatius,NoData,tall oatgrass,Arrhenatherum,Poaceae,Herb,species,,,4,0.02,0.12,0.12,0.06,0.06,0.04,0.05,0.06,0.04,1.6,0.24,0.7,0.4,1,0.1,0.2,0.04,1.6,0.5,0.8,0.3,0.4
Artemisa,NoData,,Artemisa,TBD,Shrub,genus,from LFRDB,,4,0.02,0.12,0.12,0.06,0.06,0.04,0.05,0.06,0.04,1.6,0.24,0.7,0.4,1,0.1,0.2,0.04,1.6,0.5,0.8,0.3,0.4
Artemisia,NoDataLowIso,sagebrush,Artemisia,Asteraceae,Btr,genus,,,0.2,0.02,0.2,0.2,0.2,0.2,0.04,0.05,0.04,0.02,1.6,0.24,0.7,0.4,1,0.1,0.2,0.04,1.6,0.5,0.8,0.3,0.4
Artemisia argyi,NoDataLowIso,,Artemisia,Asteraceae,Unknown,species,,,0.2,0.02,0.2,0.2,0.2,0.2,0.04,0.05,0.04,0.02,1.6,0.24,0.7,0.4,1,0.1,0.2,0.04,1.6,0.5,0.8,0.3,0.4
Artemisia californica,NoDataLowIso,coastal sagebrush,Artemisia,Asteraceae,Shrub,species,,,0.2,0.02,0.2,0.2,0.2,0.2,0.04,0.05,0.04,0.02,1.6,0.24,0.7,0.4,1,0.1,0.2,0.04,1.6,0.5,0.8,0.3,0.4
Artemisia dracunculus,NoDataLowIso,tarragon,Artemisia,Asteraceae,Shrub,species,,,0.2,0.02,0.2,0.2,0.2,0.2,0.04,0.05,0.04,0.02,1.6,0.24,0.7,0.4,1,0.1,0.2,0.04,1.6,0.5,0.8,0.3,0.4
Artemisia eriopoda,NoDataLowIso,,Artemisia,Asteraceae,Unknown,species,,,0.2,0.02,0.2,0.2,0.2,0.2,0.04,0.05,0.04,0.02,1.6,0.24,0.7,0.4,1,0.1,0.2,0.04,1.6,0.5,0.8,0.3,0.4
Artemisia frigida,NoDataLowIso,prairie sagewort,Artemisia,Asteraceae,Shrub,species,,,0.2,0.02,0.2,0.2,0.2,0.2,0.04,0.05,0.04,0.02,1.6,0.24,0.7,0.4,1,0.1,0.2,0.04,1.6,0.5,0.8,0.3,0.4
Artemisia gmelinii,NoDataLowIso,Gmelin's wormwood,Artemisia,Asteraceae,Shrub,species,,,0.2,0.02,0.2,0.2,0.2,0.2,0.04,0.05,0.04,0.02,1.6,0.24,0.7,0.4,1,0.1,0.2,0.04,1.6,0.5,0.8,0.3,0.4
Artemisia intramongolica,NoDataLowIso,,Artemisia,Asteraceae,Unknown,species,,,0.2,0.02,0.2,0.2,0.2,0.2,0.04,0.05,0.04,0.02,1.6,0.24,0.7,0.4,1,0.1,0.2,0.04,1.6,0.5,0.8,0.3,0.4
Artemisia ludoviciana,NoDataLowIso,white sagebrush,Artemisia,Asteraceae,Shrub,species,,,0.2,0.02,0.2,0.2,0.2,0.2,0.04,0.05,0.04,0.02,1.6,0.24,0.7,0.4,1,0.1,0.2,0.04,1.6,0.5,0.8,0.3,0.4
Artemisia mongolica,NoDataLowIso,,Artemisia,Asteraceae,Unknown,species,,,0.2,0.02,0.2,0.2,0.2,0.2,0.04,0.05,0.04,0.02,1.6,0.24,0.7,0.4,1,0.1,0.2,0.04,1.6,0.5,0.8,0.3,0.4
Artemisia pubescens,NoDataLowIso,,Artemisia,Asteraceae,Unknown,species,,,0.2,0.02,0.2,0.2,0.2,0.2,0.04,0.05,0.04,0.02,1.6,0.24,0.7,0.4,1,0.1,0.2,0.04,1.6,0.5,0.8,0.3,0.4
Artemisia scoparia,NoDataLowIso,redstem wormwood,Artemisia,Asteraceae,Herb,species,,,0.2,0.02,0.2,0.2,0.2,0.2,0.04,0.05,0.04,0.02,1.6,0.24,0.7,0.4,1,0.1,0.2,0.04,1.6,0.5,0.8,0.3,0.4
Artemisia sieversiana,NoDataLowIso,,Artemisia,Asteraceae,Unknown,species,,,0.2,0.02,0.2,0.2,0.2,0.2,0.04,0.05,0.04,0.02,1.6,0.24,0.7,0.4,1,0.1,0.2,0.04,1.6,0.5,0.8,0.3,0.4
Artemisia tancetifolia,NoDataLowIso,,Artemisia,Asteraceae,Unknown,species,,,0.2,0.02,0.2,0.2,0.2,0.2,0.04,0.05,0.04,0.02,1.6,0.24,0.7,0.4,1,0.1,0.2,0.04,1.6,0.5,0.8,0.3,0.4
Artemisia tridentata,NoDataLowIso,big sagebrush,Artemisia,Asteraceae,Btr,species,,,0.2,0.02,0.2,0.2,0.2,0.2,0.04,0.05,0.04,0.02,1.6,0.24,0.7,0.4,1,0.1,0.2,0.04,1.6,0.5,0.8,0.3,0.4
Artocarpus,NoData,,Artocarpus,Moraceae,Unknown,genus,,,4,0.02,0.12,0.12,0.06,0.06,0.04,0.05,0.06,0.04,1.6,0.24,0.7,0.4,1,0.1,0.2,0.04,1.6,0.5,0.8,0.3,0.4
Artocarpus falcata,NoData,,Artocarpus,Moraceae,Unknown,species,,,4,0.02,0.12,0.12,0.06,0.06,0.04,0.05,0.06,0.04,1.6,0.24,0.7,0.4,1,0.1,0.2,0.04,1.6,0.5,0.8,0.3,0.4
Artocarpus heterophyllus,NoData,jackfruit,Artocarpus,Moraceae,Btr,species,,,4,0.02,0.12,0.12,0.06,0.06,0.04,0.05,0.06,0.04,1.6,0.24,0.7,0.4,1,0.1,0.2,0.04,1.6,0.5,0.8,0.3,0.4
Arundinaria,NoData,,Arundinaria,Poaceae,Unknown,genus,,,4,0.02,0.12,0.12,0.06,0.06,0.04,0.05,0.06,0.04,1.6,0.24,0.7,0.4,1,0.1,0.2,0.04,1.6,0.5,0.8,0.3,0.4
Arundinaria alpina,NoData,,Arundinaria,Poaceae,Unknown,species,,,4,0.02,0.12,0.12,0.06,0.06,0.04,0.05,0.06,0.04,1.6,0.24,0.7,0.4,1,0.1,0.2,0.04,1.6,0.5,0.8,0.3,0.4
Arundo,Arundo,,Arundo,Poaceae,Shrub,genus,,,8,0.02,0.4,0.4,0.2,0.2,0.04,0.05,0.06,0.04,1.6,0.24,0.7,0.4,1,0.1,0.2,0.04,1.6,0.5,0.8,0.3,0.4
Arundo donax,Arundo,giant reed,Arundo,Poaceae,Shrub,species,,,8,0.02,0.4,0.4,0.2,0.2,0.04,0.05,0.06,0.04,1.6,0.24,0.7,0.4,1,0.1,0.2,0.04,1.6,0.5,0.8,0.3,0.4
Asclepias,NoData,,Asclepias,Asclepiadaceae,Herb,genus,,,4,0.02,0.12,0.12,0.06,0.06,0.04,0.05,0.06,0.04,1.6,0.24,0.7,0.4,1,0.1,0.2,0.04,1.6,0.5,0.8,0.3,0.4
Asclepias speciosa,NoData,showy milkweed,Asclepias,Asclepiadaceae,Herb,species,,,4,0.02,0.12,0.12,0.06,0.06,0.04,0.05,0.06,0.04,1.6,0.24,0.7,0.4,1,0.1,0.2,0.04,1.6,0.5,0.8,0.3,0.4
Asimina,Ailanthus,,Asimina,Annonaceae,Btr,genus,,,0.2,0.02,0.1,0.1,0.05,0.05,0.04,0.05,0.06,0.04,1.6,0.24,0.7,0.4,1,0.1,0.2,0.04,1.6,0.5,0.8,0.3,0.4
Asimina triloba,Ailanthus,pawpaw,Asimina,Annonaceae,Btr,species,,,0.2,0.02,0.1,0.1,0.05,0.05,0.04,0.05,0.06,0.04,1.6,0.24,0.7,0.4,1,0.1,0.2,0.04,1.6,0.5,0.8,0.3,0.4
Asparagus,NoData,asparagus,Asparagus,Liliaceae,Shrub,genus,,,4,0.02,0.12,0.12,0.06,0.06,0.04,0.05,0.06,0.04,1.6,0.24,0.7,0.4,1,0.1,0.2,0.04,1.6,0.5,0.8,0.3,0.4
Asparagus dauricus,NoData,,Asparagus,Liliaceae,Shrub,species,,,4,0.02,0.12,0.12,0.06,0.06,0.04,0.05,0.06,0.04,1.6,0.24,0.7,0.4,1,0.1,0.2,0.04,1.6,0.5,0.8,0.3,0.4
Asparagus officinalis,NoData,Asparagus,TBD,TBD,TBD,species,,,4,0.02,0.12,0.12,0.06,0.06,0.04,0.05,0.06,0.04,1.6,0.24,0.7,0.4,1,0.1,0.2,0.04,1.6,0.5,0.8,0.3,0.4
Aspidium,NoData,,Aspidium,Dryopteridaceae,Unknown,genus,,,4,0.02,0.12,0.12,0.06,0.06,0.04,0.05,0.06,0.04,1.6,0.24,0.7,0.4,1,0.1,0.2,0.04,1.6,0.5,0.8,0.3,0.4
Aspidium tsus-simense,NoData,,Aspidium,Dryopteridaceae,Unknown,species,,,4,0.02,0.12,0.12,0.06,0.06,0.04,0.05,0.06,0.04,1.6,0.24,0.7,0.4,1,0.1,0.2,0.04,1.6,0.5,0.8,0.3,0.4
Aspidosperma,NoData,,Aspidosperma,Apocynaceae,Unknown,genus,,,4,0.02,0.12,0.12,0.06,0.06,0.04,0.05,0.06,0.04,1.6,0.24,0.7,0.4,1,0.1,0.2,0.04,1.6,0.5,0.8,0.3,0.4
Aspidosperma cruenta,NoData,,Aspidosperma,Apocynaceae,Unknown,species,,,4,0.02,0.12,0.12,0.06,0.06,0.04,0.05,0.06,0.04,1.6,0.24,0.7,0.4,1,0.1,0.2,0.04,1.6,0.5,0.8,0.3,0.4
Asplenium,NoData,,Asplenium,Aspleniaceae,Unknown,genus,,,4,0.02,0.12,0.12,0.06,0.06,0.04,0.05,0.06,0.04,1.6,0.24,0.7,0.4,1,0.1,0.2,0.04,1.6,0.5,0.8,0.3,0.4
Asplenium daucifolium,NoData,,Asplenium,Aspleniaceae,Unknown,species,,,4,0.02,0.12,0.12,0.06,0.06,0.04,0.05,0.06,0.04,1.6,0.24,0.7,0.4,1,0.1,0.2,0.04,1.6,0.5,0.8,0.3,0.4
Asplenium nidus,NoData,Hawai'I birdnest fern,Asplenium,Aspleniaceae,Herb,species,,,4,0.02,0.12,0.12,0.06,0.06,0.04,0.05,0.06,0.04,1.6,0.24,0.7,0.4,1,0.1,0.2,0.04,1.6,0.5,0.8,0.3,0.4
Astartea,NoData,,Astartea,Myrtaceae,Unknown,genus,,,4,0.02,0.12,0.12,0.06,0.06,0.04,0.05,0.06,0.04,1.6,0.24,0.7,0.4,1,0.1,0.2,0.04,1.6,0.5,0.8,0.3,0.4
Astartea fascicularis,NoData,,Astartea,Myrtaceae,Unknown,species,,,4,0.02,0.12,0.12,0.06,0.06,0.04,0.05,0.06,0.04,1.6,0.24,0.7,0.4,1,0.1,0.2,0.04,1.6,0.5,0.8,0.3,0.4
Aster,NoData,,TBD,TBD,TBD,genus,,LF CTCOG,4,0.02,0.12,0.12,0.06,0.06,0.04,0.05,0.06,0.04,1.6,0.24,0.7,0.4,1,0.1,0.2,0.04,1.6,0.5,0.8,0.3,0.4
Asteraceae,NoData,,Asteraceae,Asteraceae,Unknown,family,,,4,0.02,0.12,0.12,0.06,0.06,0.04,0.05,0.06,0.04,1.6,0.24,0.7,0.4,1,0.1,0.2,0.04,1.6,0.5,0.8,0.3,0.4
Astragalus,NoData,,TBD,TBD,TBD,genus,,LF CTCOG,4,0.02,0.12,0.12,0.06,0.06,0.04,0.05,0.06,0.04,1.6,0.24,0.7,0.4,1,0.1,0.2,0.04,1.6,0.5,0.8,0.3,0.4
Astrocaryum,NoData,,Astrocaryum,Arecaceae,Btr,genus,,,4,0.02,0.12,0.12,0.06,0.06,0.04,0.05,0.06,0.04,1.6,0.24,0.7,0.4,1,0.1,0.2,0.04,1.6,0.5,0.8,0.3,0.4
Astrocaryum aculeatissimum,NoData,,Astrocaryum,Arecaceae,Btr,species,,,4,0.02,0.12,0.12,0.06,0.06,0.04,0.05,0.06,0.04,1.6,0.24,0.7,0.4,1,0.1,0.2,0.04,1.6,0.5,0.8,0.3,0.4
Astrocaryum ratacanthus,NoData,,Astrocaryum,Arecaceae,Btr,species,,,4,0.02,0.12,0.12,0.06,0.06,0.04,0.05,0.06,0.04,1.6,0.24,0.7,0.4,1,0.1,0.2,0.04,1.6,0.5,0.8,0.3,0.4
Astrocaryum sociale,NoData,,Astrocaryum,Arecaceae,Unknown,species,,,4,0.02,0.12,0.12,0.06,0.06,0.04,0.05,0.06,0.04,1.6,0.24,0.7,0.4,1,0.1,0.2,0.04,1.6,0.5,0.8,0.3,0.4
Astrolepis,NoData,,TBD,TBD,TBD,genus,,LF CTCOG,4,0.02,0.12,0.12,0.06,0.06,0.04,0.05,0.06,0.04,1.6,0.24,0.7,0.4,1,0.1,0.2,0.04,1.6,0.5,0.8,0.3,0.4
Astronium,NoData,,Astronium,Anacardiaceae,Unknown,genus,,,4,0.02,0.12,0.12,0.06,0.06,0.04,0.05,0.06,0.04,1.6,0.24,0.7,0.4,1,0.1,0.2,0.04,1.6,0.5,0.8,0.3,0.4
Astronium graveolens,NoData,,Astronium,Anacardiaceae,Unknown,species,,,4,0.02,0.12,0.12,0.06,0.06,0.04,0.05,0.06,0.04,1.6,0.24,0.7,0.4,1,0.1,0.2,0.04,1.6,0.5,0.8,0.3,0.4
Atragene,NoData,,TBD,TBD,TBD,genus,,LF CTCOG,4,0.02,0.12,0.12,0.06,0.06,0.04,0.05,0.06,0.04,1.6,0.24,0.7,0.4,1,0.1,0.2,0.04,1.6,0.5,0.8,0.3,0.4
Atrichum,NoData,,Atrichum,Polytrichaceae,Unknown,genus,,,4,0.02,0.12,0.12,0.06,0.06,0.04,0.05,0.06,0.04,1.6,0.24,0.7,0.4,1,0.1,0.2,0.04,1.6,0.5,0.8,0.3,0.4
Atrichum undulatum,NoData,,Atrichum,Polytrichaceae,Unknown,species,,,4,0.02,0.12,0.12,0.06,0.06,0.04,0.05,0.06,0.04,1.6,0.24,0.7,0.4,1,0.1,0.2,0.04,1.6,0.5,0.8,0.3,0.4
Atriplex,NoDataLowIso,saltbush,Atriplex,Chenopodiaceae,Shrub,genus,,,0.2,0.02,0.2,0.2,0.2,0.2,0.04,0.05,0.04,0.02,1.6,0.24,0.7,0.4,1,0.1,0.2,0.04,1.6,0.5,0.8,0.3,0.4
Atriplex canescens,NoDataLowIso,fourwing saltbush,Atriplex,Chenopodiaceae,Shrub,species,,,0.2,0.02,0.2,0.2,0.2,0.2,0.04,0.05,0.04,0.02,1.6,0.24,0.7,0.4,1,0.1,0.2,0.04,1.6,0.5,0.8,0.3,0.4
Atriplex parryi,NoDataLowIso,Parry's saltbush,Atriplex,Chenopodiaceae,Shrub,species,,,0.2,0.02,0.2,0.2,0.2,0.2,0.04,0.05,0.04,0.02,1.6,0.24,0.7,0.4,1,0.1,0.2,0.04,1.6,0.5,0.8,0.3,0.4
Atriplex polycarpa,NoDataLowIso,cattle saltbush,Atriplex,Chenopodiaceae,Shrub,species,,,0.2,0.02,0.2,0.2,0.2,0.2,0.04,0.05,0.04,0.02,1.6,0.24,0.7,0.4,1,0.1,0.2,0.04,1.6,0.5,0.8,0.3,0.4
Attalea,NoData,,Attalea,Arecaceae,Btr,genus,,,4,0.02,0.12,0.12,0.06,0.06,0.04,0.05,0.06,0.04,1.6,0.24,0.7,0.4,1,0.1,0.2,0.04,1.6,0.5,0.8,0.3,0.4
Attalea phalerata,NoData,,Attalea,Arecaceae,Btr,species,,,4,0.02,0.12,0.12,0.06,0.06,0.04,0.05,0.06,0.04,1.6,0.24,0.7,0.4,1,0.1,0.2,0.04,1.6,0.5,0.8,0.3,0.4
Auranticarpa,NoData,,Auranticarpa,Pittosporaceae,Btr,genus,,,4,0.02,0.12,0.12,0.06,0.06,0.04,0.05,0.06,0.04,1.6,0.24,0.7,0.4,1,0.1,0.2,0.04,1.6,0.5,0.8,0.3,0.4
Auranticarpa rhombifolia,NoData,,Auranticarpa,Pittosporaceae,Btr,species,,,4,0.02,0.12,0.12,0.06,0.06,0.04,0.05,0.06,0.04,1.6,0.24,0.7,0.4,1,0.1,0.2,0.04,1.6,0.5,0.8,0.3,0.4
AustraliaBtr,AustraliaBtr,,Plant Type,GF,Btr,GF,,,16,0.02,0.4,0.4,0.2,0.2,0.04,0.05,0.06,0.04,1.6,0.24,0.7,0.4,1,0.1,0.2,0.04,1.6,0.5,0.8,0.3,0.4
Avena,NoData,oat,Avena,Poaceae,Crop,genus,,,4,0.02,0.12,0.12,0.06,0.06,0.04,0.05,0.06,0.04,1.6,0.24,0.7,0.4,1,0.1,0.2,0.04,1.6,0.5,0.8,0.3,0.4
Avena sativa,NoData,common oat,Avena,Poaceae,Crop,species,,,4,0.02,0.12,0.12,0.06,0.06,0.04,0.05,0.06,0.04,1.6,0.24,0.7,0.4,1,0.1,0.2,0.04,1.6,0.5,0.8,0.3,0.4
Avicennia,NoData,mangrove,Avicennia,Verbenaceae,Btr,genus,,,4,0.02,0.12,0.12,0.06,0.06,0.04,0.05,0.06,0.04,1.6,0.24,0.7,0.4,1,0.1,0.2,0.04,1.6,0.5,0.8,0.3,0.4
Avicennia germinans,NoData,black mangrove,Avicennia,Verbenaceae,Btr,species,,,4,0.02,0.12,0.12,0.06,0.06,0.04,0.05,0.06,0.04,1.6,0.24,0.7,0.4,1,0.1,0.2,0.04,1.6,0.5,0.8,0.3,0.4
Ayenia,NoData,,Ayenia,TBD,Shrub,genus,from LFRDB,,4,0.02,0.12,0.12,0.06,0.06,0.04,0.05,0.06,0.04,1.6,0.24,0.7,0.4,1,0.1,0.2,0.04,1.6,0.5,0.8,0.3,0.4
Azadirachta,NoData,,Azadirachta,Meliaceae,btr,genus,,,4,0.02,0.12,0.12,0.06,0.06,0.04,0.05,0.06,0.04,1.6,0.24,0.7,0.4,1,0.1,0.2,0.04,1.6,0.5,0.8,0.3,0.4
Azara,NoData,,Azadirachta,Salicaceae,btr,genus,,,4,0.02,0.12,0.12,0.06,0.06,0.04,0.05,0.06,0.04,1.6,0.24,0.7,0.4,1,0.1,0.2,0.04,1.6,0.5,0.8,0.3,0.4
Azolla,Arundo,mosquitofern,Azolla,Azollaceae,Herb,genus,,,8,0.02,0.4,0.4,0.2,0.2,0.04,0.05,0.06,0.04,1.6,0.24,0.7,0.4,1,0.1,0.2,0.04,1.6,0.5,0.8,0.3,0.4
Baccaurea,NoData,,Baccaurea,Euphorbiaceae,Unknown,genus,,,4,0.02,0.12,0.12,0.06,0.06,0.04,0.05,0.06,0.04,1.6,0.24,0.7,0.4,1,0.1,0.2,0.04,1.6,0.5,0.8,0.3,0.4
Baccaurea macrocarpa,NoData,,Baccaurea,Euphorbiaceae,Unknown,species,,,4,0.02,0.12,0.12,0.06,0.06,0.04,0.05,0.06,0.04,1.6,0.24,0.7,0.4,1,0.1,0.2,0.04,1.6,0.5,0.8,0.3,0.4
Baccaurea ramiflora,NoData,baccaurea,Baccaurea,Euphorbiaceae,Unknown,species,,,4,0.02,0.12,0.12,0.06,0.06,0.04,0.05,0.06,0.04,1.6,0.24,0.7,0.4,1,0.1,0.2,0.04,1.6,0.5,0.8,0.3,0.4
Baccharis,NoData,,Baccharis,Asteraceae,Shrub,genus,,,4,0.02,0.12,0.12,0.06,0.06,0.04,0.05,0.06,0.04,1.6,0.24,0.7,0.4,1,0.1,0.2,0.04,1.6,0.5,0.8,0.3,0.4
Baccharis halimifolia,NoData,,Baccharis,Asteraceae,Shrub,species,,,4,0.02,0.12,0.12,0.06,0.06,0.04,0.05,0.06,0.04,1.6,0.24,0.7,0.4,1,0.1,0.2,0.04,1.6,0.5,0.8,0.3,0.4
Baccharis pilularis,NoData,coyotebrush,Baccharis,Asteraceae,Shrub,species,,,4,0.02,0.12,0.12,0.06,0.06,0.04,0.05,0.06,0.04,1.6,0.24,0.7,0.4,1,0.1,0.2,0.04,1.6,0.5,0.8,0.3,0.4
Baccharis texana,NoData,prairie false willow,Baccharis,Asteraceae,Shrub,species,,,4,0.02,0.12,0.12,0.06,0.06,0.04,0.05,0.06,0.04,1.6,0.24,0.7,0.4,1,0.1,0.2,0.04,1.6,0.5,0.8,0.3,0.4
Bacopa,NoData,,TBD,TBD,TBD,genus,,LF CTCOG,4,0.02,0.12,0.12,0.06,0.06,0.04,0.05,0.06,0.04,1.6,0.24,0.7,0.4,1,0.1,0.2,0.04,1.6,0.5,0.8,0.3,0.4
Baeckea,NoData,,Baeckea,Myrtaceae,Unknown,genus,,,4,0.02,0.12,0.12,0.06,0.06,0.04,0.05,0.06,0.04,1.6,0.24,0.7,0.4,1,0.1,0.2,0.04,1.6,0.5,0.8,0.3,0.4
Baeckea virgata,NoData,tall baeckea,Baeckea,Myrtaceae,Unknown,species,,,4,0.02,0.12,0.12,0.06,0.06,0.04,0.05,0.06,0.04,1.6,0.24,0.7,0.4,1,0.1,0.2,0.04,1.6,0.5,0.8,0.3,0.4
Bagassa,NoData,,Bagassa,Moraceae,Btr,genus,,,4,0.02,0.12,0.12,0.06,0.06,0.04,0.05,0.06,0.04,1.6,0.24,0.7,0.4,1,0.1,0.2,0.04,1.6,0.5,0.8,0.3,0.4
Bagassa guianensis,NoData,,Bagassa,Moraceae,Btr,species,,,4,0.02,0.12,0.12,0.06,0.06,0.04,0.05,0.06,0.04,1.6,0.24,0.7,0.4,1,0.1,0.2,0.04,1.6,0.5,0.8,0.3,0.4
Bahia,NoData,,TBD,TBD,TBD,genus,,LF CTCOG,4,0.02,0.12,0.12,0.06,0.06,0.04,0.05,0.06,0.04,1.6,0.24,0.7,0.4,1,0.1,0.2,0.04,1.6,0.5,0.8,0.3,0.4
Baikiaea,NoData,,Baikiaea,Fabaceae,Btr,genus,,,4,0.02,0.12,0.12,0.06,0.06,0.04,0.05,0.06,0.04,1.6,0.24,0.7,0.4,1,0.1,0.2,0.04,1.6,0.5,0.8,0.3,0.4
Baikiaea plurijuga,NoData,,Baikiaea,Fabaceae,Btr,species,,,4,0.02,0.12,0.12,0.06,0.06,0.04,0.05,0.06,0.04,1.6,0.24,0.7,0.4,1,0.1,0.2,0.04,1.6,0.5,0.8,0.3,0.4
Baileya,NoData,,TBD,TBD,TBD,genus,,LF CTCOG,4,0.02,0.12,0.12,0.06,0.06,0.04,0.05,0.06,0.04,1.6,0.24,0.7,0.4,1,0.1,0.2,0.04,1.6,0.5,0.8,0.3,0.4
Balanites,NoData,,Balanites,Zygophyllaceae,Unknown,genus,,,4,0.02,0.12,0.12,0.06,0.06,0.04,0.05,0.06,0.04,1.6,0.24,0.7,0.4,1,0.1,0.2,0.04,1.6,0.5,0.8,0.3,0.4
Balanites maughamii,NoData,manduro,Balanites,Zygophyllaceae,Unknown,species,,,4,0.02,0.12,0.12,0.06,0.06,0.04,0.05,0.06,0.04,1.6,0.24,0.7,0.4,1,0.1,0.2,0.04,1.6,0.5,0.8,0.3,0.4
Balanites wilsoniana,NoData,,Balanites,Zygophyllaceae,Unknown,species,,,4,0.02,0.12,0.12,0.06,0.06,0.04,0.05,0.06,0.04,1.6,0.24,0.7,0.4,1,0.1,0.2,0.04,1.6,0.5,0.8,0.3,0.4
Bambusa,Arundo,bamboo,Bambusa,Poaceae,Btr,genus,,,8,0.02,0.4,0.4,0.2,0.2,0.04,0.05,0.06,0.04,1.6,0.24,0.7,0.4,1,0.1,0.2,0.04,1.6,0.5,0.8,0.3,0.4
Bambusa multiplex,Arundo,hedge bamboo,Bambusa,Poaceae,Shrub,species,,,8,0.02,0.4,0.4,0.2,0.2,0.04,0.05,0.06,0.04,1.6,0.24,0.7,0.4,1,0.1,0.2,0.04,1.6,0.5,0.8,0.3,0.4
Bambusa oldhamii,Arundo,,Bambusa,Poaceae,Herb,species,,,8,0.02,0.4,0.4,0.2,0.2,0.04,0.05,0.06,0.04,1.6,0.24,0.7,0.4,1,0.1,0.2,0.04,1.6,0.5,0.8,0.3,0.4
Bambusa textilis,Arundo,textile bamboo,Bambusa,Poaceae,Herb,species,,,8,0.02,0.4,0.4,0.2,0.2,0.04,0.05,0.06,0.04,1.6,0.24,0.7,0.4,1,0.1,0.2,0.04,1.6,0.5,0.8,0.3,0.4
Bambusa vulgaris,Arundo,common bamboo,Bambusa,Poaceae,Btr,species,,,8,0.02,0.4,0.4,0.2,0.2,0.04,0.05,0.06,0.04,1.6,0.24,0.7,0.4,1,0.1,0.2,0.04,1.6,0.5,0.8,0.3,0.4
Bambusoideae,Bambusoideae,Bamboo,Bamboo,Poaceae,Shrub,subfamily,,,8,0.02,0.1,0.1,0.05,0.05,0.04,0.05,0.06,0.04,1.6,0.24,0.7,0.4,1,0.1,0.2,0.04,1.6,0.5,0.8,0.3,0.4
Banksia,NoData,,Banksia,Proteaceae,Unknown,genus,,,4,0.02,0.12,0.12,0.06,0.06,0.04,0.05,0.06,0.04,1.6,0.24,0.7,0.4,1,0.1,0.2,0.04,1.6,0.5,0.8,0.3,0.4
Banksia ashbyi,NoData,Ashby's banksia,Banksia,Proteaceae,Unknown,species,,,4,0.02,0.12,0.12,0.06,0.06,0.04,0.05,0.06,0.04,1.6,0.24,0.7,0.4,1,0.1,0.2,0.04,1.6,0.5,0.8,0.3,0.4
Banksia laricina,NoData,,Banksia,Proteaceae,Unknown,species,,,4,0.02,0.12,0.12,0.06,0.06,0.04,0.05,0.06,0.04,1.6,0.24,0.7,0.4,1,0.1,0.2,0.04,1.6,0.5,0.8,0.3,0.4
Baphia,NoData,baphia,Baphia,Fabaceae,Unknown,genus,,,4,0.02,0.12,0.12,0.06,0.06,0.04,0.05,0.06,0.04,1.6,0.24,0.7,0.4,1,0.1,0.2,0.04,1.6,0.5,0.8,0.3,0.4
Baphia chrysophylla,NoData,,Baphia,Fabaceae,Unknown,species,,,4,0.02,0.12,0.12,0.06,0.06,0.04,0.05,0.06,0.04,1.6,0.24,0.7,0.4,1,0.1,0.2,0.04,1.6,0.5,0.8,0.3,0.4
Baphia massaiensis,NoData,,Baphia,Fabaceae,Unknown,species,,,4,0.02,0.12,0.12,0.06,0.06,0.04,0.05,0.06,0.04,1.6,0.24,0.7,0.4,1,0.1,0.2,0.04,1.6,0.5,0.8,0.3,0.4
Baptisia,NoData,,TBD,TBD,TBD,genus,,LF CTCOG,4,0.02,0.12,0.12,0.06,0.06,0.04,0.05,0.06,0.04,1.6,0.24,0.7,0.4,1,0.1,0.2,0.04,1.6,0.5,0.8,0.3,0.4
Barringtonia,NoData,,Barringtonia,Lecythidaceae,Unknown,genus,,,4,0.02,0.12,0.12,0.06,0.06,0.04,0.05,0.06,0.04,1.6,0.24,0.7,0.4,1,0.1,0.2,0.04,1.6,0.5,0.8,0.3,0.4
Barringtonia fusiocarpa,NoData,,Barringtonia,Lecythidaceae,Unknown,species,,,4,0.02,0.12,0.12,0.06,0.06,0.04,0.05,0.06,0.04,1.6,0.24,0.7,0.4,1,0.1,0.2,0.04,1.6,0.5,0.8,0.3,0.4
Barringtonia racemosa,NoData,,Barringtonia,Lecythidaceae,Unknown,species,,,4,0.02,0.12,0.12,0.06,0.06,0.04,0.05,0.06,0.04,1.6,0.24,0.7,0.4,1,0.1,0.2,0.04,1.6,0.5,0.8,0.3,0.4
Barringtonia sarcostachys,NoData,,Barringtonia,Lecythidaceae,Btr,species,,,4,0.02,0.12,0.12,0.06,0.06,0.04,0.05,0.06,0.04,1.6,0.24,0.7,0.4,1,0.1,0.2,0.04,1.6,0.5,0.8,0.3,0.4
Barteria,NoData,,Barteria,Passifloraceae,Unknown,genus,,,4,0.02,0.12,0.12,0.06,0.06,0.04,0.05,0.06,0.04,1.6,0.24,0.7,0.4,1,0.1,0.2,0.04,1.6,0.5,0.8,0.3,0.4
Barteria fistulosa,NoData,,Barteria,Passifloraceae,Unknown,species,,,4,0.02,0.12,0.12,0.06,0.06,0.04,0.05,0.06,0.04,1.6,0.24,0.7,0.4,1,0.1,0.2,0.04,1.6,0.5,0.8,0.3,0.4
Bassia,NoData,,TBD,TBD,TBD,genus,,LF CTCOG,4,0.02,0.12,0.12,0.06,0.06,0.04,0.05,0.06,0.04,1.6,0.24,0.7,0.4,1,0.1,0.2,0.04,1.6,0.5,0.8,0.3,0.4
Batis,NoData,,TBD,TBD,TBD,genus,,LF CTCOG,4,0.02,0.12,0.12,0.06,0.06,0.04,0.05,0.06,0.04,1.6,0.24,0.7,0.4,1,0.1,0.2,0.04,1.6,0.5,0.8,0.3,0.4
Bauhinia,NoData,bauhinia,Bauhinia,Fabaceae,Btr,genus,,,4,0.02,0.12,0.12,0.06,0.06,0.04,0.05,0.06,0.04,1.6,0.24,0.7,0.4,1,0.1,0.2,0.04,1.6,0.5,0.8,0.3,0.4
Bauhinia acuminata,NoData,,Bauhinia,Fabaceae,Unknown,species,,,4,0.02,0.12,0.12,0.06,0.06,0.04,0.05,0.06,0.04,1.6,0.24,0.7,0.4,1,0.1,0.2,0.04,1.6,0.5,0.8,0.3,0.4
Bauhinia blakeana,NoData,,Bauhinia,Fabaceae,Btr,species,,,4,0.02,0.12,0.12,0.06,0.06,0.04,0.05,0.06,0.04,1.6,0.24,0.7,0.4,1,0.1,0.2,0.04,1.6,0.5,0.8,0.3,0.4
Bauhinia forficata,NoData,cow's-foot,Bauhinia,Fabaceae,Unknown,species,,,4,0.02,0.12,0.12,0.06,0.06,0.04,0.05,0.06,0.04,1.6,0.24,0.7,0.4,1,0.1,0.2,0.04,1.6,0.5,0.8,0.3,0.4
Bauhinia galpinii,NoData,African plume,Bauhinia,Fabaceae,Shrub,species,,,4,0.02,0.12,0.12,0.06,0.06,0.04,0.05,0.06,0.04,1.6,0.24,0.7,0.4,1,0.1,0.2,0.04,1.6,0.5,0.8,0.3,0.4
Bauhinia petersiana,NoData,,Bauhinia,Fabaceae,Unknown,species,,,4,0.02,0.12,0.12,0.06,0.06,0.04,0.05,0.06,0.04,1.6,0.24,0.7,0.4,1,0.1,0.2,0.04,1.6,0.5,0.8,0.3,0.4
Bauhinia purpurea,NoData,butterfly tree,Bauhinia,Fabaceae,Btr,species,,,4,0.02,0.12,0.12,0.06,0.06,0.04,0.05,0.06,0.04,1.6,0.24,0.7,0.4,1,0.1,0.2,0.04,1.6,0.5,0.8,0.3,0.4
Bauhinia subsessilia,NoData,,Bauhinia,Fabaceae,Unknown,species,,,4,0.02,0.12,0.12,0.06,0.06,0.04,0.05,0.06,0.04,1.6,0.24,0.7,0.4,1,0.1,0.2,0.04,1.6,0.5,0.8,0.3,0.4
Bauhinia tomentosa,NoData,St. Thomas tree,Bauhinia,Fabaceae,Btr,species,,,4,0.02,0.12,0.12,0.06,0.06,0.04,0.05,0.06,0.04,1.6,0.24,0.7,0.4,1,0.1,0.2,0.04,1.6,0.5,0.8,0.3,0.4
Bauhinia variegata,NoData,mountain ebony,Bauhinia,Fabaceae,Btr,species,,,4,0.02,0.12,0.12,0.06,0.06,0.04,0.05,0.06,0.04,1.6,0.24,0.7,0.4,1,0.1,0.2,0.04,1.6,0.5,0.8,0.3,0.4
Bauhinia x blakeana,NoData,,Bauhinia,Fabaceae,Btr,species,,,4,0.02,0.12,0.12,0.06,0.06,0.04,0.05,0.06,0.04,1.6,0.24,0.7,0.4,1,0.1,0.2,0.04,1.6,0.5,0.8,0.3,0.4
Bazzania,NoData,,Bazzania,Lepidoziaceae,Unknown,genus,,,4,0.02,0.12,0.12,0.06,0.06,0.04,0.05,0.06,0.04,1.6,0.24,0.7,0.4,1,0.1,0.2,0.04,1.6,0.5,0.8,0.3,0.4
Bazzania trilobata,NoData,,Bazzania,Lepidoziaceae,Unknown,species,,,4,0.02,0.12,0.12,0.06,0.06,0.04,0.05,0.06,0.04,1.6,0.24,0.7,0.4,1,0.1,0.2,0.04,1.6,0.5,0.8,0.3,0.4
Beaucarnea,NoData,,Beaucarnea,Liliaceae,Unknown,genus,,,4,0.02,0.12,0.12,0.06,0.06,0.04,0.05,0.06,0.04,1.6,0.24,0.7,0.4,1,0.1,0.2,0.04,1.6,0.5,0.8,0.3,0.4
Beaucarnea recurvata,NoData,bottle-palm,Beaucarnea,Liliaceae,Unknown,species,,,4,0.02,0.12,0.12,0.06,0.06,0.04,0.05,0.06,0.04,1.6,0.24,0.7,0.4,1,0.1,0.2,0.04,1.6,0.5,0.8,0.3,0.4
Beaucarnea stricta,NoData,,Beaucarnea,Liliaceae,Unknown,species,,,4,0.02,0.12,0.12,0.06,0.06,0.04,0.05,0.06,0.04,1.6,0.24,0.7,0.4,1,0.1,0.2,0.04,1.6,0.5,0.8,0.3,0.4
Bebbia,NoData,,Bebbia,TBD,Shrub,genus,from LFRDB,,4,0.02,0.12,0.12,0.06,0.06,0.04,0.05,0.06,0.04,1.6,0.24,0.7,0.4,1,0.1,0.2,0.04,1.6,0.5,0.8,0.3,0.4
Befaria,NoData,,Befaria,TBD,Shrub,genus,from LFRDB,,4,0.02,0.12,0.12,0.06,0.06,0.04,0.05,0.06,0.04,1.6,0.24,0.7,0.4,1,0.1,0.2,0.04,1.6,0.5,0.8,0.3,0.4
Bellucia,NoData,,Bellucia,Melastomataceae,Btr,genus,,,4,0.02,0.12,0.12,0.06,0.06,0.04,0.05,0.06,0.04,1.6,0.24,0.7,0.4,1,0.1,0.2,0.04,1.6,0.5,0.8,0.3,0.4
Bellucia grossularioides,NoData,,Bellucia,Melastomataceae,Btr,species,,,4,0.02,0.12,0.12,0.06,0.06,0.04,0.05,0.06,0.04,1.6,0.24,0.7,0.4,1,0.1,0.2,0.04,1.6,0.5,0.8,0.3,0.4
Benthamidia,Cornus,Previously Cornus (Dogwood),Cornus,Cornaceae,Btr,genus,from LFRDB,,0.6,0.02,0.02,0.02,0.05,0.4,0.04,0.05,0.06,0.04,1.6,0.24,0.7,0.4,1,0.1,0.2,0.04,1.6,0.5,0.8,0.3,0.4
Berberidaceae,NoData,,Berberidaceae,Berberidaceae,Unknown,family,,,4,0.02,0.12,0.12,0.06,0.06,0.04,0.05,0.06,0.04,1.6,0.24,0.7,0.4,1,0.1,0.2,0.04,1.6,0.5,0.8,0.3,0.4
Berberis,Arundo,barberry,Berberis,Berberidaceae,Shrub,genus,,,8,0.02,0.4,0.4,0.2,0.2,0.04,0.05,0.06,0.04,1.6,0.24,0.7,0.4,1,0.1,0.2,0.04,1.6,0.5,0.8,0.3,0.4
Berberis aquafolium,Arundo,,Berberis,Berberidaceae,Unknown,species,,,8,0.02,0.4,0.4,0.2,0.2,0.04,0.05,0.06,0.04,1.6,0.24,0.7,0.4,1,0.1,0.2,0.04,1.6,0.5,0.8,0.3,0.4
Berberis dictyota,Arundo,,Berberis,Berberidaceae,Unknown,species,,,8,0.02,0.4,0.4,0.2,0.2,0.04,0.05,0.06,0.04,1.6,0.24,0.7,0.4,1,0.1,0.2,0.04,1.6,0.5,0.8,0.3,0.4
Berberis nervosa,Arundo,,Berberis,Berberidaceae,Unknown,species,,,8,0.02,0.4,0.4,0.2,0.2,0.04,0.05,0.06,0.04,1.6,0.24,0.7,0.4,1,0.1,0.2,0.04,1.6,0.5,0.8,0.3,0.4
Berberis nevinii,Arundo,,Berberis,Berberidaceae,Unknown,species,,,8,0.02,0.4,0.4,0.2,0.2,0.04,0.05,0.06,0.04,1.6,0.24,0.7,0.4,1,0.1,0.2,0.04,1.6,0.5,0.8,0.3,0.4
Berberis pinnata,Arundo,,Berberis,Berberidaceae,Unknown,species,,,8,0.02,0.4,0.4,0.2,0.2,0.04,0.05,0.06,0.04,1.6,0.24,0.7,0.4,1,0.1,0.2,0.04,1.6,0.5,0.8,0.3,0.4
Berberis thungbergii,Arundo,,Berberis,Berberidaceae,Unknown,species,,,8,0.02,0.4,0.4,0.2,0.2,0.04,0.05,0.06,0.04,1.6,0.24,0.7,0.4,1,0.1,0.2,0.04,1.6,0.5,0.8,0.3,0.4
Berberis trifoliata,Arundo,,Berberis,Berberidaceae,Unknown,species,,,8,0.02,0.4,0.4,0.2,0.2,0.04,0.05,0.06,0.04,1.6,0.24,0.7,0.4,1,0.1,0.2,0.04,1.6,0.5,0.8,0.3,0.4
Berchemia,Berchemia scandens,,Berchemia,Rhamnaceae,Shrub,genus,,,16,0.02,0.2,0.2,0.1,0.1,0.04,0.05,0.06,0.04,1.6,0.24,0.7,0.4,1,0.1,0.2,0.04,1.6,0.5,0.8,0.3,0.4
Berchemia scandens,Berchemia scandens,Alabama supplejack,Berchemia,Rhamnaceae,Shrub,species,,,16,0.02,0.2,0.2,0.1,0.1,0.04,0.05,0.06,0.04,1.6,0.24,0.7,0.4,1,0.1,0.2,0.04,1.6,0.5,0.8,0.3,0.4
Berchemia zeyheri,NoData,,Berchemia,Rhamnaceae,Unknown,species,,,4,0.02,0.12,0.12,0.06,0.06,0.04,0.05,0.06,0.04,1.6,0.24,0.7,0.4,1,0.1,0.2,0.04,1.6,0.5,0.8,0.3,0.4
Bergerocereus,NoData,,Bergerocereus,TBD,Shrub,genus,from LFRDB,,4,0.02,0.12,0.12,0.06,0.06,0.04,0.05,0.06,0.04,1.6,0.24,0.7,0.4,1,0.1,0.2,0.04,1.6,0.5,0.8,0.3,0.4
Berlandiera,NoData,,Berlandiera,TBD,Shrub,genus,from LFRDB,,4,0.02,0.12,0.12,0.06,0.06,0.04,0.05,0.06,0.04,1.6,0.24,0.7,0.4,1,0.1,0.2,0.04,1.6,0.5,0.8,0.3,0.4
Berlinia,NoData,,Berlinia,Fabaceae,Unknown,genus,,,4,0.02,0.12,0.12,0.06,0.06,0.04,0.05,0.06,0.04,1.6,0.24,0.7,0.4,1,0.1,0.2,0.04,1.6,0.5,0.8,0.3,0.4
Berlinia bracteosa,NoData,,Berlinia,Fabaceae,Unknown,species,,,4,0.02,0.12,0.12,0.06,0.06,0.04,0.05,0.06,0.04,1.6,0.24,0.7,0.4,1,0.1,0.2,0.04,1.6,0.5,0.8,0.3,0.4
Berlinia confusa,NoData,,Berlinia,Fabaceae,Unknown,species,,,4,0.02,0.12,0.12,0.06,0.06,0.04,0.05,0.06,0.04,1.6,0.24,0.7,0.4,1,0.1,0.2,0.04,1.6,0.5,0.8,0.3,0.4
Berlinia grandifolia,NoData,,Berlinia,Fabaceae,Unknown,species,,,4,0.02,0.12,0.12,0.06,0.06,0.04,0.05,0.06,0.04,1.6,0.24,0.7,0.4,1,0.1,0.2,0.04,1.6,0.5,0.8,0.3,0.4
Bernardia,NoData,,Bernardia,TBD,Shrub,genus,from LFRDB,,4,0.02,0.12,0.12,0.06,0.06,0.04,0.05,0.06,0.04,1.6,0.24,0.7,0.4,1,0.1,0.2,0.04,1.6,0.5,0.8,0.3,0.4
Berula,NoData,,TBD,TBD,TBD,genus,,LF CTCOG,4,0.02,0.12,0.12,0.06,0.06,0.04,0.05,0.06,0.04,1.6,0.24,0.7,0.4,1,0.1,0.2,0.04,1.6,0.5,0.8,0.3,0.4
Beta,NoData,,Beta,Chenopodiaceae,Herb,genus,,,4,0.02,0.12,0.12,0.06,0.06,0.04,0.05,0.06,0.04,1.6,0.24,0.7,0.4,1,0.1,0.2,0.04,1.6,0.5,0.8,0.3,0.4
Beta vulgaris,NoData,common beet,Beta,Chenopodiaceae,Crop,species,,,4,0.02,0.12,0.12,0.06,0.06,0.04,0.05,0.06,0.04,1.6,0.24,0.7,0.4,1,0.1,0.2,0.04,1.6,0.5,0.8,0.3,0.4
Betula,Betula,birch,Betula,Betulaceae,Btr,genus,,,0.05,0.02,0.1,1.8,0.02,0.02,0.02,0.05,0.01,0.01,1.6,0.24,0.7,0.4,1,0.1,0.2,0.04,1.6,0.5,0.8,0.3,0.4
Betula alleghaniensis,Betula,yellow birch,Betula,Betulaceae,Btr,species,,,0.05,0.02,0.1,1.8,0.02,0.02,0.02,0.05,0.01,0.01,1.6,0.24,0.7,0.4,1,0.1,0.2,0.04,1.6,0.5,0.8,0.3,0.4
Betula costata,Betula,,Betula,Betulaceae,Unknown,species,,,0.05,0.02,0.1,1.8,0.02,0.02,0.02,0.05,0.01,0.01,1.6,0.24,0.7,0.4,1,0.1,0.2,0.04,1.6,0.5,0.8,0.3,0.4
Betula davurica,Betula,,Betula,Betulaceae,Unknown,species,,,0.05,0.02,0.1,1.8,0.02,0.02,0.02,0.05,0.01,0.01,1.6,0.24,0.7,0.4,1,0.1,0.2,0.04,1.6,0.5,0.8,0.3,0.4
Betula ermanii,Betula,,Betula,Betulaceae,Unknown,species,,,0.05,0.02,0.1,1.8,0.02,0.02,0.02,0.05,0.01,0.01,1.6,0.24,0.7,0.4,1,0.1,0.2,0.04,1.6,0.5,0.8,0.3,0.4
Betula fruticosa,Betula,,Betula,Betulaceae,Unknown,species,,,0.05,0.02,0.1,1.8,0.02,0.02,0.02,0.05,0.01,0.01,1.6,0.24,0.7,0.4,1,0.1,0.2,0.04,1.6,0.5,0.8,0.3,0.4
Betula glandulosa,Betula,resin birch,Betula,Betulaceae,Shrub,species,,,0.05,0.02,0.1,1.8,0.02,0.02,0.02,0.05,0.01,0.01,1.6,0.24,0.7,0.4,1,0.1,0.2,0.04,1.6,0.5,0.8,0.3,0.4
Betula lenta,Betula,sweet birch,Betula,Betulaceae,Btr,species,,,0.05,0.02,0.1,1.8,0.02,0.02,0.02,0.05,0.01,0.01,1.6,0.24,0.7,0.4,1,0.1,0.2,0.04,1.6,0.5,0.8,0.3,0.4
Betula luminifera,Betula,,Betula,Betulaceae,Unknown,species,,,0.05,0.02,0.1,1.8,0.02,0.02,0.02,0.05,0.01,0.01,1.6,0.24,0.7,0.4,1,0.1,0.2,0.04,1.6,0.5,0.8,0.3,0.4
Betula maximowicziana,Betula,monarch birch,Betula,Betulaceae,Unknown,species,,,0.05,0.02,0.1,1.8,0.02,0.02,0.02,0.05,0.01,0.01,1.6,0.24,0.7,0.4,1,0.1,0.2,0.04,1.6,0.5,0.8,0.3,0.4
Betula nana,Betula,dwarf birch,Betula,Betulaceae,Shrub,species,,,0.05,0.02,0.1,1.8,0.02,0.02,0.02,0.05,0.01,0.01,1.6,0.24,0.7,0.4,1,0.1,0.2,0.04,1.6,0.5,0.8,0.3,0.4
Betula nigra,Betula,river birch,Betula,Betulaceae,Btr,species,,,0.05,0.02,0.1,1.8,0.02,0.02,0.02,0.05,0.01,0.01,1.6,0.24,0.7,0.4,1,0.1,0.2,0.04,1.6,0.5,0.8,0.3,0.4
Betula occidentalis,Betula,water birch,Betula,Betulaceae,Btr,species,,,0.05,0.02,0.1,1.8,0.02,0.02,0.02,0.05,0.01,0.01,1.6,0.24,0.7,0.4,1,0.1,0.2,0.04,1.6,0.5,0.8,0.3,0.4
Betula papyrifera,Betula,paper birch,Betula,Betulaceae,Btr,species,,,0.05,0.02,0.1,1.8,0.02,0.02,0.02,0.05,0.01,0.01,1.6,0.24,0.7,0.4,1,0.1,0.2,0.04,1.6,0.5,0.8,0.3,0.4
Betula pendula,Betula,European white birch,Betula,Betulaceae,Btr,species,,,0.05,0.02,0.1,1.8,0.02,0.02,0.02,0.05,0.01,0.01,1.6,0.24,0.7,0.4,1,0.1,0.2,0.04,1.6,0.5,0.8,0.3,0.4
Betula platyphylla,Betula,Asian white birch,Betula,Betulaceae,Btr,species,,,0.05,0.02,0.1,1.8,0.02,0.02,0.02,0.05,0.01,0.01,1.6,0.24,0.7,0.4,1,0.1,0.2,0.04,1.6,0.5,0.8,0.3,0.4
Betula populifolia,Betula,gray birch,Betula,Betulaceae,Btr,species,,,0.05,0.02,0.1,1.8,0.02,0.02,0.02,0.05,0.01,0.01,1.6,0.24,0.7,0.4,1,0.1,0.2,0.04,1.6,0.5,0.8,0.3,0.4
Betula pubescens,Betula,downy birch,Betula,Betulaceae,Btr,species,,,0.05,0.02,0.1,1.8,0.02,0.02,0.02,0.05,0.01,0.01,1.6,0.24,0.7,0.4,1,0.1,0.2,0.04,1.6,0.5,0.8,0.3,0.4
Betula utilis,Betula,,Betula,Betulaceae,Btr,species,,,0.05,0.02,0.1,1.8,0.02,0.02,0.02,0.05,0.01,0.01,1.6,0.24,0.7,0.4,1,0.1,0.2,0.04,1.6,0.5,0.8,0.3,0.4
Betulaceae,NoData,,Betulaceae,Betulaceae,Unknown,family,,,4,0.02,0.12,0.12,0.06,0.06,0.04,0.05,0.06,0.04,1.6,0.24,0.7,0.4,1,0.1,0.2,0.04,1.6,0.5,0.8,0.3,0.4
Bidens,NoData,,TBD,TBD,TBD,genus,,LF CTCOG,4,0.02,0.12,0.12,0.06,0.06,0.04,0.05,0.06,0.04,1.6,0.24,0.7,0.4,1,0.1,0.2,0.04,1.6,0.5,0.8,0.3,0.4
Bignonia,NoData,,Bignonia,Bignoniaceae,Btr,genus,,,4,0.02,0.12,0.12,0.06,0.06,0.04,0.05,0.06,0.04,1.6,0.24,0.7,0.4,1,0.1,0.2,0.04,1.6,0.5,0.8,0.3,0.4
Bignoniaceae,NoData,,Bignoniaceae,Bignoniaceae,Unknown,family,,,4,0.02,0.12,0.12,0.06,0.06,0.04,0.05,0.06,0.04,1.6,0.24,0.7,0.4,1,0.1,0.2,0.04,1.6,0.5,0.8,0.3,0.4
Bischofia,NoData,,Bischofia,Euphorbiaceae,Btr,genus,,,4,0.02,0.12,0.12,0.06,0.06,0.04,0.05,0.06,0.04,1.6,0.24,0.7,0.4,1,0.1,0.2,0.04,1.6,0.5,0.8,0.3,0.4
Bischofia javanica,NoData,Javanese bishopwood,Bischofia,Euphorbiaceae,Btr,species,,,4,0.02,0.12,0.12,0.06,0.06,0.04,0.05,0.06,0.04,1.6,0.24,0.7,0.4,1,0.1,0.2,0.04,1.6,0.5,0.8,0.3,0.4
Bismarckia,NoData,,Bismarckia,Arecaceae,BTR,genus,,,4,0.02,0.12,0.12,0.06,0.06,0.04,0.05,0.06,0.04,1.6,0.24,0.7,0.4,1,0.1,0.2,0.04,1.6,0.5,0.8,0.3,0.4
Bismarckia nobilis,NoData,,Bismarckia,Arecaceae,BTR,species,,,4,0.02,0.12,0.12,0.06,0.06,0.04,0.05,0.06,0.04,1.6,0.24,0.7,0.4,1,0.1,0.2,0.04,1.6,0.5,0.8,0.3,0.4
Bixa,NoData,,Bixa,Bixaceae,Btr,genus,,,4,0.02,0.12,0.12,0.06,0.06,0.04,0.05,0.06,0.04,1.6,0.24,0.7,0.4,1,0.1,0.2,0.04,1.6,0.5,0.8,0.3,0.4
Bixa orellana,NoData,lipsticktree,Bixa,Bixaceae,Btr,species,,,4,0.02,0.12,0.12,0.06,0.06,0.04,0.05,0.06,0.04,1.6,0.24,0.7,0.4,1,0.1,0.2,0.04,1.6,0.5,0.8,0.3,0.4
Blechnum,NoData,,Blechnum,Blechnaceae,Unknown,genus,,,4,0.02,0.12,0.12,0.06,0.06,0.04,0.05,0.06,0.04,1.6,0.24,0.7,0.4,1,0.1,0.2,0.04,1.6,0.5,0.8,0.3,0.4
Blechnum gibbum,NoData,,Blechnum,Blechnaceae,Unknown,species,,,4,0.02,0.12,0.12,0.06,0.06,0.04,0.05,0.06,0.04,1.6,0.24,0.7,0.4,1,0.1,0.2,0.04,1.6,0.5,0.8,0.3,0.4
Blepharoneuron,NoData,,TBD,TBD,TBD,genus,,LF CTCOG,4,0.02,0.12,0.12,0.06,0.06,0.04,0.05,0.06,0.04,1.6,0.24,0.7,0.4,1,0.1,0.2,0.04,1.6,0.5,0.8,0.3,0.4
Blighia,NoData,blighia,Blighia,Sapindaceae,Btr,genus,,,4,0.02,0.12,0.12,0.06,0.06,0.04,0.05,0.06,0.04,1.6,0.24,0.7,0.4,1,0.1,0.2,0.04,1.6,0.5,0.8,0.3,0.4
Bocconia,NoData,,Bocconia,Papaveraceae,Btr,genus,,,4,0.02,0.12,0.12,0.06,0.06,0.04,0.05,0.06,0.04,1.6,0.24,0.7,0.4,1,0.1,0.2,0.04,1.6,0.5,0.8,0.3,0.4
Bocconia frutescens,NoData,parrotweed,Bocconia,Papaveraceae,Btr,species,,,4,0.02,0.12,0.12,0.06,0.06,0.04,0.05,0.06,0.04,1.6,0.24,0.7,0.4,1,0.1,0.2,0.04,1.6,0.5,0.8,0.3,0.4
Boerhavia,NoData,,TBD,TBD,TBD,genus,,LF CTCOG,4,0.02,0.12,0.12,0.06,0.06,0.04,0.05,0.06,0.04,1.6,0.24,0.7,0.4,1,0.1,0.2,0.04,1.6,0.5,0.8,0.3,0.4
Bolusanthus,NoData,,Bolusanthus,Fabaceae,Btr,genus,,,4,0.02,0.12,0.12,0.06,0.06,0.04,0.05,0.06,0.04,1.6,0.24,0.7,0.4,1,0.1,0.2,0.04,1.6,0.5,0.8,0.3,0.4
Bolusanthus speciosus,NoData,,Bolusanthus,Fabaceae,Btr,species,,,4,0.02,0.12,0.12,0.06,0.06,0.04,0.05,0.06,0.04,1.6,0.24,0.7,0.4,1,0.1,0.2,0.04,1.6,0.5,0.8,0.3,0.4
Bombax,NoData,,Bombax,Bombacaceae,Unknown,genus,,,4,0.02,0.12,0.12,0.06,0.06,0.04,0.05,0.06,0.04,1.6,0.24,0.7,0.4,1,0.1,0.2,0.04,1.6,0.5,0.8,0.3,0.4
Bombax ceiba,NoData,red silk cottontree,Bombax,Bombacaceae,Unknown,species,,,4,0.02,0.12,0.12,0.06,0.06,0.04,0.05,0.06,0.04,1.6,0.24,0.7,0.4,1,0.1,0.2,0.04,1.6,0.5,0.8,0.3,0.4
Bommeria,NoData,,TBD,TBD,TBD,genus,,LF CTCOG,4,0.02,0.12,0.12,0.06,0.06,0.04,0.05,0.06,0.04,1.6,0.24,0.7,0.4,1,0.1,0.2,0.04,1.6,0.5,0.8,0.3,0.4
Bonamia,NoData,,Bonamia,Convolvulaceae,Unknown,genus,,,4,0.02,0.12,0.12,0.06,0.06,0.04,0.05,0.06,0.04,1.6,0.24,0.7,0.4,1,0.1,0.2,0.04,1.6,0.5,0.8,0.3,0.4
Bonamia maripoides,NoData,,Bonamia,Convolvulaceae,Unknown,species,,,4,0.02,0.12,0.12,0.06,0.06,0.04,0.05,0.06,0.04,1.6,0.24,0.7,0.4,1,0.1,0.2,0.04,1.6,0.5,0.8,0.3,0.4
Boraginaceae,NoData,,Boraginaceae,Boraginaceae,Unknown,family,,,4,0.02,0.12,0.12,0.06,0.06,0.04,0.05,0.06,0.04,1.6,0.24,0.7,0.4,1,0.1,0.2,0.04,1.6,0.5,0.8,0.3,0.4
Borassus,NoData,,Borassus,Arecaceae,Unknown,genus,,,4,0.02,0.12,0.12,0.06,0.06,0.04,0.05,0.06,0.04,1.6,0.24,0.7,0.4,1,0.1,0.2,0.04,1.6,0.5,0.8,0.3,0.4
Borassus aethiopium,NoData,,Borassus,Arecaceae,Unknown,species,,,4,0.02,0.12,0.12,0.06,0.06,0.04,0.05,0.06,0.04,1.6,0.24,0.7,0.4,1,0.1,0.2,0.04,1.6,0.5,0.8,0.3,0.4
Borassus aethiopum,NoData,palmyra palm,Borassus,Arecaceae,Unknown,species,,,4,0.02,0.12,0.12,0.06,0.06,0.04,0.05,0.06,0.04,1.6,0.24,0.7,0.4,1,0.1,0.2,0.04,1.6,0.5,0.8,0.3,0.4
Borrichia,NoData,,TBD,TBD,TBD,genus,,LF CTCOG,4,0.02,0.12,0.12,0.06,0.06,0.04,0.05,0.06,0.04,1.6,0.24,0.7,0.4,1,0.1,0.2,0.04,1.6,0.5,0.8,0.3,0.4
Boscia,NoData,,Boscia,Capparaceae,Unknown,genus,,,4,0.02,0.12,0.12,0.06,0.06,0.04,0.05,0.06,0.04,1.6,0.24,0.7,0.4,1,0.1,0.2,0.04,1.6,0.5,0.8,0.3,0.4
Boscia albitrunca,NoData,,Boscia,Capparaceae,Unknown,species,,,4,0.02,0.12,0.12,0.06,0.06,0.04,0.05,0.06,0.04,1.6,0.24,0.7,0.4,1,0.1,0.2,0.04,1.6,0.5,0.8,0.3,0.4
Bothriochloa,NoData,,TBD,TBD,TBD,genus,,LF CTCOG,4,0.02,0.12,0.12,0.06,0.06,0.04,0.05,0.06,0.04,1.6,0.24,0.7,0.4,1,0.1,0.2,0.04,1.6,0.5,0.8,0.3,0.4
Bouchea,NoData,,Bouchea,TBD,Shrub,genus,from LFRDB,,4,0.02,0.12,0.12,0.06,0.06,0.04,0.05,0.06,0.04,1.6,0.24,0.7,0.4,1,0.1,0.2,0.04,1.6,0.5,0.8,0.3,0.4
Bouchetia,NoData,,TBD,TBD,TBD,genus,,LF CTCOG,4,0.02,0.12,0.12,0.06,0.06,0.04,0.05,0.06,0.04,1.6,0.24,0.7,0.4,1,0.1,0.2,0.04,1.6,0.5,0.8,0.3,0.4
Bougainvillea,NoData,,Bougainvillea,Nyctaginaceae,Shrub,genus,,,4,0.02,0.12,0.12,0.06,0.06,0.04,0.05,0.06,0.04,1.6,0.24,0.7,0.4,1,0.1,0.2,0.04,1.6,0.5,0.8,0.3,0.4
Bougainvillea spectabilis,NoData,great bougainvillea,Bougainvillea,Nyctaginaceae,Shrub,species,,,4,0.02,0.12,0.12,0.06,0.06,0.04,0.05,0.06,0.04,1.6,0.24,0.7,0.4,1,0.1,0.2,0.04,1.6,0.5,0.8,0.3,0.4
Bourreria,NoData,,Bourreria,Boraginaceae,Btr,genus,,,4,0.02,0.12,0.12,0.06,0.06,0.04,0.05,0.06,0.04,1.6,0.24,0.7,0.4,1,0.1,0.2,0.04,1.6,0.5,0.8,0.3,0.4
Bourreria succulenta,NoData,bodywood,Bourreria,Boraginaceae,Btr,species,,,4,0.02,0.12,0.12,0.06,0.06,0.04,0.05,0.06,0.04,1.6,0.24,0.7,0.4,1,0.1,0.2,0.04,1.6,0.5,0.8,0.3,0.4
Bouteloua,NoData,,Bouteloua,Poaceae,Unknown,genus,,,4,0.02,0.12,0.12,0.06,0.06,0.04,0.05,0.06,0.04,1.6,0.24,0.7,0.4,1,0.1,0.2,0.04,1.6,0.5,0.8,0.3,0.4
Bouteloua rigideseta,NoData,,Bouteloua,Poaceae,Unknown,species,,,4,0.02,0.12,0.12,0.06,0.06,0.04,0.05,0.06,0.04,1.6,0.24,0.7,0.4,1,0.1,0.2,0.04,1.6,0.5,0.8,0.3,0.4
Bouvardia,NoData,,Bouvardia,TBD,Shrub,genus,from LFRDB,,4,0.02,0.12,0.12,0.06,0.06,0.04,0.05,0.06,0.04,1.6,0.24,0.7,0.4,1,0.1,0.2,0.04,1.6,0.5,0.8,0.3,0.4
Brachychiton,Brachychiton,brachychiton,Brachychiton,Sterculiaceae,Btr,genus,,,0.05,0.02,0.2,0.2,0.05,0.1,0.05,0.05,0.005,0.04,1.6,0.24,0.7,0.4,1,0.1,0.2,0.04,1.6,0.5,0.8,0.3,0.4
Brachychiton acerifolius,Brachychiton,flame bottletree,Brachychiton,Sterculiaceae,Unknown,species,,,0.05,0.02,0.2,0.2,0.05,0.1,0.05,0.05,0.005,0.04,1.6,0.24,0.7,0.4,1,0.1,0.2,0.04,1.6,0.5,0.8,0.3,0.4
Brachychiton acerifolius X discolor,Brachychiton,,Brachychiton,Malvaceae,Btr,species,,,0.05,0.02,0.2,0.2,0.05,0.1,0.05,0.05,0.005,0.04,1.6,0.24,0.7,0.4,1,0.1,0.2,0.04,1.6,0.5,0.8,0.3,0.4
Brachychiton discolor,Brachychiton,,Brachychiton,Malvaceae,Btr,species,,,0.05,0.02,0.2,0.2,0.05,0.1,0.05,0.05,0.005,0.04,1.6,0.24,0.7,0.4,1,0.1,0.2,0.04,1.6,0.5,0.8,0.3,0.4
Brachychiton populneus,Brachychiton,,Brachychiton,Sterculiaceae,Unknown,species,,,0.05,0.02,0.2,0.2,0.05,0.1,0.05,0.05,0.005,0.04,1.6,0.24,0.7,0.4,1,0.1,0.2,0.04,1.6,0.5,0.8,0.3,0.4
Brachychiton rupestris,Brachychiton,,Brachychiton,Malvaceae,Btr,species,,,0.05,0.02,0.2,0.2,0.05,0.1,0.05,0.05,0.005,0.04,1.6,0.24,0.7,0.4,1,0.1,0.2,0.04,1.6,0.5,0.8,0.3,0.4
Brachypodium,NoData,,Brachypodium,Poaceae,Herb,genus,,,4,0.02,0.12,0.12,0.06,0.06,0.04,0.05,0.06,0.04,1.6,0.24,0.7,0.4,1,0.1,0.2,0.04,1.6,0.5,0.8,0.3,0.4
Brachypodium retusum,NoData,,Brachypodium,Poaceae,Herb,species,,,4,0.02,0.12,0.12,0.06,0.06,0.04,0.05,0.06,0.04,1.6,0.24,0.7,0.4,1,0.1,0.2,0.04,1.6,0.5,0.8,0.3,0.4
Brachyris,NoData,,Brachyris,TBD,Shrub,genus,from LFRDB,,4,0.02,0.12,0.12,0.06,0.06,0.04,0.05,0.06,0.04,1.6,0.24,0.7,0.4,1,0.1,0.2,0.04,1.6,0.5,0.8,0.3,0.4
Brachystegia,NoData,,Brachystegia,Fabaceae,Btr,genus,,,4,0.02,0.12,0.12,0.06,0.06,0.04,0.05,0.06,0.04,1.6,0.24,0.7,0.4,1,0.1,0.2,0.04,1.6,0.5,0.8,0.3,0.4
Brachystegia spiciformis,NoData,,Brachystegia,Fabaceae,Btr,species,,,4,0.02,0.12,0.12,0.06,0.06,0.04,0.05,0.06,0.04,1.6,0.24,0.7,0.4,1,0.1,0.2,0.04,1.6,0.5,0.8,0.3,0.4
Brahea,NoData,,Brahea,Arecaceae,Btr,genus,,,4,0.02,0.12,0.12,0.06,0.06,0.04,0.05,0.06,0.04,1.6,0.24,0.7,0.4,1,0.1,0.2,0.04,1.6,0.5,0.8,0.3,0.4
Brahea armata,NoData,,Brahea,Arecaceae,Btr,species,,,4,0.02,0.12,0.12,0.06,0.06,0.04,0.05,0.06,0.04,1.6,0.24,0.7,0.4,1,0.1,0.2,0.04,1.6,0.5,0.8,0.3,0.4
Brahea brandegeei,NoData,,Brahea,Arecaceae,Btr,species,,,4,0.02,0.12,0.12,0.06,0.06,0.04,0.05,0.06,0.04,1.6,0.24,0.7,0.4,1,0.1,0.2,0.04,1.6,0.5,0.8,0.3,0.4
Brahea edulis,NoData,,Brahea,Arecaceae,Btr,species,,,4,0.02,0.12,0.12,0.06,0.06,0.04,0.05,0.06,0.04,1.6,0.24,0.7,0.4,1,0.1,0.2,0.04,1.6,0.5,0.8,0.3,0.4
Brassica,NoData,,Brassica,Brassicaceae,Crop,genus,,,4,0.02,0.12,0.12,0.06,0.06,0.04,0.05,0.06,0.04,1.6,0.24,0.7,0.4,1,0.1,0.2,0.04,1.6,0.5,0.8,0.3,0.4
Brassica napus,NoData,rape,Brassica,Brassicaceae,Crop,species,,,4,0.02,0.12,0.12,0.06,0.06,0.04,0.05,0.06,0.04,1.6,0.24,0.7,0.4,1,0.1,0.2,0.04,1.6,0.5,0.8,0.3,0.4
Brassica oleracea,NoData,cabbage,Brassica,Brassicaceae,Crop,species,,,4,0.02,0.12,0.12,0.06,0.06,0.04,0.05,0.06,0.04,1.6,0.24,0.7,0.4,1,0.1,0.2,0.04,1.6,0.5,0.8,0.3,0.4
Brassica rapa,NoData,field mustard,Brassica,Brassicaceae,Crop,species,,,4,0.02,0.12,0.12,0.06,0.06,0.04,0.05,0.06,0.04,1.6,0.24,0.7,0.4,1,0.1,0.2,0.04,1.6,0.5,0.8,0.3,0.4
Brassicaceae,NoData,,Brassicaceae,Brassicaceae,Unknown,family,,,4,0.02,0.12,0.12,0.06,0.06,0.04,0.05,0.06,0.04,1.6,0.24,0.7,0.4,1,0.1,0.2,0.04,1.6,0.5,0.8,0.3,0.4
Breea,NoData,,TBD,TBD,TBD,genus,,LF CTCOG,4,0.02,0.12,0.12,0.06,0.06,0.04,0.05,0.06,0.04,1.6,0.24,0.7,0.4,1,0.1,0.2,0.04,1.6,0.5,0.8,0.3,0.4
Breonadia,NoData,,Breonadia,Rubiaceae,Unknown,genus,,,4,0.02,0.12,0.12,0.06,0.06,0.04,0.05,0.06,0.04,1.6,0.24,0.7,0.4,1,0.1,0.2,0.04,1.6,0.5,0.8,0.3,0.4
Breonadia salicina,NoData,,Breonadia,Rubiaceae,Unknown,species,,,4,0.02,0.12,0.12,0.06,0.06,0.04,0.05,0.06,0.04,1.6,0.24,0.7,0.4,1,0.1,0.2,0.04,1.6,0.5,0.8,0.3,0.4
Brickellia,NoData,,TBD,TBD,TBD,genus,,LF CTCOG,4,0.02,0.12,0.12,0.06,0.06,0.04,0.05,0.06,0.04,1.6,0.24,0.7,0.4,1,0.1,0.2,0.04,1.6,0.5,0.8,0.3,0.4
Bridelia,NoData,,Bridelia,Phyllanthaceae,Unknown,genus,,,4,0.02,0.12,0.12,0.06,0.06,0.04,0.05,0.06,0.04,1.6,0.24,0.7,0.4,1,0.1,0.2,0.04,1.6,0.5,0.8,0.3,0.4
Bridelia ferruginea,NoData,,Bridelia,Phyllanthaceae,Unknown,species,,,4,0.02,0.12,0.12,0.06,0.06,0.04,0.05,0.06,0.04,1.6,0.24,0.7,0.4,1,0.1,0.2,0.04,1.6,0.5,0.8,0.3,0.4
Bridelia micrantha,NoData,,Bridelia,Phyllanthaceae,Unknown,species,,,4,0.02,0.12,0.12,0.06,0.06,0.04,0.05,0.06,0.04,1.6,0.24,0.7,0.4,1,0.1,0.2,0.04,1.6,0.5,0.8,0.3,0.4
Bromopsis,NoData,,TBD,TBD,TBD,genus,,LF CTCOG,4,0.02,0.12,0.12,0.06,0.06,0.04,0.05,0.06,0.04,1.6,0.24,0.7,0.4,1,0.1,0.2,0.04,1.6,0.5,0.8,0.3,0.4
Bromus,NoData,,TBD,TBD,TBD,genus,,LF CTCOG,4,0.02,0.12,0.12,0.06,0.06,0.04,0.05,0.06,0.04,1.6,0.24,0.7,0.4,1,0.1,0.2,0.04,1.6,0.5,0.8,0.3,0.4
Brosimum,NoData,brosimum,Brosimum,Moraceae,Btr,genus,,,4,0.02,0.12,0.12,0.06,0.06,0.04,0.05,0.06,0.04,1.6,0.24,0.7,0.4,1,0.1,0.2,0.04,1.6,0.5,0.8,0.3,0.4
Brosimum alicastrum,NoData,breadnut,Brosimum,Moraceae,Btr,species,,,4,0.02,0.12,0.12,0.06,0.06,0.04,0.05,0.06,0.04,1.6,0.24,0.7,0.4,1,0.1,0.2,0.04,1.6,0.5,0.8,0.3,0.4
Brosimum utile,NoData,cow tree,Brosimum,Moraceae,Unknown,species,,,4,0.02,0.12,0.12,0.06,0.06,0.04,0.05,0.06,0.04,1.6,0.24,0.7,0.4,1,0.1,0.2,0.04,1.6,0.5,0.8,0.3,0.4
Brotherella,NoData,,Brotherella,Pylaisiadelphaceae,Unknown,genus,,,4,0.02,0.12,0.12,0.06,0.06,0.04,0.05,0.06,0.04,1.6,0.24,0.7,0.4,1,0.1,0.2,0.04,1.6,0.5,0.8,0.3,0.4
Brotherella recurvans,NoData,,Brotherella,Pylaisiadelphaceae,Unknown,species,,,4,0.02,0.12,0.12,0.06,0.06,0.04,0.05,0.06,0.04,1.6,0.24,0.7,0.4,1,0.1,0.2,0.04,1.6,0.5,0.8,0.3,0.4
Broussonetia,Broussonetia,broussonetia,Broussonetia,Moraceae,Btr,genus,,,4,0.02,0.1,0.1,0.1,0.1,0.04,0.05,0.1,0.06,1.6,0.24,0.7,0.4,1,0.1,0.2,0.04,1.6,0.5,0.8,0.3,0.4
Broussonetia papyrifera,Broussonetia,paper mulberry,Broussonetia,Moraceae,Btr,species,,,4,0.02,0.1,0.1,0.1,0.1,0.04,0.05,0.1,0.06,1.6,0.24,0.7,0.4,1,0.1,0.2,0.04,1.6,0.5,0.8,0.3,0.4
Brugmansia,NoData,brugmansia,Brugmansia,Solanaceae,Btr,genus,,,4,0.02,0.12,0.12,0.06,0.06,0.04,0.05,0.06,0.04,1.6,0.24,0.7,0.4,1,0.1,0.2,0.04,1.6,0.5,0.8,0.3,0.4
Buchenavia,NoData,buchenavia,Buchenavia,Combretaceae,Btr,genus,,,4,0.02,0.12,0.12,0.06,0.06,0.04,0.05,0.06,0.04,1.6,0.24,0.7,0.4,1,0.1,0.2,0.04,1.6,0.5,0.8,0.3,0.4
Bucida,NoData,,Bucida,Combretaceae,Unknown,genus,,,4,0.02,0.12,0.12,0.06,0.06,0.04,0.05,0.06,0.04,1.6,0.24,0.7,0.4,1,0.1,0.2,0.04,1.6,0.5,0.8,0.3,0.4
Bucida bursera,NoData,,Bucida,Combretaceae,Unknown,species,,,4,0.02,0.12,0.12,0.06,0.06,0.04,0.05,0.06,0.04,1.6,0.24,0.7,0.4,1,0.1,0.2,0.04,1.6,0.5,0.8,0.3,0.4
Buckleya,NoData,,Buckleya,TBD,Shrub,genus,from LFRDB,,4,0.02,0.12,0.12,0.06,0.06,0.04,0.05,0.06,0.04,1.6,0.24,0.7,0.4,1,0.1,0.2,0.04,1.6,0.5,0.8,0.3,0.4
Buddleja,NoData,,Buddleja,Scrophulariaceae,Btr,genus,,,4,0.02,0.12,0.12,0.06,0.06,0.04,0.05,0.06,0.04,1.6,0.24,0.7,0.4,1,0.1,0.2,0.04,1.6,0.5,0.8,0.3,0.4
Bulbostylis,NoData,,Bulbostylis,TBD,Shrub,genus,from LFRDB,,4,0.02,0.12,0.12,0.06,0.06,0.04,0.05,0.06,0.04,1.6,0.24,0.7,0.4,1,0.1,0.2,0.04,1.6,0.5,0.8,0.3,0.4
Bumelia,NoData,chittamwood gum bumelia,Bumelia,Sapotaceae,Btr,genus,,,4,0.02,0.12,0.12,0.06,0.06,0.04,0.05,0.06,0.04,1.6,0.24,0.7,0.4,1,0.1,0.2,0.04,1.6,0.5,0.8,0.3,0.4
Bumelia lanuginosa,Bumelia lanuginosa,chittamwood gum bumelia,Bumelia,Sapotaceae,Btr,species,,,8,0.02,0.4,0.4,0.1,0.2,0.04,0.05,0.06,0.04,1.6,0.24,0.7,0.4,1,0.1,0.2,0.04,1.6,0.5,0.8,0.3,0.4
Burkea,NoData,,Burkea,Fabaceae,Btr,genus,,,4,0.02,0.12,0.12,0.06,0.06,0.04,0.05,0.06,0.04,1.6,0.24,0.7,0.4,1,0.1,0.2,0.04,1.6,0.5,0.8,0.3,0.4
Burkea africana,NoData,,Burkea,Fabaceae,Btr,species,,,4,0.02,0.12,0.12,0.06,0.06,0.04,0.05,0.06,0.04,1.6,0.24,0.7,0.4,1,0.1,0.2,0.04,1.6,0.5,0.8,0.3,0.4
Bursaria,NoData,,Bursaria,Pittosporaceae,Unknown,genus,,,4,0.02,0.12,0.12,0.06,0.06,0.04,0.05,0.06,0.04,1.6,0.24,0.7,0.4,1,0.1,0.2,0.04,1.6,0.5,0.8,0.3,0.4
Bursaria spinosa,NoData,,Bursaria,Pittosporaceae,Unknown,species,,,4,0.02,0.12,0.12,0.06,0.06,0.04,0.05,0.06,0.04,1.6,0.24,0.7,0.4,1,0.1,0.2,0.04,1.6,0.5,0.8,0.3,0.4
Bursera,NoData,,Bursera,Burseraceae,Btr,genus,,,4,0.02,0.12,0.12,0.06,0.06,0.04,0.05,0.06,0.04,1.6,0.24,0.7,0.4,1,0.1,0.2,0.04,1.6,0.5,0.8,0.3,0.4
Bursera hindsiana,NoData,bursera,Bursera,Burseraceae,Btr,species,,,4,0.02,0.12,0.12,0.06,0.06,0.04,0.05,0.06,0.04,1.6,0.24,0.7,0.4,1,0.1,0.2,0.04,1.6,0.5,0.8,0.3,0.4
Bursera simaruba,NoData,gumbo limbo,Bursera,Burseraceae,Btr,species,,,4,0.02,0.12,0.12,0.06,0.06,0.04,0.05,0.06,0.04,1.6,0.24,0.7,0.4,1,0.1,0.2,0.04,1.6,0.5,0.8,0.3,0.4
Burseraceae,NoData,,Burseraceae,Burseraceae,Unknown,family,,,4,0.02,0.12,0.12,0.06,0.06,0.04,0.05,0.06,0.04,1.6,0.24,0.7,0.4,1,0.1,0.2,0.04,1.6,0.5,0.8,0.3,0.4
Butea,NoData,,Butea,Fabaceae,Unknown,genus,,,4,0.02,0.12,0.12,0.06,0.06,0.04,0.05,0.06,0.04,1.6,0.24,0.7,0.4,1,0.1,0.2,0.04,1.6,0.5,0.8,0.3,0.4
Butea monosperma,NoData,Bengal kino,Butea,Fabaceae,Unknown,species,,,4,0.02,0.12,0.12,0.06,0.06,0.04,0.05,0.06,0.04,1.6,0.24,0.7,0.4,1,0.1,0.2,0.04,1.6,0.5,0.8,0.3,0.4
Butia,NoData,,Butia,Arecaceae,Btr,genus,,,4,0.02,0.12,0.12,0.06,0.06,0.04,0.05,0.06,0.04,1.6,0.24,0.7,0.4,1,0.1,0.2,0.04,1.6,0.5,0.8,0.3,0.4
Butia capitata,NoData,South American jelly palm,Butia,Arecaceae,Btr,species,,,4,0.02,0.12,0.12,0.06,0.06,0.04,0.05,0.06,0.04,1.6,0.24,0.7,0.4,1,0.1,0.2,0.04,1.6,0.5,0.8,0.3,0.4
Butyrospermum,NoData,,Butyrospermum,Sapotaceae,Btr,genus,,,4,0.02,0.12,0.12,0.06,0.06,0.04,0.05,0.06,0.04,1.6,0.24,0.7,0.4,1,0.1,0.2,0.04,1.6,0.5,0.8,0.3,0.4
Butyrospermum parkii,NoData,Shea,Butyrospermum,Sapotaceae,Btr,species,,,4,0.02,0.12,0.12,0.06,0.06,0.04,0.05,0.06,0.04,1.6,0.24,0.7,0.4,1,0.1,0.2,0.04,1.6,0.5,0.8,0.3,0.4
Buxus,NoDataLowIso,common box,Buxus,Buxaceae,Btr,genus,,,0.2,0.02,0.2,0.2,0.2,0.2,0.04,0.05,0.04,0.02,1.6,0.24,0.7,0.4,1,0.1,0.2,0.04,1.6,0.5,0.8,0.3,0.4
Buxus microphylla,NoDataLowIso,littleleaf boxwood,Buxus,Buxaceae,Unknown,species,,,0.2,0.02,0.2,0.2,0.2,0.2,0.04,0.05,0.04,0.02,1.6,0.24,0.7,0.4,1,0.1,0.2,0.04,1.6,0.5,0.8,0.3,0.4
Buxus sempervirens,NoDataLowIso,common box,Buxus,Buxaceae,Btr,species,,,0.2,0.02,0.2,0.2,0.2,0.2,0.04,0.05,0.04,0.02,1.6,0.24,0.7,0.4,1,0.1,0.2,0.04,1.6,0.5,0.8,0.3,0.4
Byrsonima,NoData,,Byrsonima,Malpighiaceae,Unknown,genus,,,4,0.02,0.12,0.12,0.06,0.06,0.04,0.05,0.06,0.04,1.6,0.24,0.7,0.4,1,0.1,0.2,0.04,1.6,0.5,0.8,0.3,0.4
Byrsonima crispa,NoData,,Byrsonima,Malpighiaceae,Unknown,species,,,4,0.02,0.12,0.12,0.06,0.06,0.04,0.05,0.06,0.04,1.6,0.24,0.7,0.4,1,0.1,0.2,0.04,1.6,0.5,0.8,0.3,0.4
Byrsonima duckeana,NoData,,Byrsonima,Malpighiaceae,Btr,species,,,4,0.02,0.12,0.12,0.06,0.06,0.04,0.05,0.06,0.04,1.6,0.24,0.7,0.4,1,0.1,0.2,0.04,1.6,0.5,0.8,0.3,0.4
Byrsonima lucida,Bumelia lanuginosa,Long Key locustberry,Byrsonima,Malpighiaceae,Btr,species,,,8,0.02,0.4,0.4,0.1,0.2,0.04,0.05,0.06,0.04,1.6,0.24,0.7,0.4,1,0.1,0.2,0.04,1.6,0.5,0.8,0.3,0.4
Cactaceae,NoData,,Cactaceae,Cactaceae,Unknown,family,,,4,0.02,0.12,0.12,0.06,0.06,0.04,0.05,0.06,0.04,1.6,0.24,0.7,0.4,1,0.1,0.2,0.04,1.6,0.5,0.8,0.3,0.4
Cactus,NoData,,Cactus,TBD,Shrub,genus,from LFRDB,,4,0.02,0.12,0.12,0.06,0.06,0.04,0.05,0.06,0.04,1.6,0.24,0.7,0.4,1,0.1,0.2,0.04,1.6,0.5,0.8,0.3,0.4
Caesalpinia,NoData,,Caesalpinia,Fabaceae,Btr,genus,,,4,0.02,0.12,0.12,0.06,0.06,0.04,0.05,0.06,0.04,1.6,0.24,0.7,0.4,1,0.1,0.2,0.04,1.6,0.5,0.8,0.3,0.4
Caesalpinia cacalaco,NoData,,Caesalpinia,Fabaceae,Btr,species,,,4,0.02,0.12,0.12,0.06,0.06,0.04,0.05,0.06,0.04,1.6,0.24,0.7,0.4,1,0.1,0.2,0.04,1.6,0.5,0.8,0.3,0.4
Caesalpinia cucullata,NoData,,Caesalpinia,Fabaceae,Unknown,species,,,4,0.02,0.12,0.12,0.06,0.06,0.04,0.05,0.06,0.04,1.6,0.24,0.7,0.4,1,0.1,0.2,0.04,1.6,0.5,0.8,0.3,0.4
Caesalpinia echinata,NoData,Brazilwood,Caesalpinia,Fabaceae,Unknown,species,,,4,0.02,0.12,0.12,0.06,0.06,0.04,0.05,0.06,0.04,1.6,0.24,0.7,0.4,1,0.1,0.2,0.04,1.6,0.5,0.8,0.3,0.4
Caesalpinia gilliesii,NoData,bird-of-paradise shrub,Caesalpinia,Fabaceae,Btr,species,,,4,0.02,0.12,0.12,0.06,0.06,0.04,0.05,0.06,0.04,1.6,0.24,0.7,0.4,1,0.1,0.2,0.04,1.6,0.5,0.8,0.3,0.4
Caesalpinia mezzoneuron,NoData,,Caesalpinia,Fabaceae,Btr,species,,,4,0.02,0.12,0.12,0.06,0.06,0.04,0.05,0.06,0.04,1.6,0.24,0.7,0.4,1,0.1,0.2,0.04,1.6,0.5,0.8,0.3,0.4
Caesalpinia sappan,NoData,sappanwood,Caesalpinia,Fabaceae,Unknown,species,,,4,0.02,0.12,0.12,0.06,0.06,0.04,0.05,0.06,0.04,1.6,0.24,0.7,0.4,1,0.1,0.2,0.04,1.6,0.5,0.8,0.3,0.4
Caesalpinia spinosa,NoData,spiny holdback,Caesalpinia,Fabaceae,Btr,species,,,4,0.02,0.12,0.12,0.06,0.06,0.04,0.05,0.06,0.04,1.6,0.24,0.7,0.4,1,0.1,0.2,0.04,1.6,0.5,0.8,0.3,0.4
Calamovilfa,NoData,,TBD,TBD,TBD,genus,,LF CTCOG,4,0.02,0.12,0.12,0.06,0.06,0.04,0.05,0.06,0.04,1.6,0.24,0.7,0.4,1,0.1,0.2,0.04,1.6,0.5,0.8,0.3,0.4
Calamus,NoData,,Calamus,Arecaceae,Unknown,genus,,,4,0.02,0.12,0.12,0.06,0.06,0.04,0.05,0.06,0.04,1.6,0.24,0.7,0.4,1,0.1,0.2,0.04,1.6,0.5,0.8,0.3,0.4
Calamus gracilis,NoData,,Calamus,Arecaceae,Unknown,species,,,4,0.02,0.12,0.12,0.06,0.06,0.04,0.05,0.06,0.04,1.6,0.24,0.7,0.4,1,0.1,0.2,0.04,1.6,0.5,0.8,0.3,0.4
Calliandra,NoData,,Calliandra,Fabaceae,Unknown,genus,,,4,0.02,0.12,0.12,0.06,0.06,0.04,0.05,0.06,0.04,1.6,0.24,0.7,0.4,1,0.1,0.2,0.04,1.6,0.5,0.8,0.3,0.4
Calliandra haematocephala,NoData,stickpea,Calliandra,Fabaceae,Unknown,species,,,4,0.02,0.12,0.12,0.06,0.06,0.04,0.05,0.06,0.04,1.6,0.24,0.7,0.4,1,0.1,0.2,0.04,1.6,0.5,0.8,0.3,0.4
Calliandra tweedi,NoData,,Calliandra,Fabaceae,Btr,species,,,4,0.02,0.12,0.12,0.06,0.06,0.04,0.05,0.06,0.04,1.6,0.24,0.7,0.4,1,0.1,0.2,0.04,1.6,0.5,0.8,0.3,0.4
Callicarpa,NoData,,Callicarpa,Verbenaceae,Btr,genus,,,4,0.02,0.12,0.12,0.06,0.06,0.04,0.05,0.06,0.04,1.6,0.24,0.7,0.4,1,0.1,0.2,0.04,1.6,0.5,0.8,0.3,0.4
Callicarpa logifolia,NoData,,Callicarpa,Verbenaceae,Btr,species,,,4,0.02,0.12,0.12,0.06,0.06,0.04,0.05,0.06,0.04,1.6,0.24,0.7,0.4,1,0.1,0.2,0.04,1.6,0.5,0.8,0.3,0.4
Callistemon,NoData,bottlebrush,Callistemon,Myrtaceae,Btr,genus,,,4,0.02,0.12,0.12,0.06,0.06,0.04,0.05,0.06,0.04,1.6,0.24,0.7,0.4,1,0.1,0.2,0.04,1.6,0.5,0.8,0.3,0.4
Callistemon citrinus,NoData,crimson bottlebrush,Callistemon,Myrtaceae,Btr,species,,,4,0.02,0.12,0.12,0.06,0.06,0.04,0.05,0.06,0.04,1.6,0.24,0.7,0.4,1,0.1,0.2,0.04,1.6,0.5,0.8,0.3,0.4
Callistemon lanceolatus,NoData,,Callistemon,Myrtaceae,Unknown,species,,,4,0.02,0.12,0.12,0.06,0.06,0.04,0.05,0.06,0.04,1.6,0.24,0.7,0.4,1,0.1,0.2,0.04,1.6,0.5,0.8,0.3,0.4
Callistemon linearis,NoData,narrow-leaf bottlebrush,Callistemon,Myrtaceae,Unknown,species,,,4,0.02,0.12,0.12,0.06,0.06,0.04,0.05,0.06,0.04,1.6,0.24,0.7,0.4,1,0.1,0.2,0.04,1.6,0.5,0.8,0.3,0.4
Callistemon rigidis,NoData,,Callistemon,Myrtaceae,Unknown,species,,,4,0.02,0.12,0.12,0.06,0.06,0.04,0.05,0.06,0.04,1.6,0.24,0.7,0.4,1,0.1,0.2,0.04,1.6,0.5,0.8,0.3,0.4
Callistemon rigidus,NoData,bottlebrush,Callistemon,Myrtaceae,Unknown,species,,,4,0.02,0.12,0.12,0.06,0.06,0.04,0.05,0.06,0.04,1.6,0.24,0.7,0.4,1,0.1,0.2,0.04,1.6,0.5,0.8,0.3,0.4
Callistemon salignus,NoData,stonewood,Callistemon,Myrtaceae,Unknown,species,,,4,0.02,0.12,0.12,0.06,0.06,0.04,0.05,0.06,0.04,1.6,0.24,0.7,0.4,1,0.1,0.2,0.04,1.6,0.5,0.8,0.3,0.4
Callistemon teretifolius,NoData,,Callistemon,Myrtaceae,Unknown,species,,,4,0.02,0.12,0.12,0.06,0.06,0.04,0.05,0.06,0.04,1.6,0.24,0.7,0.4,1,0.1,0.2,0.04,1.6,0.5,0.8,0.3,0.4
Callistemon viminalis,NoData,weeping bottlebrush,Callistemon,Myrtaceae,Unknown,species,,,4,0.02,0.12,0.12,0.06,0.06,0.04,0.05,0.06,0.04,1.6,0.24,0.7,0.4,1,0.1,0.2,0.04,1.6,0.5,0.8,0.3,0.4
Callitris,Callitris,Cypress-pine,Callitris,Cupressaceae,Ntr,genus,,,0.2,0.02,0.4,0.05,0.2,0.2,0.04,0.05,0.1,0.06,1.6,0.24,0.7,0.4,1,0.1,0.2,0.04,1.6,0.5,0.8,0.3,0.4
Callitris propinqua,NoData,,Callitris,Cupressaceae,Unknown,species,,,4,0.02,0.12,0.12,0.06,0.06,0.04,0.05,0.06,0.04,1.6,0.24,0.7,0.4,1,0.1,0.2,0.04,1.6,0.5,0.8,0.3,0.4
Callitropsis,Chamaecyparis,Nootka cedar,Callitropsis,Cupressaceae,Ntr,genus,from LFRDB,previously Cupressus,0.2,0.02,0.4,0.2,0.02,0.05,0.04,0.05,0.1,0.06,1.6,0.24,0.7,0.4,1,0.1,0.2,0.04,1.6,0.5,0.8,0.3,0.4
Calluna,NoData,,Calluna,Ericaceae,Shrub,genus,,,4,0.02,0.12,0.12,0.06,0.06,0.04,0.05,0.06,0.04,1.6,0.24,0.7,0.4,1,0.1,0.2,0.04,1.6,0.5,0.8,0.3,0.4
Calluna vulgaris,NoData,heather,Calluna,Ericaceae,Shrub,species,,,4,0.02,0.12,0.12,0.06,0.06,0.04,0.05,0.06,0.04,1.6,0.24,0.7,0.4,1,0.1,0.2,0.04,1.6,0.5,0.8,0.3,0.4
Calocedrus,Callitris,incense cedar,Calocedrus,Cupressaceae,Ntr,genus,,,0.2,0.02,0.4,0.05,0.2,0.2,0.04,0.05,0.1,0.06,1.6,0.24,0.7,0.4,1,0.1,0.2,0.04,1.6,0.5,0.8,0.3,0.4
Calocedrus decurrens,Callitris,incense cedar,Calocedrus,Cupressaceae,Ntr,species,,,0.2,0.02,0.4,0.05,0.2,0.2,0.04,0.05,0.1,0.06,1.6,0.24,0.7,0.4,1,0.1,0.2,0.04,1.6,0.5,0.8,0.3,0.4
Calodendrum,NoData,,Calodendrum,Rutaceae,Unknown,genus,,,4,0.02,0.12,0.12,0.06,0.06,0.04,0.05,0.06,0.04,1.6,0.24,0.7,0.4,1,0.1,0.2,0.04,1.6,0.5,0.8,0.3,0.4
Calodendrum capense,NoData,Cape-chestnut,Calodendrum,Rutaceae,Unknown,species,,,4,0.02,0.12,0.12,0.06,0.06,0.04,0.05,0.06,0.04,1.6,0.24,0.7,0.4,1,0.1,0.2,0.04,1.6,0.5,0.8,0.3,0.4
Caloncoba,NoData,,Caloncoba,Flacourtiaceae,Unknown,genus,,,4,0.02,0.12,0.12,0.06,0.06,0.04,0.05,0.06,0.04,1.6,0.24,0.7,0.4,1,0.1,0.2,0.04,1.6,0.5,0.8,0.3,0.4
Caloncoba welwitschii,NoData,,Caloncoba,Flacourtiaceae,Unknown,species,,,4,0.02,0.12,0.12,0.06,0.06,0.04,0.05,0.06,0.04,1.6,0.24,0.7,0.4,1,0.1,0.2,0.04,1.6,0.5,0.8,0.3,0.4
Calophyllum,NoData,,Calophyllum,Clusiaceae,Btr,genus,,,4,0.02,0.12,0.12,0.06,0.06,0.04,0.05,0.06,0.04,1.6,0.24,0.7,0.4,1,0.1,0.2,0.04,1.6,0.5,0.8,0.3,0.4
Calophyllum inophyllum,NoData,Alexandrian laurel,Calophyllum,Clusiaceae,Btr,species,,,4,0.02,0.12,0.12,0.06,0.06,0.04,0.05,0.06,0.04,1.6,0.24,0.7,0.4,1,0.1,0.2,0.04,1.6,0.5,0.8,0.3,0.4
Calophyllum longifolium,NoData,,Calophyllum,Clusiaceae,Unknown,species,,,4,0.02,0.12,0.12,0.06,0.06,0.04,0.05,0.06,0.04,1.6,0.24,0.7,0.4,1,0.1,0.2,0.04,1.6,0.5,0.8,0.3,0.4
Calpurnia,NoData,,Calpurnia,Fabaceae,Btr,genus,,,4,0.02,0.12,0.12,0.06,0.06,0.04,0.05,0.06,0.04,1.6,0.24,0.7,0.4,1,0.1,0.2,0.04,1.6,0.5,0.8,0.3,0.4
Calpurnia aurea,NoData,,Calpurnia,Fabaceae,Btr,species,,,4,0.02,0.12,0.12,0.06,0.06,0.04,0.05,0.06,0.04,1.6,0.24,0.7,0.4,1,0.1,0.2,0.04,1.6,0.5,0.8,0.3,0.4
Calycanthus,NoData,,Calycanthus,Calycanthaceae,Shrub,genus,,,4,0.02,0.12,0.12,0.06,0.06,0.04,0.05,0.06,0.04,1.6,0.24,0.7,0.4,1,0.1,0.2,0.04,1.6,0.5,0.8,0.3,0.4
Calycanthus floridus,NoData,eastern sweetshrub,Calycanthus,Calycanthaceae,Shrub,species,,,4,0.02,0.12,0.12,0.06,0.06,0.04,0.05,0.06,0.04,1.6,0.24,0.7,0.4,1,0.1,0.2,0.04,1.6,0.5,0.8,0.3,0.4
Calycocarpum,NoData,,Calycocarpum,TBD,Shrub,genus,from LFRDB,,4,0.02,0.12,0.12,0.06,0.06,0.04,0.05,0.06,0.04,1.6,0.24,0.7,0.4,1,0.1,0.2,0.04,1.6,0.5,0.8,0.3,0.4
Calycophyllum,NoData,,Calycophyllum,Rubiaceae,Btr,genus,,,4,0.02,0.12,0.12,0.06,0.06,0.04,0.05,0.06,0.04,1.6,0.24,0.7,0.4,1,0.1,0.2,0.04,1.6,0.5,0.8,0.3,0.4
Calycophyllum candidissimum,NoData,degame,Calycophyllum,Rubiaceae,Btr,species,,,4,0.02,0.12,0.12,0.06,0.06,0.04,0.05,0.06,0.04,1.6,0.24,0.7,0.4,1,0.1,0.2,0.04,1.6,0.5,0.8,0.3,0.4
Calylophus,NoData,,TBD,TBD,TBD,genus,,LF CTCOG,4,0.02,0.12,0.12,0.06,0.06,0.04,0.05,0.06,0.04,1.6,0.24,0.7,0.4,1,0.1,0.2,0.04,1.6,0.5,0.8,0.3,0.4
Calyptocarpus,NoData,,TBD,TBD,TBD,genus,,LF CTCOG,4,0.02,0.12,0.12,0.06,0.06,0.04,0.05,0.06,0.04,1.6,0.24,0.7,0.4,1,0.1,0.2,0.04,1.6,0.5,0.8,0.3,0.4
Camelina,NoData,Camelina,TBD,TBD,TBD,species,,,4,0.02,0.12,0.12,0.06,0.06,0.04,0.05,0.06,0.04,1.6,0.24,0.7,0.4,1,0.1,0.2,0.04,1.6,0.5,0.8,0.3,0.4
Camellia,NoData,camellia,Camellia,Theaceae,Btr,genus,,,4,0.02,0.12,0.12,0.06,0.06,0.04,0.05,0.06,0.04,1.6,0.24,0.7,0.4,1,0.1,0.2,0.04,1.6,0.5,0.8,0.3,0.4
Camellia forrestii,NoData,,Camellia,Theaceae,Unknown,species,,,4,0.02,0.12,0.12,0.06,0.06,0.04,0.05,0.06,0.04,1.6,0.24,0.7,0.4,1,0.1,0.2,0.04,1.6,0.5,0.8,0.3,0.4
Camellia japonica,NoData,camellia,Camellia,Theaceae,Btr,species,,,4,0.02,0.12,0.12,0.06,0.06,0.04,0.05,0.06,0.04,1.6,0.24,0.7,0.4,1,0.1,0.2,0.04,1.6,0.5,0.8,0.3,0.4
Camellia kissi,NoData,,Camellia,Theaceae,Unknown,species,,,4,0.02,0.12,0.12,0.06,0.06,0.04,0.05,0.06,0.04,1.6,0.24,0.7,0.4,1,0.1,0.2,0.04,1.6,0.5,0.8,0.3,0.4
Camellia sinensis,NoData,tea,Camellia,Theaceae,Crop,species,,,4,0.02,0.12,0.12,0.06,0.06,0.04,0.05,0.06,0.04,1.6,0.24,0.7,0.4,1,0.1,0.2,0.04,1.6,0.5,0.8,0.3,0.4
Canotia,NoData,,Canotia,TBD,Shrub,genus,from LFRDB,,4,0.02,0.12,0.12,0.06,0.06,0.04,0.05,0.06,0.04,1.6,0.24,0.7,0.4,1,0.1,0.2,0.04,1.6,0.5,0.8,0.3,0.4
Canthium,NoData,,Canthium,Rubiaceae,Unknown,genus,,,4,0.02,0.12,0.12,0.06,0.06,0.04,0.05,0.06,0.04,1.6,0.24,0.7,0.4,1,0.1,0.2,0.04,1.6,0.5,0.8,0.3,0.4
Canthium horridum,NoData,,Canthium,Rubiaceae,Unknown,species,,,4,0.02,0.12,0.12,0.06,0.06,0.04,0.05,0.06,0.04,1.6,0.24,0.7,0.4,1,0.1,0.2,0.04,1.6,0.5,0.8,0.3,0.4
Capparaceae,NoData,,Capparaceae,Capparaceae,Unknown,family,,,4,0.02,0.12,0.12,0.06,0.06,0.04,0.05,0.06,0.04,1.6,0.24,0.7,0.4,1,0.1,0.2,0.04,1.6,0.5,0.8,0.3,0.4
Capparis,NoData,,Capparis,Capparaceae,Unknown,genus,,,4,0.02,0.12,0.12,0.06,0.06,0.04,0.05,0.06,0.04,1.6,0.24,0.7,0.4,1,0.1,0.2,0.04,1.6,0.5,0.8,0.3,0.4
Capparis cyanophollophora,NoData,,Capparis,Capparaceae,Unknown,species,,,4,0.02,0.12,0.12,0.06,0.06,0.04,0.05,0.06,0.04,1.6,0.24,0.7,0.4,1,0.1,0.2,0.04,1.6,0.5,0.8,0.3,0.4
Capparis indica,NoData,linguam,Capparis,Capparaceae,Btr,species,,,4,0.02,0.12,0.12,0.06,0.06,0.04,0.05,0.06,0.04,1.6,0.24,0.7,0.4,1,0.1,0.2,0.04,1.6,0.5,0.8,0.3,0.4
Capriola,NoData,,TBD,TBD,TBD,genus,,LF CTCOG,4,0.02,0.12,0.12,0.06,0.06,0.04,0.05,0.06,0.04,1.6,0.24,0.7,0.4,1,0.1,0.2,0.04,1.6,0.5,0.8,0.3,0.4
Capsicum,NoData,Peppers,TBD,TBD,TBD,species,,,4,0.02,0.12,0.12,0.06,0.06,0.04,0.05,0.06,0.04,1.6,0.24,0.7,0.4,1,0.1,0.2,0.04,1.6,0.5,0.8,0.3,0.4
Caragana,NoData,,Caragana,Fabaceae,Btr,genus,,,4,0.02,0.12,0.12,0.06,0.06,0.04,0.05,0.06,0.04,1.6,0.24,0.7,0.4,1,0.1,0.2,0.04,1.6,0.5,0.8,0.3,0.4
Caragana arborescens,NoData,Siberian peashrub,Caragana,Fabaceae,Btr,species,,,4,0.02,0.12,0.12,0.06,0.06,0.04,0.05,0.06,0.04,1.6,0.24,0.7,0.4,1,0.1,0.2,0.04,1.6,0.5,0.8,0.3,0.4
Caragana maximowicziana,NoData,,Caragana,Fabaceae,Unknown,species,,,4,0.02,0.12,0.12,0.06,0.06,0.04,0.05,0.06,0.04,1.6,0.24,0.7,0.4,1,0.1,0.2,0.04,1.6,0.5,0.8,0.3,0.4
Caragana pekinensis,NoData,,Caragana,Fabaceae,Unknown,species,,,4,0.02,0.12,0.12,0.06,0.06,0.04,0.05,0.06,0.04,1.6,0.24,0.7,0.4,1,0.1,0.2,0.04,1.6,0.5,0.8,0.3,0.4
Carallia,NoData,,Carallia,Rhizophoraceae,Unknown,genus,,,4,0.02,0.12,0.12,0.06,0.06,0.04,0.05,0.06,0.04,1.6,0.24,0.7,0.4,1,0.1,0.2,0.04,1.6,0.5,0.8,0.3,0.4
Carallia brachiata,NoData,,Carallia,Rhizophoraceae,Unknown,species,,,4,0.02,0.12,0.12,0.06,0.06,0.04,0.05,0.06,0.04,1.6,0.24,0.7,0.4,1,0.1,0.2,0.04,1.6,0.5,0.8,0.3,0.4
Carallia lancaefolia,NoData,,Carallia,Rhizophoraceae,Unknown,species,,,4,0.02,0.12,0.12,0.06,0.06,0.04,0.05,0.06,0.04,1.6,0.24,0.7,0.4,1,0.1,0.2,0.04,1.6,0.5,0.8,0.3,0.4
Carapa,NoData,,Carapa,Meliaceae,Unknown,genus,,,4,0.02,0.12,0.12,0.06,0.06,0.04,0.05,0.06,0.04,1.6,0.24,0.7,0.4,1,0.1,0.2,0.04,1.6,0.5,0.8,0.3,0.4
Carapa guianensis,NoData,crabwood,Carapa,Meliaceae,Unknown,species,,,4,0.02,0.12,0.12,0.06,0.06,0.04,0.05,0.06,0.04,1.6,0.24,0.7,0.4,1,0.1,0.2,0.04,1.6,0.5,0.8,0.3,0.4
Cardaria,NoData,,TBD,TBD,TBD,genus,,LF CTCOG,4,0.02,0.12,0.12,0.06,0.06,0.04,0.05,0.06,0.04,1.6,0.24,0.7,0.4,1,0.1,0.2,0.04,1.6,0.5,0.8,0.3,0.4
Carex,NoData,,TBD,TBD,TBD,genus,,LF CTCOG,4,0.02,0.12,0.12,0.06,0.06,0.04,0.05,0.06,0.04,1.6,0.24,0.7,0.4,1,0.1,0.2,0.04,1.6,0.5,0.8,0.3,0.4
Carica,NoData,,Carica,Caricaceae,Btr,genus,,,4,0.02,0.12,0.12,0.06,0.06,0.04,0.05,0.06,0.04,1.6,0.24,0.7,0.4,1,0.1,0.2,0.04,1.6,0.5,0.8,0.3,0.4
Carica papaya,NoData,papaya,Carica,Caricaceae,Btr,species,,,4,0.02,0.12,0.12,0.06,0.06,0.04,0.05,0.06,0.04,1.6,0.24,0.7,0.4,1,0.1,0.2,0.04,1.6,0.5,0.8,0.3,0.4
Caricaceae,NoData,,Caricaceae,Caricaceae,Unknown,family,,,4,0.02,0.12,0.12,0.06,0.06,0.04,0.05,0.06,0.04,1.6,0.24,0.7,0.4,1,0.1,0.2,0.04,1.6,0.5,0.8,0.3,0.4
Carissa,NoData,,Carissa,Apocynaceae,Unknown,genus,,,4,0.02,0.12,0.12,0.06,0.06,0.04,0.05,0.06,0.04,1.6,0.24,0.7,0.4,1,0.1,0.2,0.04,1.6,0.5,0.8,0.3,0.4
Carissa bispilowsa,NoData,,Carissa,Apocynaceae,Unknown,species,,,4,0.02,0.12,0.12,0.06,0.06,0.04,0.05,0.06,0.04,1.6,0.24,0.7,0.4,1,0.1,0.2,0.04,1.6,0.5,0.8,0.3,0.4
Carissa edulis,NoData,Egyptian carissa,Carissa,Apocynaceae,Unknown,species,,,4,0.02,0.12,0.12,0.06,0.06,0.04,0.05,0.06,0.04,1.6,0.24,0.7,0.4,1,0.1,0.2,0.04,1.6,0.5,0.8,0.3,0.4
Carissa macrocarpa,NoData,amatungulu,Carissa,Apocynaceae,Btr,species,,,4,0.02,0.12,0.12,0.06,0.06,0.04,0.05,0.06,0.04,1.6,0.24,0.7,0.4,1,0.1,0.2,0.04,1.6,0.5,0.8,0.3,0.4
Carlowrightia,NoData,,Carlowrightia,TBD,Shrub,genus,from LFRDB,,4,0.02,0.12,0.12,0.06,0.06,0.04,0.05,0.06,0.04,1.6,0.24,0.7,0.4,1,0.1,0.2,0.04,1.6,0.5,0.8,0.3,0.4
Carludovica,NoData,,Carludovica,Cyclanthaceae,Unknown,genus,,,4,0.02,0.12,0.12,0.06,0.06,0.04,0.05,0.06,0.04,1.6,0.24,0.7,0.4,1,0.1,0.2,0.04,1.6,0.5,0.8,0.3,0.4
Carludovica insignis,NoData,,Carludovica,Cyclanthaceae,Unknown,species,,,4,0.02,0.12,0.12,0.06,0.06,0.04,0.05,0.06,0.04,1.6,0.24,0.7,0.4,1,0.1,0.2,0.04,1.6,0.5,0.8,0.3,0.4
Carludovica palmata,NoData,Panama hat plant,Carludovica,Cyclanthaceae,Herb,species,,,4,0.02,0.12,0.12,0.06,0.06,0.04,0.05,0.06,0.04,1.6,0.24,0.7,0.4,1,0.1,0.2,0.04,1.6,0.5,0.8,0.3,0.4
Carnegiea,Yucca,Saguaro cactus,Carnegiea,Cactaceae,Tree,genus,from LFRDB,,0.2,0.02,0.2,0.2,0.1,0.1,0.04,0.05,0.06,0.04,1.6,0.24,0.7,0.4,1,0.1,0.2,0.04,1.6,0.5,0.8,0.3,0.4
Carpenteria,NoData,,Carpenteria,Hydrangeaceae,Shrub,genus,,,4,0.02,0.12,0.12,0.06,0.06,0.04,0.05,0.06,0.04,1.6,0.24,0.7,0.4,1,0.1,0.2,0.04,1.6,0.5,0.8,0.3,0.4
Carpenteria californica,NoData,tree anemone,Carpenteria,Hydrangeaceae,Shrub,species,,,4,0.02,0.12,0.12,0.06,0.06,0.04,0.05,0.06,0.04,1.6,0.24,0.7,0.4,1,0.1,0.2,0.04,1.6,0.5,0.8,0.3,0.4
Carphochaete,NoData,,Carphochaete,TBD,Shrub,genus,from LFRDB,,4,0.02,0.12,0.12,0.06,0.06,0.04,0.05,0.06,0.04,1.6,0.24,0.7,0.4,1,0.1,0.2,0.04,1.6,0.5,0.8,0.3,0.4
Carpinus,Carpinus_NoIso,hornbeam,Carpinus,Betulaceae,Btr,genus,,,0.2,0.02,0.02,0.02,0.1,1,0.04,0.05,0.06,0.04,1.6,0.24,0.7,0.4,1,0.1,0.2,0.04,1.6,0.5,0.8,0.3,0.4
Carpinus betulus,Carpinus_Iso,European hornbeam,Carpinus,Betulaceae,Btr,species,,,8,0.02,0.4,0.4,0.2,0.2,0.04,0.05,0.06,0.04,1.6,0.24,0.7,0.4,1,0.1,0.2,0.04,1.6,0.5,0.8,0.3,0.4
Carpinus caroliniana,Carpinus_NoIso,American hornbeam,Carpinus,Betulaceae,Btr,species,,,0.2,0.02,0.02,0.02,0.1,1,0.04,0.05,0.06,0.04,1.6,0.24,0.7,0.4,1,0.1,0.2,0.04,1.6,0.5,0.8,0.3,0.4
Carpinus cordata,Carpinus_NoIso,,Carpinus,Betulaceae,Unknown,species,,,0.2,0.02,0.02,0.02,0.1,1,0.04,0.05,0.06,0.04,1.6,0.24,0.7,0.4,1,0.1,0.2,0.04,1.6,0.5,0.8,0.3,0.4
Carpinus orientalis,Carpinus_NoIso,,Carpinus,Betulaceae,Btr,species,,,0.2,0.02,0.02,0.02,0.1,1,0.04,0.05,0.06,0.04,1.6,0.24,0.7,0.4,1,0.1,0.2,0.04,1.6,0.5,0.8,0.3,0.4
Carpinus tschonoskii,Carpinus_NoIso,,Carpinus,Betulaceae,Unknown,species,,,0.2,0.02,0.02,0.02,0.1,1,0.04,0.05,0.06,0.04,1.6,0.24,0.7,0.4,1,0.1,0.2,0.04,1.6,0.5,0.8,0.3,0.4
Carthamus,NoData,,Carthamus,Asteraceae,Herb,genus,,,4,0.02,0.12,0.12,0.06,0.06,0.04,0.05,0.06,0.04,1.6,0.24,0.7,0.4,1,0.1,0.2,0.04,1.6,0.5,0.8,0.3,0.4
Carthamus tinctorius,NoData,safflower,Carthamus,Asteraceae,Crop,species,,,4,0.02,0.12,0.12,0.06,0.06,0.04,0.05,0.06,0.04,1.6,0.24,0.7,0.4,1,0.1,0.2,0.04,1.6,0.5,0.8,0.3,0.4
Cartrema,NoData,,Cartrema,TBD,Shrub,genus,from LFRDB,,4,0.02,0.12,0.12,0.06,0.06,0.04,0.05,0.06,0.04,1.6,0.24,0.7,0.4,1,0.1,0.2,0.04,1.6,0.5,0.8,0.3,0.4
Carya,Carya,hickory,Carya,Juglandaceae,Btr,genus,,,0.2,0.02,0.4,0.1,0.4,0.6,0.04,0.05,0.06,0.04,1.6,0.24,0.7,0.4,1,0.1,0.2,0.04,1.6,0.5,0.8,0.3,0.4
Carya aquatica,Carya,water hickory,Carya,Juglandaceae,Btr,species,,,0.2,0.02,0.4,0.1,0.4,0.6,0.04,0.05,0.06,0.04,1.6,0.24,0.7,0.4,1,0.1,0.2,0.04,1.6,0.5,0.8,0.3,0.4
Carya cordiformis,Carya,bitternut hickory,Carya,Juglandaceae,Btr,species,,,0.2,0.02,0.4,0.1,0.4,0.6,0.04,0.05,0.06,0.04,1.6,0.24,0.7,0.4,1,0.1,0.2,0.04,1.6,0.5,0.8,0.3,0.4
Carya glabra,Carya,pignut hickory,Carya,Juglandaceae,Btr,species,,,0.2,0.02,0.4,0.1,0.4,0.6,0.04,0.05,0.06,0.04,1.6,0.24,0.7,0.4,1,0.1,0.2,0.04,1.6,0.5,0.8,0.3,0.4
Carya illinoensis,Carya,,Carya,Juglandaceae,Unknown,species,,,0.2,0.02,0.4,0.1,0.4,0.6,0.04,0.05,0.06,0.04,1.6,0.24,0.7,0.4,1,0.1,0.2,0.04,1.6,0.5,0.8,0.3,0.4
Carya illinoinensis,Carya,pecan,Carya,Juglandaceae,Btr,species,,,0.2,0.02,0.4,0.1,0.4,0.6,0.04,0.05,0.06,0.04,1.6,0.24,0.7,0.4,1,0.1,0.2,0.04,1.6,0.5,0.8,0.3,0.4
Carya laciniosa,Carya,shellbark hickory,Carya,Juglandaceae,Btr,species,,,0.2,0.02,0.4,0.1,0.4,0.6,0.04,0.05,0.06,0.04,1.6,0.24,0.7,0.4,1,0.1,0.2,0.04,1.6,0.5,0.8,0.3,0.4
Carya ovata,Carya,shagbark hickory,Carya,Juglandaceae,Btr,species,,,0.2,0.02,0.4,0.1,0.4,0.6,0.04,0.05,0.06,0.04,1.6,0.24,0.7,0.4,1,0.1,0.2,0.04,1.6,0.5,0.8,0.3,0.4
Carya texana,Carya,black hickory,Carya,Juglandaceae,Btr,species,,,0.2,0.02,0.4,0.1,0.4,0.6,0.04,0.05,0.06,0.04,1.6,0.24,0.7,0.4,1,0.1,0.2,0.04,1.6,0.5,0.8,0.3,0.4
Carya tomentosa,Carya,,Carya,Juglandaceae,Btr,species,,,0.2,0.02,0.4,0.1,0.4,0.6,0.04,0.05,0.06,0.04,1.6,0.24,0.7,0.4,1,0.1,0.2,0.04,1.6,0.5,0.8,0.3,0.4
Caryophyllaceae,NoData,,Caryophyllaceae,Caryophyllaceae,Unknown,family,,,4,0.02,0.12,0.12,0.06,0.06,0.04,0.05,0.06,0.04,1.6,0.24,0.7,0.4,1,0.1,0.2,0.04,1.6,0.5,0.8,0.3,0.4
Caryota,NoData,,Caryota,Arecaceae,Btr,genus,,,4,0.02,0.12,0.12,0.06,0.06,0.04,0.05,0.06,0.04,1.6,0.24,0.7,0.4,1,0.1,0.2,0.04,1.6,0.5,0.8,0.3,0.4
Caryota mitis,NoData,Burmese fishtail palm,Caryota,Arecaceae,Btr,species,,,4,0.02,0.12,0.12,0.06,0.06,0.04,0.05,0.06,0.04,1.6,0.24,0.7,0.4,1,0.1,0.2,0.04,1.6,0.5,0.8,0.3,0.4
Caryota monostachys,NoData,,Caryota,Arecaceae,Unknown,species,,,4,0.02,0.12,0.12,0.06,0.06,0.04,0.05,0.06,0.04,1.6,0.24,0.7,0.4,1,0.1,0.2,0.04,1.6,0.5,0.8,0.3,0.4
Caryota ochlandra,NoData,,Caryota,Arecaceae,Unknown,species,,,4,0.02,0.12,0.12,0.06,0.06,0.04,0.05,0.06,0.04,1.6,0.24,0.7,0.4,1,0.1,0.2,0.04,1.6,0.5,0.8,0.3,0.4
Caryota urens,NoData,jaggery palm,Caryota,Arecaceae,Btr,species,,,4,0.02,0.12,0.12,0.06,0.06,0.04,0.05,0.06,0.04,1.6,0.24,0.7,0.4,1,0.1,0.2,0.04,1.6,0.5,0.8,0.3,0.4
Cascabela,NoData,,Cascabela,Apocynaceae,Btr,genus,,,4,0.02,0.12,0.12,0.06,0.06,0.04,0.05,0.06,0.04,1.6,0.24,0.7,0.4,1,0.1,0.2,0.04,1.6,0.5,0.8,0.3,0.4
Cascabela thevetia,NoData,luckynut,Cascabela,Apocynaceae,Btr,species,,,4,0.02,0.12,0.12,0.06,0.06,0.04,0.05,0.06,0.04,1.6,0.24,0.7,0.4,1,0.1,0.2,0.04,1.6,0.5,0.8,0.3,0.4
Casearia,NoData,,Casearia,Flacourtiaceae,Btr,genus,,,4,0.02,0.12,0.12,0.06,0.06,0.04,0.05,0.06,0.04,1.6,0.24,0.7,0.4,1,0.1,0.2,0.04,1.6,0.5,0.8,0.3,0.4
Casearia decandra,NoData,wild honeytree,Casearia,Flacourtiaceae,Btr,species,,,4,0.02,0.12,0.12,0.06,0.06,0.04,0.05,0.06,0.04,1.6,0.24,0.7,0.4,1,0.1,0.2,0.04,1.6,0.5,0.8,0.3,0.4
Casearia rusbiana,NoData,,Casearia,Flacourtiaceae,Unknown,species,,,4,0.02,0.12,0.12,0.06,0.06,0.04,0.05,0.06,0.04,1.6,0.24,0.7,0.4,1,0.1,0.2,0.04,1.6,0.5,0.8,0.3,0.4
Casimiroa,NoData,,Casimiroa,Rutaceae,Unknown,genus,,,4,0.02,0.12,0.12,0.06,0.06,0.04,0.05,0.06,0.04,1.6,0.24,0.7,0.4,1,0.1,0.2,0.04,1.6,0.5,0.8,0.3,0.4
Casimiroa edulis,NoData,white sapote,Casimiroa,Rutaceae,Unknown,species,,,4,0.02,0.12,0.12,0.06,0.06,0.04,0.05,0.06,0.04,1.6,0.24,0.7,0.4,1,0.1,0.2,0.04,1.6,0.5,0.8,0.3,0.4
Cassandra,NoData,,Cassandra,TBD,Shrub,genus,from LFRDB,,4,0.02,0.12,0.12,0.06,0.06,0.04,0.05,0.06,0.04,1.6,0.24,0.7,0.4,1,0.1,0.2,0.04,1.6,0.5,0.8,0.3,0.4
Cassia,Cassia,,Cassia,Fabaceae,Unknown,genus,,,0.2,0.02,0.02,0.02,0.02,0.02,0.04,0.05,0.005,0.01,1.6,0.24,0.7,0.4,1,0.1,0.2,0.04,1.6,0.5,0.8,0.3,0.4
Cassia abbreviata,Cassia,long-pod-cassia,Cassia,Fabaceae,Unknown,species,,,0.2,0.02,0.02,0.02,0.02,0.02,0.04,0.05,0.005,0.01,1.6,0.24,0.7,0.4,1,0.1,0.2,0.04,1.6,0.5,0.8,0.3,0.4
Cassia alata,Cassia,,Cassia,Fabaceae,Unknown,species,,,0.2,0.02,0.02,0.02,0.02,0.02,0.04,0.05,0.005,0.01,1.6,0.24,0.7,0.4,1,0.1,0.2,0.04,1.6,0.5,0.8,0.3,0.4
Cassia artemisioides,Cassia,,Cassia,Fabaceae,Unknown,species,,,0.2,0.02,0.02,0.02,0.02,0.02,0.04,0.05,0.005,0.01,1.6,0.24,0.7,0.4,1,0.1,0.2,0.04,1.6,0.5,0.8,0.3,0.4
Cassia eremophila,Cassia,,Cassia,Fabaceae,Unknown,species,,,0.2,0.02,0.02,0.02,0.02,0.02,0.04,0.05,0.005,0.01,1.6,0.24,0.7,0.4,1,0.1,0.2,0.04,1.6,0.5,0.8,0.3,0.4
Cassia fasciculata,Cassia,,Cassia,Fabaceae,Btr,species,,,0.2,0.02,0.02,0.02,0.02,0.02,0.04,0.05,0.005,0.01,1.6,0.24,0.7,0.4,1,0.1,0.2,0.04,1.6,0.5,0.8,0.3,0.4
Cassia leptophylla,Cassia,,Cassia,Fabaceae,Unknown,species,,,0.2,0.02,0.02,0.02,0.02,0.02,0.04,0.05,0.005,0.01,1.6,0.24,0.7,0.4,1,0.1,0.2,0.04,1.6,0.5,0.8,0.3,0.4
Cassia nemophila,Cassia,,Cassia,Fabaceae,Unknown,species,,,0.2,0.02,0.02,0.02,0.02,0.02,0.04,0.05,0.005,0.01,1.6,0.24,0.7,0.4,1,0.1,0.2,0.04,1.6,0.5,0.8,0.3,0.4
Cassia nictitans,Cassia,,Cassia,Fabaceae,Btr,species,,,0.2,0.02,0.02,0.02,0.02,0.02,0.04,0.05,0.005,0.01,1.6,0.24,0.7,0.4,1,0.1,0.2,0.04,1.6,0.5,0.8,0.3,0.4
Cassia siamea,Cassia,,Cassia,Fabaceae,Unknown,species,,,0.2,0.02,0.02,0.02,0.02,0.02,0.04,0.05,0.005,0.01,1.6,0.24,0.7,0.4,1,0.1,0.2,0.04,1.6,0.5,0.8,0.3,0.4
Cassia splendida,Cassia,,Cassia,Fabaceae,Btr,species,,,0.2,0.02,0.02,0.02,0.02,0.02,0.04,0.05,0.005,0.01,1.6,0.24,0.7,0.4,1,0.1,0.2,0.04,1.6,0.5,0.8,0.3,0.4
Cassine,NoData,,Cassine,Celastraceae,Unknown,genus,,,4,0.02,0.12,0.12,0.06,0.06,0.04,0.05,0.06,0.04,1.6,0.24,0.7,0.4,1,0.1,0.2,0.04,1.6,0.5,0.8,0.3,0.4
Cassine aethiopica,NoData,,Cassine,Celastraceae,Unknown,species,,,4,0.02,0.12,0.12,0.06,0.06,0.04,0.05,0.06,0.04,1.6,0.24,0.7,0.4,1,0.1,0.2,0.04,1.6,0.5,0.8,0.3,0.4
Cassine transvaalensis,NoData,,Cassine,Celastraceae,Unknown,species,,,4,0.02,0.12,0.12,0.06,0.06,0.04,0.05,0.06,0.04,1.6,0.24,0.7,0.4,1,0.1,0.2,0.04,1.6,0.5,0.8,0.3,0.4
Cassiope,NoData,,Cassiope,TBD,Shrub,genus,from LFRDB,,4,0.02,0.12,0.12,0.06,0.06,0.04,0.05,0.06,0.04,1.6,0.24,0.7,0.4,1,0.1,0.2,0.04,1.6,0.5,0.8,0.3,0.4
Castanea,Castanea,,Castanea,Fagaceae,Btr,genus,,,0.2,0.02,0.4,0.4,0.2,0.2,0.04,0.05,0.06,0.04,1.6,0.24,0.7,0.4,1,0.1,0.2,0.04,1.6,0.5,0.8,0.3,0.4
Castanea dentata,Castanea,American chestnut,Castanea,Fagaceae,Btr,species,,,0.2,0.02,0.4,0.4,0.2,0.2,0.04,0.05,0.06,0.04,1.6,0.24,0.7,0.4,1,0.1,0.2,0.04,1.6,0.5,0.8,0.3,0.4
Castanea mollissima,Castanea,Chinese chestnut,Castanea,Fagaceae,Btr,species,,,0.2,0.02,0.4,0.4,0.2,0.2,0.04,0.05,0.06,0.04,1.6,0.24,0.7,0.4,1,0.1,0.2,0.04,1.6,0.5,0.8,0.3,0.4
Castanea pumila,Castanea,chinkapin,Castanea,Fagaceae,Btr,species,,,0.2,0.02,0.4,0.4,0.2,0.2,0.04,0.05,0.06,0.04,1.6,0.24,0.7,0.4,1,0.1,0.2,0.04,1.6,0.5,0.8,0.3,0.4
Castanea sativa,Castanea,European chestnut,Castanea,Fagaceae,Btr,species,,,0.2,0.02,0.4,0.4,0.2,0.2,0.04,0.05,0.06,0.04,1.6,0.24,0.7,0.4,1,0.1,0.2,0.04,1.6,0.5,0.8,0.3,0.4
Castanopis,Castanea,,Castanopsis,Fagaceae,Unknown,genus,,,0.2,0.02,0.4,0.4,0.2,0.2,0.04,0.05,0.06,0.04,1.6,0.24,0.7,0.4,1,0.1,0.2,0.04,1.6,0.5,0.8,0.3,0.4
Castanopis cuspidada,Castanea,,Castanopsis,Fagaceae,Unknown,species,,,0.2,0.02,0.4,0.4,0.2,0.2,0.04,0.05,0.06,0.04,1.6,0.24,0.7,0.4,1,0.1,0.2,0.04,1.6,0.5,0.8,0.3,0.4
Castanopis fissa,Castanea,,Castanopsis,Fagaceae,Unknown,species,,,0.2,0.02,0.4,0.4,0.2,0.2,0.04,0.05,0.06,0.04,1.6,0.24,0.7,0.4,1,0.1,0.2,0.04,1.6,0.5,0.8,0.3,0.4
Castanopsis,Castanea,,Castanopsis,Fagaceae,Unknown,genus,,,0.2,0.02,0.4,0.4,0.2,0.2,0.04,0.05,0.06,0.04,1.6,0.24,0.7,0.4,1,0.1,0.2,0.04,1.6,0.5,0.8,0.3,0.4
Castanopsis calathiformis,Castanea,,Castanopsis,Fagaceae,Unknown,species,,,0.2,0.02,0.4,0.4,0.2,0.2,0.04,0.05,0.06,0.04,1.6,0.24,0.7,0.4,1,0.1,0.2,0.04,1.6,0.5,0.8,0.3,0.4
Castanopsis chinensis,Castanea,,Castanopsis,Fagaceae,Unknown,species,,,0.2,0.02,0.4,0.4,0.2,0.2,0.04,0.05,0.06,0.04,1.6,0.24,0.7,0.4,1,0.1,0.2,0.04,1.6,0.5,0.8,0.3,0.4
Castanopsis chrysophylla,Castanea,,Castanopsis,Fagaceae,Unknown,species,,,0.2,0.02,0.4,0.4,0.2,0.2,0.04,0.05,0.06,0.04,1.6,0.24,0.7,0.4,1,0.1,0.2,0.04,1.6,0.5,0.8,0.3,0.4
Castanopsis hystrix,Castanea,,Castanopsis,Fagaceae,Unknown,species,,,0.2,0.02,0.4,0.4,0.2,0.2,0.04,0.05,0.06,0.04,1.6,0.24,0.7,0.4,1,0.1,0.2,0.04,1.6,0.5,0.8,0.3,0.4
Castanopsis inidica,Castanea,,Castanopsis,Fagaceae,Unknown,species,,,0.2,0.02,0.4,0.4,0.2,0.2,0.04,0.05,0.06,0.04,1.6,0.24,0.7,0.4,1,0.1,0.2,0.04,1.6,0.5,0.8,0.3,0.4
Castanopsis mekongensis,Castanea,,Castanopsis,Fagaceae,Unknown,species,,,0.2,0.02,0.4,0.4,0.2,0.2,0.04,0.05,0.06,0.04,1.6,0.24,0.7,0.4,1,0.1,0.2,0.04,1.6,0.5,0.8,0.3,0.4
Castanopsis orthocantha,Castanea,,Castanopsis,Fagaceae,Unknown,species,,,0.2,0.02,0.4,0.4,0.2,0.2,0.04,0.05,0.06,0.04,1.6,0.24,0.7,0.4,1,0.1,0.2,0.04,1.6,0.5,0.8,0.3,0.4
Castanopsis sempervirens,Castanea,,Castanopsis,Fagaceae,Unknown,species,,,0.2,0.02,0.4,0.4,0.2,0.2,0.04,0.05,0.06,0.04,1.6,0.24,0.7,0.4,1,0.1,0.2,0.04,1.6,0.5,0.8,0.3,0.4
Castanopsis wattii,Castanea,,Castanopsis,Fagaceae,Unknown,species,,,0.2,0.02,0.4,0.4,0.2,0.2,0.04,0.05,0.06,0.04,1.6,0.24,0.7,0.4,1,0.1,0.2,0.04,1.6,0.5,0.8,0.3,0.4
Castanospermum,NoData,,Castanospermum,Fabaceae,Btr,genus,,,4,0.02,0.12,0.12,0.06,0.06,0.04,0.05,0.06,0.04,1.6,0.24,0.7,0.4,1,0.1,0.2,0.04,1.6,0.5,0.8,0.3,0.4
Castanospermum australe,NoData,,Castanospermum,Fabaceae,Btr,species,,,4,0.02,0.12,0.12,0.06,0.06,0.04,0.05,0.06,0.04,1.6,0.24,0.7,0.4,1,0.1,0.2,0.04,1.6,0.5,0.8,0.3,0.4
Castela,NoData,,Castela,TBD,Shrub,genus,from LFRDB,,4,0.02,0.12,0.12,0.06,0.06,0.04,0.05,0.06,0.04,1.6,0.24,0.7,0.4,1,0.1,0.2,0.04,1.6,0.5,0.8,0.3,0.4
Castilla,NoData,,Castilla,Moraceae,Btr,genus,,,4,0.02,0.12,0.12,0.06,0.06,0.04,0.05,0.06,0.04,1.6,0.24,0.7,0.4,1,0.1,0.2,0.04,1.6,0.5,0.8,0.3,0.4
Castilla elastica,NoData,Panama rubbertree,Castilla,Moraceae,Btr,species,,,4,0.02,0.12,0.12,0.06,0.06,0.04,0.05,0.06,0.04,1.6,0.24,0.7,0.4,1,0.1,0.2,0.04,1.6,0.5,0.8,0.3,0.4
Casuarina,Arundo,sheoak,Casuarina,Casuarinaceae,Btr,genus,,,8,0.02,0.4,0.4,0.2,0.2,0.04,0.05,0.06,0.04,1.6,0.24,0.7,0.4,1,0.1,0.2,0.04,1.6,0.5,0.8,0.3,0.4
Casuarina cunninghamiana,Arundo,river sheoak,Casuarina,Casuarinaceae,Btr,species,,,8,0.02,0.4,0.4,0.2,0.2,0.04,0.05,0.06,0.04,1.6,0.24,0.7,0.4,1,0.1,0.2,0.04,1.6,0.5,0.8,0.3,0.4
Casuarina equisetfolia,Arundo,,Casuarina,Casuarinaceae,Btr,species,,,8,0.02,0.4,0.4,0.2,0.2,0.04,0.05,0.06,0.04,1.6,0.24,0.7,0.4,1,0.1,0.2,0.04,1.6,0.5,0.8,0.3,0.4
Casuarina equisetifolia,Arundo,beach sheoak,Casuarina,Casuarinaceae,Btr,species,,,8,0.02,0.4,0.4,0.2,0.2,0.04,0.05,0.06,0.04,1.6,0.24,0.7,0.4,1,0.1,0.2,0.04,1.6,0.5,0.8,0.3,0.4
Casuarina stricta,Arundo,,Casuarina,Casuarinaceae,Btr,species,,,8,0.02,0.4,0.4,0.2,0.2,0.04,0.05,0.06,0.04,1.6,0.24,0.7,0.4,1,0.1,0.2,0.04,1.6,0.5,0.8,0.3,0.4
Casuarinaceae,Arundo,,Casuarinaceae,Casuarinaceae,Unknown,family,,,8,0.02,0.4,0.4,0.2,0.2,0.04,0.05,0.06,0.04,1.6,0.24,0.7,0.4,1,0.1,0.2,0.04,1.6,0.5,0.8,0.3,0.4
Catalpa,Catalpa,catalpa,Catalpa,Bignoniaceae,Btr,genus,,,0.2,0.02,0.05,0.1,0.05,0.05,0.04,0.05,0.06,0.04,1.6,0.24,0.7,0.4,1,0.1,0.2,0.04,1.6,0.5,0.8,0.3,0.4
Catalpa bignonioides,Catalpa,southern catalpa,Catalpa,Bignoniaceae,Btr,species,,,0.2,0.02,0.05,0.1,0.05,0.05,0.04,0.05,0.06,0.04,1.6,0.24,0.7,0.4,1,0.1,0.2,0.04,1.6,0.5,0.8,0.3,0.4
Catalpa erubescens,Catalpa,catalpa,Catalpa,Bignoniaceae,Btr,species,,,0.2,0.02,0.05,0.1,0.05,0.05,0.04,0.05,0.06,0.04,1.6,0.24,0.7,0.4,1,0.1,0.2,0.04,1.6,0.5,0.8,0.3,0.4
Catalpa speciosa,Catalpa,northern catalpa,Catalpa,Bignoniaceae,Btr,species,,,0.2,0.02,0.05,0.1,0.05,0.05,0.04,0.05,0.06,0.04,1.6,0.24,0.7,0.4,1,0.1,0.2,0.04,1.6,0.5,0.8,0.3,0.4
Catha,NoData,,Catha,Celastraceae,Unknown,genus,,,4,0.02,0.12,0.12,0.06,0.06,0.04,0.05,0.06,0.04,1.6,0.24,0.7,0.4,1,0.1,0.2,0.04,1.6,0.5,0.8,0.3,0.4
Catha edulis,NoData,khat,Catha,Celastraceae,Unknown,species,,,4,0.02,0.12,0.12,0.06,0.06,0.04,0.05,0.06,0.04,1.6,0.24,0.7,0.4,1,0.1,0.2,0.04,1.6,0.5,0.8,0.3,0.4
Ceanothus,NoDataLowIso,,Ceanothus,Rhamnaceae,Btr,genus,,,0.2,0.02,0.2,0.2,0.2,0.2,0.04,0.05,0.04,0.02,1.6,0.24,0.7,0.4,1,0.1,0.2,0.04,1.6,0.5,0.8,0.3,0.4
Ceanothus arboreus,NoDataLowIso,feltleaf ceanothus,Ceanothus,Rhamnaceae,Btr,species,,,0.2,0.02,0.2,0.2,0.2,0.2,0.04,0.05,0.04,0.02,1.6,0.24,0.7,0.4,1,0.1,0.2,0.04,1.6,0.5,0.8,0.3,0.4
Ceanothus arnborescens,NoDataLowIso,,Ceanothus,Rhamnaceae,Unknown,species,,,0.2,0.02,0.2,0.2,0.2,0.2,0.04,0.05,0.04,0.02,1.6,0.24,0.7,0.4,1,0.1,0.2,0.04,1.6,0.5,0.8,0.3,0.4
Ceanothus crassifolius,NoDataLowIso,hoaryleaf ceanothus,Ceanothus,Rhamnaceae,Shrub,species,,,0.2,0.02,0.2,0.2,0.2,0.2,0.04,0.05,0.04,0.02,1.6,0.24,0.7,0.4,1,0.1,0.2,0.04,1.6,0.5,0.8,0.3,0.4
Ceanothus cuneatus,NoDataLowIso,buckbrush,Ceanothus,Rhamnaceae,Shrub,species,,,0.2,0.02,0.2,0.2,0.2,0.2,0.04,0.05,0.04,0.02,1.6,0.24,0.7,0.4,1,0.1,0.2,0.04,1.6,0.5,0.8,0.3,0.4
Ceanothus greggii,NoDataLowIso,desert ceanothus,Ceanothus,Rhamnaceae,Shrub,species,,,0.2,0.02,0.2,0.2,0.2,0.2,0.04,0.05,0.04,0.02,1.6,0.24,0.7,0.4,1,0.1,0.2,0.04,1.6,0.5,0.8,0.3,0.4
Ceanothus leucodermis,NoDataLowIso,chaparral whitethorn,Ceanothus,Rhamnaceae,Shrub,species,,,0.2,0.02,0.2,0.2,0.2,0.2,0.04,0.05,0.04,0.02,1.6,0.24,0.7,0.4,1,0.1,0.2,0.04,1.6,0.5,0.8,0.3,0.4
Ceanothus maritimus,NoDataLowIso,maritime ceanothus,Ceanothus,Rhamnaceae,Shrub,species,,,0.2,0.02,0.2,0.2,0.2,0.2,0.04,0.05,0.04,0.02,1.6,0.24,0.7,0.4,1,0.1,0.2,0.04,1.6,0.5,0.8,0.3,0.4
Ceanothus spinosus,NoDataLowIso,redheart,Ceanothus,Rhamnaceae,Btr,species,,,0.2,0.02,0.2,0.2,0.2,0.2,0.04,0.05,0.04,0.02,1.6,0.24,0.7,0.4,1,0.1,0.2,0.04,1.6,0.5,0.8,0.3,0.4
Ceatonia,NoData,,Ceatonia,Cecropiaceae,Btr,genus,,,4,0.02,0.12,0.12,0.06,0.06,0.04,0.05,0.06,0.04,1.6,0.24,0.7,0.4,1,0.1,0.2,0.04,1.6,0.5,0.8,0.3,0.4
Cecropia,NoData,pumpwood,Cecropia,Cecropiaceae,Btr,genus,,,4,0.02,0.12,0.12,0.06,0.06,0.04,0.05,0.06,0.04,1.6,0.24,0.7,0.4,1,0.1,0.2,0.04,1.6,0.5,0.8,0.3,0.4
Cecropia longipes,NoData,,Cecropia,Cecropiaceae,Unknown,species,,,4,0.02,0.12,0.12,0.06,0.06,0.04,0.05,0.06,0.04,1.6,0.24,0.7,0.4,1,0.1,0.2,0.04,1.6,0.5,0.8,0.3,0.4
Cecropia obtusifolia,NoData,trumpet tree,Cecropia,Cecropiaceae,Btr,species,,,4,0.02,0.12,0.12,0.06,0.06,0.04,0.05,0.06,0.04,1.6,0.24,0.7,0.4,1,0.1,0.2,0.04,1.6,0.5,0.8,0.3,0.4
Cecropia peltata,NoData,,Cecropia,Cecropiaceae,Unknown,species,,,4,0.02,0.12,0.12,0.06,0.06,0.04,0.05,0.06,0.04,1.6,0.24,0.7,0.4,1,0.1,0.2,0.04,1.6,0.5,0.8,0.3,0.4
Cecropia sciadophylla,NoData,,Cecropia,Cecropiaceae,Unknown,species,,,4,0.02,0.12,0.12,0.06,0.06,0.04,0.05,0.06,0.04,1.6,0.24,0.7,0.4,1,0.1,0.2,0.04,1.6,0.5,0.8,0.3,0.4
Cedrela,NoData,,Cedrela,Meliaceae,Ntr,genus,,,4,0.02,0.12,0.12,0.06,0.06,0.04,0.05,0.06,0.04,1.6,0.24,0.7,0.4,1,0.1,0.2,0.04,1.6,0.5,0.8,0.3,0.4
Cedrus,NoDataLowIso,cedar,Cedrus,Pinaceae,Ntr,genus,,,0.2,0.02,0.2,0.2,0.2,0.2,0.04,0.05,0.04,0.02,1.6,0.24,0.7,0.4,1,0.1,0.2,0.04,1.6,0.5,0.8,0.3,0.4
Cedrus atlantica,NoDataLowIso,,Cedrus,Pinaceae,Unknown,species,,,0.2,0.02,0.2,0.2,0.2,0.2,0.04,0.05,0.04,0.02,1.6,0.24,0.7,0.4,1,0.1,0.2,0.04,1.6,0.5,0.8,0.3,0.4
Cedrus deodara,NoDataLowIso,Deodar cedar,Cedrus,Pinaceae,Ntr,species,,,0.2,0.02,0.2,0.2,0.2,0.2,0.04,0.05,0.04,0.02,1.6,0.24,0.7,0.4,1,0.1,0.2,0.04,1.6,0.5,0.8,0.3,0.4
Cedrus libani,NoDataLowIso,,Cedrus,Pinaceae,Ntr,species,,,0.2,0.02,0.2,0.2,0.2,0.2,0.04,0.05,0.04,0.02,1.6,0.24,0.7,0.4,1,0.1,0.2,0.04,1.6,0.5,0.8,0.3,0.4
Ceiba,NoData,,Ceiba,Bombacaceae,Btr,genus,,,4,0.02,0.12,0.12,0.06,0.06,0.04,0.05,0.06,0.04,1.6,0.24,0.7,0.4,1,0.1,0.2,0.04,1.6,0.5,0.8,0.3,0.4
Ceiba insignis,NoData,,Ceiba,Bombacaceae,Btr,species,,,4,0.02,0.12,0.12,0.06,0.06,0.04,0.05,0.06,0.04,1.6,0.24,0.7,0.4,1,0.1,0.2,0.04,1.6,0.5,0.8,0.3,0.4
Ceiba pentandra,NoData,kapoktree,Ceiba,Bombacaceae,Btr,species,,,4,0.02,0.12,0.12,0.06,0.06,0.04,0.05,0.06,0.04,1.6,0.24,0.7,0.4,1,0.1,0.2,0.04,1.6,0.5,0.8,0.3,0.4
Ceiba speciosa,NoData,,Ceiba,Bombacaceae,Btr,species,,,4,0.02,0.12,0.12,0.06,0.06,0.04,0.05,0.06,0.04,1.6,0.24,0.7,0.4,1,0.1,0.2,0.04,1.6,0.5,0.8,0.3,0.4
Celastrus,NoData,,Celastrus,TBD,Shrub,genus,from LFRDB,,4,0.02,0.12,0.12,0.06,0.06,0.04,0.05,0.06,0.04,1.6,0.24,0.7,0.4,1,0.1,0.2,0.04,1.6,0.5,0.8,0.3,0.4
Celtis,Celtis,hackberry,Celtis,Ulmaceae,Btr,genus,,,0.6,0.02,0.05,0.05,0.05,0.2,0.04,0.05,0.06,0.04,1.6,0.24,0.7,0.4,1,0.1,0.2,0.04,1.6,0.5,0.8,0.3,0.4
Celtis africanus,Celtis,,Celtis,Ulmaceae,Unknown,species,,,0.6,0.02,0.05,0.05,0.05,0.2,0.04,0.05,0.06,0.04,1.6,0.24,0.7,0.4,1,0.1,0.2,0.04,1.6,0.5,0.8,0.3,0.4
Celtis australis,Celtis,European hackberry,Celtis,Ulmaceae,Btr,species,,,0.6,0.02,0.05,0.05,0.05,0.2,0.04,0.05,0.06,0.04,1.6,0.24,0.7,0.4,1,0.1,0.2,0.04,1.6,0.5,0.8,0.3,0.4
Celtis douglasii,Celtis,,Celtis,Ulmaceae,Unknown,species,,,0.6,0.02,0.05,0.05,0.05,0.2,0.04,0.05,0.06,0.04,1.6,0.24,0.7,0.4,1,0.1,0.2,0.04,1.6,0.5,0.8,0.3,0.4
Celtis laevigata,Celtis,sugarberry,Celtis,Ulmaceae,Btr,species,,,0.6,0.02,0.05,0.05,0.05,0.2,0.04,0.05,0.06,0.04,1.6,0.24,0.7,0.4,1,0.1,0.2,0.04,1.6,0.5,0.8,0.3,0.4
Celtis lindheimeri,Celtis,Lindheimer's hackberry,Celtis,Ulmaceae,Btr,species,,,0.6,0.02,0.05,0.05,0.05,0.2,0.04,0.05,0.06,0.04,1.6,0.24,0.7,0.4,1,0.1,0.2,0.04,1.6,0.5,0.8,0.3,0.4
Celtis mildbraedii,Celtis,,Celtis,Ulmaceae,Unknown,species,,,0.6,0.02,0.05,0.05,0.05,0.2,0.04,0.05,0.06,0.04,1.6,0.24,0.7,0.4,1,0.1,0.2,0.04,1.6,0.5,0.8,0.3,0.4
Celtis occidentalis,Celtis,common hackberry,Celtis,Ulmaceae,Btr,species,,,0.6,0.02,0.05,0.05,0.05,0.2,0.04,0.05,0.06,0.04,1.6,0.24,0.7,0.4,1,0.1,0.2,0.04,1.6,0.5,0.8,0.3,0.4
Celtis pallida,Celtis,,Celtis,Cannabaceae,Unknown,species,,,0.6,0.02,0.05,0.05,0.05,0.2,0.04,0.05,0.06,0.04,1.6,0.24,0.7,0.4,1,0.1,0.2,0.04,1.6,0.5,0.8,0.3,0.4
Celtis reticulata,Celtis,,Celtis,Ulmaceae,Unknown,species,,,0.6,0.02,0.05,0.05,0.05,0.2,0.04,0.05,0.06,0.04,1.6,0.24,0.7,0.4,1,0.1,0.2,0.04,1.6,0.5,0.8,0.3,0.4
Celtis sinensis,Celtis,Chinese hackberry,Celtis,Ulmaceae,Unknown,species,,,0.6,0.02,0.05,0.05,0.05,0.2,0.04,0.05,0.06,0.04,1.6,0.24,0.7,0.4,1,0.1,0.2,0.04,1.6,0.5,0.8,0.3,0.4
Celtis tetrandra,Celtis,,Celtis,Ulmaceae,Unknown,species,,,0.6,0.02,0.05,0.05,0.05,0.2,0.04,0.05,0.06,0.04,1.6,0.24,0.7,0.4,1,0.1,0.2,0.04,1.6,0.5,0.8,0.3,0.4
Celtis wightii,Celtis,,Celtis,Ulmaceae,Unknown,species,,,0.6,0.02,0.05,0.05,0.05,0.2,0.04,0.05,0.06,0.04,1.6,0.24,0.7,0.4,1,0.1,0.2,0.04,1.6,0.5,0.8,0.3,0.4
Cenchrus,NoData,,TBD,TBD,TBD,genus,,LF CTCOG,4,0.02,0.12,0.12,0.06,0.06,0.04,0.05,0.06,0.04,1.6,0.24,0.7,0.4,1,0.1,0.2,0.04,1.6,0.5,0.8,0.3,0.4
Centaurea,NoData,,TBD,TBD,TBD,genus,,LF CTCOG,4,0.02,0.12,0.12,0.06,0.06,0.04,0.05,0.06,0.04,1.6,0.24,0.7,0.4,1,0.1,0.2,0.04,1.6,0.5,0.8,0.3,0.4
Cephalanthus,NoData,,Cephalanthus,Rubiaceae,shrub,genus,,,4,0.02,0.12,0.12,0.06,0.06,0.04,0.05,0.06,0.04,1.6,0.24,0.7,0.4,1,0.1,0.2,0.04,1.6,0.5,0.8,0.3,0.4
Cephalanthus occidentalis,NoData,buttonbush,Cephalanthus,Rubiaceae,shrub,species,,,4,0.02,0.12,0.12,0.06,0.06,0.04,0.05,0.06,0.04,1.6,0.24,0.7,0.4,1,0.1,0.2,0.04,1.6,0.5,0.8,0.3,0.4
Cephalocereus,NoData,,Cephalocereus,Cactaceae,Unknown,genus,,,4,0.02,0.12,0.12,0.06,0.06,0.04,0.05,0.06,0.04,1.6,0.24,0.7,0.4,1,0.1,0.2,0.04,1.6,0.5,0.8,0.3,0.4
Cephalocereus royenii,NoData,,Cephalocereus,Cactaceae,Unknown,species,,,4,0.02,0.12,0.12,0.06,0.06,0.04,0.05,0.06,0.04,1.6,0.24,0.7,0.4,1,0.1,0.2,0.04,1.6,0.5,0.8,0.3,0.4
Ceratiola,NoData,,Ceratiola,TBD,Shrub,genus,from LFRDB,,4,0.02,0.12,0.12,0.06,0.06,0.04,0.05,0.06,0.04,1.6,0.24,0.7,0.4,1,0.1,0.2,0.04,1.6,0.5,0.8,0.3,0.4
Ceratoides,NoData,,TBD,TBD,TBD,genus,,LF CTCOG,4,0.02,0.12,0.12,0.06,0.06,0.04,0.05,0.06,0.04,1.6,0.24,0.7,0.4,1,0.1,0.2,0.04,1.6,0.5,0.8,0.3,0.4
Ceratonia,Ceratonia,ceratonia,Ceratonia,Fabaceae,Btr,genus,,,0.2,0.02,0.01,0.02,0.02,0.02,0.04,0.05,0.005,0.01,1.6,0.24,0.7,0.4,1,0.1,0.2,0.04,1.6,0.5,0.8,0.3,0.4
Ceratonia siliqua,Ceratonia,St. John's bread,Ceratonia,Fabaceae,Btr,species,,,0.2,0.02,0.01,0.02,0.02,0.02,0.04,0.05,0.005,0.01,1.6,0.24,0.7,0.4,1,0.1,0.2,0.04,1.6,0.5,0.8,0.3,0.4
Ceratoxalis,NoData,,TBD,TBD,TBD,genus,,LF CTCOG,4,0.02,0.12,0.12,0.06,0.06,0.04,0.05,0.06,0.04,1.6,0.24,0.7,0.4,1,0.1,0.2,0.04,1.6,0.5,0.8,0.3,0.4
Cercidiphyllum,NoData,,Cercidiphyllum,Cercidiphyllaceae,Btr,genus,,,4,0.02,0.12,0.12,0.06,0.06,0.04,0.05,0.06,0.04,1.6,0.24,0.7,0.4,1,0.1,0.2,0.04,1.6,0.5,0.8,0.3,0.4
Cercidiphyllum japonicum,NoData,katsura tree,Cercidiphyllum,Cercidiphyllaceae,Btr,species,,,4,0.02,0.12,0.12,0.06,0.06,0.04,0.05,0.06,0.04,1.6,0.24,0.7,0.4,1,0.1,0.2,0.04,1.6,0.5,0.8,0.3,0.4
Cercidiphyllum magnificum,NoData,,Cercidiphyllum,Cercidiphyllaceae,Unknown,species,,,4,0.02,0.12,0.12,0.06,0.06,0.04,0.05,0.06,0.04,1.6,0.24,0.7,0.4,1,0.1,0.2,0.04,1.6,0.5,0.8,0.3,0.4
Cercidium,NoData,,Cercidium,Fabaceae,Unknown,genus,,,4,0.02,0.12,0.12,0.06,0.06,0.04,0.05,0.06,0.04,1.6,0.24,0.7,0.4,1,0.1,0.2,0.04,1.6,0.5,0.8,0.3,0.4
Cercidium floridum,NoData,,Cercidium,Fabaceae,Unknown,species,,,4,0.02,0.12,0.12,0.06,0.06,0.04,0.05,0.06,0.04,1.6,0.24,0.7,0.4,1,0.1,0.2,0.04,1.6,0.5,0.8,0.3,0.4
Cercis,Cercis,redbud,Cercis,Fabaceae,Btr,genus,,,8,0.02,0.005,0.2,0.005,0.005,0.01,0.05,0.001,0.001,1.6,0.24,0.7,0.4,1,0.1,0.2,0.04,1.6,0.5,0.8,0.3,0.4
Cercis canadenis,Cercis,,Cercis,Fabaceae,Unknown,species,,,8,0.02,0.005,0.2,0.005,0.005,0.01,0.05,0.001,0.001,1.6,0.24,0.7,0.4,1,0.1,0.2,0.04,1.6,0.5,0.8,0.3,0.4
Cercis canadensis,Cercis,eastern redbud,Cercis,Fabaceae,Btr,species,,,8,0.02,0.005,0.2,0.005,0.005,0.01,0.05,0.001,0.001,1.6,0.24,0.7,0.4,1,0.1,0.2,0.04,1.6,0.5,0.8,0.3,0.4
Cercis occidentalis,Cercis,California redbud,Cercis,Fabaceae,Btr,species,,,8,0.02,0.005,0.2,0.005,0.005,0.01,0.05,0.001,0.001,1.6,0.24,0.7,0.4,1,0.1,0.2,0.04,1.6,0.5,0.8,0.3,0.4
Cercis orbiculata,Cercis,California redbud,Cercis,Fabaceae,Btr,species,,,8,0.02,0.005,0.2,0.005,0.005,0.01,0.05,0.001,0.001,1.6,0.24,0.7,0.4,1,0.1,0.2,0.04,1.6,0.5,0.8,0.3,0.4
Cercis reniformis,Cercis,,Cercis,Fabaceae,Btr,species,,,8,0.02,0.005,0.2,0.005,0.005,0.01,0.05,0.001,0.001,1.6,0.24,0.7,0.4,1,0.1,0.2,0.04,1.6,0.5,0.8,0.3,0.4
Cercocarpus,Sorbus,,Cercocarpus,Rosaceae,Unknown,genus,,,0.2,0.02,0.05,0.05,0.02,0.05,0.04,0.05,0.06,0.04,1.6,0.24,0.7,0.4,1,0.1,0.2,0.04,1.6,0.5,0.8,0.3,0.4
Cercocarpus betuloides,Sorbus,,Cercocarpus,Rosaceae,Unknown,species,,,0.2,0.02,0.05,0.05,0.02,0.05,0.04,0.05,0.06,0.04,1.6,0.24,0.7,0.4,1,0.1,0.2,0.04,1.6,0.5,0.8,0.3,0.4
Cercocarpus ledifolius,Sorbus,curl-leaf mountain mahogany,Cercocarpus,Rosaceae,Btr,species,,,0.2,0.02,0.05,0.05,0.02,0.05,0.04,0.05,0.06,0.04,1.6,0.24,0.7,0.4,1,0.1,0.2,0.04,1.6,0.5,0.8,0.3,0.4
Cercocarpus montanus,Sorbus,alderleaf mountain mahogany,Cercocarpus,Rosaceae,Btr,species,,,0.2,0.02,0.05,0.05,0.02,0.05,0.04,0.05,0.06,0.04,1.6,0.24,0.7,0.4,1,0.1,0.2,0.04,1.6,0.5,0.8,0.3,0.4
Cereus,NoData,,Cereus,Cactaceae,Btr,genus,,,4,0.02,0.12,0.12,0.06,0.06,0.04,0.05,0.06,0.04,1.6,0.24,0.7,0.4,1,0.1,0.2,0.04,1.6,0.5,0.8,0.3,0.4
Cereus peruvianus,NoData,,Cereus,Cactaceae,Btr,species,,,4,0.02,0.12,0.12,0.06,0.06,0.04,0.05,0.06,0.04,1.6,0.24,0.7,0.4,1,0.1,0.2,0.04,1.6,0.5,0.8,0.3,0.4
Cerothamnus,NoData,,TBD,TBD,TBD,genus,,LF CTCOG,4,0.02,0.12,0.12,0.06,0.06,0.04,0.05,0.06,0.04,1.6,0.24,0.7,0.4,1,0.1,0.2,0.04,1.6,0.5,0.8,0.3,0.4
Cestrum,NoData,,Cestrum,Solanaceae,Btr,species,,,4,0.02,0.12,0.12,0.06,0.06,0.04,0.05,0.06,0.04,1.6,0.24,0.7,0.4,1,0.1,0.2,0.04,1.6,0.5,0.8,0.3,0.4
Cestrum diurnum,NoData,day jessamine,Cestrum,Solanaceae,Btr,species,,,4,0.02,0.12,0.12,0.06,0.06,0.04,0.05,0.06,0.04,1.6,0.24,0.7,0.4,1,0.1,0.2,0.04,1.6,0.5,0.8,0.3,0.4
Cevallia,NoData,,TBD,TBD,TBD,genus,,LF CTCOG,4,0.02,0.12,0.12,0.06,0.06,0.04,0.05,0.06,0.04,1.6,0.24,0.7,0.4,1,0.1,0.2,0.04,1.6,0.5,0.8,0.3,0.4
Chaenactis,NoData,,Chaenactis,TBD,Shrub,genus,from LFRDB,,4,0.02,0.12,0.12,0.06,0.06,0.04,0.05,0.06,0.04,1.6,0.24,0.7,0.4,1,0.1,0.2,0.04,1.6,0.5,0.8,0.3,0.4
Chaetochloa,NoData,,TBD,TBD,TBD,genus,,LF CTCOG,4,0.02,0.12,0.12,0.06,0.06,0.04,0.05,0.06,0.04,1.6,0.24,0.7,0.4,1,0.1,0.2,0.04,1.6,0.5,0.8,0.3,0.4
Chamaebatia,NoData,,Chamaebatia,TBD,Shrub,genus,from LFRDB,,4,0.02,0.12,0.12,0.06,0.06,0.04,0.05,0.06,0.04,1.6,0.24,0.7,0.4,1,0.1,0.2,0.04,1.6,0.5,0.8,0.3,0.4
Chamaebatiaria,NoData,,Chamaebatiaria,TBD,Shrub,genus,from LFRDB,,4,0.02,0.12,0.12,0.06,0.06,0.04,0.05,0.06,0.04,1.6,0.24,0.7,0.4,1,0.1,0.2,0.04,1.6,0.5,0.8,0.3,0.4
Chamaecyparis,Chamaecyparis,cedar,Chamaecyparis,Cupressaceae,Ntr,genus,,,0.2,0.02,0.4,0.2,0.02,0.05,0.04,0.05,0.1,0.06,1.6,0.24,0.7,0.4,1,0.1,0.2,0.04,1.6,0.5,0.8,0.3,0.4
Chamaecyparis lawsoniana,Chamaecyparis,Port Orford cedar,Chamaecyparis,Cupressaceae,Ntr,species,,,0.2,0.02,0.4,0.2,0.02,0.05,0.04,0.05,0.1,0.06,1.6,0.24,0.7,0.4,1,0.1,0.2,0.04,1.6,0.5,0.8,0.3,0.4
Chamaecyparis nootkatensis,Chamaecyparis,,Chamaecyparis,Cupressaceae,Ntr,species,,,0.2,0.02,0.4,0.2,0.02,0.05,0.04,0.05,0.1,0.06,1.6,0.24,0.7,0.4,1,0.1,0.2,0.04,1.6,0.5,0.8,0.3,0.4
Chamaecyparis obtusa,Chamaecyparis,hinoki false cypress,Chamaecyparis,Cupressaceae,Ntr,species,,,0.2,0.02,0.4,0.2,0.02,0.05,0.04,0.05,0.1,0.06,1.6,0.24,0.7,0.4,1,0.1,0.2,0.04,1.6,0.5,0.8,0.3,0.4
Chamaecyparis thyoides,Chamaecyparis,Atlantic white cedar,Chamaecyparis,Cupressaceae,Ntr,species,,,0.2,0.02,0.4,0.2,0.02,0.05,0.04,0.05,0.1,0.06,1.6,0.24,0.7,0.4,1,0.1,0.2,0.04,1.6,0.5,0.8,0.3,0.4
Chamaedaphne,NoData,,Chamaedaphne,Ericaceae,Shrub,genus,,,4,0.02,0.12,0.12,0.06,0.06,0.04,0.05,0.06,0.04,1.6,0.24,0.7,0.4,1,0.1,0.2,0.04,1.6,0.5,0.8,0.3,0.4
Chamaedaphne calyculata,NoData,leatherleaf,Chamaedaphne,Ericaceae,Shrub,species,,,4,0.02,0.12,0.12,0.06,0.06,0.04,0.05,0.06,0.04,1.6,0.24,0.7,0.4,1,0.1,0.2,0.04,1.6,0.5,0.8,0.3,0.4
Chamaedorea,NoData,chamaedorea,Chamaedorea,Arecaceae,Btr,genus,,,4,0.02,0.12,0.12,0.06,0.06,0.04,0.05,0.06,0.04,1.6,0.24,0.7,0.4,1,0.1,0.2,0.04,1.6,0.5,0.8,0.3,0.4
Chamaerops,NoData,,Chamaerops,Arecaceae,Unknown,species,,,4,0.02,0.12,0.12,0.06,0.06,0.04,0.05,0.06,0.04,1.6,0.24,0.7,0.4,1,0.1,0.2,0.04,1.6,0.5,0.8,0.3,0.4
Chamaerops humilis,NoData,European fan palm,Chamaerops,Arecaceae,Unknown,species,,,4,0.02,0.12,0.12,0.06,0.06,0.04,0.05,0.06,0.04,1.6,0.24,0.7,0.4,1,0.1,0.2,0.04,1.6,0.5,0.8,0.3,0.4
Chamaespartium,NoData,,Chamaespartium,Fabaceae,Unknown,genus,,,4,0.02,0.12,0.12,0.06,0.06,0.04,0.05,0.06,0.04,1.6,0.24,0.7,0.4,1,0.1,0.2,0.04,1.6,0.5,0.8,0.3,0.4
Chamaespartium tridentatum,NoData,,Chamaespartium,Fabaceae,Unknown,species,,,4,0.02,0.12,0.12,0.06,0.06,0.04,0.05,0.06,0.04,1.6,0.24,0.7,0.4,1,0.1,0.2,0.04,1.6,0.5,0.8,0.3,0.4
Chamaesyce,NoData,,TBD,TBD,TBD,genus,,LF CTCOG,4,0.02,0.12,0.12,0.06,0.06,0.04,0.05,0.06,0.04,1.6,0.24,0.7,0.4,1,0.1,0.2,0.04,1.6,0.5,0.8,0.3,0.4
Chamisme,NoData,,TBD,TBD,TBD,genus,,LF CTCOG,4,0.02,0.12,0.12,0.06,0.06,0.04,0.05,0.06,0.04,1.6,0.24,0.7,0.4,1,0.1,0.2,0.04,1.6,0.5,0.8,0.3,0.4
Chasmanthium,NoData,,TBD,TBD,TBD,genus,,LF CTCOG,4,0.02,0.12,0.12,0.06,0.06,0.04,0.05,0.06,0.04,1.6,0.24,0.7,0.4,1,0.1,0.2,0.04,1.6,0.5,0.8,0.3,0.4
Cheilanthes,NoData,,TBD,TBD,TBD,genus,,LF CTCOG,4,0.02,0.12,0.12,0.06,0.06,0.04,0.05,0.06,0.04,1.6,0.24,0.7,0.4,1,0.1,0.2,0.04,1.6,0.5,0.8,0.3,0.4
Chenopodium,NoData,,TBD,TBD,TBD,genus,,LF CTCOG,4,0.02,0.12,0.12,0.06,0.06,0.04,0.05,0.06,0.04,1.6,0.24,0.7,0.4,1,0.1,0.2,0.04,1.6,0.5,0.8,0.3,0.4
Chilopsis,NoData,desert willow,Chilopsis,Bignoniaceae,Btr,genus,,,4,0.02,0.12,0.12,0.06,0.06,0.04,0.05,0.06,0.04,1.6,0.24,0.7,0.4,1,0.1,0.2,0.04,1.6,0.5,0.8,0.3,0.4
Chilopsis linearis,NoData,desert willow,Chilopsis,Bignoniaceae,Btr,species,,,4,0.02,0.12,0.12,0.06,0.06,0.04,0.05,0.06,0.04,1.6,0.24,0.7,0.4,1,0.1,0.2,0.04,1.6,0.5,0.8,0.3,0.4
Chimonobambusa,NoData,,Chimonobambusa,Poaceae,Unknown,genus,,,4,0.02,0.12,0.12,0.06,0.06,0.04,0.05,0.06,0.04,1.6,0.24,0.7,0.4,1,0.1,0.2,0.04,1.6,0.5,0.8,0.3,0.4
Chiococca,NoData,,Chiococca,TBD,Shrub,genus,from LFRDB,,4,0.02,0.12,0.12,0.06,0.06,0.04,0.05,0.06,0.04,1.6,0.24,0.7,0.4,1,0.1,0.2,0.04,1.6,0.5,0.8,0.3,0.4
Chiogenes,NoData,,Chiogenes,TBD,Shrub,genus,from LFRDB,,4,0.02,0.12,0.12,0.06,0.06,0.04,0.05,0.06,0.04,1.6,0.24,0.7,0.4,1,0.1,0.2,0.04,1.6,0.5,0.8,0.3,0.4
Chionanthus,NoData,,Chionanthus,Oleaceae,Btr,genus,,,4,0.02,0.12,0.12,0.06,0.06,0.04,0.05,0.06,0.04,1.6,0.24,0.7,0.4,1,0.1,0.2,0.04,1.6,0.5,0.8,0.3,0.4
Chionanthus retusus,NoData,,Chionanthus,Oleaceae,Btr,species,,,4,0.02,0.12,0.12,0.06,0.06,0.04,0.05,0.06,0.04,1.6,0.24,0.7,0.4,1,0.1,0.2,0.04,1.6,0.5,0.8,0.3,0.4
Chiranthodendron,NoData,chiranthodendron,Chiranthodendron,Sterculiaceae,Unknown,genus,,,4,0.02,0.12,0.12,0.06,0.06,0.04,0.05,0.06,0.04,1.6,0.24,0.7,0.4,1,0.1,0.2,0.04,1.6,0.5,0.8,0.3,0.4
Chiranthodendron pentadactylon,NoData,Mexican-hat-plant,Chiranthodendron,Sterculiaceae,Unknown,species,,,4,0.02,0.12,0.12,0.06,0.06,0.04,0.05,0.06,0.04,1.6,0.24,0.7,0.4,1,0.1,0.2,0.04,1.6,0.5,0.8,0.3,0.4
Chitalpa,NoData,Catalpa x Chilopsis,Chitalpa,Bignoniaceae,Btr,genus,,,4,0.02,0.12,0.12,0.06,0.06,0.04,0.05,0.06,0.04,1.6,0.24,0.7,0.4,1,0.1,0.2,0.04,1.6,0.5,0.8,0.3,0.4
Chitalpa tashkentensis,NoData,,Chitalpa,Bignoniaceae,Btr,species,,,4,0.02,0.12,0.12,0.06,0.06,0.04,0.05,0.06,0.04,1.6,0.24,0.7,0.4,1,0.1,0.2,0.04,1.6,0.5,0.8,0.3,0.4
Chloris,NoData,,Chloris,Poaceae,Herb,genus,,,4,0.02,0.12,0.12,0.06,0.06,0.04,0.05,0.06,0.04,1.6,0.24,0.7,0.4,1,0.1,0.2,0.04,1.6,0.5,0.8,0.3,0.4
Chloris cucullata,NoData,hooded windmill grass,Chloris,Poaceae,Herb,species,,,4,0.02,0.12,0.12,0.06,0.06,0.04,0.05,0.06,0.04,1.6,0.24,0.7,0.4,1,0.1,0.2,0.04,1.6,0.5,0.8,0.3,0.4
Chloris pluriflora,NoData,,Chloris,Poaceae,Unknown,species,,,4,0.02,0.12,0.12,0.06,0.06,0.04,0.05,0.06,0.04,1.6,0.24,0.7,0.4,1,0.1,0.2,0.04,1.6,0.5,0.8,0.3,0.4
Choisya,NoData,,TBD,TBD,TBD,genus,,LF CTCOG,4,0.02,0.12,0.12,0.06,0.06,0.04,0.05,0.06,0.04,1.6,0.24,0.7,0.4,1,0.1,0.2,0.04,1.6,0.5,0.8,0.3,0.4
Chorisia,NoData,,Chorisia,Bombacaceae,Btr,genus,,,4,0.02,0.12,0.12,0.06,0.06,0.04,0.05,0.06,0.04,1.6,0.24,0.7,0.4,1,0.1,0.2,0.04,1.6,0.5,0.8,0.3,0.4
Chorisia insignis,NoData,white silk floss tree,Chorisia,Bombacaceae,Btr,species,,,4,0.02,0.12,0.12,0.06,0.06,0.04,0.05,0.06,0.04,1.6,0.24,0.7,0.4,1,0.1,0.2,0.04,1.6,0.5,0.8,0.3,0.4
Chorisia speciosa,NoData,silk-floss tree,Chorisia,Bombacaceae,Btr,species,,,4,0.02,0.12,0.12,0.06,0.06,0.04,0.05,0.06,0.04,1.6,0.24,0.7,0.4,1,0.1,0.2,0.04,1.6,0.5,0.8,0.3,0.4
Chorispora,NoData,,TBD,TBD,TBD,genus,,LF CTCOG,4,0.02,0.12,0.12,0.06,0.06,0.04,0.05,0.06,0.04,1.6,0.24,0.7,0.4,1,0.1,0.2,0.04,1.6,0.5,0.8,0.3,0.4
Chrysactinia,NoData,,TBD,TBD,TBD,genus,,LF CTCOG,4,0.02,0.12,0.12,0.06,0.06,0.04,0.05,0.06,0.04,1.6,0.24,0.7,0.4,1,0.1,0.2,0.04,1.6,0.5,0.8,0.3,0.4
Chrysanthemum,NoData,daisy,Chrysanthemum,Asteraceae,Unknown,genus,,,4,0.02,0.12,0.12,0.06,0.06,0.04,0.05,0.06,0.04,1.6,0.24,0.7,0.4,1,0.1,0.2,0.04,1.6,0.5,0.8,0.3,0.4
Chrysanthemum nauseosus,NoData,,Chrysanthemum,Asteraceae,Unknown,species,,,4,0.02,0.12,0.12,0.06,0.06,0.04,0.05,0.06,0.04,1.6,0.24,0.7,0.4,1,0.1,0.2,0.04,1.6,0.5,0.8,0.3,0.4
Chrysanthemum praecox,NoData,,Chrysanthemum,Asteraceae,Unknown,species,,,4,0.02,0.12,0.12,0.06,0.06,0.04,0.05,0.06,0.04,1.6,0.24,0.7,0.4,1,0.1,0.2,0.04,1.6,0.5,0.8,0.3,0.4
Chrysobalanaceae,NoData,,Chrysobalanaceae,Chrysobalanaceae,Unknown,family,,,4,0.02,0.12,0.12,0.06,0.06,0.04,0.05,0.06,0.04,1.6,0.24,0.7,0.4,1,0.1,0.2,0.04,1.6,0.5,0.8,0.3,0.4
Chrysobalanus,NoData,,Chrysobalanus,TBD,Shrub,genus,from LFRDB,,4,0.02,0.12,0.12,0.06,0.06,0.04,0.05,0.06,0.04,1.6,0.24,0.7,0.4,1,0.1,0.2,0.04,1.6,0.5,0.8,0.3,0.4
Chrysolepis,NoData,chinquapin,Chrysolepis,Fagaceae,Btr,genus,from LFRDB,,4,0.02,0.12,0.12,0.06,0.06,0.04,0.05,0.06,0.04,1.6,0.24,0.7,0.4,1,0.1,0.2,0.04,1.6,0.5,0.8,0.3,0.4
Chrysophyllum,NoData,,Chrysophyllum,Sapotaceae,Btr,genus,,,4,0.02,0.12,0.12,0.06,0.06,0.04,0.05,0.06,0.04,1.6,0.24,0.7,0.4,1,0.1,0.2,0.04,1.6,0.5,0.8,0.3,0.4
Chrysophyllum cainito,NoData,star apple,Chrysophyllum,Sapotaceae,Btr,species,,,4,0.02,0.12,0.12,0.06,0.06,0.04,0.05,0.06,0.04,1.6,0.24,0.7,0.4,1,0.1,0.2,0.04,1.6,0.5,0.8,0.3,0.4
Chrysopsis,NoData,,TBD,TBD,TBD,genus,,LF CTCOG,4,0.02,0.12,0.12,0.06,0.06,0.04,0.05,0.06,0.04,1.6,0.24,0.7,0.4,1,0.1,0.2,0.04,1.6,0.5,0.8,0.3,0.4
Chrysothamnus,NoData,,Chrysothamnus,Asteraceae,Unknown,genus,,,4,0.02,0.12,0.12,0.06,0.06,0.04,0.05,0.06,0.04,1.6,0.24,0.7,0.4,1,0.1,0.2,0.04,1.6,0.5,0.8,0.3,0.4
Chrysothamnus nauseosus,NoData,,Chrysothamnus,Asteraceae,Unknown,species,,,4,0.02,0.12,0.12,0.06,0.06,0.04,0.05,0.06,0.04,1.6,0.24,0.7,0.4,1,0.1,0.2,0.04,1.6,0.5,0.8,0.3,0.4
Chukrasia,NoData,,Chukrasia,Meliaceae,Unknown,genus,,,4,0.02,0.12,0.12,0.06,0.06,0.04,0.05,0.06,0.04,1.6,0.24,0.7,0.4,1,0.1,0.2,0.04,1.6,0.5,0.8,0.3,0.4
Chukrasia tabularis,NoData,,Chukrasia,Meliaceae,Unknown,species,,,4,0.02,0.12,0.12,0.06,0.06,0.04,0.05,0.06,0.04,1.6,0.24,0.7,0.4,1,0.1,0.2,0.04,1.6,0.5,0.8,0.3,0.4
Chusquea,NoData,chusquea bamboo,Chusquea,Poaceae,Shrub,genus,,,4,0.02,0.12,0.12,0.06,0.06,0.04,0.05,0.06,0.04,1.6,0.24,0.7,0.4,1,0.1,0.2,0.04,1.6,0.5,0.8,0.3,0.4
Chytranthus,NoData,,Chytranthus,Sapindaceae,Unknown,genus,,,4,0.02,0.12,0.12,0.06,0.06,0.04,0.05,0.06,0.04,1.6,0.24,0.7,0.4,1,0.1,0.2,0.04,1.6,0.5,0.8,0.3,0.4
Chytranthus atroviolaceus,NoData,,Chytranthus,Sapindaceae,Unknown,species,,,4,0.02,0.12,0.12,0.06,0.06,0.04,0.05,0.06,0.04,1.6,0.24,0.7,0.4,1,0.1,0.2,0.04,1.6,0.5,0.8,0.3,0.4
Cicer arietinum,NoData,garbonzo bean,TBD,TBD,TBD,species,,,4,0.02,0.12,0.12,0.06,0.06,0.04,0.05,0.06,0.04,1.6,0.24,0.7,0.4,1,0.1,0.2,0.04,1.6,0.5,0.8,0.3,0.4
Cicuta,NoData,,TBD,TBD,TBD,genus,,LF CTCOG,4,0.02,0.12,0.12,0.06,0.06,0.04,0.05,0.06,0.04,1.6,0.24,0.7,0.4,1,0.1,0.2,0.04,1.6,0.5,0.8,0.3,0.4
Cinchona,NoData,,Cinchona,Rubiaceae,Btr,genus,,,4,0.02,0.12,0.12,0.06,0.06,0.04,0.05,0.06,0.04,1.6,0.24,0.7,0.4,1,0.1,0.2,0.04,1.6,0.5,0.8,0.3,0.4
Cinchona succiruba,NoData,cinchona,Cinchona,Rubiaceae,Btr,species,,,4,0.02,0.12,0.12,0.06,0.06,0.04,0.05,0.06,0.04,1.6,0.24,0.7,0.4,1,0.1,0.2,0.04,1.6,0.5,0.8,0.3,0.4
Cinnamomum,Cinnamomum,,Cinnamomum,Lauraceae,Unknown,genus,,,0.05,0.02,0.1,0.6,0.2,0.02,0.02,0.05,0.01,0.001,1.6,0.24,0.7,0.4,1,0.1,0.2,0.04,1.6,0.5,0.8,0.3,0.4
Cinnamomum burmani,Cinnamomum,,Cinnamomum,Lauraceae,Unknown,species,,,0.05,0.02,0.1,0.6,0.2,0.02,0.02,0.05,0.01,0.001,1.6,0.24,0.7,0.4,1,0.1,0.2,0.04,1.6,0.5,0.8,0.3,0.4
Cinnamomum camphora,Cinnamomum,camphortree,Cinnamomum,Lauraceae,Btr,species,,,0.05,0.02,0.1,0.6,0.2,0.02,0.02,0.05,0.01,0.001,1.6,0.24,0.7,0.4,1,0.1,0.2,0.04,1.6,0.5,0.8,0.3,0.4
Cinnamomum chartophyllum,Cinnamomum,,Cinnamomum,Lauraceae,Unknown,species,,,0.05,0.02,0.1,0.6,0.2,0.02,0.02,0.05,0.01,0.001,1.6,0.24,0.7,0.4,1,0.1,0.2,0.04,1.6,0.5,0.8,0.3,0.4
Cinnamomum japonicum,Cinnamomum,cinnamon,Cinnamomum,Lauraceae,Btr,species,,,0.05,0.02,0.1,0.6,0.2,0.02,0.02,0.05,0.01,0.001,1.6,0.24,0.7,0.4,1,0.1,0.2,0.04,1.6,0.5,0.8,0.3,0.4
Cinnamomum pittosporoides,Cinnamomum,,Cinnamomum,Lauraceae,Unknown,species,,,0.05,0.02,0.1,0.6,0.2,0.02,0.02,0.05,0.01,0.001,1.6,0.24,0.7,0.4,1,0.1,0.2,0.04,1.6,0.5,0.8,0.3,0.4
Cinnamomum tamala,Cinnamomum,indian bark,Cinnamomum,Lauraceae,Unknown,species,,,0.05,0.02,0.1,0.6,0.2,0.02,0.02,0.05,0.01,0.001,1.6,0.24,0.7,0.4,1,0.1,0.2,0.04,1.6,0.5,0.8,0.3,0.4
Cipadessa,NoData,,Cipadessa,Meliaceae,Unknown,genus,,,4,0.02,0.12,0.12,0.06,0.06,0.04,0.05,0.06,0.04,1.6,0.24,0.7,0.4,1,0.1,0.2,0.04,1.6,0.5,0.8,0.3,0.4
Cipadessa baccifara,NoData,,Cipadessa,Meliaceae,Unknown,species,,,4,0.02,0.12,0.12,0.06,0.06,0.04,0.05,0.06,0.04,1.6,0.24,0.7,0.4,1,0.1,0.2,0.04,1.6,0.5,0.8,0.3,0.4
Cirsium,NoData,,TBD,TBD,TBD,genus,,LF CTCOG,4,0.02,0.12,0.12,0.06,0.06,0.04,0.05,0.06,0.04,1.6,0.24,0.7,0.4,1,0.1,0.2,0.04,1.6,0.5,0.8,0.3,0.4
Cissampelos,NoData,cissampelos,Cissampelos,Menispermaceae,Shrub,genus,,,4,0.02,0.12,0.12,0.06,0.06,0.04,0.05,0.06,0.04,1.6,0.24,0.7,0.4,1,0.1,0.2,0.04,1.6,0.5,0.8,0.3,0.4
Cissampelos pareira,NoData,velvetleaf,Cissampelos,Menispermaceae,Shrub,species,,,4,0.02,0.12,0.12,0.06,0.06,0.04,0.05,0.06,0.04,1.6,0.24,0.7,0.4,1,0.1,0.2,0.04,1.6,0.5,0.8,0.3,0.4
Cissus,NoData,,Cissus,Vitaceae,Unknown,genus,,,4,0.02,0.12,0.12,0.06,0.06,0.04,0.05,0.06,0.04,1.6,0.24,0.7,0.4,1,0.1,0.2,0.04,1.6,0.5,0.8,0.3,0.4
Cissus cornifolia,NoData,,Cissus,Vitaceae,Unknown,species,,,4,0.02,0.12,0.12,0.06,0.06,0.04,0.05,0.06,0.04,1.6,0.24,0.7,0.4,1,0.1,0.2,0.04,1.6,0.5,0.8,0.3,0.4
Cissus erosa,NoData,caro de tres hojas,Cissus,Vitaceae,Shrub,species,,,4,0.02,0.12,0.12,0.06,0.06,0.04,0.05,0.06,0.04,1.6,0.24,0.7,0.4,1,0.1,0.2,0.04,1.6,0.5,0.8,0.3,0.4
Cistus,NoData,rockrose,Cistus,Cistaceae,Shrub,genus,,,4,0.02,0.12,0.12,0.06,0.06,0.04,0.05,0.06,0.04,1.6,0.24,0.7,0.4,1,0.1,0.2,0.04,1.6,0.5,0.8,0.3,0.4
Cistus albidus,NoData,,Cistus,Cistaceae,Unknown,species,,,4,0.02,0.12,0.12,0.06,0.06,0.04,0.05,0.06,0.04,1.6,0.24,0.7,0.4,1,0.1,0.2,0.04,1.6,0.5,0.8,0.3,0.4
Cistus incanus,NoData,hairy rockrose,Cistus,Cistaceae,Shrub,species,,,4,0.02,0.12,0.12,0.06,0.06,0.04,0.05,0.06,0.04,1.6,0.24,0.7,0.4,1,0.1,0.2,0.04,1.6,0.5,0.8,0.3,0.4
Cistus ladanifer,NoData,common gum cistus,Cistus,Cistaceae,Shrub,species,,,4,0.02,0.12,0.12,0.06,0.06,0.04,0.05,0.06,0.04,1.6,0.24,0.7,0.4,1,0.1,0.2,0.04,1.6,0.5,0.8,0.3,0.4
Cistus monspeliensis,NoData,Montpelier cistus,Cistus,Cistaceae,Shrub,species,,,4,0.02,0.12,0.12,0.06,0.06,0.04,0.05,0.06,0.04,1.6,0.24,0.7,0.4,1,0.1,0.2,0.04,1.6,0.5,0.8,0.3,0.4
Cistus salvifolius,NoData,,Cistus,Cistaceae,Unknown,species,,,4,0.02,0.12,0.12,0.06,0.06,0.04,0.05,0.06,0.04,1.6,0.24,0.7,0.4,1,0.1,0.2,0.04,1.6,0.5,0.8,0.3,0.4
Citrullus lanatus,NoData,Watermelon,TBD,TBD,TBD,species,,,4,0.02,0.12,0.12,0.06,0.06,0.04,0.05,0.06,0.04,1.6,0.24,0.7,0.4,1,0.1,0.2,0.04,1.6,0.5,0.8,0.3,0.4
Citrus,Citrus,citrus,Citrus,Rutaceae,Btr,genus,,,0.01,0.02,0.01,0.04,0.2,0.05,0.05,0.05,0.02,0.01,1.6,0.24,0.7,0.4,1,0.1,0.2,0.04,1.6,0.5,0.8,0.3,0.4
Citrus aurantifolia,NoDataLowIso,Key lime,Citrus,Rutaceae,Btr,species,,,0.2,0.02,0.2,0.2,0.2,0.2,0.04,0.05,0.04,0.02,1.6,0.24,0.7,0.4,1,0.1,0.2,0.04,1.6,0.5,0.8,0.3,0.4
Citrus grandis,NoDataLowIso,,Citrus,Rutaceae,Unknown,species,,,0.2,0.02,0.2,0.2,0.2,0.2,0.04,0.05,0.04,0.02,1.6,0.24,0.7,0.4,1,0.1,0.2,0.04,1.6,0.5,0.8,0.3,0.4
Citrus japonica,NoDataLowIso,,Citrus,Rutaceae,Btr,species,,,0.2,0.02,0.2,0.2,0.2,0.2,0.04,0.05,0.04,0.02,1.6,0.24,0.7,0.4,1,0.1,0.2,0.04,1.6,0.5,0.8,0.3,0.4
Citrus limon,NoDataLowIso,,Citrus,Rutaceae,Unknown,species,,,0.2,0.02,0.2,0.2,0.2,0.2,0.04,0.05,0.04,0.02,1.6,0.24,0.7,0.4,1,0.1,0.2,0.04,1.6,0.5,0.8,0.3,0.4
Citrus maxima,NoDataLowIso,shaddock,Citrus,Rutaceae,Btr,species,,,0.2,0.02,0.2,0.2,0.2,0.2,0.04,0.05,0.04,0.02,1.6,0.24,0.7,0.4,1,0.1,0.2,0.04,1.6,0.5,0.8,0.3,0.4
Citrus mitis,NoDataLowIso,,Citrus,Rutaceae,Unknown,species,,,0.2,0.02,0.2,0.2,0.2,0.2,0.04,0.05,0.04,0.02,1.6,0.24,0.7,0.4,1,0.1,0.2,0.04,1.6,0.5,0.8,0.3,0.4
Citrus nobilis,NoDataLowIso,tangor,Citrus,Rutaceae,Unknown,species,,,0.2,0.02,0.2,0.2,0.2,0.2,0.04,0.05,0.04,0.02,1.6,0.24,0.7,0.4,1,0.1,0.2,0.04,1.6,0.5,0.8,0.3,0.4
Citrus paradisi,NoDataLowIso,,Citrus,Rutaceae,Unknown,species,,,0.2,0.02,0.2,0.2,0.2,0.2,0.04,0.05,0.04,0.02,1.6,0.24,0.7,0.4,1,0.1,0.2,0.04,1.6,0.5,0.8,0.3,0.4
Citrus reticulata,NoDataLowIso,tangerine,Citrus,Rutaceae,Btr,species,,,0.2,0.02,0.2,0.2,0.2,0.2,0.04,0.05,0.04,0.02,1.6,0.24,0.7,0.4,1,0.1,0.2,0.04,1.6,0.5,0.8,0.3,0.4
Citrus sinensis,NoDataLowIso,,Citrus,Rutaceae,Unknown,species,,,0.2,0.02,0.2,0.2,0.2,0.2,0.04,0.05,0.04,0.02,1.6,0.24,0.7,0.4,1,0.1,0.2,0.04,1.6,0.5,0.8,0.3,0.4
Citrus x aurantium,NoDataLowIso,sour orange,Citrus,Rutaceae,Btr,species,,,0.2,0.02,0.2,0.2,0.2,0.2,0.04,0.05,0.04,0.02,1.6,0.24,0.7,0.4,1,0.1,0.2,0.04,1.6,0.5,0.8,0.3,0.4
Citrus x paradisi,NoDataLowIso,grapefruit,Citrus,Rutaceae,Btr,species,,,0.2,0.02,0.2,0.2,0.2,0.2,0.04,0.05,0.04,0.02,1.6,0.24,0.7,0.4,1,0.1,0.2,0.04,1.6,0.5,0.8,0.3,0.4
Cladium,NoData,,Cladium,Cyperaceae,Unknown,genus,,,4,0.02,0.12,0.12,0.06,0.06,0.04,0.05,0.06,0.04,1.6,0.24,0.7,0.4,1,0.1,0.2,0.04,1.6,0.5,0.8,0.3,0.4
Cladium effusum,NoData,,Cladium,Cyperaceae,Unknown,species,,,4,0.02,0.12,0.12,0.06,0.06,0.04,0.05,0.06,0.04,1.6,0.24,0.7,0.4,1,0.1,0.2,0.04,1.6,0.5,0.8,0.3,0.4
Cladothamnus,NoData,,Cladothamnus,TBD,Shrub,genus,from LFRDB,,4,0.02,0.12,0.12,0.06,0.06,0.04,0.05,0.06,0.04,1.6,0.24,0.7,0.4,1,0.1,0.2,0.04,1.6,0.5,0.8,0.3,0.4
Cladothrix,NoData,,TBD,TBD,TBD,genus,,LF CTCOG,4,0.02,0.12,0.12,0.06,0.06,0.04,0.05,0.06,0.04,1.6,0.24,0.7,0.4,1,0.1,0.2,0.04,1.6,0.5,0.8,0.3,0.4
Cladrastis,NoData,yellowwood,Cladrastis,Fabaceae,Btr,genus,,,4,0.02,0.12,0.12,0.06,0.06,0.04,0.05,0.06,0.04,1.6,0.24,0.7,0.4,1,0.1,0.2,0.04,1.6,0.5,0.8,0.3,0.4
Cladrastis kentukea,Cladrastis kentukea,Kentucky yellowwood,Cladrastis,Fabaceae,Btr,species,,,8,0.02,0.2,0.2,0.1,0.1,0.04,0.05,0.06,0.04,1.6,0.24,0.7,0.4,1,0.1,0.2,0.04,1.6,0.5,0.8,0.3,0.4
Cladrastis lutea,NoData,,Cladrastis,Fabaceae,Unknown,species,,,4,0.02,0.12,0.12,0.06,0.06,0.04,0.05,0.06,0.04,1.6,0.24,0.7,0.4,1,0.1,0.2,0.04,1.6,0.5,0.8,0.3,0.4
Cladrastis platycarpa,NoData,,Cladrastis,Fabaceae,Unknown,species,,,4,0.02,0.12,0.12,0.06,0.06,0.04,0.05,0.06,0.04,1.6,0.24,0.7,0.4,1,0.1,0.2,0.04,1.6,0.5,0.8,0.3,0.4
Clausena,NoData,,Clausena,Rutaceae,Unknown,genus,,,4,0.02,0.12,0.12,0.06,0.06,0.04,0.05,0.06,0.04,1.6,0.24,0.7,0.4,1,0.1,0.2,0.04,1.6,0.5,0.8,0.3,0.4
Clausena excavata,NoData,,Clausena,Rutaceae,Unknown,species,,,4,0.02,0.12,0.12,0.06,0.06,0.04,0.05,0.06,0.04,1.6,0.24,0.7,0.4,1,0.1,0.2,0.04,1.6,0.5,0.8,0.3,0.4
Cleistanthus,NoData,,Cleistanthus,Phyllanthaceae,Unknown,genus,,,4,0.02,0.12,0.12,0.06,0.06,0.04,0.05,0.06,0.04,1.6,0.24,0.7,0.4,1,0.1,0.2,0.04,1.6,0.5,0.8,0.3,0.4
Cleistanthus sumatranus,NoData,,Cleistanthus,Phyllanthaceae,Unknown,species,,,4,0.02,0.12,0.12,0.06,0.06,0.04,0.05,0.06,0.04,1.6,0.24,0.7,0.4,1,0.1,0.2,0.04,1.6,0.5,0.8,0.3,0.4
Cleistopholis,NoData,,Cleistopholis,Annonaceae,Unknown,genus,,,4,0.02,0.12,0.12,0.06,0.06,0.04,0.05,0.06,0.04,1.6,0.24,0.7,0.4,1,0.1,0.2,0.04,1.6,0.5,0.8,0.3,0.4
Cleistopholis patens,NoData,,Cleistopholis,Annonaceae,Unknown,species,,,4,0.02,0.12,0.12,0.06,0.06,0.04,0.05,0.06,0.04,1.6,0.24,0.7,0.4,1,0.1,0.2,0.04,1.6,0.5,0.8,0.3,0.4
Clematis,NoData,,TBD,TBD,TBD,genus,,LF CTCOG,4,0.02,0.12,0.12,0.06,0.06,0.04,0.05,0.06,0.04,1.6,0.24,0.7,0.4,1,0.1,0.2,0.04,1.6,0.5,0.8,0.3,0.4
Clerodendrum,NoData,,Clerodendrum,Lamiaceae,Shrub,genus,,,4,0.02,0.12,0.12,0.06,0.06,0.04,0.05,0.06,0.04,1.6,0.24,0.7,0.4,1,0.1,0.2,0.04,1.6,0.5,0.8,0.3,0.4
Clethra,NoData,Clethra,Clethra,Clethraceae,Btr,genus,from LFRDB,,4,0.02,0.12,0.12,0.06,0.06,0.04,0.05,0.06,0.04,1.6,0.24,0.7,0.4,1,0.1,0.2,0.04,1.6,0.5,0.8,0.3,0.4
Clidemia,NoData,,Clidemia,Melastomataceae,Shrub,genus,,,4,0.02,0.12,0.12,0.06,0.06,0.04,0.05,0.06,0.04,1.6,0.24,0.7,0.4,1,0.1,0.2,0.04,1.6,0.5,0.8,0.3,0.4
Clidemia hirta,NoData,soapbush,Clidemia,Melastomataceae,Shrub,species,,,4,0.02,0.12,0.12,0.06,0.06,0.04,0.05,0.06,0.04,1.6,0.24,0.7,0.4,1,0.1,0.2,0.04,1.6,0.5,0.8,0.3,0.4
Cliftonia,NoData,,Cliftonia,TBD,Shrub,genus,from LFRDB,,4,0.02,0.12,0.12,0.06,0.06,0.04,0.05,0.06,0.04,1.6,0.24,0.7,0.4,1,0.1,0.2,0.04,1.6,0.5,0.8,0.3,0.4
Clitandra,NoData,,Clitandra,Apocynaceae,Unknown,genus,,,4,0.02,0.12,0.12,0.06,0.06,0.04,0.05,0.06,0.04,1.6,0.24,0.7,0.4,1,0.1,0.2,0.04,1.6,0.5,0.8,0.3,0.4
Clitandra cymulosa,NoData,,Clitandra,Apocynaceae,Unknown,species,,,4,0.02,0.12,0.12,0.06,0.06,0.04,0.05,0.06,0.04,1.6,0.24,0.7,0.4,1,0.1,0.2,0.04,1.6,0.5,0.8,0.3,0.4
Clitoria,NoData,,Clitoria,Fabaceae,Btr,genus,,,4,0.02,0.12,0.12,0.06,0.06,0.04,0.05,0.06,0.04,1.6,0.24,0.7,0.4,1,0.1,0.2,0.04,1.6,0.5,0.8,0.3,0.4
Clitoria racemosa,NoData,,Clitoria,Fabaceae,Btr,species,,,4,0.02,0.12,0.12,0.06,0.06,0.04,0.05,0.06,0.04,1.6,0.24,0.7,0.4,1,0.1,0.2,0.04,1.6,0.5,0.8,0.3,0.4
Clusia,NoData,attorney,Clusia,Clusiaceae,Btr,genus,,,4,0.02,0.12,0.12,0.06,0.06,0.04,0.05,0.06,0.04,1.6,0.24,0.7,0.4,1,0.1,0.2,0.04,1.6,0.5,0.8,0.3,0.4
Clusia rosea,NoData,Scotch attorney,Clusia,Clusiaceae,Btr,species,,,4,0.02,0.12,0.12,0.06,0.06,0.04,0.05,0.06,0.04,1.6,0.24,0.7,0.4,1,0.1,0.2,0.04,1.6,0.5,0.8,0.3,0.4
Clusiaceae,NoData,,Clusiaceae,Clusiaceae,Unknown,family,,,4,0.02,0.12,0.12,0.06,0.06,0.04,0.05,0.06,0.04,1.6,0.24,0.7,0.4,1,0.1,0.2,0.04,1.6,0.5,0.8,0.3,0.4
Cneoridium,NoData,,Cneoridium,TBD,Shrub,genus,from LFRDB,,4,0.02,0.12,0.12,0.06,0.06,0.04,0.05,0.06,0.04,1.6,0.24,0.7,0.4,1,0.1,0.2,0.04,1.6,0.5,0.8,0.3,0.4
Cnestidium,NoData,,Cnestidium,Connaraceae,Unknown,genus,,,4,0.02,0.12,0.12,0.06,0.06,0.04,0.05,0.06,0.04,1.6,0.24,0.7,0.4,1,0.1,0.2,0.04,1.6,0.5,0.8,0.3,0.4
Cnestidium rufescens,NoData,,Cnestidium,Connaraceae,Unknown,species,,,4,0.02,0.12,0.12,0.06,0.06,0.04,0.05,0.06,0.04,1.6,0.24,0.7,0.4,1,0.1,0.2,0.04,1.6,0.5,0.8,0.3,0.4
Cnidoscolus,NoData,,TBD,TBD,TBD,genus,,LF CTCOG,4,0.02,0.12,0.12,0.06,0.06,0.04,0.05,0.06,0.04,1.6,0.24,0.7,0.4,1,0.1,0.2,0.04,1.6,0.5,0.8,0.3,0.4
Coccoloba,NoData,,Coccoloba,Polygonaceae,Btr,genus,,,4,0.02,0.12,0.12,0.06,0.06,0.04,0.05,0.06,0.04,1.6,0.24,0.7,0.4,1,0.1,0.2,0.04,1.6,0.5,0.8,0.3,0.4
Coccoloba diversifolia,NoData,tietongue,Coccoloba,Polygonaceae,Btr,species,,,4,0.02,0.12,0.12,0.06,0.06,0.04,0.05,0.06,0.04,1.6,0.24,0.7,0.4,1,0.1,0.2,0.04,1.6,0.5,0.8,0.3,0.4
Coccoloba krugii,NoData,whitewood,Coccoloba,Polygonaceae,Btr,species,,,4,0.02,0.12,0.12,0.06,0.06,0.04,0.05,0.06,0.04,1.6,0.24,0.7,0.4,1,0.1,0.2,0.04,1.6,0.5,0.8,0.3,0.4
Coccoloba microstachya,NoData,puckhout,Coccoloba,Polygonaceae,Btr,species,,,4,0.02,0.12,0.12,0.06,0.06,0.04,0.05,0.06,0.04,1.6,0.24,0.7,0.4,1,0.1,0.2,0.04,1.6,0.5,0.8,0.3,0.4
Coccothrinax,Phoenix canariensis,,Coccothrinax,Arecaceae,Btr,genus,,,8,0.02,0.2,0.2,0.05,0.1,0.04,0.05,0.06,0.04,1.6,0.24,0.7,0.4,1,0.1,0.2,0.04,1.6,0.5,0.8,0.3,0.4
Coccothrinax argentata,Phoenix canariensis,Florida silver palm,Coccothrinax,Arecaceae,Btr,species,,,8,0.02,0.2,0.2,0.05,0.1,0.04,0.05,0.06,0.04,1.6,0.24,0.7,0.4,1,0.1,0.2,0.04,1.6,0.5,0.8,0.3,0.4
Cocculus,NoData,,Cocculus,Menispermaceae,Unknown,genus,,,4,0.02,0.12,0.12,0.06,0.06,0.04,0.05,0.06,0.04,1.6,0.24,0.7,0.4,1,0.1,0.2,0.04,1.6,0.5,0.8,0.3,0.4
Cocculus laurifolium,NoData,,Cocculus,Menispermaceae,Unknown,species,,,4,0.02,0.12,0.12,0.06,0.06,0.04,0.05,0.06,0.04,1.6,0.24,0.7,0.4,1,0.1,0.2,0.04,1.6,0.5,0.8,0.3,0.4
Cocculus laurifolius,NoData,laurel-leaf snailseed,Cocculus,Menispermaceae,Btr,species,,,4,0.02,0.12,0.12,0.06,0.06,0.04,0.05,0.06,0.04,1.6,0.24,0.7,0.4,1,0.1,0.2,0.04,1.6,0.5,0.8,0.3,0.4
Cocos,NoData,,Cocos,Arecaceae,Btr,genus,,,4,0.02,0.12,0.12,0.06,0.06,0.04,0.05,0.06,0.04,1.6,0.24,0.7,0.4,1,0.1,0.2,0.04,1.6,0.5,0.8,0.3,0.4
Cocos nucifera,NoData,coconut palm,Cocos,Arecaceae,Btr,species,,,4,0.02,0.12,0.12,0.06,0.06,0.04,0.05,0.06,0.04,1.6,0.24,0.7,0.4,1,0.1,0.2,0.04,1.6,0.5,0.8,0.3,0.4
Coelocaryon,NoData,,Coelocaryon,Myristicaceae,Unknown,genus,,,4,0.02,0.12,0.12,0.06,0.06,0.04,0.05,0.06,0.04,1.6,0.24,0.7,0.4,1,0.1,0.2,0.04,1.6,0.5,0.8,0.3,0.4
Coelocaryon botryoides,NoData,,Coelocaryon,Myristicaceae,Unknown,species,,,4,0.02,0.12,0.12,0.06,0.06,0.04,0.05,0.06,0.04,1.6,0.24,0.7,0.4,1,0.1,0.2,0.04,1.6,0.5,0.8,0.3,0.4
Coelocaryon prenssii,NoData,,Coelocaryon,Myristicaceae,Unknown,species,,,4,0.02,0.12,0.12,0.06,0.06,0.04,0.05,0.06,0.04,1.6,0.24,0.7,0.4,1,0.1,0.2,0.04,1.6,0.5,0.8,0.3,0.4
Coffea,NoData,coffee,Coffea,Rubiaceae,Btr,genus,,,4,0.02,0.12,0.12,0.06,0.06,0.04,0.05,0.06,0.04,1.6,0.24,0.7,0.4,1,0.1,0.2,0.04,1.6,0.5,0.8,0.3,0.4
Coffea arabica,NoData,Arabian coffee,Coffea,Rubiaceae,Btr,species,,,4,0.02,0.12,0.12,0.06,0.06,0.04,0.05,0.06,0.04,1.6,0.24,0.7,0.4,1,0.1,0.2,0.04,1.6,0.5,0.8,0.3,0.4
Coix,NoData,,TBD,TBD,TBD,genus,,LF CTCOG,4,0.02,0.12,0.12,0.06,0.06,0.04,0.05,0.06,0.04,1.6,0.24,0.7,0.4,1,0.1,0.2,0.04,1.6,0.5,0.8,0.3,0.4
Coldenia,NoData,,TBD,TBD,TBD,genus,,LF CTCOG,4,0.02,0.12,0.12,0.06,0.06,0.04,0.05,0.06,0.04,1.6,0.24,0.7,0.4,1,0.1,0.2,0.04,1.6,0.5,0.8,0.3,0.4
Coleogyne,NoData,,TBD,TBD,TBD,genus,,LF CTCOG,4,0.02,0.12,0.12,0.06,0.06,0.04,0.05,0.06,0.04,1.6,0.24,0.7,0.4,1,0.1,0.2,0.04,1.6,0.5,0.8,0.3,0.4
Coleosanthus,NoData,,Coleosanthus,TBD,Shrub,genus,from LFRDB,,4,0.02,0.12,0.12,0.06,0.06,0.04,0.05,0.06,0.04,1.6,0.24,0.7,0.4,1,0.1,0.2,0.04,1.6,0.5,0.8,0.3,0.4
Colophospermum,NoData,,Colophospermum,Fabaceae,Unknown,genus,,,4,0.02,0.12,0.12,0.06,0.06,0.04,0.05,0.06,0.04,1.6,0.24,0.7,0.4,1,0.1,0.2,0.04,1.6,0.5,0.8,0.3,0.4
Colophospermum mopane,NoData,balsam tree,Colophospermum,Fabaceae,Unknown,species,,,4,0.02,0.12,0.12,0.06,0.06,0.04,0.05,0.06,0.04,1.6,0.24,0.7,0.4,1,0.1,0.2,0.04,1.6,0.5,0.8,0.3,0.4
Colubrina,NoData,,Colubrina,Rhamnaceae,Unknown,genus,,,4,0.02,0.12,0.12,0.06,0.06,0.04,0.05,0.06,0.04,1.6,0.24,0.7,0.4,1,0.1,0.2,0.04,1.6,0.5,0.8,0.3,0.4
Colubrina taxensis,NoData,,Colubrina,Rhamnaceae,Unknown,species,,,4,0.02,0.12,0.12,0.06,0.06,0.04,0.05,0.06,0.04,1.6,0.24,0.7,0.4,1,0.1,0.2,0.04,1.6,0.5,0.8,0.3,0.4
Colutea,NoData,,Colutea,Fabaceae,Unknown,genus,,,4,0.02,0.12,0.12,0.06,0.06,0.04,0.05,0.06,0.04,1.6,0.24,0.7,0.4,1,0.1,0.2,0.04,1.6,0.5,0.8,0.3,0.4
Colutea orientalis,NoData,,Colutea,Fabaceae,Unknown,species,,,4,0.02,0.12,0.12,0.06,0.06,0.04,0.05,0.06,0.04,1.6,0.24,0.7,0.4,1,0.1,0.2,0.04,1.6,0.5,0.8,0.3,0.4
Colutea persica,NoData,,Colutea,Fabaceae,Unknown,species,,,4,0.02,0.12,0.12,0.06,0.06,0.04,0.05,0.06,0.04,1.6,0.24,0.7,0.4,1,0.1,0.2,0.04,1.6,0.5,0.8,0.3,0.4
Comarostaphylis,NoData,,Comarostaphylis,Ericaceae,Btr,genus,,,4,0.02,0.12,0.12,0.06,0.06,0.04,0.05,0.06,0.04,1.6,0.24,0.7,0.4,1,0.1,0.2,0.04,1.6,0.5,0.8,0.3,0.4
Comarostaphylis diversifolia,NoData,summer holly,Comarostaphylis,Ericaceae,Btr,species,,,4,0.02,0.12,0.12,0.06,0.06,0.04,0.05,0.06,0.04,1.6,0.24,0.7,0.4,1,0.1,0.2,0.04,1.6,0.5,0.8,0.3,0.4
Combretaceae,NoData,,Combretaceae,Combretaceae,Unknown,family,,,4,0.02,0.12,0.12,0.06,0.06,0.04,0.05,0.06,0.04,1.6,0.24,0.7,0.4,1,0.1,0.2,0.04,1.6,0.5,0.8,0.3,0.4
Combretum,NoData,,Combretum,Combretaceae,Btr,genus,,,4,0.02,0.12,0.12,0.06,0.06,0.04,0.05,0.06,0.04,1.6,0.24,0.7,0.4,1,0.1,0.2,0.04,1.6,0.5,0.8,0.3,0.4
Combretum apiculatum,NoData,,Combretum,Combretaceae,Unknown,species,,,4,0.02,0.12,0.12,0.06,0.06,0.04,0.05,0.06,0.04,1.6,0.24,0.7,0.4,1,0.1,0.2,0.04,1.6,0.5,0.8,0.3,0.4
Combretum fruticosum,NoData,,Combretum,Combretaceae,Unknown,species,,,4,0.02,0.12,0.12,0.06,0.06,0.04,0.05,0.06,0.04,1.6,0.24,0.7,0.4,1,0.1,0.2,0.04,1.6,0.5,0.8,0.3,0.4
Combretum glutinosum,NoData,,Combretum,Combretaceae,Unknown,species,,,4,0.02,0.12,0.12,0.06,0.06,0.04,0.05,0.06,0.04,1.6,0.24,0.7,0.4,1,0.1,0.2,0.04,1.6,0.5,0.8,0.3,0.4
Combretum heteroense,NoData,,Combretum,Combretaceae,Unknown,species,,,4,0.02,0.12,0.12,0.06,0.06,0.04,0.05,0.06,0.04,1.6,0.24,0.7,0.4,1,0.1,0.2,0.04,1.6,0.5,0.8,0.3,0.4
Combretum imberbe,NoData,leadwood,Combretum,Combretaceae,Unknown,species,,,4,0.02,0.12,0.12,0.06,0.06,0.04,0.05,0.06,0.04,1.6,0.24,0.7,0.4,1,0.1,0.2,0.04,1.6,0.5,0.8,0.3,0.4
Combretum molle,NoData,,Combretum,Combretaceae,Unknown,species,,,4,0.02,0.12,0.12,0.06,0.06,0.04,0.05,0.06,0.04,1.6,0.24,0.7,0.4,1,0.1,0.2,0.04,1.6,0.5,0.8,0.3,0.4
Combretum zeyherii,NoData,,Combretum,Combretaceae,Unknown,species,,,4,0.02,0.12,0.12,0.06,0.06,0.04,0.05,0.06,0.04,1.6,0.24,0.7,0.4,1,0.1,0.2,0.04,1.6,0.5,0.8,0.3,0.4
Commelina,NoData,,TBD,TBD,TBD,genus,,LF CTCOG,4,0.02,0.12,0.12,0.06,0.06,0.04,0.05,0.06,0.04,1.6,0.24,0.7,0.4,1,0.1,0.2,0.04,1.6,0.5,0.8,0.3,0.4
Commiphora,NoData,,Commiphora,Burseraceae,Unknown,genus,,,4,0.02,0.12,0.12,0.06,0.06,0.04,0.05,0.06,0.04,1.6,0.24,0.7,0.4,1,0.1,0.2,0.04,1.6,0.5,0.8,0.3,0.4
Commiphora mollis,NoData,,Commiphora,Burseraceae,Unknown,species,,,4,0.02,0.12,0.12,0.06,0.06,0.04,0.05,0.06,0.04,1.6,0.24,0.7,0.4,1,0.1,0.2,0.04,1.6,0.5,0.8,0.3,0.4
Commiphora pyracanthoides,NoData,,Commiphora,Burseraceae,Unknown,species,,,4,0.02,0.12,0.12,0.06,0.06,0.04,0.05,0.06,0.04,1.6,0.24,0.7,0.4,1,0.1,0.2,0.04,1.6,0.5,0.8,0.3,0.4
Commiphora schimperi,NoData,,Commiphora,Burseraceae,Unknown,species,,,4,0.02,0.12,0.12,0.06,0.06,0.04,0.05,0.06,0.04,1.6,0.24,0.7,0.4,1,0.1,0.2,0.04,1.6,0.5,0.8,0.3,0.4
Comocladia,NoData,,Comocladia,Anacardiaceae,Unknown,genus,,,4,0.02,0.12,0.12,0.06,0.06,0.04,0.05,0.06,0.04,1.6,0.24,0.7,0.4,1,0.1,0.2,0.04,1.6,0.5,0.8,0.3,0.4
Comocladia dodonea,NoData,,Comocladia,Anacardiaceae,Unknown,species,,,4,0.02,0.12,0.12,0.06,0.06,0.04,0.05,0.06,0.04,1.6,0.24,0.7,0.4,1,0.1,0.2,0.04,1.6,0.5,0.8,0.3,0.4
Comptonia,NoData,,Comptonia,TBD,Shrub,genus,from LFRDB,,4,0.02,0.12,0.12,0.06,0.06,0.04,0.05,0.06,0.04,1.6,0.24,0.7,0.4,1,0.1,0.2,0.04,1.6,0.5,0.8,0.3,0.4
Condalia,NoData,,Condalia,Rhamnaceae,Btr,genus,,,4,0.02,0.12,0.12,0.06,0.06,0.04,0.05,0.06,0.04,1.6,0.24,0.7,0.4,1,0.1,0.2,0.04,1.6,0.5,0.8,0.3,0.4
Condalia hookeri,NoData,Brazilian bluewood,Condalia,Rhamnaceae,Btr,species,,,4,0.02,0.12,0.12,0.06,0.06,0.04,0.05,0.06,0.04,1.6,0.24,0.7,0.4,1,0.1,0.2,0.04,1.6,0.5,0.8,0.3,0.4
Conigramme,NoData,,Conigramme,Adiantaceae,Unknown,genus,,Coniogramme intermedia,4,0.02,0.12,0.12,0.06,0.06,0.04,0.05,0.06,0.04,1.6,0.24,0.7,0.4,1,0.1,0.2,0.04,1.6,0.5,0.8,0.3,0.4
Conigramme intermedia,NoData,,Conigramme,Adiantaceae,Unknown,species,,Coniogramme intermedia,4,0.02,0.12,0.12,0.06,0.06,0.04,0.05,0.06,0.04,1.6,0.24,0.7,0.4,1,0.1,0.2,0.04,1.6,0.5,0.8,0.3,0.4
Conium,NoData,,TBD,TBD,TBD,genus,,LF CTCOG,4,0.02,0.12,0.12,0.06,0.06,0.04,0.05,0.06,0.04,1.6,0.24,0.7,0.4,1,0.1,0.2,0.04,1.6,0.5,0.8,0.3,0.4
Conocarpus,Conocarpus erectus,,Conocarpus,Combretaceae,Btr,genus,,,4,0.02,0.1,0.2,0.05,0.2,0.04,0.05,0.06,0.04,1.6,0.24,0.7,0.4,1,0.1,0.2,0.04,1.6,0.5,0.8,0.3,0.4
Conocarpus erectus,Conocarpus erectus,button mangrove,Conocarpus,Combretaceae,Btr,species,,,4,0.02,0.1,0.2,0.05,0.2,0.04,0.05,0.06,0.04,1.6,0.24,0.7,0.4,1,0.1,0.2,0.04,1.6,0.5,0.8,0.3,0.4
Conocephalum,NoData,,Conocephalum,Conocephalaceae,Unknown,genus,,Liverwort,4,0.02,0.12,0.12,0.06,0.06,0.04,0.05,0.06,0.04,1.6,0.24,0.7,0.4,1,0.1,0.2,0.04,1.6,0.5,0.8,0.3,0.4
Conradina,NoData,,Conradina,TBD,Shrub,genus,from LFRDB,,4,0.02,0.12,0.12,0.06,0.06,0.04,0.05,0.06,0.04,1.6,0.24,0.7,0.4,1,0.1,0.2,0.04,1.6,0.5,0.8,0.3,0.4
Convallaria,NoData,,TBD,TBD,TBD,genus,,LF CTCOG,4,0.02,0.12,0.12,0.06,0.06,0.04,0.05,0.06,0.04,1.6,0.24,0.7,0.4,1,0.1,0.2,0.04,1.6,0.5,0.8,0.3,0.4
Convoluvulus,NoData,bindweed,Convoluvulus,Convolvulaceae,Unknown,genus,,,4,0.02,0.12,0.12,0.06,0.06,0.04,0.05,0.06,0.04,1.6,0.24,0.7,0.4,1,0.1,0.2,0.04,1.6,0.5,0.8,0.3,0.4
Convolvulus,NoData,,TBD,TBD,TBD,genus,,LF CTCOG,4,0.02,0.12,0.12,0.06,0.06,0.04,0.05,0.06,0.04,1.6,0.24,0.7,0.4,1,0.1,0.2,0.04,1.6,0.5,0.8,0.3,0.4
Conyza,NoData,,TBD,TBD,TBD,genus,,LF CTCOG,4,0.02,0.12,0.12,0.06,0.06,0.04,0.05,0.06,0.04,1.6,0.24,0.7,0.4,1,0.1,0.2,0.04,1.6,0.5,0.8,0.3,0.4
Copaifera,NoData,,Copaifera,Fabaceae,Unknown,genus,,,4,0.02,0.12,0.12,0.06,0.06,0.04,0.05,0.06,0.04,1.6,0.24,0.7,0.4,1,0.1,0.2,0.04,1.6,0.5,0.8,0.3,0.4
Copaifera multijuga,NoData,copaifera,Copaifera,Fabaceae,Unknown,species,,,4,0.02,0.12,0.12,0.06,0.06,0.04,0.05,0.06,0.04,1.6,0.24,0.7,0.4,1,0.1,0.2,0.04,1.6,0.5,0.8,0.3,0.4
Cordia,NoData,cordia,Cordia,Boraginaceae,Btr,genus,,,4,0.02,0.12,0.12,0.06,0.06,0.04,0.05,0.06,0.04,1.6,0.24,0.7,0.4,1,0.1,0.2,0.04,1.6,0.5,0.8,0.3,0.4
Cordia alliodora,NoData,Spanish elm,Cordia,Boraginaceae,Btr,species,,,4,0.02,0.12,0.12,0.06,0.06,0.04,0.05,0.06,0.04,1.6,0.24,0.7,0.4,1,0.1,0.2,0.04,1.6,0.5,0.8,0.3,0.4
Cordia bicolor,NoData,,Cordia,Boraginaceae,Unknown,species,,,4,0.02,0.12,0.12,0.06,0.06,0.04,0.05,0.06,0.04,1.6,0.24,0.7,0.4,1,0.1,0.2,0.04,1.6,0.5,0.8,0.3,0.4
Cordia boissieri,NoData,anacahuita,Cordia,Boraginaceae,Btr,species,,,4,0.02,0.12,0.12,0.06,0.06,0.04,0.05,0.06,0.04,1.6,0.24,0.7,0.4,1,0.1,0.2,0.04,1.6,0.5,0.8,0.3,0.4
Cordia obliqua,NoData,clammy cherry,Cordia,Boraginaceae,Btr,species,,,4,0.02,0.12,0.12,0.06,0.06,0.04,0.05,0.06,0.04,1.6,0.24,0.7,0.4,1,0.1,0.2,0.04,1.6,0.5,0.8,0.3,0.4
Cordia ovalis,NoData,,Cordia,Boraginaceae,Unknown,species,,,4,0.02,0.12,0.12,0.06,0.06,0.04,0.05,0.06,0.04,1.6,0.24,0.7,0.4,1,0.1,0.2,0.04,1.6,0.5,0.8,0.3,0.4
Cordyla,NoData,,Cordyla,Fabaceae,Unknown,genus,,,4,0.02,0.12,0.12,0.06,0.06,0.04,0.05,0.06,0.04,1.6,0.24,0.7,0.4,1,0.1,0.2,0.04,1.6,0.5,0.8,0.3,0.4
Cordyla africana,NoData,cordyla,Cordyla,Fabaceae,Unknown,species,,,4,0.02,0.12,0.12,0.06,0.06,0.04,0.05,0.06,0.04,1.6,0.24,0.7,0.4,1,0.1,0.2,0.04,1.6,0.5,0.8,0.3,0.4
Cordyline,NoData,,Cordyline,Liliaceae,Btr,genus,,,4,0.02,0.12,0.12,0.06,0.06,0.04,0.05,0.06,0.04,1.6,0.24,0.7,0.4,1,0.1,0.2,0.04,1.6,0.5,0.8,0.3,0.4
Cordyline australis,NoData,cabbage tree,Cordyline,Liliaceae,Btr,species,,,4,0.02,0.12,0.12,0.06,0.06,0.04,0.05,0.06,0.04,1.6,0.24,0.7,0.4,1,0.1,0.2,0.04,1.6,0.5,0.8,0.3,0.4
Cordyline indivisa,NoData,cordyline,Cordyline,Liliaceae,Btr,species,,,4,0.02,0.12,0.12,0.06,0.06,0.04,0.05,0.06,0.04,1.6,0.24,0.7,0.4,1,0.1,0.2,0.04,1.6,0.5,0.8,0.3,0.4
Corema,NoData,,Corema,TBD,Shrub,genus,from LFRDB,,4,0.02,0.12,0.12,0.06,0.06,0.04,0.05,0.06,0.04,1.6,0.24,0.7,0.4,1,0.1,0.2,0.04,1.6,0.5,0.8,0.3,0.4
Coreopsis,NoData,,Coreopsis,Asteraceae,Shrub,genus,,,4,0.02,0.12,0.12,0.06,0.06,0.04,0.05,0.06,0.04,1.6,0.24,0.7,0.4,1,0.1,0.2,0.04,1.6,0.5,0.8,0.3,0.4
Coreopsis gigantea,NoData,giant coreopsis,Coreopsis,Asteraceae,Shrub,species,,,4,0.02,0.12,0.12,0.06,0.06,0.04,0.05,0.06,0.04,1.6,0.24,0.7,0.4,1,0.1,0.2,0.04,1.6,0.5,0.8,0.3,0.4
Cornaceae,Cornus,,Cornaceae,Cornaceae,Unknown,family,,,0.6,0.02,0.02,0.02,0.05,0.4,0.04,0.05,0.06,0.04,1.6,0.24,0.7,0.4,1,0.1,0.2,0.04,1.6,0.5,0.8,0.3,0.4
Cornus,Cornus,dogwood,Cornus,Cornaceae,Btr,genus,,,0.6,0.02,0.02,0.02,0.05,0.4,0.04,0.05,0.06,0.04,1.6,0.24,0.7,0.4,1,0.1,0.2,0.04,1.6,0.5,0.8,0.3,0.4
Cornus alternifolia,Cornus,alternateleaf dogwood,Cornus,Cornaceae,Btr,species,,,0.6,0.02,0.02,0.02,0.05,0.4,0.04,0.05,0.06,0.04,1.6,0.24,0.7,0.4,1,0.1,0.2,0.04,1.6,0.5,0.8,0.3,0.4
Cornus amomum,Cornus,silky dogwood,Cornus,Cornaceae,Shrub,species,,,0.6,0.02,0.02,0.02,0.05,0.4,0.04,0.05,0.06,0.04,1.6,0.24,0.7,0.4,1,0.1,0.2,0.04,1.6,0.5,0.8,0.3,0.4
Cornus canadensis,Cornus,bunchberry dogwood,Cornus,Cornaceae,Shrub,species,,,0.6,0.02,0.02,0.02,0.05,0.4,0.04,0.05,0.06,0.04,1.6,0.24,0.7,0.4,1,0.1,0.2,0.04,1.6,0.5,0.8,0.3,0.4
Cornus capitata,Cornus,Bentham's cornel,Cornus,Cornaceae,Unknown,species,,,0.6,0.02,0.02,0.02,0.05,0.4,0.04,0.05,0.06,0.04,1.6,0.24,0.7,0.4,1,0.1,0.2,0.04,1.6,0.5,0.8,0.3,0.4
Cornus drummondii,Cornus,roughleaf dogwood,Cornus,Cornaceae,Btr,species,,,0.6,0.02,0.02,0.02,0.05,0.4,0.04,0.05,0.06,0.04,1.6,0.24,0.7,0.4,1,0.1,0.2,0.04,1.6,0.5,0.8,0.3,0.4
Cornus florida,Cornus,flowering dogwood,Cornus,Cornaceae,Btr,species,,,0.6,0.02,0.02,0.02,0.05,0.4,0.04,0.05,0.06,0.04,1.6,0.24,0.7,0.4,1,0.1,0.2,0.04,1.6,0.5,0.8,0.3,0.4
Cornus foemina ssp. racemosa,Cornus,,Cornus,Cornaceae,Btr,species,,,0.6,0.02,0.02,0.02,0.05,0.4,0.04,0.05,0.06,0.04,1.6,0.24,0.7,0.4,1,0.1,0.2,0.04,1.6,0.5,0.8,0.3,0.4
Cornus nuttallii,Cornus,Pacific dogwood,Cornus,Cornaceae,Btr,species,,,0.6,0.02,0.02,0.02,0.05,0.4,0.04,0.05,0.06,0.04,1.6,0.24,0.7,0.4,1,0.1,0.2,0.04,1.6,0.5,0.8,0.3,0.4
Cornus racemosa,Cornus,gray dogwood,Cornus,Cornaceae,Shrub,species,,,0.6,0.02,0.02,0.02,0.05,0.4,0.04,0.05,0.06,0.04,1.6,0.24,0.7,0.4,1,0.1,0.2,0.04,1.6,0.5,0.8,0.3,0.4
Cornus sanguinea,Cornus,bloodtwig dogwood,Cornus,Cornaceae,Shrub,species,,,0.6,0.02,0.02,0.02,0.05,0.4,0.04,0.05,0.06,0.04,1.6,0.24,0.7,0.4,1,0.1,0.2,0.04,1.6,0.5,0.8,0.3,0.4
Cornus sericea ssp. sericea,Cornus,redosier dogwood,Cornus,Cornaceae,Btr,species,,,0.6,0.02,0.02,0.02,0.05,0.4,0.04,0.05,0.06,0.04,1.6,0.24,0.7,0.4,1,0.1,0.2,0.04,1.6,0.5,0.8,0.3,0.4
Cornus stolonifera,Cornus,,Cornus,Cornaceae,Unknown,species,,,0.6,0.02,0.02,0.02,0.05,0.4,0.04,0.05,0.06,0.04,1.6,0.24,0.7,0.4,1,0.1,0.2,0.04,1.6,0.5,0.8,0.3,0.4
Cornus stolonifera var. occidentalis,Cornus,,Cornus,Cornaceae,Unknown,species,,,0.6,0.02,0.02,0.02,0.05,0.4,0.04,0.05,0.06,0.04,1.6,0.24,0.7,0.4,1,0.1,0.2,0.04,1.6,0.5,0.8,0.3,0.4
Coronilla,NoData,,Coronilla,Fabaceae,Shrub,genus,,,4,0.02,0.12,0.12,0.06,0.06,0.04,0.05,0.06,0.04,1.6,0.24,0.7,0.4,1,0.1,0.2,0.04,1.6,0.5,0.8,0.3,0.4
Coronilla valentina,NoData,Mediterranean crownvetch,Coronilla,Fabaceae,Shrub,species,,,4,0.02,0.12,0.12,0.06,0.06,0.04,0.05,0.06,0.04,1.6,0.24,0.7,0.4,1,0.1,0.2,0.04,1.6,0.5,0.8,0.3,0.4
Corylus,Corylus,hazelnut,Corylus,Betulaceae,Btr,genus,,,0.6,0.02,0.1,0.1,0.1,0.6,0.04,0.05,0.06,0.04,1.6,0.24,0.7,0.4,1,0.1,0.2,0.04,1.6,0.5,0.8,0.3,0.4
Corylus americana,Corylus,American hazelnut,Corylus,Betulaceae,Shrub,species,,,0.6,0.02,0.1,0.1,0.1,0.6,0.04,0.05,0.06,0.04,1.6,0.24,0.7,0.4,1,0.1,0.2,0.04,1.6,0.5,0.8,0.3,0.4
Corylus avellana,NoData,common filbert,Corylus,Betulaceae,Btr,species,,,4,0.02,0.12,0.12,0.06,0.06,0.04,0.05,0.06,0.04,1.6,0.24,0.7,0.4,1,0.1,0.2,0.04,1.6,0.5,0.8,0.3,0.4
Corylus californica,NoData,,Corylus,Betulaceae,Unknown,species,,,4,0.02,0.12,0.12,0.06,0.06,0.04,0.05,0.06,0.04,1.6,0.24,0.7,0.4,1,0.1,0.2,0.04,1.6,0.5,0.8,0.3,0.4
Corylus colurna,NoData,Turkish hazelnut,Corylus,Betulaceae,Unknown,species,,,4,0.02,0.12,0.12,0.06,0.06,0.04,0.05,0.06,0.04,1.6,0.24,0.7,0.4,1,0.1,0.2,0.04,1.6,0.5,0.8,0.3,0.4
Corylus cornuta,Corylus,beaked hazelnut,Corylus,Betulaceae,Btr,species,,,0.6,0.02,0.1,0.1,0.1,0.6,0.04,0.05,0.06,0.04,1.6,0.24,0.7,0.4,1,0.1,0.2,0.04,1.6,0.5,0.8,0.3,0.4
Corylus cornuta var. californica,Corylus,California hazelnut,Corylus,Betulaceae,Btr,species,,,0.6,0.02,0.1,0.1,0.1,0.6,0.04,0.05,0.06,0.04,1.6,0.24,0.7,0.4,1,0.1,0.2,0.04,1.6,0.5,0.8,0.3,0.4
Corylus mandshurica,NoData,,Corylus,Betulaceae,Unknown,species,,,4,0.02,0.12,0.12,0.06,0.06,0.04,0.05,0.06,0.04,1.6,0.24,0.7,0.4,1,0.1,0.2,0.04,1.6,0.5,0.8,0.3,0.4
Corymbia,NoData,,Corymbia,Myrtaceae,Btr,genus,,,4,0.02,0.12,0.12,0.06,0.06,0.04,0.05,0.06,0.04,1.6,0.24,0.7,0.4,1,0.1,0.2,0.04,1.6,0.5,0.8,0.3,0.4
Corymbia ficifolia,NoData,redflower gum,Corymbia,Myrtaceae,Btr,species,,,4,0.02,0.12,0.12,0.06,0.06,0.04,0.05,0.06,0.04,1.6,0.24,0.7,0.4,1,0.1,0.2,0.04,1.6,0.5,0.8,0.3,0.4
Corymbia maculata,NoData,corymbia,Corymbia,Myrtaceae,Btr,species,,,4,0.02,0.12,0.12,0.06,0.06,0.04,0.05,0.06,0.04,1.6,0.24,0.7,0.4,1,0.1,0.2,0.04,1.6,0.5,0.8,0.3,0.4
Corymbia papuana,NoData,ghost gum,Corymbia,Myrtaceae,Unknown,species,,,4,0.02,0.12,0.12,0.06,0.06,0.04,0.05,0.06,0.04,1.6,0.24,0.7,0.4,1,0.1,0.2,0.04,1.6,0.5,0.8,0.3,0.4
Corymbiacitriodora,NoData,,Corymbia,Myrtaceae,Btr,species,,,4,0.02,0.12,0.12,0.06,0.06,0.04,0.05,0.06,0.04,1.6,0.24,0.7,0.4,1,0.1,0.2,0.04,1.6,0.5,0.8,0.3,0.4
Corymbia_itriodora,NoData,lemonscented gum,Corymbia,Myrtaceae,Btr,genus,,,4,0.02,0.12,0.12,0.06,0.06,0.04,0.05,0.06,0.04,1.6,0.24,0.7,0.4,1,0.1,0.2,0.04,1.6,0.5,0.8,0.3,0.4
Corynanthe,NoData,,Corynanthe,Rubiaceae,Unknown,genus,,,4,0.02,0.12,0.12,0.06,0.06,0.04,0.05,0.06,0.04,1.6,0.24,0.7,0.4,1,0.1,0.2,0.04,1.6,0.5,0.8,0.3,0.4
Corynanthe mayumbensis,NoData,,Corynanthe,Rubiaceae,Unknown,species,,,4,0.02,0.12,0.12,0.06,0.06,0.04,0.05,0.06,0.04,1.6,0.24,0.7,0.4,1,0.1,0.2,0.04,1.6,0.5,0.8,0.3,0.4
Corynocarpus,NoData,,Corynocarpus,Corynocarpaceae,Btr,genus,,,4,0.02,0.12,0.12,0.06,0.06,0.04,0.05,0.06,0.04,1.6,0.24,0.7,0.4,1,0.1,0.2,0.04,1.6,0.5,0.8,0.3,0.4
Corynocarpus laevigatus,NoData,karaka nut,Corynocarpus,Corynocarpaceae,Btr,species,,,4,0.02,0.12,0.12,0.06,0.06,0.04,0.05,0.06,0.04,1.6,0.24,0.7,0.4,1,0.1,0.2,0.04,1.6,0.5,0.8,0.3,0.4
Coryphantha,NoData,,Coryphantha,TBD,Shrub,genus,from LFRDB,,4,0.02,0.12,0.12,0.06,0.06,0.04,0.05,0.06,0.04,1.6,0.24,0.7,0.4,1,0.1,0.2,0.04,1.6,0.5,0.8,0.3,0.4
Cotinus,NoData,,Cotinus,Anacardiaceae,Btr,genus,,,4,0.02,0.12,0.12,0.06,0.06,0.04,0.05,0.06,0.04,1.6,0.24,0.7,0.4,1,0.1,0.2,0.04,1.6,0.5,0.8,0.3,0.4
Cotinus coggygria,NoData,European smoketree,Cotinus,Anacardiaceae,Btr,species,,,4,0.02,0.12,0.12,0.06,0.06,0.04,0.05,0.06,0.04,1.6,0.24,0.7,0.4,1,0.1,0.2,0.04,1.6,0.5,0.8,0.3,0.4
Cotoneaster,NoData,,Cotoneaster,Rosaceae,Shrub,genus,,,4,0.02,0.12,0.12,0.06,0.06,0.04,0.05,0.06,0.04,1.6,0.24,0.7,0.4,1,0.1,0.2,0.04,1.6,0.5,0.8,0.3,0.4
Cotoneaster lacteus,NoData,milkflower cotoneaster,Cotoneaster,Rosaceae,Shrub,species,,,4,0.02,0.12,0.12,0.06,0.06,0.04,0.05,0.06,0.04,1.6,0.24,0.7,0.4,1,0.1,0.2,0.04,1.6,0.5,0.8,0.3,0.4
Cotoneaster pannosus,NoData,silverleaf cotoneaster,Cotoneaster,Rosaceae,Shrub,species,,,4,0.02,0.12,0.12,0.06,0.06,0.04,0.05,0.06,0.04,1.6,0.24,0.7,0.4,1,0.1,0.2,0.04,1.6,0.5,0.8,0.3,0.4
Cotoneaster parneyi,NoData,,Cotoneaster,Rosaceae,Unknown,species,,,4,0.02,0.12,0.12,0.06,0.06,0.04,0.05,0.06,0.04,1.6,0.24,0.7,0.4,1,0.1,0.2,0.04,1.6,0.5,0.8,0.3,0.4
Couratari,NoData,,Couratari,Lecythidaceae,Btr,genus,,,4,0.02,0.12,0.12,0.06,0.06,0.04,0.05,0.06,0.04,1.6,0.24,0.7,0.4,1,0.1,0.2,0.04,1.6,0.5,0.8,0.3,0.4
Couratari stellata,NoData,,Couratari,Lecythidaceae,Btr,species,,,4,0.02,0.12,0.12,0.06,0.06,0.04,0.05,0.06,0.04,1.6,0.24,0.7,0.4,1,0.1,0.2,0.04,1.6,0.5,0.8,0.3,0.4
Coursetia,NoData,,Coursetia,TBD,Shrub,genus,from LFRDB,,4,0.02,0.12,0.12,0.06,0.06,0.04,0.05,0.06,0.04,1.6,0.24,0.7,0.4,1,0.1,0.2,0.04,1.6,0.5,0.8,0.3,0.4
Crassina,NoData,,TBD,TBD,TBD,genus,,LF CTCOG,4,0.02,0.12,0.12,0.06,0.06,0.04,0.05,0.06,0.04,1.6,0.24,0.7,0.4,1,0.1,0.2,0.04,1.6,0.5,0.8,0.3,0.4
Crataegus,Crataegus,hawthorn,Crataegus,Rosaceae,Btr,genus,,,0.2,0.02,0.1,0.1,0.05,0.1,0.04,0.05,0.06,0.04,1.6,0.24,0.7,0.4,1,0.1,0.2,0.04,1.6,0.5,0.8,0.3,0.4
Crataegus columbiana,Crataegus,,Crataegus,Rosaceae,Unknown,species,,,0.2,0.02,0.1,0.1,0.05,0.1,0.04,0.05,0.06,0.04,1.6,0.24,0.7,0.4,1,0.1,0.2,0.04,1.6,0.5,0.8,0.3,0.4
Crataegus douglasii,Crataegus,black hawthorn,Crataegus,Rosaceae,Btr,species,,,0.2,0.02,0.1,0.1,0.05,0.1,0.04,0.05,0.06,0.04,1.6,0.24,0.7,0.4,1,0.1,0.2,0.04,1.6,0.5,0.8,0.3,0.4
Crataegus douglasii var. douglasii,Crataegus,,Crataegus,Rosaceae,Unknown,species,,,0.2,0.02,0.1,0.1,0.05,0.1,0.04,0.05,0.06,0.04,1.6,0.24,0.7,0.4,1,0.1,0.2,0.04,1.6,0.5,0.8,0.3,0.4
Crataegus laevigata,Crataegus,smooth hawthorn,Crataegus,Rosaceae,Btr,species,,,0.2,0.02,0.1,0.1,0.05,0.1,0.04,0.05,0.06,0.04,1.6,0.24,0.7,0.4,1,0.1,0.2,0.04,1.6,0.5,0.8,0.3,0.4
Crataegus monogyna,Crataegus,oneseed hawthorn,Crataegus,Rosaceae,Btr,species,,,0.2,0.02,0.1,0.1,0.05,0.1,0.04,0.05,0.06,0.04,1.6,0.24,0.7,0.4,1,0.1,0.2,0.04,1.6,0.5,0.8,0.3,0.4
Crataegus phaenopyrum,Crataegus,Washington hawthorn,Crataegus,Rosaceae,Btr,species,,,0.2,0.02,0.1,0.1,0.05,0.1,0.04,0.05,0.06,0.04,1.6,0.24,0.7,0.4,1,0.1,0.2,0.04,1.6,0.5,0.8,0.3,0.4
Crataegus punctata,Crataegus,dotted hawthorn,Crataegus,Rosaceae,Btr,species,,,0.2,0.02,0.1,0.1,0.05,0.1,0.04,0.05,0.06,0.04,1.6,0.24,0.7,0.4,1,0.1,0.2,0.04,1.6,0.5,0.8,0.3,0.4
Cratoxylon,NoData,,Cratoxylon,Hypericaceae,Unknown,genus,,,4,0.02,0.12,0.12,0.06,0.06,0.04,0.05,0.06,0.04,1.6,0.24,0.7,0.4,1,0.1,0.2,0.04,1.6,0.5,0.8,0.3,0.4
Cratoxylon cochinchensis,NoData,,Cratoxylon,Hypericaceae,Unknown,species,,,4,0.02,0.12,0.12,0.06,0.06,0.04,0.05,0.06,0.04,1.6,0.24,0.7,0.4,1,0.1,0.2,0.04,1.6,0.5,0.8,0.3,0.4
Cratoxylon formosum,NoData,,Cratoxylon,Hypericaceae,Unknown,species,,,4,0.02,0.12,0.12,0.06,0.06,0.04,0.05,0.06,0.04,1.6,0.24,0.7,0.4,1,0.1,0.2,0.04,1.6,0.5,0.8,0.3,0.4
Crinodendron,NoData,,Crinodendron,Elaeocarpaceae,Btr,genus,,,4,0.02,0.12,0.12,0.06,0.06,0.04,0.05,0.06,0.04,1.6,0.24,0.7,0.4,1,0.1,0.2,0.04,1.6,0.5,0.8,0.3,0.4
Crinodendron patagua,NoData,,Crinodendron,Elaeocarpaceae,Btr,species,,,4,0.02,0.12,0.12,0.06,0.06,0.04,0.05,0.06,0.04,1.6,0.24,0.7,0.4,1,0.1,0.2,0.04,1.6,0.5,0.8,0.3,0.4
Crossopetalum,NoData,,Crossopetalum,Celastraceae,Btr,genus,,,4,0.02,0.12,0.12,0.06,0.06,0.04,0.05,0.06,0.04,1.6,0.24,0.7,0.4,1,0.1,0.2,0.04,1.6,0.5,0.8,0.3,0.4
Crossopetalum rhacoma,NoData,maidenberry,Crossopetalum,Celastraceae,Btr,species,,,4,0.02,0.12,0.12,0.06,0.06,0.04,0.05,0.06,0.04,1.6,0.24,0.7,0.4,1,0.1,0.2,0.04,1.6,0.5,0.8,0.3,0.4
Crossopteryx,NoData,,Crossopteryx,Rubiaceae,Unknown,genus,,,4,0.02,0.12,0.12,0.06,0.06,0.04,0.05,0.06,0.04,1.6,0.24,0.7,0.4,1,0.1,0.2,0.04,1.6,0.5,0.8,0.3,0.4
Crossopteryx febrifuga,NoData,,Crossopteryx,Rubiaceae,Unknown,species,,,4,0.02,0.12,0.12,0.06,0.06,0.04,0.05,0.06,0.04,1.6,0.24,0.7,0.4,1,0.1,0.2,0.04,1.6,0.5,0.8,0.3,0.4
Crossosoma,NoData,,Crossosoma,TBD,Shrub,genus,from LFRDB,,4,0.02,0.12,0.12,0.06,0.06,0.04,0.05,0.06,0.04,1.6,0.24,0.7,0.4,1,0.1,0.2,0.04,1.6,0.5,0.8,0.3,0.4
Croton,NoData,croton,Croton,Euphorbiaceae,Btr,genus,,,4,0.02,0.12,0.12,0.06,0.06,0.04,0.05,0.06,0.04,1.6,0.24,0.7,0.4,1,0.1,0.2,0.04,1.6,0.5,0.8,0.3,0.4
Croton argyratus,NoData,,Croton,Euphorbiaceae,Unknown,species,,,4,0.02,0.12,0.12,0.06,0.06,0.04,0.05,0.06,0.04,1.6,0.24,0.7,0.4,1,0.1,0.2,0.04,1.6,0.5,0.8,0.3,0.4
Croton discolor,NoData,lechecillo,Croton,Euphorbiaceae,Shrub,species,,,4,0.02,0.12,0.12,0.06,0.06,0.04,0.05,0.06,0.04,1.6,0.24,0.7,0.4,1,0.1,0.2,0.04,1.6,0.5,0.8,0.3,0.4
Croton matourensis,NoData,,Croton,Euphorbiaceae,Unknown,species,,,4,0.02,0.12,0.12,0.06,0.06,0.04,0.05,0.06,0.04,1.6,0.24,0.7,0.4,1,0.1,0.2,0.04,1.6,0.5,0.8,0.3,0.4
Croton megalobotrys,NoData,large fever berry,Croton,Euphorbiaceae,Unknown,species,,,4,0.02,0.12,0.12,0.06,0.06,0.04,0.05,0.06,0.04,1.6,0.24,0.7,0.4,1,0.1,0.2,0.04,1.6,0.5,0.8,0.3,0.4
Crotonogyne,NoData,,Crotonogyne,Euphorbiaceae,Unknown,genus,,,4,0.02,0.12,0.12,0.06,0.06,0.04,0.05,0.06,0.04,1.6,0.24,0.7,0.4,1,0.1,0.2,0.04,1.6,0.5,0.8,0.3,0.4
Crotonogyne giorgii,NoData,,Crotonogyne,Euphorbiaceae,Unknown,species,,,4,0.02,0.12,0.12,0.06,0.06,0.04,0.05,0.06,0.04,1.6,0.24,0.7,0.4,1,0.1,0.2,0.04,1.6,0.5,0.8,0.3,0.4
Cruciferae,NoData,,Cruciferae,Cruciferae,Unknown,family,,,4,0.02,0.12,0.12,0.06,0.06,0.04,0.05,0.06,0.04,1.6,0.24,0.7,0.4,1,0.1,0.2,0.04,1.6,0.5,0.8,0.3,0.4
Crypteronia,NoData,,Crypteronia,Crypteroniaceae,Unknown,genus,,,4,0.02,0.12,0.12,0.06,0.06,0.04,0.05,0.06,0.04,1.6,0.24,0.7,0.4,1,0.1,0.2,0.04,1.6,0.5,0.8,0.3,0.4
Crypteronia paniculatat,NoData,,Crypteronia,Crypteroniaceae,Unknown,species,,,4,0.02,0.12,0.12,0.06,0.06,0.04,0.05,0.06,0.04,1.6,0.24,0.7,0.4,1,0.1,0.2,0.04,1.6,0.5,0.8,0.3,0.4
Cryptocarya,NoData,,Cryptocarya,Lauraceae,Unknown,genus,,,4,0.02,0.12,0.12,0.06,0.06,0.04,0.05,0.06,0.04,1.6,0.24,0.7,0.4,1,0.1,0.2,0.04,1.6,0.5,0.8,0.3,0.4
Cryptocarya concinna,NoData,,Cryptocarya,Lauraceae,Unknown,species,,,4,0.02,0.12,0.12,0.06,0.06,0.04,0.05,0.06,0.04,1.6,0.24,0.7,0.4,1,0.1,0.2,0.04,1.6,0.5,0.8,0.3,0.4
Cryptocarya rubra,NoData,red cryptocarya,Cryptocarya,Lauraceae,Unknown,species,,,4,0.02,0.12,0.12,0.06,0.06,0.04,0.05,0.06,0.04,1.6,0.24,0.7,0.4,1,0.1,0.2,0.04,1.6,0.5,0.8,0.3,0.4
Cryptomeria,NoData,,Cryptomeria,Cupressaceae,Ntr,genus,,,4,0.02,0.12,0.12,0.06,0.06,0.04,0.05,0.06,0.04,1.6,0.24,0.7,0.4,1,0.1,0.2,0.04,1.6,0.5,0.8,0.3,0.4
Cryptomeria fortunei,NoData,,Cryptomeria,Cupressaceae,Ntr,species,,,4,0.02,0.12,0.12,0.06,0.06,0.04,0.05,0.06,0.04,1.6,0.24,0.7,0.4,1,0.1,0.2,0.04,1.6,0.5,0.8,0.3,0.4
Cryptomeria japonica,NoData,Japanese cedar,Cryptomeria,Cupressaceae,Ntr,species,,,4,0.02,0.12,0.12,0.06,0.06,0.04,0.05,0.06,0.04,1.6,0.24,0.7,0.4,1,0.1,0.2,0.04,1.6,0.5,0.8,0.3,0.4
Cryptosepalum,NoData,,Cryptosepalum,Fabaceae,Btr,genus,,,4,0.02,0.12,0.12,0.06,0.06,0.04,0.05,0.06,0.04,1.6,0.24,0.7,0.4,1,0.1,0.2,0.04,1.6,0.5,0.8,0.3,0.4
Cryptosepalum exfoliatum,NoData,,Cryptosepalum,Fabaceae,Btr,species,,,4,0.02,0.12,0.12,0.06,0.06,0.04,0.05,0.06,0.04,1.6,0.24,0.7,0.4,1,0.1,0.2,0.04,1.6,0.5,0.8,0.3,0.4
Cucumis melo,NoData,Melons,TBD,TBD,TBD,species,,,4,0.02,0.12,0.12,0.06,0.06,0.04,0.05,0.06,0.04,1.6,0.24,0.7,0.4,1,0.1,0.2,0.04,1.6,0.5,0.8,0.3,0.4
Cucumis sativus,NoData,Cucumbers,TBD,TBD,TBD,species,,,4,0.02,0.12,0.12,0.06,0.06,0.04,0.05,0.06,0.04,1.6,0.24,0.7,0.4,1,0.1,0.2,0.04,1.6,0.5,0.8,0.3,0.4
Cucurbita,NoData,Gourds,TBD,TBD,TBD,species,,,4,0.02,0.12,0.12,0.06,0.06,0.04,0.05,0.06,0.04,1.6,0.24,0.7,0.4,1,0.1,0.2,0.04,1.6,0.5,0.8,0.3,0.4
Cucurbita pepo,NoData,Pumpkins,TBD,TBD,TBD,species,,,4,0.02,0.12,0.12,0.06,0.06,0.04,0.05,0.06,0.04,1.6,0.24,0.7,0.4,1,0.1,0.2,0.04,1.6,0.5,0.8,0.3,0.4
Cunninghamia,NoData,,Cunninghamia,Cupressaceae,Ntr,genus,,,4,0.02,0.12,0.12,0.06,0.06,0.04,0.05,0.06,0.04,1.6,0.24,0.7,0.4,1,0.1,0.2,0.04,1.6,0.5,0.8,0.3,0.4
Cunninghamia lanceolata,NoData,Chinese fir,Cunninghamia,Cupressaceae,Ntr,species,,,4,0.02,0.12,0.12,0.06,0.06,0.04,0.05,0.06,0.04,1.6,0.24,0.7,0.4,1,0.1,0.2,0.04,1.6,0.5,0.8,0.3,0.4
Cunonia,NoData,,Cunonia,Cunoniaceae,Btr,genus,,,4,0.02,0.12,0.12,0.06,0.06,0.04,0.05,0.06,0.04,1.6,0.24,0.7,0.4,1,0.1,0.2,0.04,1.6,0.5,0.8,0.3,0.4
Cunonia capensis,NoData,,Cunonia,Cunoniaceae,Btr,species,,,4,0.02,0.12,0.12,0.06,0.06,0.04,0.05,0.06,0.04,1.6,0.24,0.7,0.4,1,0.1,0.2,0.04,1.6,0.5,0.8,0.3,0.4
Cupania,NoData,cupania,Cupania,Sapindaceae,Btr,genus,,,4,0.02,0.12,0.12,0.06,0.06,0.04,0.05,0.06,0.04,1.6,0.24,0.7,0.4,1,0.1,0.2,0.04,1.6,0.5,0.8,0.3,0.4
Cupania anacardioides,NoData,,Cupania,Sapindaceae,Unknown,species,,,4,0.02,0.12,0.12,0.06,0.06,0.04,0.05,0.06,0.04,1.6,0.24,0.7,0.4,1,0.1,0.2,0.04,1.6,0.5,0.8,0.3,0.4
Cupaniopsis,Cupaniopsis,,Cupaniopsis,Sapindaceae,Btr,genus,,,30,0.02,0.01,0.01,0.01,0.005,0.01,0.05,0.01,0.01,1.6,0.24,0.7,0.4,1,0.1,0.2,0.04,1.6,0.5,0.8,0.3,0.4
Cupaniopsis anacardioides,Cupaniopsis,carrotwood,Cupaniopsis,Sapindaceae,Btr,species,,,30,0.02,0.01,0.01,0.01,0.005,0.01,0.05,0.01,0.01,1.6,0.24,0.7,0.4,1,0.1,0.2,0.04,1.6,0.5,0.8,0.3,0.4
Cupressaceae,Cupressus,,Cupressaceae,Cupressaceae,Unknown,family,,,0.05,0.02,0.4,0.02,0.2,0.1,0.04,0.05,0.02,0.01,1.6,0.24,0.7,0.4,1,0.1,0.2,0.04,1.6,0.5,0.8,0.3,0.4
Cupressocyparis,Cupressus,Leyland cypress,Cupressocyparis,Cupressaceae,Btr,genus,,,0.05,0.02,0.4,0.02,0.2,0.1,0.04,0.05,0.02,0.01,1.6,0.24,0.7,0.4,1,0.1,0.2,0.04,1.6,0.5,0.8,0.3,0.4
Cupressus,Cupressus,cypress,Cupressus,Cupressaceae,Ntr,genus,,,0.05,0.02,0.4,0.02,0.2,0.1,0.04,0.05,0.02,0.01,1.6,0.24,0.7,0.4,1,0.1,0.2,0.04,1.6,0.5,0.8,0.3,0.4
Cupressus abramsiana,Cupressus,Santa Cruz cypress,Cupressus,Cupressaceae,Ntr,species,,,0.05,0.02,0.4,0.02,0.2,0.1,0.04,0.05,0.02,0.01,1.6,0.24,0.7,0.4,1,0.1,0.2,0.04,1.6,0.5,0.8,0.3,0.4
Cupressus arizonica,Cupressus,Arizona cypress,Cupressus,Cupressaceae,Ntr,species,,,0.05,0.02,0.4,0.02,0.2,0.1,0.04,0.05,0.02,0.01,1.6,0.24,0.7,0.4,1,0.1,0.2,0.04,1.6,0.5,0.8,0.3,0.4
Cupressus forbesii,Cupressus,tecate cypress,Cupressus,Cupressaceae,Ntr,species,,,0.05,0.02,0.4,0.02,0.2,0.1,0.04,0.05,0.02,0.01,1.6,0.24,0.7,0.4,1,0.1,0.2,0.04,1.6,0.5,0.8,0.3,0.4
Cupressus glabra,Cupressus,,Cupressus,Cupressaceae,Ntr,species,,,0.05,0.02,0.4,0.02,0.2,0.1,0.04,0.05,0.02,0.01,1.6,0.24,0.7,0.4,1,0.1,0.2,0.04,1.6,0.5,0.8,0.3,0.4
Cupressus guadalupensis,Cupressus,Guadeloupe cypress,Cupressus,Cupressaceae,Ntr,species,,,0.05,0.02,0.4,0.02,0.2,0.1,0.04,0.05,0.02,0.01,1.6,0.24,0.7,0.4,1,0.1,0.2,0.04,1.6,0.5,0.8,0.3,0.4
Cupressus leylandii,Cupressus,Leyland cypress,Cupressus,Cupressaceae,Ntr,species,,,0.05,0.02,0.4,0.02,0.2,0.1,0.04,0.05,0.02,0.01,1.6,0.24,0.7,0.4,1,0.1,0.2,0.04,1.6,0.5,0.8,0.3,0.4
Cupressus lusitanica,Cupressus,cedar-of-Goa,Cupressus,Cupressaceae,Ntr,species,,,0.05,0.02,0.4,0.02,0.2,0.1,0.04,0.05,0.02,0.01,1.6,0.24,0.7,0.4,1,0.1,0.2,0.04,1.6,0.5,0.8,0.3,0.4
Cupressus macnabiana,Cupressus,MacNab's cypress,Cupressus,Cupressaceae,Ntr,species,,,0.05,0.02,0.4,0.02,0.2,0.1,0.04,0.05,0.02,0.01,1.6,0.24,0.7,0.4,1,0.1,0.2,0.04,1.6,0.5,0.8,0.3,0.4
Cupressus macrocarpa,Cupressus,Monterey cypress,Cupressus,Cupressaceae,Ntr,species,,,0.05,0.02,0.4,0.02,0.2,0.1,0.04,0.05,0.02,0.01,1.6,0.24,0.7,0.4,1,0.1,0.2,0.04,1.6,0.5,0.8,0.3,0.4
Cupressus orientalis,Cupressus,,Cupressus,Cupressaceae,Unknown,species,,,0.05,0.02,0.4,0.02,0.2,0.1,0.04,0.05,0.02,0.01,1.6,0.24,0.7,0.4,1,0.1,0.2,0.04,1.6,0.5,0.8,0.3,0.4
Cupressus sempervirens,Cupressus,Italian cypress,Cupressus,Cupressaceae,Ntr,species,,,0.05,0.02,0.4,0.02,0.2,0.1,0.04,0.05,0.02,0.01,1.6,0.24,0.7,0.4,1,0.1,0.2,0.04,1.6,0.5,0.8,0.3,0.4
Cussonia,NoData,,Cussonia,Araliaceae,Unknown,genus,,,4,0.02,0.12,0.12,0.06,0.06,0.04,0.05,0.06,0.04,1.6,0.24,0.7,0.4,1,0.1,0.2,0.04,1.6,0.5,0.8,0.3,0.4
Cussonia zuluensis,NoData,,Cussonia,Araliaceae,Unknown,species,,,4,0.02,0.12,0.12,0.06,0.06,0.04,0.05,0.06,0.04,1.6,0.24,0.7,0.4,1,0.1,0.2,0.04,1.6,0.5,0.8,0.3,0.4
Cyanococcus,NoData,Section within Vaccinium,Vaccinium,Ericaceae,Shrub,genus,from LFRDB,,4,0.02,0.12,0.12,0.06,0.06,0.04,0.05,0.06,0.04,1.6,0.24,0.7,0.4,1,0.1,0.2,0.04,1.6,0.5,0.8,0.3,0.4
Cyathea,NoData,,Cyathea,Cyatheaceae,Btr,genus,,,4,0.02,0.12,0.12,0.06,0.06,0.04,0.05,0.06,0.04,1.6,0.24,0.7,0.4,1,0.1,0.2,0.04,1.6,0.5,0.8,0.3,0.4
Cyathea cooperi,NoData,Cooper's cyathea,Cyathea,Cyatheaceae,Btr,species,,,4,0.02,0.12,0.12,0.06,0.06,0.04,0.05,0.06,0.04,1.6,0.24,0.7,0.4,1,0.1,0.2,0.04,1.6,0.5,0.8,0.3,0.4
Cyathea medullaris,NoData,,Cyathea,Cyatheaceae,Unknown,species,,,4,0.02,0.12,0.12,0.06,0.06,0.04,0.05,0.06,0.04,1.6,0.24,0.7,0.4,1,0.1,0.2,0.04,1.6,0.5,0.8,0.3,0.4
Cyathea tenera,NoData,,Cyathea,Cyatheaceae,Btr,species,,,4,0.02,0.12,0.12,0.06,0.06,0.04,0.05,0.06,0.04,1.6,0.24,0.7,0.4,1,0.1,0.2,0.04,1.6,0.5,0.8,0.3,0.4
Cycas,NoData,cycad,Cycas,Cycadaceae,Btr,genus,,,4,0.02,0.12,0.12,0.06,0.06,0.04,0.05,0.06,0.04,1.6,0.24,0.7,0.4,1,0.1,0.2,0.04,1.6,0.5,0.8,0.3,0.4
Cycas circinalis,NoData,cycad,Cycas,Cycadaceae,Btr,genus,,,4,0.02,0.12,0.12,0.06,0.06,0.04,0.05,0.06,0.04,1.6,0.24,0.7,0.4,1,0.1,0.2,0.04,1.6,0.5,0.8,0.3,0.4
Cycas revoluta,NoData,sago palm,Cycas,Cycadaceae,Btr,species,,,4,0.02,0.12,0.12,0.06,0.06,0.04,0.05,0.06,0.04,1.6,0.24,0.7,0.4,1,0.1,0.2,0.04,1.6,0.5,0.8,0.3,0.4
Cycas revolutus,NoData,,Cycas,Cycadaceae,Unknown,species,,,4,0.02,0.12,0.12,0.06,0.06,0.04,0.05,0.06,0.04,1.6,0.24,0.7,0.4,1,0.1,0.2,0.04,1.6,0.5,0.8,0.3,0.4
Cyclosorus,NoData,,Cyclosorus,Thelypteridaceae,Herb,genus,,,4,0.02,0.12,0.12,0.06,0.06,0.04,0.05,0.06,0.04,1.6,0.24,0.7,0.4,1,0.1,0.2,0.04,1.6,0.5,0.8,0.3,0.4
Cyclosorus parasiticus,NoData,,Cyclosorus,Thelypteridaceae,Herb,species,,,4,0.02,0.12,0.12,0.06,0.06,0.04,0.05,0.06,0.04,1.6,0.24,0.7,0.4,1,0.1,0.2,0.04,1.6,0.5,0.8,0.3,0.4
Cydonia,NoData,,Cydonia,Rosaceae,Btr,genus,,,4,0.02,0.12,0.12,0.06,0.06,0.04,0.05,0.06,0.04,1.6,0.24,0.7,0.4,1,0.1,0.2,0.04,1.6,0.5,0.8,0.3,0.4
Cydonia oblonga,NoData,quince,Cydonia,Rosaceae,Btr,species,,,4,0.02,0.12,0.12,0.06,0.06,0.04,0.05,0.06,0.04,1.6,0.24,0.7,0.4,1,0.1,0.2,0.04,1.6,0.5,0.8,0.3,0.4
Cylindropuntia,NoData,,TBD,TBD,TBD,genus,,LF CTCOG,4,0.02,0.12,0.12,0.06,0.06,0.04,0.05,0.06,0.04,1.6,0.24,0.7,0.4,1,0.1,0.2,0.04,1.6,0.5,0.8,0.3,0.4
Cymbopogon,NoData,,Cymbopogon,Poaceae,shrub,genus,,,4,0.02,0.12,0.12,0.06,0.06,0.04,0.05,0.06,0.04,1.6,0.24,0.7,0.4,1,0.1,0.2,0.04,1.6,0.5,0.8,0.3,0.4
Cynanchum,NoData,,TBD,TBD,TBD,genus,,LF CTCOG,4,0.02,0.12,0.12,0.06,0.06,0.04,0.05,0.06,0.04,1.6,0.24,0.7,0.4,1,0.1,0.2,0.04,1.6,0.5,0.8,0.3,0.4
Cynodendron,Cynodendron oliviforme,,Cynodendron,Sapotaceae,Btr,genus,,,8,0.02,0.1,0.2,0.1,0.1,0.04,0.05,0.06,0.04,1.6,0.24,0.7,0.4,1,0.1,0.2,0.04,1.6,0.5,0.8,0.3,0.4
Cynodendron oliviforme,Cynodendron oliviforme,,Cynodendron,Sapotaceae,Btr,species,,,8,0.02,0.1,0.2,0.1,0.1,0.04,0.05,0.06,0.04,1.6,0.24,0.7,0.4,1,0.1,0.2,0.04,1.6,0.5,0.8,0.3,0.4
Cynodon,NoData,,Cynodon,Poaceae,Herb,genus,,,4,0.02,0.12,0.12,0.06,0.06,0.04,0.05,0.06,0.04,1.6,0.24,0.7,0.4,1,0.1,0.2,0.04,1.6,0.5,0.8,0.3,0.4
Cynodon dactylon,NoData,Bermudagrass,Cynodon,Poaceae,Herb,species,,,4,0.02,0.12,0.12,0.06,0.06,0.04,0.05,0.06,0.04,1.6,0.24,0.7,0.4,1,0.1,0.2,0.04,1.6,0.5,0.8,0.3,0.4
Cynoglossum,NoData,,TBD,TBD,TBD,genus,,LF CTCOG,4,0.02,0.12,0.12,0.06,0.06,0.04,0.05,0.06,0.04,1.6,0.24,0.7,0.4,1,0.1,0.2,0.04,1.6,0.5,0.8,0.3,0.4
Cynophalla,NoData,,Cynophalla,TBD,Shrub,genus,from LFRDB,,4,0.02,0.12,0.12,0.06,0.06,0.04,0.05,0.06,0.04,1.6,0.24,0.7,0.4,1,0.1,0.2,0.04,1.6,0.5,0.8,0.3,0.4
Cynoxylon,Cornus,Subgenus of Cornus,Cornus,Cornaceae,Btr,genus,from LFRDB,,0.6,0.02,0.02,0.02,0.05,0.4,0.04,0.05,0.06,0.04,1.6,0.24,0.7,0.4,1,0.1,0.2,0.04,1.6,0.5,0.8,0.3,0.4
Cyperaceae,NoData,,Cyperaceae,Cyperaceae,Unknown,family,,,4,0.02,0.12,0.12,0.06,0.06,0.04,0.05,0.06,0.04,1.6,0.24,0.7,0.4,1,0.1,0.2,0.04,1.6,0.5,0.8,0.3,0.4
Cyperus,NoData,flatsedge,Cyperus,Cyperaceae,Herb,genus,,,4,0.02,0.12,0.12,0.06,0.06,0.04,0.05,0.06,0.04,1.6,0.24,0.7,0.4,1,0.1,0.2,0.04,1.6,0.5,0.8,0.3,0.4
Cyperus alternifolius,NoData,,Cyperus,Cyperaceae,Unknown,species,,,4,0.02,0.12,0.12,0.06,0.06,0.04,0.05,0.06,0.04,1.6,0.24,0.7,0.4,1,0.1,0.2,0.04,1.6,0.5,0.8,0.3,0.4
Cyperus papyrus,NoData,papyrus,Cyperus,Cyperaceae,Herb,species,,,4,0.02,0.12,0.12,0.06,0.06,0.04,0.05,0.06,0.04,1.6,0.24,0.7,0.4,1,0.1,0.2,0.04,1.6,0.5,0.8,0.3,0.4
Cyphomandra,NoData,,Cyphomandra,Solanaceae,Unknown,genus,,,4,0.02,0.12,0.12,0.06,0.06,0.04,0.05,0.06,0.04,1.6,0.24,0.7,0.4,1,0.1,0.2,0.04,1.6,0.5,0.8,0.3,0.4
Cyphomandra betacea,NoData,tree tomato,Cyphomandra,Solanaceae,Unknown,species,,,4,0.02,0.12,0.12,0.06,0.06,0.04,0.05,0.06,0.04,1.6,0.24,0.7,0.4,1,0.1,0.2,0.04,1.6,0.5,0.8,0.3,0.4
Cyrilla,NoData,titi,Cyrilla,Cyrillaceae,Btr,genus,,,4,0.02,0.12,0.12,0.06,0.06,0.04,0.05,0.06,0.04,1.6,0.24,0.7,0.4,1,0.1,0.2,0.04,1.6,0.5,0.8,0.3,0.4
Cyrilla racemiflora,Cyrilla racemiflora,swamp titi,Cyrilla,Cyrillaceae,Btr,species,,,8,0.02,0.1,0.2,0.1,0.1,0.04,0.05,0.06,0.04,1.6,0.24,0.7,0.4,1,0.1,0.2,0.04,1.6,0.5,0.8,0.3,0.4
Cyrillaceae,NoData,,Cyrillaceae,Cyrillaceae,Unknown,family,,,4,0.02,0.12,0.12,0.06,0.06,0.04,0.05,0.06,0.04,1.6,0.24,0.7,0.4,1,0.1,0.2,0.04,1.6,0.5,0.8,0.3,0.4
Cyrtomium,NoData,,Cyrtomium,Dryopteridaceae,Herb,genus,,,4,0.02,0.12,0.12,0.06,0.06,0.04,0.05,0.06,0.04,1.6,0.24,0.7,0.4,1,0.1,0.2,0.04,1.6,0.5,0.8,0.3,0.4
Cyrtomium falcatum,NoData,Japanese netvein hollyfern,Cyrtomium,Dryopteridaceae,Herb,species,,,4,0.02,0.12,0.12,0.06,0.06,0.04,0.05,0.06,0.04,1.6,0.24,0.7,0.4,1,0.1,0.2,0.04,1.6,0.5,0.8,0.3,0.4
Cystisus,NoData,,Cystisus,Fabaceae,Unknown,genus,,Argyrocytisus battandieri,4,0.02,0.12,0.12,0.06,0.06,0.04,0.05,0.06,0.04,1.6,0.24,0.7,0.4,1,0.1,0.2,0.04,1.6,0.5,0.8,0.3,0.4
Cystisus battandieri,NoData,,Cystisus,Fabaceae,Unknown,species,,Argyrocytisus battandieri,4,0.02,0.12,0.12,0.06,0.06,0.04,0.05,0.06,0.04,1.6,0.24,0.7,0.4,1,0.1,0.2,0.04,1.6,0.5,0.8,0.3,0.4
Cystisus multiflorus,NoData,,Cystisus,Fabaceae,Unknown,species,,,4,0.02,0.12,0.12,0.06,0.06,0.04,0.05,0.06,0.04,1.6,0.24,0.7,0.4,1,0.1,0.2,0.04,1.6,0.5,0.8,0.3,0.4
Cytisus,NoData,broom,Cytisus,Fabaceae,Shrub,genus,,,4,0.02,0.12,0.12,0.06,0.06,0.04,0.05,0.06,0.04,1.6,0.24,0.7,0.4,1,0.1,0.2,0.04,1.6,0.5,0.8,0.3,0.4
Cytisus battandieri,NoData,,Cytisus,Fabaceae,Unknown,species,,,4,0.02,0.12,0.12,0.06,0.06,0.04,0.05,0.06,0.04,1.6,0.24,0.7,0.4,1,0.1,0.2,0.04,1.6,0.5,0.8,0.3,0.4
Cytisus multiflorus,NoData,white spanishbroom,Cytisus,Fabaceae,Shrub,species,,,4,0.02,0.12,0.12,0.06,0.06,0.04,0.05,0.06,0.04,1.6,0.24,0.7,0.4,1,0.1,0.2,0.04,1.6,0.5,0.8,0.3,0.4
Cytisus praecox,NoData,,Cytisus,Fabaceae,Unknown,species,,,4,0.02,0.12,0.12,0.06,0.06,0.04,0.05,0.06,0.04,1.6,0.24,0.7,0.4,1,0.1,0.2,0.04,1.6,0.5,0.8,0.3,0.4
Cytisus scoparius,NoData,Scotch broom,Cytisus,Fabaceae,Shrub,species,,,4,0.02,0.12,0.12,0.06,0.06,0.04,0.05,0.06,0.04,1.6,0.24,0.7,0.4,1,0.1,0.2,0.04,1.6,0.5,0.8,0.3,0.4
Cytisus spachinanus,NoData,,Cytisus,Fabaceae,Unknown,species,,,4,0.02,0.12,0.12,0.06,0.06,0.04,0.05,0.06,0.04,1.6,0.24,0.7,0.4,1,0.1,0.2,0.04,1.6,0.5,0.8,0.3,0.4
Dacrydium,NoData,,Dacrydium,Podocarpaceae,Ntr,genus,,,4,0.02,0.12,0.12,0.06,0.06,0.04,0.05,0.06,0.04,1.6,0.24,0.7,0.4,1,0.1,0.2,0.04,1.6,0.5,0.8,0.3,0.4
Dacrydium cupressinum,NoData,New Zealand red pine,Dacrydium,Podocarpaceae,Ntr,species,,,4,0.02,0.12,0.12,0.06,0.06,0.04,0.05,0.06,0.04,1.6,0.24,0.7,0.4,1,0.1,0.2,0.04,1.6,0.5,0.8,0.3,0.4
Dacryodes,NoData,,Dacryodes,Burseraceae,Unknown,genus,,,4,0.02,0.12,0.12,0.06,0.06,0.04,0.05,0.06,0.04,1.6,0.24,0.7,0.4,1,0.1,0.2,0.04,1.6,0.5,0.8,0.3,0.4
Dacryodes edulis,NoData,eben tree,Dacryodes,Burseraceae,Unknown,species,,,4,0.02,0.12,0.12,0.06,0.06,0.04,0.05,0.06,0.04,1.6,0.24,0.7,0.4,1,0.1,0.2,0.04,1.6,0.5,0.8,0.3,0.4
Dactylis,NoData,,Dactylis,Poaceae,Herb,genus,,,4,0.02,0.12,0.12,0.06,0.06,0.04,0.05,0.06,0.04,1.6,0.24,0.7,0.4,1,0.1,0.2,0.04,1.6,0.5,0.8,0.3,0.4
Dactylis glomerata,NoData,orchardgrass,Dactylis,Poaceae,Herb,species,,,4,0.02,0.12,0.12,0.06,0.06,0.04,0.05,0.06,0.04,1.6,0.24,0.7,0.4,1,0.1,0.2,0.04,1.6,0.5,0.8,0.3,0.4
Dais,NoData,,Dais,Thymelaeaceae,Btr,genus,,,4,0.02,0.12,0.12,0.06,0.06,0.04,0.05,0.06,0.04,1.6,0.24,0.7,0.4,1,0.1,0.2,0.04,1.6,0.5,0.8,0.3,0.4
Dais cotinifolia,NoData,,Dais,Thymelaeaceae,Btr,species,,,4,0.02,0.12,0.12,0.06,0.06,0.04,0.05,0.06,0.04,1.6,0.24,0.7,0.4,1,0.1,0.2,0.04,1.6,0.5,0.8,0.3,0.4
Dalbergia,NoData,,Dalbergia,Fabaceae,Unknown,genus,,,4,0.02,0.12,0.12,0.06,0.06,0.04,0.05,0.06,0.04,1.6,0.24,0.7,0.4,1,0.1,0.2,0.04,1.6,0.5,0.8,0.3,0.4
Dalbergia fusca,NoData,,Dalbergia,Fabaceae,Unknown,species,,,4,0.02,0.12,0.12,0.06,0.06,0.04,0.05,0.06,0.04,1.6,0.24,0.7,0.4,1,0.1,0.2,0.04,1.6,0.5,0.8,0.3,0.4
Dalbergia hostilis,NoData,,Dalbergia,Fabaceae,Unknown,species,,,4,0.02,0.12,0.12,0.06,0.06,0.04,0.05,0.06,0.04,1.6,0.24,0.7,0.4,1,0.1,0.2,0.04,1.6,0.5,0.8,0.3,0.4
Dalbergia melanoxylon,NoData,,Dalbergia,Fabaceae,Unknown,species,,,4,0.02,0.12,0.12,0.06,0.06,0.04,0.05,0.06,0.04,1.6,0.24,0.7,0.4,1,0.1,0.2,0.04,1.6,0.5,0.8,0.3,0.4
Dalbergia obtusifolia,NoData,,Dalbergia,Fabaceae,Unknown,species,,,4,0.02,0.12,0.12,0.06,0.06,0.04,0.05,0.06,0.04,1.6,0.24,0.7,0.4,1,0.1,0.2,0.04,1.6,0.5,0.8,0.3,0.4
Dalbergia saxatilis,NoData,,Dalbergia,Fabaceae,Unknown,species,,,4,0.02,0.12,0.12,0.06,0.06,0.04,0.05,0.06,0.04,1.6,0.24,0.7,0.4,1,0.1,0.2,0.04,1.6,0.5,0.8,0.3,0.4
Dalbergia sissoo,NoData,Indian rosewood,Dalbergia,Fabaceae,Btr,species,,,4,0.02,0.12,0.12,0.06,0.06,0.04,0.05,0.06,0.04,1.6,0.24,0.7,0.4,1,0.1,0.2,0.04,1.6,0.5,0.8,0.3,0.4
Dalea,NoData,,TBD,TBD,TBD,genus,,LF CTCOG,4,0.02,0.12,0.12,0.06,0.06,0.04,0.05,0.06,0.04,1.6,0.24,0.7,0.4,1,0.1,0.2,0.04,1.6,0.5,0.8,0.3,0.4
Dalhousiea,NoData,,Dalhousiea,Fabaceae,Unknown,genus,,,4,0.02,0.12,0.12,0.06,0.06,0.04,0.05,0.06,0.04,1.6,0.24,0.7,0.4,1,0.1,0.2,0.04,1.6,0.5,0.8,0.3,0.4
Dalhousiea africana,NoData,,Dalhousiea,Fabaceae,Unknown,species,,,4,0.02,0.12,0.12,0.06,0.06,0.04,0.05,0.06,0.04,1.6,0.24,0.7,0.4,1,0.1,0.2,0.04,1.6,0.5,0.8,0.3,0.4
Daniellia,NoData,,Daniellia,Fabaceae,Unknown,genus,,,4,0.02,0.12,0.12,0.06,0.06,0.04,0.05,0.06,0.04,1.6,0.24,0.7,0.4,1,0.1,0.2,0.04,1.6,0.5,0.8,0.3,0.4
Daniellia oliveri,NoData,African copaiba balsam tree,Daniellia,Fabaceae,Unknown,species,,,4,0.02,0.12,0.12,0.06,0.06,0.04,0.05,0.06,0.04,1.6,0.24,0.7,0.4,1,0.1,0.2,0.04,1.6,0.5,0.8,0.3,0.4
Daphne,NoData,,Daphne,Thymelaeaceae,Unknown,genus,,,4,0.02,0.12,0.12,0.06,0.06,0.04,0.05,0.06,0.04,1.6,0.24,0.7,0.4,1,0.1,0.2,0.04,1.6,0.5,0.8,0.3,0.4
Daphne gnidium,NoData,,Daphne,Thymelaeaceae,Unknown,species,,,4,0.02,0.12,0.12,0.06,0.06,0.04,0.05,0.06,0.04,1.6,0.24,0.7,0.4,1,0.1,0.2,0.04,1.6,0.5,0.8,0.3,0.4
Dasiphora,NoData,,Dasiphora,TBD,Shrub,genus,from LFRDB,,4,0.02,0.12,0.12,0.06,0.06,0.04,0.05,0.06,0.04,1.6,0.24,0.7,0.4,1,0.1,0.2,0.04,1.6,0.5,0.8,0.3,0.4
Dasylirion,NoData,,TBD,TBD,TBD,genus,,LF CTCOG,4,0.02,0.12,0.12,0.06,0.06,0.04,0.05,0.06,0.04,1.6,0.24,0.7,0.4,1,0.1,0.2,0.04,1.6,0.5,0.8,0.3,0.4
Dasyochloa,NoData,,TBD,TBD,TBD,genus,,LF CTCOG,4,0.02,0.12,0.12,0.06,0.06,0.04,0.05,0.06,0.04,1.6,0.24,0.7,0.4,1,0.1,0.2,0.04,1.6,0.5,0.8,0.3,0.4
Datura,NoData,,Datura,Solanaceae,Unknown,genus,,,4,0.02,0.12,0.12,0.06,0.06,0.04,0.05,0.06,0.04,1.6,0.24,0.7,0.4,1,0.1,0.2,0.04,1.6,0.5,0.8,0.3,0.4
Datura arborea,NoData,,Datura,Solanaceae,Unknown,species,,,4,0.02,0.12,0.12,0.06,0.06,0.04,0.05,0.06,0.04,1.6,0.24,0.7,0.4,1,0.1,0.2,0.04,1.6,0.5,0.8,0.3,0.4
Daubentonia,NoData,,TBD,TBD,TBD,genus,,LF CTCOG,4,0.02,0.12,0.12,0.06,0.06,0.04,0.05,0.06,0.04,1.6,0.24,0.7,0.4,1,0.1,0.2,0.04,1.6,0.5,0.8,0.3,0.4
Daucus,NoData,,Daucus,Apiaceae,Herb,genus,,,4,0.02,0.12,0.12,0.06,0.06,0.04,0.05,0.06,0.04,1.6,0.24,0.7,0.4,1,0.1,0.2,0.04,1.6,0.5,0.8,0.3,0.4
Daucus carota,NoData,Queen Anne's lace,Daucus,Apiaceae,Herb,species,,,4,0.02,0.12,0.12,0.06,0.06,0.04,0.05,0.06,0.04,1.6,0.24,0.7,0.4,1,0.1,0.2,0.04,1.6,0.5,0.8,0.3,0.4
Daucus carota var. sativus,NoData,Domestic carrot,Daucus,Apiaceae,Crop,species,,,4,0.02,0.12,0.12,0.06,0.06,0.04,0.05,0.06,0.04,1.6,0.24,0.7,0.4,1,0.1,0.2,0.04,1.6,0.5,0.8,0.3,0.4
Davallia,NoData,,Davallia,Davalliaceae,Unknown,genus,,,4,0.02,0.12,0.12,0.06,0.06,0.04,0.05,0.06,0.04,1.6,0.24,0.7,0.4,1,0.1,0.2,0.04,1.6,0.5,0.8,0.3,0.4
Davallia rugosa,NoData,,Davallia,Davalliaceae,Unknown,species,,,4,0.02,0.12,0.12,0.06,0.06,0.04,0.05,0.06,0.04,1.6,0.24,0.7,0.4,1,0.1,0.2,0.04,1.6,0.5,0.8,0.3,0.4
Davilla,NoData,,Davilla,TBD,Unknown,genus,,,4,0.02,0.12,0.12,0.06,0.06,0.04,0.05,0.06,0.04,1.6,0.24,0.7,0.4,1,0.1,0.2,0.04,1.6,0.5,0.8,0.3,0.4
Decachaena,NoData,,Decachaena,TBD,Shrub,genus,from LFRDB,,4,0.02,0.12,0.12,0.06,0.06,0.04,0.05,0.06,0.04,1.6,0.24,0.7,0.4,1,0.1,0.2,0.04,1.6,0.5,0.8,0.3,0.4
Decodon,NoData,,Decodon,TBD,Shrub,genus,from LFRDB,,4,0.02,0.12,0.12,0.06,0.06,0.04,0.05,0.06,0.04,1.6,0.24,0.7,0.4,1,0.1,0.2,0.04,1.6,0.5,0.8,0.3,0.4
Decumaria,NoData,,Decumaria,TBD,Shrub,genus,from LFRDB,,4,0.02,0.12,0.12,0.06,0.06,0.04,0.05,0.06,0.04,1.6,0.24,0.7,0.4,1,0.1,0.2,0.04,1.6,0.5,0.8,0.3,0.4
Dedeckera,NoData,,Dedeckera,TBD,Shrub,genus,from LFRDB,,4,0.02,0.12,0.12,0.06,0.06,0.04,0.05,0.06,0.04,1.6,0.24,0.7,0.4,1,0.1,0.2,0.04,1.6,0.5,0.8,0.3,0.4
Delonix,NoData,,Delonix,Fabaceae,Btr,genus,,,4,0.02,0.12,0.12,0.06,0.06,0.04,0.05,0.06,0.04,1.6,0.24,0.7,0.4,1,0.1,0.2,0.04,1.6,0.5,0.8,0.3,0.4
Delonix regia,NoData,royal poinciana,Delonix,Fabaceae,Btr,species,,,4,0.02,0.12,0.12,0.06,0.06,0.04,0.05,0.06,0.04,1.6,0.24,0.7,0.4,1,0.1,0.2,0.04,1.6,0.5,0.8,0.3,0.4
Dendrocalamus,NoData,,Dendrocalamus,Poaceae,Unknown,genus,,,4,0.02,0.12,0.12,0.06,0.06,0.04,0.05,0.06,0.04,1.6,0.24,0.7,0.4,1,0.1,0.2,0.04,1.6,0.5,0.8,0.3,0.4
Dendrocalamus giganteus,NoData,,Dendrocalamus,Poaceae,Unknown,species,,,4,0.02,0.12,0.12,0.06,0.06,0.04,0.05,0.06,0.04,1.6,0.24,0.7,0.4,1,0.1,0.2,0.04,1.6,0.5,0.8,0.3,0.4
Dendrocalamus hamilatonii,NoData,,Dendrocalamus,Poaceae,Unknown,species,,,4,0.02,0.12,0.12,0.06,0.06,0.04,0.05,0.06,0.04,1.6,0.24,0.7,0.4,1,0.1,0.2,0.04,1.6,0.5,0.8,0.3,0.4
Dendrocalamus membranaceus,NoData,,Dendrocalamus,Poaceae,Unknown,species,,,4,0.02,0.12,0.12,0.06,0.06,0.04,0.05,0.06,0.04,1.6,0.24,0.7,0.4,1,0.1,0.2,0.04,1.6,0.5,0.8,0.3,0.4
Dendromecon,NoData,tree poppy,Dendromecon,Papaveraceae,Btr,genus,,,4,0.02,0.12,0.12,0.06,0.06,0.04,0.05,0.06,0.04,1.6,0.24,0.7,0.4,1,0.1,0.2,0.04,1.6,0.5,0.8,0.3,0.4
Dendromecon harfordii,NoData,Harford's tree poppy,Dendromecon,Papaveraceae,Btr,species,,,4,0.02,0.12,0.12,0.06,0.06,0.04,0.05,0.06,0.04,1.6,0.24,0.7,0.4,1,0.1,0.2,0.04,1.6,0.5,0.8,0.3,0.4
Dendromecon rigida,NoData,tree poppy,Dendromecon,Papaveraceae,Btr,species,,,4,0.02,0.12,0.12,0.06,0.06,0.04,0.05,0.06,0.04,1.6,0.24,0.7,0.4,1,0.1,0.2,0.04,1.6,0.5,0.8,0.3,0.4
Deschampsia,NoData,,Deschampsia,Poaceae,Herb,genus,,,4,0.02,0.12,0.12,0.06,0.06,0.04,0.05,0.06,0.04,1.6,0.24,0.7,0.4,1,0.1,0.2,0.04,1.6,0.5,0.8,0.3,0.4
Deschampsia flexuosa,NoData,wavy hairgrass,Deschampsia,Poaceae,Herb,species,,,4,0.02,0.12,0.12,0.06,0.06,0.04,0.05,0.06,0.04,1.6,0.24,0.7,0.4,1,0.1,0.2,0.04,1.6,0.5,0.8,0.3,0.4
Descurainia,NoData,,TBD,TBD,TBD,genus,,LF CTCOG,4,0.02,0.12,0.12,0.06,0.06,0.04,0.05,0.06,0.04,1.6,0.24,0.7,0.4,1,0.1,0.2,0.04,1.6,0.5,0.8,0.3,0.4
Desmanthus,Desmanthus,,Desmanthus,Fabaceae,Shrub,genus,,,8,0.02,0.2,0.2,0.1,0.2,0.04,0.05,0.06,0.04,1.6,0.24,0.7,0.4,1,0.1,0.2,0.04,1.6,0.5,0.8,0.3,0.4
Desmanthus illinoensis,Desmanthus,Illinois bundleflower,Desmanthus,Fabaceae,Shrub,species,,,8,0.02,0.2,0.2,0.1,0.2,0.04,0.05,0.06,0.04,1.6,0.24,0.7,0.4,1,0.1,0.2,0.04,1.6,0.5,0.8,0.3,0.4
Desmodium,NoData,,TBD,TBD,TBD,genus,,LF CTCOG,4,0.02,0.12,0.12,0.06,0.06,0.04,0.05,0.06,0.04,1.6,0.24,0.7,0.4,1,0.1,0.2,0.04,1.6,0.5,0.8,0.3,0.4
Desmothamnus,NoData,,Desmothamnus,TBD,Shrub,genus,from LFRDB,,4,0.02,0.12,0.12,0.06,0.06,0.04,0.05,0.06,0.04,1.6,0.24,0.7,0.4,1,0.1,0.2,0.04,1.6,0.5,0.8,0.3,0.4
Desplatsia,NoData,,Desplatsia,TBD,Unknown,genus,,,4,0.02,0.12,0.12,0.06,0.06,0.04,0.05,0.06,0.04,1.6,0.24,0.7,0.4,1,0.1,0.2,0.04,1.6,0.5,0.8,0.3,0.4
Desplatsia chrysochlamys,NoData,,Desplatsia,TBD,Unknown,species,,,4,0.02,0.12,0.12,0.06,0.06,0.04,0.05,0.06,0.04,1.6,0.24,0.7,0.4,1,0.1,0.2,0.04,1.6,0.5,0.8,0.3,0.4
Detarium,NoData,,Detarium,TBD,Unknown,genus,,,4,0.02,0.12,0.12,0.06,0.06,0.04,0.05,0.06,0.04,1.6,0.24,0.7,0.4,1,0.1,0.2,0.04,1.6,0.5,0.8,0.3,0.4
Detarium microcarpum,NoData,,Detarium,TBD,Unknown,species,,,4,0.02,0.12,0.12,0.06,0.06,0.04,0.05,0.06,0.04,1.6,0.24,0.7,0.4,1,0.1,0.2,0.04,1.6,0.5,0.8,0.3,0.4
Deutzia,NoData,,Deutzia,Hydrangeaceae,Shrub,genus,,,4,0.02,0.12,0.12,0.06,0.06,0.04,0.05,0.06,0.04,1.6,0.24,0.7,0.4,1,0.1,0.2,0.04,1.6,0.5,0.8,0.3,0.4
Deutzia granchflora,NoData,,Deutzia,Hydrangeaceae,Shrub,species,,,4,0.02,0.12,0.12,0.06,0.06,0.04,0.05,0.06,0.04,1.6,0.24,0.7,0.4,1,0.1,0.2,0.04,1.6,0.5,0.8,0.3,0.4
Dialium,NoData,dialium,Dialium,Fabaceae,Unknown,genus,,,4,0.02,0.12,0.12,0.06,0.06,0.04,0.05,0.06,0.04,1.6,0.24,0.7,0.4,1,0.1,0.2,0.04,1.6,0.5,0.8,0.3,0.4
Dialium engleranum,NoData,,Dialium,Fabaceae,Unknown,species,,,4,0.02,0.12,0.12,0.06,0.06,0.04,0.05,0.06,0.04,1.6,0.24,0.7,0.4,1,0.1,0.2,0.04,1.6,0.5,0.8,0.3,0.4
Dialium guianense,NoData,,Dialium,Fabaceae,Unknown,species,,,4,0.02,0.12,0.12,0.06,0.06,0.04,0.05,0.06,0.04,1.6,0.24,0.7,0.4,1,0.1,0.2,0.04,1.6,0.5,0.8,0.3,0.4
Dialium pachyphyllum,NoData,,Dialium,Fabaceae,Unknown,species,,,4,0.02,0.12,0.12,0.06,0.06,0.04,0.05,0.06,0.04,1.6,0.24,0.7,0.4,1,0.1,0.2,0.04,1.6,0.5,0.8,0.3,0.4
Dianthera,NoData,,TBD,TBD,TBD,genus,,LF CTCOG,4,0.02,0.12,0.12,0.06,0.06,0.04,0.05,0.06,0.04,1.6,0.24,0.7,0.4,1,0.1,0.2,0.04,1.6,0.5,0.8,0.3,0.4
Dichanthelium,NoData,,TBD,TBD,TBD,genus,,LF CTCOG,4,0.02,0.12,0.12,0.06,0.06,0.04,0.05,0.06,0.04,1.6,0.24,0.7,0.4,1,0.1,0.2,0.04,1.6,0.5,0.8,0.3,0.4
Dichanthium,NoData,,TBD,TBD,TBD,genus,,LF CTCOG,4,0.02,0.12,0.12,0.06,0.06,0.04,0.05,0.06,0.04,1.6,0.24,0.7,0.4,1,0.1,0.2,0.04,1.6,0.5,0.8,0.3,0.4
Dichotomanthus,NoData,,Dichotomanthus,TBD,Unknown,genus,,,4,0.02,0.12,0.12,0.06,0.06,0.04,0.05,0.06,0.04,1.6,0.24,0.7,0.4,1,0.1,0.2,0.04,1.6,0.5,0.8,0.3,0.4
Dichotomanthus tristaniaecarpa,NoData,,Dichotomanthus,TBD,Unknown,species,,,4,0.02,0.12,0.12,0.06,0.06,0.04,0.05,0.06,0.04,1.6,0.24,0.7,0.4,1,0.1,0.2,0.04,1.6,0.5,0.8,0.3,0.4
Dichrostachys,NoData,,Dichrostachys,Fabaceae,Btr,genus,,,4,0.02,0.12,0.12,0.06,0.06,0.04,0.05,0.06,0.04,1.6,0.24,0.7,0.4,1,0.1,0.2,0.04,1.6,0.5,0.8,0.3,0.4
Dichrostachys cinerea,NoData,aroma,Dichrostachys,Fabaceae,Btr,species,,,4,0.02,0.12,0.12,0.06,0.06,0.04,0.05,0.06,0.04,1.6,0.24,0.7,0.4,1,0.1,0.2,0.04,1.6,0.5,0.8,0.3,0.4
Dicksonia,NoData,,Dicksonia,Dicksoniaceae,Btr,genus,,,4,0.02,0.12,0.12,0.06,0.06,0.04,0.05,0.06,0.04,1.6,0.24,0.7,0.4,1,0.1,0.2,0.04,1.6,0.5,0.8,0.3,0.4
Dicksonia antarctica,NoData,Australian treefern,Dicksonia,Dicksoniaceae,Btr,species,,,4,0.02,0.12,0.12,0.06,0.06,0.04,0.05,0.06,0.04,1.6,0.24,0.7,0.4,1,0.1,0.2,0.04,1.6,0.5,0.8,0.3,0.4
Dicksonia squarrosa,NoData,hard treefern,Dicksonia,Dicksoniaceae,Btr,species,,,4,0.02,0.12,0.12,0.06,0.06,0.04,0.05,0.06,0.04,1.6,0.24,0.7,0.4,1,0.1,0.2,0.04,1.6,0.5,0.8,0.3,0.4
Dicranum,NoData,,Dicranum,TBD,Unknown,genus,,,4,0.02,0.12,0.12,0.06,0.06,0.04,0.05,0.06,0.04,1.6,0.24,0.7,0.4,1,0.1,0.2,0.04,1.6,0.5,0.8,0.3,0.4
Dicranum polysetum,NoData,,Dicranum,TBD,Unknown,species,,,4,0.02,0.12,0.12,0.06,0.06,0.04,0.05,0.06,0.04,1.6,0.24,0.7,0.4,1,0.1,0.2,0.04,1.6,0.5,0.8,0.3,0.4
Dicranum undulatum,NoData,,Dicranum,TBD,Unknown,species,,,4,0.02,0.12,0.12,0.06,0.06,0.04,0.05,0.06,0.04,1.6,0.24,0.7,0.4,1,0.1,0.2,0.04,1.6,0.5,0.8,0.3,0.4
Diervilla,NoData,,Diervilla,TBD,Shrub,genus,from LFRDB,,4,0.02,0.12,0.12,0.06,0.06,0.04,0.05,0.06,0.04,1.6,0.24,0.7,0.4,1,0.1,0.2,0.04,1.6,0.5,0.8,0.3,0.4
Dieteria,NoData,,TBD,TBD,TBD,genus,,LF CTCOG,4,0.02,0.12,0.12,0.06,0.06,0.04,0.05,0.06,0.04,1.6,0.24,0.7,0.4,1,0.1,0.2,0.04,1.6,0.5,0.8,0.3,0.4
Digitaria,NoData,,TBD,TBD,TBD,genus,,LF CTCOG,4,0.02,0.12,0.12,0.06,0.06,0.04,0.05,0.06,0.04,1.6,0.24,0.7,0.4,1,0.1,0.2,0.04,1.6,0.5,0.8,0.3,0.4
Dillenia,NoData,,Dillenia,Dilleniaceae,Btr,genus,,,4,0.02,0.12,0.12,0.06,0.06,0.04,0.05,0.06,0.04,1.6,0.24,0.7,0.4,1,0.1,0.2,0.04,1.6,0.5,0.8,0.3,0.4
Dillenia excelsa,NoData,,Dillenia,Dilleniaceae,Btr,species,,,4,0.02,0.12,0.12,0.06,0.06,0.04,0.05,0.06,0.04,1.6,0.24,0.7,0.4,1,0.1,0.2,0.04,1.6,0.5,0.8,0.3,0.4
Dillenia indica,NoData,chulta,Dillenia,Dilleniaceae,Btr,species,,,4,0.02,0.12,0.12,0.06,0.06,0.04,0.05,0.06,0.04,1.6,0.24,0.7,0.4,1,0.1,0.2,0.04,1.6,0.5,0.8,0.3,0.4
Dimocarpus,NoData,,Dimocarpus,Sapindaceae,Unknown,genus,,,4,0.02,0.12,0.12,0.06,0.06,0.04,0.05,0.06,0.04,1.6,0.24,0.7,0.4,1,0.1,0.2,0.04,1.6,0.5,0.8,0.3,0.4
Dimocarpus longan,NoData,longan,Dimocarpus,Sapindaceae,Unknown,species,,,4,0.02,0.12,0.12,0.06,0.06,0.04,0.05,0.06,0.04,1.6,0.24,0.7,0.4,1,0.1,0.2,0.04,1.6,0.5,0.8,0.3,0.4
Dimorphanthus,NoData,,Dimorphanthus,TBD,Shrub,genus,from LFRDB,,4,0.02,0.12,0.12,0.06,0.06,0.04,0.05,0.06,0.04,1.6,0.24,0.7,0.4,1,0.1,0.2,0.04,1.6,0.5,0.8,0.3,0.4
Dimorphocarpa,NoData,,TBD,TBD,TBD,genus,,LF CTCOG,4,0.02,0.12,0.12,0.06,0.06,0.04,0.05,0.06,0.04,1.6,0.24,0.7,0.4,1,0.1,0.2,0.04,1.6,0.5,0.8,0.3,0.4
Dioclea,NoData,,Dioclea,Fabaceae,Unknown,genus,,,4,0.02,0.12,0.12,0.06,0.06,0.04,0.05,0.06,0.04,1.6,0.24,0.7,0.4,1,0.1,0.2,0.04,1.6,0.5,0.8,0.3,0.4
Dioclea guianensis,NoData,,Dioclea,Fabaceae,Unknown,species,,,4,0.02,0.12,0.12,0.06,0.06,0.04,0.05,0.06,0.04,1.6,0.24,0.7,0.4,1,0.1,0.2,0.04,1.6,0.5,0.8,0.3,0.4
Dioon,NoData,,Dioon,Zamiaceae,Btr,genus,,,4,0.02,0.12,0.12,0.06,0.06,0.04,0.05,0.06,0.04,1.6,0.24,0.7,0.4,1,0.1,0.2,0.04,1.6,0.5,0.8,0.3,0.4
Dioon spinulosum,NoData,,Dioon,Zamiaceae,Btr,species,,,4,0.02,0.12,0.12,0.06,0.06,0.04,0.05,0.06,0.04,1.6,0.24,0.7,0.4,1,0.1,0.2,0.04,1.6,0.5,0.8,0.3,0.4
Diospyros,Diospyros,diospyros,Diospyros,Ebenaceae,Btr,genus,,,0.2,0.02,0.1,0.2,0.02,0.02,0.04,0.05,0.06,0.04,1.6,0.24,0.7,0.4,1,0.1,0.2,0.04,1.6,0.5,0.8,0.3,0.4
Diospyros durinoides,Diospyros,,Diospyros,Ebenaceae,Btr,species,,,0.2,0.02,0.1,0.2,0.02,0.02,0.04,0.05,0.06,0.04,1.6,0.24,0.7,0.4,1,0.1,0.2,0.04,1.6,0.5,0.8,0.3,0.4
Diospyros ebenaster,Diospyros,,Diospyros,Ebenaceae,Unknown,species,,,0.2,0.02,0.1,0.2,0.02,0.02,0.04,0.05,0.06,0.04,1.6,0.24,0.7,0.4,1,0.1,0.2,0.04,1.6,0.5,0.8,0.3,0.4
Diospyros ferrea,Diospyros,,Diospyros,Ebenaceae,Btr,species,,,0.2,0.02,0.1,0.2,0.02,0.02,0.04,0.05,0.06,0.04,1.6,0.24,0.7,0.4,1,0.1,0.2,0.04,1.6,0.5,0.8,0.3,0.4
Diospyros kaki,Diospyros,japanese persimmon,Diospyros,Ebenaceae,Btr,species,,,0.2,0.02,0.1,0.2,0.02,0.02,0.04,0.05,0.06,0.04,1.6,0.24,0.7,0.4,1,0.1,0.2,0.04,1.6,0.5,0.8,0.3,0.4
Diospyros lycoides,Diospyros,,Diospyros,Ebenaceae,Unknown,species,,,0.2,0.02,0.1,0.2,0.02,0.02,0.04,0.05,0.06,0.04,1.6,0.24,0.7,0.4,1,0.1,0.2,0.04,1.6,0.5,0.8,0.3,0.4
Diospyros mespiliformis,Diospyros,ebony diospyros,Diospyros,Ebenaceae,Unknown,species,,,0.2,0.02,0.1,0.2,0.02,0.02,0.04,0.05,0.06,0.04,1.6,0.24,0.7,0.4,1,0.1,0.2,0.04,1.6,0.5,0.8,0.3,0.4
Diospyros nigrocortex,Diospyros,,Diospyros,Ebenaceae,Unknown,species,,,0.2,0.02,0.1,0.2,0.02,0.02,0.04,0.05,0.06,0.04,1.6,0.24,0.7,0.4,1,0.1,0.2,0.04,1.6,0.5,0.8,0.3,0.4
Diospyros suaveolens,Diospyros,,Diospyros,Ebenaceae,Unknown,species,,,0.2,0.02,0.1,0.2,0.02,0.02,0.04,0.05,0.06,0.04,1.6,0.24,0.7,0.4,1,0.1,0.2,0.04,1.6,0.5,0.8,0.3,0.4
Diospyros texana,Diospyros,diospyros,Diospyros,Ebenaceae,Btr,genus,,,0.2,0.02,0.1,0.2,0.02,0.02,0.04,0.05,0.06,0.04,1.6,0.24,0.7,0.4,1,0.1,0.2,0.04,1.6,0.5,0.8,0.3,0.4
Diospyros virginiana,Diospyros,common persimmon,Diospyros,Ebenaceae,Btr,species,,,0.2,0.02,0.1,0.2,0.02,0.02,0.04,0.05,0.06,0.04,1.6,0.24,0.7,0.4,1,0.1,0.2,0.04,1.6,0.5,0.8,0.3,0.4
Diplacus,NoData,,Diplacus,TBD,Shrub,genus,from LFRDB,,4,0.02,0.12,0.12,0.06,0.06,0.04,0.05,0.06,0.04,1.6,0.24,0.7,0.4,1,0.1,0.2,0.04,1.6,0.5,0.8,0.3,0.4
Diplorhynchus,NoData,,Diplorhynchus,Apocynaceae,Btr,genus,,,4,0.02,0.12,0.12,0.06,0.06,0.04,0.05,0.06,0.04,1.6,0.24,0.7,0.4,1,0.1,0.2,0.04,1.6,0.5,0.8,0.3,0.4
Diplorhynchus condylocarpon,NoData,,Diplorhynchus,Apocynaceae,Btr,species,,,4,0.02,0.12,0.12,0.06,0.06,0.04,0.05,0.06,0.04,1.6,0.24,0.7,0.4,1,0.1,0.2,0.04,1.6,0.5,0.8,0.3,0.4
Diplorynchus,NoData,,Diplorynchus,TBD,Unknown,genus,,,4,0.02,0.12,0.12,0.06,0.06,0.04,0.05,0.06,0.04,1.6,0.24,0.7,0.4,1,0.1,0.2,0.04,1.6,0.5,0.8,0.3,0.4
Diplorynchus condylocarpon,NoData,,Diplorynchus,TBD,Unknown,species,,,4,0.02,0.12,0.12,0.06,0.06,0.04,0.05,0.06,0.04,1.6,0.24,0.7,0.4,1,0.1,0.2,0.04,1.6,0.5,0.8,0.3,0.4
Dipsacus,NoData,,TBD,TBD,TBD,genus,,LF CTCOG,4,0.02,0.12,0.12,0.06,0.06,0.04,0.05,0.06,0.04,1.6,0.24,0.7,0.4,1,0.1,0.2,0.04,1.6,0.5,0.8,0.3,0.4
Dipteracanthus,NoData,,TBD,TBD,TBD,genus,,LF CTCOG,4,0.02,0.12,0.12,0.06,0.06,0.04,0.05,0.06,0.04,1.6,0.24,0.7,0.4,1,0.1,0.2,0.04,1.6,0.5,0.8,0.3,0.4
Dipterocarpus,NoData,,Dipterocarpus,Dipterocarpaceae,Btr,genus,,,4,0.02,0.12,0.12,0.06,0.06,0.04,0.05,0.06,0.04,1.6,0.24,0.7,0.4,1,0.1,0.2,0.04,1.6,0.5,0.8,0.3,0.4
Dipterocarpus aplanata,NoData,,Dipterocarpus,Dipterocarpaceae,Btr,species,,,4,0.02,0.12,0.12,0.06,0.06,0.04,0.05,0.06,0.04,1.6,0.24,0.7,0.4,1,0.1,0.2,0.04,1.6,0.5,0.8,0.3,0.4
Dipterocarpus gracilis,NoData,,Dipterocarpus,Dipterocarpaceae,Btr,species,,,4,0.02,0.12,0.12,0.06,0.06,0.04,0.05,0.06,0.04,1.6,0.24,0.7,0.4,1,0.1,0.2,0.04,1.6,0.5,0.8,0.3,0.4
Dipterocarpus tubinatus,NoData,,Dipterocarpus,Dipterocarpaceae,Unknown,species,,,4,0.02,0.12,0.12,0.06,0.06,0.04,0.05,0.06,0.04,1.6,0.24,0.7,0.4,1,0.1,0.2,0.04,1.6,0.5,0.8,0.3,0.4
Dipteryx,NoData,dipteryx,Dipteryx,Fabaceae,Unknown,genus,,,4,0.02,0.12,0.12,0.06,0.06,0.04,0.05,0.06,0.04,1.6,0.24,0.7,0.4,1,0.1,0.2,0.04,1.6,0.5,0.8,0.3,0.4
Dipteryx panamensis,NoData,,Dipteryx,Fabaceae,Unknown,species,,,4,0.02,0.12,0.12,0.06,0.06,0.04,0.05,0.06,0.04,1.6,0.24,0.7,0.4,1,0.1,0.2,0.04,1.6,0.5,0.8,0.3,0.4
Dirca,NoData,,Dirca,TBD,Shrub,genus,from LFRDB,,4,0.02,0.12,0.12,0.06,0.06,0.04,0.05,0.06,0.04,1.6,0.24,0.7,0.4,1,0.1,0.2,0.04,1.6,0.5,0.8,0.3,0.4
Disoxylum,NoData,,Disoxylum,TBD,Unknown,genus,,,4,0.02,0.12,0.12,0.06,0.06,0.04,0.05,0.06,0.04,1.6,0.24,0.7,0.4,1,0.1,0.2,0.04,1.6,0.5,0.8,0.3,0.4
Disoxylum binecteriferum,NoData,,Disoxylum,TBD,Unknown,species,,,4,0.02,0.12,0.12,0.06,0.06,0.04,0.05,0.06,0.04,1.6,0.24,0.7,0.4,1,0.1,0.2,0.04,1.6,0.5,0.8,0.3,0.4
Distichlis,NoData,,TBD,TBD,TBD,genus,,LF CTCOG,4,0.02,0.12,0.12,0.06,0.06,0.04,0.05,0.06,0.04,1.6,0.24,0.7,0.4,1,0.1,0.2,0.04,1.6,0.5,0.8,0.3,0.4
Ditaxis,NoData,,Ditaxis,TBD,Shrub,genus,from LFRDB,,4,0.02,0.12,0.12,0.06,0.06,0.04,0.05,0.06,0.04,1.6,0.24,0.7,0.4,1,0.1,0.2,0.04,1.6,0.5,0.8,0.3,0.4
Dittrichia,NoData,,Dittrichia,Asteraceae,Shrub,genus,,,4,0.02,0.12,0.12,0.06,0.06,0.04,0.05,0.06,0.04,1.6,0.24,0.7,0.4,1,0.1,0.2,0.04,1.6,0.5,0.8,0.3,0.4
Dittrichia viscosa,NoData,false yellowhead,Dittrichia,Asteraceae,Shrub,species,,,4,0.02,0.12,0.12,0.06,0.06,0.04,0.05,0.06,0.04,1.6,0.24,0.7,0.4,1,0.1,0.2,0.04,1.6,0.5,0.8,0.3,0.4
Dodonaea,NoData,,Dodonaea,Sapindaceae,Btr,genus,,,4,0.02,0.12,0.12,0.06,0.06,0.04,0.05,0.06,0.04,1.6,0.24,0.7,0.4,1,0.1,0.2,0.04,1.6,0.5,0.8,0.3,0.4
Dodonaeaviscosa,NoData,,Dodonaea,Sapindaceae,Btr,species,,,4,0.02,0.12,0.12,0.06,0.06,0.04,0.05,0.06,0.04,1.6,0.24,0.7,0.4,1,0.1,0.2,0.04,1.6,0.5,0.8,0.3,0.4
Dodonaea_iscosa,NoData,Florida hopbush,Dodonaea,Sapindaceae,Btr,genus,,,4,0.02,0.12,0.12,0.06,0.06,0.04,0.05,0.06,0.04,1.6,0.24,0.7,0.4,1,0.1,0.2,0.04,1.6,0.5,0.8,0.3,0.4
Dolichandrone,NoData,,Dolichandrone,Bignoniaceae,Unknown,genus,,,4,0.02,0.12,0.12,0.06,0.06,0.04,0.05,0.06,0.04,1.6,0.24,0.7,0.4,1,0.1,0.2,0.04,1.6,0.5,0.8,0.3,0.4
Dolichandrone stipulata,NoData,,Dolichandrone,Bignoniaceae,Unknown,species,,,4,0.02,0.12,0.12,0.06,0.06,0.04,0.05,0.06,0.04,1.6,0.24,0.7,0.4,1,0.1,0.2,0.04,1.6,0.5,0.8,0.3,0.4
Dolicholus,NoData,,TBD,TBD,TBD,genus,,LF CTCOG,4,0.02,0.12,0.12,0.06,0.06,0.04,0.05,0.06,0.04,1.6,0.24,0.7,0.4,1,0.1,0.2,0.04,1.6,0.5,0.8,0.3,0.4
Doliocarpus,NoData,,Doliocarpus,Dilleniaceae,Shrub,genus,,,4,0.02,0.12,0.12,0.06,0.06,0.04,0.05,0.06,0.04,1.6,0.24,0.7,0.4,1,0.1,0.2,0.04,1.6,0.5,0.8,0.3,0.4
Doliocarpus major,NoData,caskfruit,Doliocarpus,Dilleniaceae,Shrub,species,,,4,0.02,0.12,0.12,0.06,0.06,0.04,0.05,0.06,0.04,1.6,0.24,0.7,0.4,1,0.1,0.2,0.04,1.6,0.5,0.8,0.3,0.4
Dombeya,NoData,,Dombeya,Sterculiaceae,Btr,genus,,,4,0.02,0.12,0.12,0.06,0.06,0.04,0.05,0.06,0.04,1.6,0.24,0.7,0.4,1,0.1,0.2,0.04,1.6,0.5,0.8,0.3,0.4
Dombeya cayeuxii,NoData,,Dombeya,Sterculiaceae,Btr,species,,,4,0.02,0.12,0.12,0.06,0.06,0.04,0.05,0.06,0.04,1.6,0.24,0.7,0.4,1,0.1,0.2,0.04,1.6,0.5,0.8,0.3,0.4
Dombeya rotundifolia,NoData,,Dombeya,Sterculiaceae,Unknown,species,,,4,0.02,0.12,0.12,0.06,0.06,0.04,0.05,0.06,0.04,1.6,0.24,0.7,0.4,1,0.1,0.2,0.04,1.6,0.5,0.8,0.3,0.4
Dombeya wallichii,NoData,,Dombeya,Sterculiaceae,Unknown,species,,,4,0.02,0.12,0.12,0.06,0.06,0.04,0.05,0.06,0.04,1.6,0.24,0.7,0.4,1,0.1,0.2,0.04,1.6,0.5,0.8,0.3,0.4
Dondia,NoData,,TBD,TBD,TBD,genus,,LF CTCOG,4,0.02,0.12,0.12,0.06,0.06,0.04,0.05,0.06,0.04,1.6,0.24,0.7,0.4,1,0.1,0.2,0.04,1.6,0.5,0.8,0.3,0.4
Dorycnium,NoData,,Dorycnium,Fabaceae,Unknown,genus,,,4,0.02,0.12,0.12,0.06,0.06,0.04,0.05,0.06,0.04,1.6,0.24,0.7,0.4,1,0.1,0.2,0.04,1.6,0.5,0.8,0.3,0.4
Dorycnium pentaphyllum,NoData,socarrillo,Dorycnium,Fabaceae,Unknown,species,,,4,0.02,0.12,0.12,0.06,0.06,0.04,0.05,0.06,0.04,1.6,0.24,0.7,0.4,1,0.1,0.2,0.04,1.6,0.5,0.8,0.3,0.4
Dovyalis,NoData,,Dovyalis,Flacourtiaceae,Unknown,genus,,,4,0.02,0.12,0.12,0.06,0.06,0.04,0.05,0.06,0.04,1.6,0.24,0.7,0.4,1,0.1,0.2,0.04,1.6,0.5,0.8,0.3,0.4
Dovyalis caffra,NoData,kei apple,Dovyalis,Flacourtiaceae,Unknown,species,,,4,0.02,0.12,0.12,0.06,0.06,0.04,0.05,0.06,0.04,1.6,0.24,0.7,0.4,1,0.1,0.2,0.04,1.6,0.5,0.8,0.3,0.4
Dracaena,NoData,,Dracaena,Agavaceae,Unknown,genus,,,4,0.02,0.12,0.12,0.06,0.06,0.04,0.05,0.06,0.04,1.6,0.24,0.7,0.4,1,0.1,0.2,0.04,1.6,0.5,0.8,0.3,0.4
Dracaena draco,NoData,dragontree,Dracaena,Agavaceae,Unknown,species,,,4,0.02,0.12,0.12,0.06,0.06,0.04,0.05,0.06,0.04,1.6,0.24,0.7,0.4,1,0.1,0.2,0.04,1.6,0.5,0.8,0.3,0.4
Dracontomelon,NoData,,Dracontomelon,Anacardiaceae,Unknown,genus,,,4,0.02,0.12,0.12,0.06,0.06,0.04,0.05,0.06,0.04,1.6,0.24,0.7,0.4,1,0.1,0.2,0.04,1.6,0.5,0.8,0.3,0.4
Dracontomelon macrocarpum,NoData,,Dracontomelon,Anacardiaceae,Unknown,species,,,4,0.02,0.12,0.12,0.06,0.06,0.04,0.05,0.06,0.04,1.6,0.24,0.7,0.4,1,0.1,0.2,0.04,1.6,0.5,0.8,0.3,0.4
Drejera,NoData,,Drejera,TBD,Shrub,genus,from LFRDB,,4,0.02,0.12,0.12,0.06,0.06,0.04,0.05,0.06,0.04,1.6,0.24,0.7,0.4,1,0.1,0.2,0.04,1.6,0.5,0.8,0.3,0.4
Drimys,NoData,,Drimys,Winteraceae,Unknown,genus,,,4,0.02,0.12,0.12,0.06,0.06,0.04,0.05,0.06,0.04,1.6,0.24,0.7,0.4,1,0.1,0.2,0.04,1.6,0.5,0.8,0.3,0.4
Drimys winteri,NoData,Winter's bark,Drimys,Winteraceae,Unknown,species,,,4,0.02,0.12,0.12,0.06,0.06,0.04,0.05,0.06,0.04,1.6,0.24,0.7,0.4,1,0.1,0.2,0.04,1.6,0.5,0.8,0.3,0.4
Dryandra,NoData,,Dryandra,TBD,Unknown,genus,,,4,0.02,0.12,0.12,0.06,0.06,0.04,0.05,0.06,0.04,1.6,0.24,0.7,0.4,1,0.1,0.2,0.04,1.6,0.5,0.8,0.3,0.4
Dryandra calophylla,NoData,,Dryandra,TBD,Unknown,species,,,4,0.02,0.12,0.12,0.06,0.06,0.04,0.05,0.06,0.04,1.6,0.24,0.7,0.4,1,0.1,0.2,0.04,1.6,0.5,0.8,0.3,0.4
Dryas,NoData,,Dryas,TBD,Shrub,genus,from LFRDB,,4,0.02,0.12,0.12,0.06,0.06,0.04,0.05,0.06,0.04,1.6,0.24,0.7,0.4,1,0.1,0.2,0.04,1.6,0.5,0.8,0.3,0.4
Drynaria,NoData,,Drynaria,Polypodiaceae,Shrub,genus,,,4,0.02,0.12,0.12,0.06,0.06,0.04,0.05,0.06,0.04,1.6,0.24,0.7,0.4,1,0.1,0.2,0.04,1.6,0.5,0.8,0.3,0.4
Drynaria fortunei,NoData,Drynaria roosii,Drynaria,Polypodiaceae,Shrub,species,,,4,0.02,0.12,0.12,0.06,0.06,0.04,0.05,0.06,0.04,1.6,0.24,0.7,0.4,1,0.1,0.2,0.04,1.6,0.5,0.8,0.3,0.4
Dryobalanops,NoData,,Dryobalanops,Dipterocarpaceae,Unknown,genus,,,4,0.02,0.12,0.12,0.06,0.06,0.04,0.05,0.06,0.04,1.6,0.24,0.7,0.4,1,0.1,0.2,0.04,1.6,0.5,0.8,0.3,0.4
Dryobalanops lanceolata,NoData,,Dryobalanops,Dipterocarpaceae,Unknown,species,,,4,0.02,0.12,0.12,0.06,0.06,0.04,0.05,0.06,0.04,1.6,0.24,0.7,0.4,1,0.1,0.2,0.04,1.6,0.5,0.8,0.3,0.4
Dryopteris,NoData,,Dryopteris,Dryopteridaceae,Herb,genus,,,4,0.02,0.12,0.12,0.06,0.06,0.04,0.05,0.06,0.04,1.6,0.24,0.7,0.4,1,0.1,0.2,0.04,1.6,0.5,0.8,0.3,0.4
Dryopteris filix-mas,NoData,male fern,Dryopteris,Dryopteridaceae,Herb,species,,,4,0.02,0.12,0.12,0.06,0.06,0.04,0.05,0.06,0.04,1.6,0.24,0.7,0.4,1,0.1,0.2,0.04,1.6,0.5,0.8,0.3,0.4
Drypetes,NoData,drypetes,Drypetes,Euphorbiaceae,Btr,genus,,,4,0.02,0.12,0.12,0.06,0.06,0.04,0.05,0.06,0.04,1.6,0.24,0.7,0.4,1,0.1,0.2,0.04,1.6,0.5,0.8,0.3,0.4
Duabanga,NoData,,Duabanga,Lythraceae,Unknown,genus,,,4,0.02,0.12,0.12,0.06,0.06,0.04,0.05,0.06,0.04,1.6,0.24,0.7,0.4,1,0.1,0.2,0.04,1.6,0.5,0.8,0.3,0.4
Duabanga grandiflora,NoData,,Duabanga,Lythraceae,Unknown,species,,,4,0.02,0.12,0.12,0.06,0.06,0.04,0.05,0.06,0.04,1.6,0.24,0.7,0.4,1,0.1,0.2,0.04,1.6,0.5,0.8,0.3,0.4
Duabanga moluccana,NoData,,Duabanga,Lythraceae,Unknown,species,,,4,0.02,0.12,0.12,0.06,0.06,0.04,0.05,0.06,0.04,1.6,0.24,0.7,0.4,1,0.1,0.2,0.04,1.6,0.5,0.8,0.3,0.4
Duboscia,NoData,,Duboscia,TBD,Unknown,genus,,,4,0.02,0.12,0.12,0.06,0.06,0.04,0.05,0.06,0.04,1.6,0.24,0.7,0.4,1,0.1,0.2,0.04,1.6,0.5,0.8,0.3,0.4
Duboscia macrocarpa,NoData,,Duboscia,TBD,Unknown,species,,,4,0.02,0.12,0.12,0.06,0.06,0.04,0.05,0.06,0.04,1.6,0.24,0.7,0.4,1,0.1,0.2,0.04,1.6,0.5,0.8,0.3,0.4
Dugaldia,NoData,,TBD,TBD,TBD,genus,,LF CTCOG,4,0.02,0.12,0.12,0.06,0.06,0.04,0.05,0.06,0.04,1.6,0.24,0.7,0.4,1,0.1,0.2,0.04,1.6,0.5,0.8,0.3,0.4
Duranta,NoData,,Duranta,Verbenaceae,Btr,genus,,,4,0.02,0.12,0.12,0.06,0.06,0.04,0.05,0.06,0.04,1.6,0.24,0.7,0.4,1,0.1,0.2,0.04,1.6,0.5,0.8,0.3,0.4
Duranta erecta,NoData,golden dewdrops,Duranta,Verbenaceae,Btr,species,,,4,0.02,0.12,0.12,0.06,0.06,0.04,0.05,0.06,0.04,1.6,0.24,0.7,0.4,1,0.1,0.2,0.04,1.6,0.5,0.8,0.3,0.4
Duranta repens,NoData,golden dewdrops,Duranta,Verbenaceae,Btr,species,,,4,0.02,0.12,0.12,0.06,0.06,0.04,0.05,0.06,0.04,1.6,0.24,0.7,0.4,1,0.1,0.2,0.04,1.6,0.5,0.8,0.3,0.4
Duschekia,NoData,,Duschekia,TBD,Shrub,genus,from LFRDB,,4,0.02,0.12,0.12,0.06,0.06,0.04,0.05,0.06,0.04,1.6,0.24,0.7,0.4,1,0.1,0.2,0.04,1.6,0.5,0.8,0.3,0.4
Dussia,NoData,,Dussia,Fabaceae,Btr,genus,,,4,0.02,0.12,0.12,0.06,0.06,0.04,0.05,0.06,0.04,1.6,0.24,0.7,0.4,1,0.1,0.2,0.04,1.6,0.5,0.8,0.3,0.4
Dussia munda,NoData,,Dussia,Fabaceae,Btr,species,,,4,0.02,0.12,0.12,0.06,0.06,0.04,0.05,0.06,0.04,1.6,0.24,0.7,0.4,1,0.1,0.2,0.04,1.6,0.5,0.8,0.3,0.4
Dypsis,NoData,,Dypsis,Arecaceae,Btr,genus,,,4,0.02,0.12,0.12,0.06,0.06,0.04,0.05,0.06,0.04,1.6,0.24,0.7,0.4,1,0.1,0.2,0.04,1.6,0.5,0.8,0.3,0.4
Dypsis decaryi,NoData,,Dypsis,Arecaceae,Btr,species,,,4,0.02,0.12,0.12,0.06,0.06,0.04,0.05,0.06,0.04,1.6,0.24,0.7,0.4,1,0.1,0.2,0.04,1.6,0.5,0.8,0.3,0.4
Dypsis lutescens,NoData,yellow butterfly palm,Dypsis,Arecaceae,Btr,species,,,4,0.02,0.12,0.12,0.06,0.06,0.04,0.05,0.06,0.04,1.6,0.24,0.7,0.4,1,0.1,0.2,0.04,1.6,0.5,0.8,0.3,0.4
Dyssodia,NoData,,TBD,TBD,TBD,genus,,LF CTCOG,4,0.02,0.12,0.12,0.06,0.06,0.04,0.05,0.06,0.04,1.6,0.24,0.7,0.4,1,0.1,0.2,0.04,1.6,0.5,0.8,0.3,0.4
Eastwoodia,NoData,,Eastwoodia,TBD,Shrub,genus,from LFRDB,,4,0.02,0.12,0.12,0.06,0.06,0.04,0.05,0.06,0.04,1.6,0.24,0.7,0.4,1,0.1,0.2,0.04,1.6,0.5,0.8,0.3,0.4
Ebenaceae,NoData,,Ebenaceae,Ebenaceae,Unknown,family,,,4,0.02,0.12,0.12,0.06,0.06,0.04,0.05,0.06,0.04,1.6,0.24,0.7,0.4,1,0.1,0.2,0.04,1.6,0.5,0.8,0.3,0.4
Ebenopsis,NoData,,Ebenopsis,Fabaceae,Btr,genus,,,4,0.02,0.12,0.12,0.06,0.06,0.04,0.05,0.06,0.04,1.6,0.24,0.7,0.4,1,0.1,0.2,0.04,1.6,0.5,0.8,0.3,0.4
Ebenopsis ebano,NoData,Texas ebony,Ebenopsis,Fabaceae,Btr,species,,,4,0.02,0.12,0.12,0.06,0.06,0.04,0.05,0.06,0.04,1.6,0.24,0.7,0.4,1,0.1,0.2,0.04,1.6,0.5,0.8,0.3,0.4
Echinocactus,NoData,,Echinocactus,TBD,Shrub,genus,from LFRDB,,4,0.02,0.12,0.12,0.06,0.06,0.04,0.05,0.06,0.04,1.6,0.24,0.7,0.4,1,0.1,0.2,0.04,1.6,0.5,0.8,0.3,0.4
Echinocereus,NoData,,TBD,TBD,TBD,genus,,LF CTCOG,4,0.02,0.12,0.12,0.06,0.06,0.04,0.05,0.06,0.04,1.6,0.24,0.7,0.4,1,0.1,0.2,0.04,1.6,0.5,0.8,0.3,0.4
Echinopanax,NoData,,Echinopanax,TBD,Shrub,genus,from LFRDB,,4,0.02,0.12,0.12,0.06,0.06,0.04,0.05,0.06,0.04,1.6,0.24,0.7,0.4,1,0.1,0.2,0.04,1.6,0.5,0.8,0.3,0.4
Echium,NoData,,Echium,Boaragniaceae,Shrub,genus,,,4,0.02,0.12,0.12,0.06,0.06,0.04,0.05,0.06,0.04,1.6,0.24,0.7,0.4,1,0.1,0.2,0.04,1.6,0.5,0.8,0.3,0.4
Ehretia,Ehretia anacua,,Ehretia,Boraginaceae,Btr,genus,,,0.6,0.02,0.1,0.1,0.1,0.1,0.04,0.05,0.06,0.04,1.6,0.24,0.7,0.4,1,0.1,0.2,0.04,1.6,0.5,0.8,0.3,0.4
Ehretia anacua,Ehretia anacua,knockaway,Ehretia,Boraginaceae,Btr,species,,,0.6,0.02,0.1,0.1,0.1,0.1,0.04,0.05,0.06,0.04,1.6,0.24,0.7,0.4,1,0.1,0.2,0.04,1.6,0.5,0.8,0.3,0.4
Ehretia obtusifolia,Ehretia anacua,,Ehretia,Boraginaceae,Unknown,species,,,0.6,0.02,0.1,0.1,0.1,0.1,0.04,0.05,0.06,0.04,1.6,0.24,0.7,0.4,1,0.1,0.2,0.04,1.6,0.5,0.8,0.3,0.4
Ehretia tinifolia,Ehretia anacua,ehretia,Ehretia,Boraginaceae,Btr,species,,,0.6,0.02,0.1,0.1,0.1,0.1,0.04,0.05,0.06,0.04,1.6,0.24,0.7,0.4,1,0.1,0.2,0.04,1.6,0.5,0.8,0.3,0.4
Eichhornia,NoData,,Eichhornia,Pontederiaceae,Herb,genus,,,4,0.02,0.12,0.12,0.06,0.06,0.04,0.05,0.06,0.04,1.6,0.24,0.7,0.4,1,0.1,0.2,0.04,1.6,0.5,0.8,0.3,0.4
Eichhornia crassipes,NoData,common water hyacinth,Eichhornia,Pontederiaceae,Herb,species,,,4,0.02,0.12,0.12,0.06,0.06,0.04,0.05,0.06,0.04,1.6,0.24,0.7,0.4,1,0.1,0.2,0.04,1.6,0.5,0.8,0.3,0.4
Ekebergia,NoData,,Ekebergia,TBD,Unknown,genus,,,4,0.02,0.12,0.12,0.06,0.06,0.04,0.05,0.06,0.04,1.6,0.24,0.7,0.4,1,0.1,0.2,0.04,1.6,0.5,0.8,0.3,0.4
Ekebergia capensis,NoData,,Ekebergia,TBD,Unknown,species,,,4,0.02,0.12,0.12,0.06,0.06,0.04,0.05,0.06,0.04,1.6,0.24,0.7,0.4,1,0.1,0.2,0.04,1.6,0.5,0.8,0.3,0.4
Elaeagnaceae,NoData,,Elaeagnaceae,Elaeagnaceae,Unknown,family,,,4,0.02,0.12,0.12,0.06,0.06,0.04,0.05,0.06,0.04,1.6,0.24,0.7,0.4,1,0.1,0.2,0.04,1.6,0.5,0.8,0.3,0.4
Elaeagnus,NoData,,Elaeagnus,Elaeagnaceae,Btr,genus,,,4,0.02,0.12,0.12,0.06,0.06,0.04,0.05,0.06,0.04,1.6,0.24,0.7,0.4,1,0.1,0.2,0.04,1.6,0.5,0.8,0.3,0.4
Elaeagnus angustifolia,NoData,Russian olive,Elaeagnus,Elaeagnaceae,Btr,species,,,4,0.02,0.12,0.12,0.06,0.06,0.04,0.05,0.06,0.04,1.6,0.24,0.7,0.4,1,0.1,0.2,0.04,1.6,0.5,0.8,0.3,0.4
Elaeagnus commutata,Elaeagnus commutata,silverberry,Elaeagnus,Elaeagnaceae,Shrub,species,,,8,0.02,0.2,0.2,0.1,0.2,0.04,0.05,0.06,0.04,1.6,0.24,0.7,0.4,1,0.1,0.2,0.04,1.6,0.5,0.8,0.3,0.4
Elaeis,Arundo,,Elaeis,Arecaceae,Btr,genus,,,8,0.02,0.4,0.4,0.2,0.2,0.04,0.05,0.06,0.04,1.6,0.24,0.7,0.4,1,0.1,0.2,0.04,1.6,0.5,0.8,0.3,0.4
Elaeis guineensis,Arundo,African oil palm,Elaeis,Arecaceae,Btr,species,,,8,0.02,0.4,0.4,0.2,0.2,0.04,0.05,0.06,0.04,1.6,0.24,0.7,0.4,1,0.1,0.2,0.04,1.6,0.5,0.8,0.3,0.4
Elaeocarpus,NoData,,Elaeocarpus,Elaeocarpaceae,Btr,genus,,,4,0.02,0.12,0.12,0.06,0.06,0.04,0.05,0.06,0.04,1.6,0.24,0.7,0.4,1,0.1,0.2,0.04,1.6,0.5,0.8,0.3,0.4
Elaeocarpus decipiens,NoData,elaeocarpus,Elaeocarpus,Elaeocarpaceae,Btr,species,,,4,0.02,0.12,0.12,0.06,0.06,0.04,0.05,0.06,0.04,1.6,0.24,0.7,0.4,1,0.1,0.2,0.04,1.6,0.5,0.8,0.3,0.4
Elaeocarpus sylvestris,NoData,,Elaeocarpus,Elaeocarpaceae,Btr,species,,,4,0.02,0.12,0.12,0.06,0.06,0.04,0.05,0.06,0.04,1.6,0.24,0.7,0.4,1,0.1,0.2,0.04,1.6,0.5,0.8,0.3,0.4
Eleocharis,NoData,,TBD,TBD,TBD,genus,,LF CTCOG,4,0.02,0.12,0.12,0.06,0.06,0.04,0.05,0.06,0.04,1.6,0.24,0.7,0.4,1,0.1,0.2,0.04,1.6,0.5,0.8,0.3,0.4
Elephantorrhiza,NoData,,Elephantorrhiza,TBD,Unknown,genus,,,4,0.02,0.12,0.12,0.06,0.06,0.04,0.05,0.06,0.04,1.6,0.24,0.7,0.4,1,0.1,0.2,0.04,1.6,0.5,0.8,0.3,0.4
Elephantorrhiza burkei,NoData,,Elephantorrhiza,TBD,Unknown,species,,,4,0.02,0.12,0.12,0.06,0.06,0.04,0.05,0.06,0.04,1.6,0.24,0.7,0.4,1,0.1,0.2,0.04,1.6,0.5,0.8,0.3,0.4
Elymus,NoData,,TBD,TBD,TBD,genus,,LF CTCOG,4,0.02,0.12,0.12,0.06,0.06,0.04,0.05,0.06,0.04,1.6,0.24,0.7,0.4,1,0.1,0.2,0.04,1.6,0.5,0.8,0.3,0.4
Embothrium,NoData,,Embothrium,Proteaceae,Unknown,genus,,,4,0.02,0.12,0.12,0.06,0.06,0.04,0.05,0.06,0.04,1.6,0.24,0.7,0.4,1,0.1,0.2,0.04,1.6,0.5,0.8,0.3,0.4
Embothrium coccineum,NoData,Chilean firebush,Embothrium,Proteaceae,Unknown,species,,,4,0.02,0.12,0.12,0.06,0.06,0.04,0.05,0.06,0.04,1.6,0.24,0.7,0.4,1,0.1,0.2,0.04,1.6,0.5,0.8,0.3,0.4
Emmotum,NoData,,Emmotum,TBD,Unknown,genus,,,4,0.02,0.12,0.12,0.06,0.06,0.04,0.05,0.06,0.04,1.6,0.24,0.7,0.4,1,0.1,0.2,0.04,1.6,0.5,0.8,0.3,0.4
Emmotum nitens,NoData,,Emmotum,TBD,Unknown,species,,,4,0.02,0.12,0.12,0.06,0.06,0.04,0.05,0.06,0.04,1.6,0.24,0.7,0.4,1,0.1,0.2,0.04,1.6,0.5,0.8,0.3,0.4
Empetrum,NoData,,Empetrum,Empetraceae,Shrub,genus,,,4,0.02,0.12,0.12,0.06,0.06,0.04,0.05,0.06,0.04,1.6,0.24,0.7,0.4,1,0.1,0.2,0.04,1.6,0.5,0.8,0.3,0.4
Empetrum hermaphroditum,NoData,,Empetrum,Empetraceae,Shrub,species,,,4,0.02,0.12,0.12,0.06,0.06,0.04,0.05,0.06,0.04,1.6,0.24,0.7,0.4,1,0.1,0.2,0.04,1.6,0.5,0.8,0.3,0.4
Enantia,NoData,,Enantia,TBD,Unknown,genus,,,4,0.02,0.12,0.12,0.06,0.06,0.04,0.05,0.06,0.04,1.6,0.24,0.7,0.4,1,0.1,0.2,0.04,1.6,0.5,0.8,0.3,0.4
Enantia chlorantha,NoData,,Enantia,TBD,Unknown,species,,,4,0.02,0.12,0.12,0.06,0.06,0.04,0.05,0.06,0.04,1.6,0.24,0.7,0.4,1,0.1,0.2,0.04,1.6,0.5,0.8,0.3,0.4
Encelia,NoData,,Encelia,Asteraceae,Shrub,genus,,,4,0.02,0.12,0.12,0.06,0.06,0.04,0.05,0.06,0.04,1.6,0.24,0.7,0.4,1,0.1,0.2,0.04,1.6,0.5,0.8,0.3,0.4
Encelia farinosa,NoData,brittlebush,Encelia,Asteraceae,Shrub,species,,,4,0.02,0.12,0.12,0.06,0.06,0.04,0.05,0.06,0.04,1.6,0.24,0.7,0.4,1,0.1,0.2,0.04,1.6,0.5,0.8,0.3,0.4
Endopleura,NoData,,Endopleura,Humiriaceae,Unknown,genus,,,4,0.02,0.12,0.12,0.06,0.06,0.04,0.05,0.06,0.04,1.6,0.24,0.7,0.4,1,0.1,0.2,0.04,1.6,0.5,0.8,0.3,0.4
Endopleura uchi,NoData,,Endopleura,Humiriaceae,Unknown,species,,,4,0.02,0.12,0.12,0.06,0.06,0.04,0.05,0.06,0.04,1.6,0.24,0.7,0.4,1,0.1,0.2,0.04,1.6,0.5,0.8,0.3,0.4
Engelhardtia,NoData,,Engelhardtia,TBD,Unknown,genus,,,4,0.02,0.12,0.12,0.06,0.06,0.04,0.05,0.06,0.04,1.6,0.24,0.7,0.4,1,0.1,0.2,0.04,1.6,0.5,0.8,0.3,0.4
Engelhardtia serrata,NoData,,Engelhardtia,TBD,Unknown,species,,,4,0.02,0.12,0.12,0.06,0.06,0.04,0.05,0.06,0.04,1.6,0.24,0.7,0.4,1,0.1,0.2,0.04,1.6,0.5,0.8,0.3,0.4
Engelhardtia spicata,NoData,,Engelhardtia,TBD,Unknown,species,,,4,0.02,0.12,0.12,0.06,0.06,0.04,0.05,0.06,0.04,1.6,0.24,0.7,0.4,1,0.1,0.2,0.04,1.6,0.5,0.8,0.3,0.4
Engelmannia,NoData,,TBD,TBD,TBD,genus,,LF CTCOG,4,0.02,0.12,0.12,0.06,0.06,0.04,0.05,0.06,0.04,1.6,0.24,0.7,0.4,1,0.1,0.2,0.04,1.6,0.5,0.8,0.3,0.4
Ensete,NoData,,Ensete,Musaceae,Unknown,genus,,,4,0.02,0.12,0.12,0.06,0.06,0.04,0.05,0.06,0.04,1.6,0.24,0.7,0.4,1,0.1,0.2,0.04,1.6,0.5,0.8,0.3,0.4
Ensete ventricosum,NoData,Abyssinian banana,Ensete,Musaceae,Unknown,species,,,4,0.02,0.12,0.12,0.06,0.06,0.04,0.05,0.06,0.04,1.6,0.24,0.7,0.4,1,0.1,0.2,0.04,1.6,0.5,0.8,0.3,0.4
Entandrophragma,NoData,,Entandrophragma,Meliaceae,Unknown,genus,,,4,0.02,0.12,0.12,0.06,0.06,0.04,0.05,0.06,0.04,1.6,0.24,0.7,0.4,1,0.1,0.2,0.04,1.6,0.5,0.8,0.3,0.4
Entandrophragma angolense,NoData,,Entandrophragma,Meliaceae,Unknown,species,,,4,0.02,0.12,0.12,0.06,0.06,0.04,0.05,0.06,0.04,1.6,0.24,0.7,0.4,1,0.1,0.2,0.04,1.6,0.5,0.8,0.3,0.4
Entandrophragma cylindricum,NoData,,Entandrophragma,Meliaceae,Unknown,species,,,4,0.02,0.12,0.12,0.06,0.06,0.04,0.05,0.06,0.04,1.6,0.24,0.7,0.4,1,0.1,0.2,0.04,1.6,0.5,0.8,0.3,0.4
Entandrophragma utile,NoData,,Entandrophragma,Meliaceae,Unknown,species,,,4,0.02,0.12,0.12,0.06,0.06,0.04,0.05,0.06,0.04,1.6,0.24,0.7,0.4,1,0.1,0.2,0.04,1.6,0.5,0.8,0.3,0.4
Enterolobium,NoData,,Enterolobium,Fabaceae,Btr,genus,,,4,0.02,0.12,0.12,0.06,0.06,0.04,0.05,0.06,0.04,1.6,0.24,0.7,0.4,1,0.1,0.2,0.04,1.6,0.5,0.8,0.3,0.4
Enterolobium cyclocarpum,NoData,monkeysoap,Enterolobium,Fabaceae,Btr,species,,,4,0.02,0.12,0.12,0.06,0.06,0.04,0.05,0.06,0.04,1.6,0.24,0.7,0.4,1,0.1,0.2,0.04,1.6,0.5,0.8,0.3,0.4
Ephedra,Arundo,jointfir,Ephedra,Ephedraceae,Shrub,genus,,,8,0.02,0.4,0.4,0.2,0.2,0.04,0.05,0.06,0.04,1.6,0.24,0.7,0.4,1,0.1,0.2,0.04,1.6,0.5,0.8,0.3,0.4
Ephedra californica,Arundo,California jointfir,Ephedra,Ephedraceae,Shrub,species,,,8,0.02,0.4,0.4,0.2,0.2,0.04,0.05,0.06,0.04,1.6,0.24,0.7,0.4,1,0.1,0.2,0.04,1.6,0.5,0.8,0.3,0.4
Ephedra chocuma,Arundo,,Ephedra,Ephedraceae,Unknown,species,,,8,0.02,0.4,0.4,0.2,0.2,0.04,0.05,0.06,0.04,1.6,0.24,0.7,0.4,1,0.1,0.2,0.04,1.6,0.5,0.8,0.3,0.4
Ephedra nevadensis,Arundo,Nevada jointfir,Ephedra,Ephedraceae,Shrub,species,,,8,0.02,0.4,0.4,0.2,0.2,0.04,0.05,0.06,0.04,1.6,0.24,0.7,0.4,1,0.1,0.2,0.04,1.6,0.5,0.8,0.3,0.4
Ephedra trifurca,Arundo,longleaf jointfir,Ephedra,Ephedraceae,Shrub,species,,,8,0.02,0.4,0.4,0.2,0.2,0.04,0.05,0.06,0.04,1.6,0.24,0.7,0.4,1,0.1,0.2,0.04,1.6,0.5,0.8,0.3,0.4
Ephedra viridis,Arundo,mormon tea,Ephedra,Ephedraceae,Shrub,species,,,8,0.02,0.4,0.4,0.2,0.2,0.04,0.05,0.06,0.04,1.6,0.24,0.7,0.4,1,0.1,0.2,0.04,1.6,0.5,0.8,0.3,0.4
Epilobium,NoData,,Epilobium,Onagraceae,Unknown,genus,,,4,0.02,0.12,0.12,0.06,0.06,0.04,0.05,0.06,0.04,1.6,0.24,0.7,0.4,1,0.1,0.2,0.04,1.6,0.5,0.8,0.3,0.4
Epilobium angustifolium,NoData,,Epilobium,Onagraceae,Unknown,species,,,4,0.02,0.12,0.12,0.06,0.06,0.04,0.05,0.06,0.04,1.6,0.24,0.7,0.4,1,0.1,0.2,0.04,1.6,0.5,0.8,0.3,0.4
Epithelantha,NoData,,Epithelantha,TBD,Shrub,genus,from LFRDB,,4,0.02,0.12,0.12,0.06,0.06,0.04,0.05,0.06,0.04,1.6,0.24,0.7,0.4,1,0.1,0.2,0.04,1.6,0.5,0.8,0.3,0.4
Equisetum,NoData,,TBD,TBD,TBD,genus,,LF CTCOG,4,0.02,0.12,0.12,0.06,0.06,0.04,0.05,0.06,0.04,1.6,0.24,0.7,0.4,1,0.1,0.2,0.04,1.6,0.5,0.8,0.3,0.4
Eragrostis,NoData,,TBD,TBD,TBD,genus,,LF CTCOG,4,0.02,0.12,0.12,0.06,0.06,0.04,0.05,0.06,0.04,1.6,0.24,0.7,0.4,1,0.1,0.2,0.04,1.6,0.5,0.8,0.3,0.4
Erica,NoData,,Erica,Ericaceae,Unknown,genus,,,4,0.02,0.12,0.12,0.06,0.06,0.04,0.05,0.06,0.04,1.6,0.24,0.7,0.4,1,0.1,0.2,0.04,1.6,0.5,0.8,0.3,0.4
Erica arborea,NoData,briar root,Erica,Ericaceae,Unknown,species,,,4,0.02,0.12,0.12,0.06,0.06,0.04,0.05,0.06,0.04,1.6,0.24,0.7,0.4,1,0.1,0.2,0.04,1.6,0.5,0.8,0.3,0.4
Erica carnea,NoData,,Erica,Ericaceae,Unknown,species,,,4,0.02,0.12,0.12,0.06,0.06,0.04,0.05,0.06,0.04,1.6,0.24,0.7,0.4,1,0.1,0.2,0.04,1.6,0.5,0.8,0.3,0.4
Erica ciliaris,NoData,,Erica,Ericaceae,Unknown,species,,,4,0.02,0.12,0.12,0.06,0.06,0.04,0.05,0.06,0.04,1.6,0.24,0.7,0.4,1,0.1,0.2,0.04,1.6,0.5,0.8,0.3,0.4
Erica cineria,NoData,,Erica,Ericaceae,Unknown,species,,,4,0.02,0.12,0.12,0.06,0.06,0.04,0.05,0.06,0.04,1.6,0.24,0.7,0.4,1,0.1,0.2,0.04,1.6,0.5,0.8,0.3,0.4
Erica multiflora,NoData,,Erica,Ericaceae,Unknown,species,,,4,0.02,0.12,0.12,0.06,0.06,0.04,0.05,0.06,0.04,1.6,0.24,0.7,0.4,1,0.1,0.2,0.04,1.6,0.5,0.8,0.3,0.4
Erica umbellata,NoData,,Erica,Ericaceae,Unknown,species,,,4,0.02,0.12,0.12,0.06,0.06,0.04,0.05,0.06,0.04,1.6,0.24,0.7,0.4,1,0.1,0.2,0.04,1.6,0.5,0.8,0.3,0.4
Ericaceae,NoData,,Ericaceae,Ericaceae,Unknown,family,,,4,0.02,0.12,0.12,0.06,0.06,0.04,0.05,0.06,0.04,1.6,0.24,0.7,0.4,1,0.1,0.2,0.04,1.6,0.5,0.8,0.3,0.4
Ericameria,NoData,,TBD,TBD,TBD,genus,,LF CTCOG,4,0.02,0.12,0.12,0.06,0.06,0.04,0.05,0.06,0.04,1.6,0.24,0.7,0.4,1,0.1,0.2,0.04,1.6,0.5,0.8,0.3,0.4
Erigeron,NoData,,TBD,TBD,TBD,genus,,LF CTCOG,4,0.02,0.12,0.12,0.06,0.06,0.04,0.05,0.06,0.04,1.6,0.24,0.7,0.4,1,0.1,0.2,0.04,1.6,0.5,0.8,0.3,0.4
Eriobotrya,Eriobotrya,,Eriobotrya,Rosaceae,Unknown,genus,,,0.01,0.02,0.005,0.02,0.005,0.01,0.2,0.05,0.001,0.001,1.6,0.24,0.7,0.4,1,0.1,0.2,0.04,1.6,0.5,0.8,0.3,0.4
Eriobotrya bengalensis,Eriobotrya,,Eriobotrya,Rosaceae,Unknown,species,,,0.01,0.02,0.005,0.02,0.005,0.01,0.2,0.05,0.001,0.001,1.6,0.24,0.7,0.4,1,0.1,0.2,0.04,1.6,0.5,0.8,0.3,0.4
Eriobotrya deflexa,Eriobotrya,loquat,Eriobotrya,Rosaceae,Btr,species,,,0.01,0.02,0.005,0.02,0.005,0.01,0.2,0.05,0.001,0.001,1.6,0.24,0.7,0.4,1,0.1,0.2,0.04,1.6,0.5,0.8,0.3,0.4
Eriobotrya japonica,Eriobotrya,loquat,Eriobotrya,Rosaceae,Btr,species,,,0.01,0.02,0.005,0.02,0.005,0.01,0.2,0.05,0.001,0.001,1.6,0.24,0.7,0.4,1,0.1,0.2,0.04,1.6,0.5,0.8,0.3,0.4
Eriocarpum,NoData,,TBD,TBD,TBD,genus,,LF CTCOG,4,0.02,0.12,0.12,0.06,0.06,0.04,0.05,0.06,0.04,1.6,0.24,0.7,0.4,1,0.1,0.2,0.04,1.6,0.5,0.8,0.3,0.4
Eriodictyon,NoData,,Eriodictyon,TBD,Shrub,genus,from LFRDB,,4,0.02,0.12,0.12,0.06,0.06,0.04,0.05,0.06,0.04,1.6,0.24,0.7,0.4,1,0.1,0.2,0.04,1.6,0.5,0.8,0.3,0.4
Eriogonum,NoData,,Eriogonum,Polygonaceae,Shrub,genus,,,4,0.02,0.12,0.12,0.06,0.06,0.04,0.05,0.06,0.04,1.6,0.24,0.7,0.4,1,0.1,0.2,0.04,1.6,0.5,0.8,0.3,0.4
Eriogonum fasciculatum,NoData,Eastern Mojave buckwheat,Eriogonum,Polygonaceae,Shrub,species,,,4,0.02,0.12,0.12,0.06,0.06,0.04,0.05,0.06,0.04,1.6,0.24,0.7,0.4,1,0.1,0.2,0.04,1.6,0.5,0.8,0.3,0.4
Eriolaena,NoData,,Eriolaena,TBD,Unknown,genus,,,4,0.02,0.12,0.12,0.06,0.06,0.04,0.05,0.06,0.04,1.6,0.24,0.7,0.4,1,0.1,0.2,0.04,1.6,0.5,0.8,0.3,0.4
Eriolaena kwangsiensis,NoData,,Eriolaena,TBD,Unknown,species,,,4,0.02,0.12,0.12,0.06,0.06,0.04,0.05,0.06,0.04,1.6,0.24,0.7,0.4,1,0.1,0.2,0.04,1.6,0.5,0.8,0.3,0.4
Erioneuron,NoData,,TBD,TBD,TBD,genus,,LF CTCOG,4,0.02,0.12,0.12,0.06,0.06,0.04,0.05,0.06,0.04,1.6,0.24,0.7,0.4,1,0.1,0.2,0.04,1.6,0.5,0.8,0.3,0.4
Eriophyllum,NoData,,Eriophyllum,TBD,Shrub,genus,from LFRDB,,4,0.02,0.12,0.12,0.06,0.06,0.04,0.05,0.06,0.04,1.6,0.24,0.7,0.4,1,0.1,0.2,0.04,1.6,0.5,0.8,0.3,0.4
Erithalis,NoData,,Erithalis,Rubiaceae,Btr,genus,,,4,0.02,0.12,0.12,0.06,0.06,0.04,0.05,0.06,0.04,1.6,0.24,0.7,0.4,1,0.1,0.2,0.04,1.6,0.5,0.8,0.3,0.4
Erithalis fruticosa,NoData,blacktorch,Erithalis,Rubiaceae,Btr,species,,,4,0.02,0.12,0.12,0.06,0.06,0.04,0.05,0.06,0.04,1.6,0.24,0.7,0.4,1,0.1,0.2,0.04,1.6,0.5,0.8,0.3,0.4
Erodium,NoData,,TBD,TBD,TBD,genus,,LF CTCOG,4,0.02,0.12,0.12,0.06,0.06,0.04,0.05,0.06,0.04,1.6,0.24,0.7,0.4,1,0.1,0.2,0.04,1.6,0.5,0.8,0.3,0.4
Erythrina,NoData,erythrina,Erythrina,Fabaceae,Btr,genus,,,4,0.02,0.12,0.12,0.06,0.06,0.04,0.05,0.06,0.04,1.6,0.24,0.7,0.4,1,0.1,0.2,0.04,1.6,0.5,0.8,0.3,0.4
Erythrina bidwillii,NoData,erythrina,Erythrina,Fabaceae,Btr,species,,,4,0.02,0.12,0.12,0.06,0.06,0.04,0.05,0.06,0.04,1.6,0.24,0.7,0.4,1,0.1,0.2,0.04,1.6,0.5,0.8,0.3,0.4
Erythrina caffra,NoData,erythrina,Erythrina,Fabaceae,Btr,species,,,4,0.02,0.12,0.12,0.06,0.06,0.04,0.05,0.06,0.04,1.6,0.24,0.7,0.4,1,0.1,0.2,0.04,1.6,0.5,0.8,0.3,0.4
Erythrina coralloides,NoData,,Erythrina,Fabaceae,Btr,species,,,4,0.02,0.12,0.12,0.06,0.06,0.04,0.05,0.06,0.04,1.6,0.24,0.7,0.4,1,0.1,0.2,0.04,1.6,0.5,0.8,0.3,0.4
Erythrina crista-galli,NoData,crybabytree,Erythrina,Fabaceae,Btr,species,,,4,0.02,0.12,0.12,0.06,0.06,0.04,0.05,0.06,0.04,1.6,0.24,0.7,0.4,1,0.1,0.2,0.04,1.6,0.5,0.8,0.3,0.4
Erythrina falcata,NoData,erythrina,Erythrina,Fabaceae,Btr,species,,,4,0.02,0.12,0.12,0.06,0.06,0.04,0.05,0.06,0.04,1.6,0.24,0.7,0.4,1,0.1,0.2,0.04,1.6,0.5,0.8,0.3,0.4
Erythrina humeana,NoData,dwarf erythrina,Erythrina,Fabaceae,Unknown,species,,,4,0.02,0.12,0.12,0.06,0.06,0.04,0.05,0.06,0.04,1.6,0.24,0.7,0.4,1,0.1,0.2,0.04,1.6,0.5,0.8,0.3,0.4
Erythrina lithosperma,NoData,,Erythrina,Fabaceae,Unknown,species,,,4,0.02,0.12,0.12,0.06,0.06,0.04,0.05,0.06,0.04,1.6,0.24,0.7,0.4,1,0.1,0.2,0.04,1.6,0.5,0.8,0.3,0.4
Erythrina lysistemon,NoData,,Erythrina,Fabaceae,Unknown,species,,,4,0.02,0.12,0.12,0.06,0.06,0.04,0.05,0.06,0.04,1.6,0.24,0.7,0.4,1,0.1,0.2,0.04,1.6,0.5,0.8,0.3,0.4
Erythrina sigmoidea,NoData,,Erythrina,Fabaceae,Unknown,species,,,4,0.02,0.12,0.12,0.06,0.06,0.04,0.05,0.06,0.04,1.6,0.24,0.7,0.4,1,0.1,0.2,0.04,1.6,0.5,0.8,0.3,0.4
Erythrina variegata,NoData,tiger's claw,Erythrina,Fabaceae,Btr,species,,,4,0.02,0.12,0.12,0.06,0.06,0.04,0.05,0.06,0.04,1.6,0.24,0.7,0.4,1,0.1,0.2,0.04,1.6,0.5,0.8,0.3,0.4
Erythrina variegata var. orientalis,NoData,tiger's claw,Erythrina,Fabaceae,Btr,species,,,4,0.02,0.12,0.12,0.06,0.06,0.04,0.05,0.06,0.04,1.6,0.24,0.7,0.4,1,0.1,0.2,0.04,1.6,0.5,0.8,0.3,0.4
Erythrinastricta,NoData,,Erythrinastricta,TBD,Unknown,genus,,,4,0.02,0.12,0.12,0.06,0.06,0.04,0.05,0.06,0.04,1.6,0.24,0.7,0.4,1,0.1,0.2,0.04,1.6,0.5,0.8,0.3,0.4
Erythrophleum,NoData,sasswood,Erythrophleum,Fabaceae,Unknown,genus,,,4,0.02,0.12,0.12,0.06,0.06,0.04,0.05,0.06,0.04,1.6,0.24,0.7,0.4,1,0.1,0.2,0.04,1.6,0.5,0.8,0.3,0.4
Erythrophleum africanum,NoData,,Erythrophleum,Fabaceae,Unknown,species,,,4,0.02,0.12,0.12,0.06,0.06,0.04,0.05,0.06,0.04,1.6,0.24,0.7,0.4,1,0.1,0.2,0.04,1.6,0.5,0.8,0.3,0.4
Erythrophleum fordii,NoData,,Erythrophleum,Fabaceae,Unknown,species,,,4,0.02,0.12,0.12,0.06,0.06,0.04,0.05,0.06,0.04,1.6,0.24,0.7,0.4,1,0.1,0.2,0.04,1.6,0.5,0.8,0.3,0.4
Erythrophleum ivorense,NoData,,Erythrophleum,Fabaceae,Unknown,species,,,4,0.02,0.12,0.12,0.06,0.06,0.04,0.05,0.06,0.04,1.6,0.24,0.7,0.4,1,0.1,0.2,0.04,1.6,0.5,0.8,0.3,0.4
Erythrophleum suaveolens,NoData,sasswood,Erythrophleum,Fabaceae,Unknown,species,,,4,0.02,0.12,0.12,0.06,0.06,0.04,0.05,0.06,0.04,1.6,0.24,0.7,0.4,1,0.1,0.2,0.04,1.6,0.5,0.8,0.3,0.4
Erythroxylum,NoData,,Erythroxylum,Erythroxylaceae,Btr,genus,,,4,0.02,0.12,0.12,0.06,0.06,0.04,0.05,0.06,0.04,1.6,0.24,0.7,0.4,1,0.1,0.2,0.04,1.6,0.5,0.8,0.3,0.4
Erythroxylum rotundifolium,NoData,ratwood,Erythroxylum,Erythroxylaceae,Btr,species,,,4,0.02,0.12,0.12,0.06,0.06,0.04,0.05,0.06,0.04,1.6,0.24,0.7,0.4,1,0.1,0.2,0.04,1.6,0.5,0.8,0.3,0.4
Escallonia,NoData,,Escallonia,Grossulariaceae,Shrub,genus,,,4,0.02,0.12,0.12,0.06,0.06,0.04,0.05,0.06,0.04,1.6,0.24,0.7,0.4,1,0.1,0.2,0.04,1.6,0.5,0.8,0.3,0.4
Escallonia laevis,NoData,,Escallonia,Grossulariaceae,Shrub,species,,,4,0.02,0.12,0.12,0.06,0.06,0.04,0.05,0.06,0.04,1.6,0.24,0.7,0.4,1,0.1,0.2,0.04,1.6,0.5,0.8,0.3,0.4
Escallonia rubra,NoData,redclaws,Escallonia,Grossulariaceae,Shrub,species,,,4,0.02,0.12,0.12,0.06,0.06,0.04,0.05,0.06,0.04,1.6,0.24,0.7,0.4,1,0.1,0.2,0.04,1.6,0.5,0.8,0.3,0.4
Eschscholzia,NoData,,Eschscholzia,Papaveraceae,Herb,genus,,,4,0.02,0.12,0.12,0.06,0.06,0.04,0.05,0.06,0.04,1.6,0.24,0.7,0.4,1,0.1,0.2,0.04,1.6,0.5,0.8,0.3,0.4
Eschscholzia californica,NoData,California poppy,Eschscholzia,Papaveraceae,Herb,species,,,4,0.02,0.12,0.12,0.06,0.06,0.04,0.05,0.06,0.04,1.6,0.24,0.7,0.4,1,0.1,0.2,0.04,1.6,0.5,0.8,0.3,0.4
Eschweilera,NoData,,Eschweilera,Lecythidaceae,Btr,genus,,,4,0.02,0.12,0.12,0.06,0.06,0.04,0.05,0.06,0.04,1.6,0.24,0.7,0.4,1,0.1,0.2,0.04,1.6,0.5,0.8,0.3,0.4
Eschweilera odorata,NoData,,Eschweilera,Lecythidaceae,Btr,species,,,4,0.02,0.12,0.12,0.06,0.06,0.04,0.05,0.06,0.04,1.6,0.24,0.7,0.4,1,0.1,0.2,0.04,1.6,0.5,0.8,0.3,0.4
Escobaria,NoData,,TBD,TBD,TBD,genus,,LF CTCOG,4,0.02,0.12,0.12,0.06,0.06,0.04,0.05,0.06,0.04,1.6,0.24,0.7,0.4,1,0.1,0.2,0.04,1.6,0.5,0.8,0.3,0.4
Eucalyptus,Eucalyptus,gum,Eucalyptus,Myrtaceae,Btr,genus,,,20,0.02,0.35,0.2,0.1,0.35,0.6,0.05,0.08,0.05,1.6,0.24,0.7,0.4,1,0.1,0.2,0.04,1.6,0.5,0.8,0.3,0.4
Eucalyptus amplifolia,Eucalyptus,cabbage gum,Eucalyptus,Myrtaceae,Unknown,species,,,20,0.02,0.35,0.2,0.1,0.35,0.6,0.05,0.08,0.05,1.6,0.24,0.7,0.4,1,0.1,0.2,0.04,1.6,0.5,0.8,0.3,0.4
Eucalyptus amygdalina,Eucalyptus,,Eucalyptus,Myrtaceae,Btr,species,,,20,0.02,0.35,0.2,0.1,0.35,0.6,0.05,0.08,0.05,1.6,0.24,0.7,0.4,1,0.1,0.2,0.04,1.6,0.5,0.8,0.3,0.4
Eucalyptus botryoides,Eucalyptus,southern mahogany,Eucalyptus,Myrtaceae,Btr,species,,,20,0.02,0.35,0.2,0.1,0.35,0.6,0.05,0.08,0.05,1.6,0.24,0.7,0.4,1,0.1,0.2,0.04,1.6,0.5,0.8,0.3,0.4
Eucalyptus bridgesiana,Eucalyptus,applebox,Eucalyptus,Myrtaceae,Btr,species,,,20,0.02,0.35,0.2,0.1,0.35,0.6,0.05,0.08,0.05,1.6,0.24,0.7,0.4,1,0.1,0.2,0.04,1.6,0.5,0.8,0.3,0.4
Eucalyptus calophylla,Eucalyptus,,Eucalyptus,Myrtaceae,Unknown,species,,,20,0.02,0.35,0.2,0.1,0.35,0.6,0.05,0.08,0.05,1.6,0.24,0.7,0.4,1,0.1,0.2,0.04,1.6,0.5,0.8,0.3,0.4
Eucalyptus camaldulensis,Eucalyptus,river redgum,Eucalyptus,Myrtaceae,Btr,species,,,20,0.02,0.35,0.2,0.1,0.35,0.6,0.05,0.08,0.05,1.6,0.24,0.7,0.4,1,0.1,0.2,0.04,1.6,0.5,0.8,0.3,0.4
Eucalyptus cinerea,Eucalyptus,argyle apple,Eucalyptus,Myrtaceae,Btr,species,,,20,0.02,0.35,0.2,0.1,0.35,0.6,0.05,0.08,0.05,1.6,0.24,0.7,0.4,1,0.1,0.2,0.04,1.6,0.5,0.8,0.3,0.4
Eucalyptus citriodora,Eucalyptus,,Eucalyptus,Myrtaceae,Unknown,species,,,20,0.02,0.35,0.2,0.1,0.35,0.6,0.05,0.08,0.05,1.6,0.24,0.7,0.4,1,0.1,0.2,0.04,1.6,0.5,0.8,0.3,0.4
Eucalyptus cladocalyx,Eucalyptus,sugargum,Eucalyptus,Myrtaceae,Btr,species,,,20,0.02,0.35,0.2,0.1,0.35,0.6,0.05,0.08,0.05,1.6,0.24,0.7,0.4,1,0.1,0.2,0.04,1.6,0.5,0.8,0.3,0.4
Eucalyptus cornuta,Eucalyptus,yate,Eucalyptus,Myrtaceae,Btr,species,,,20,0.02,0.35,0.2,0.1,0.35,0.6,0.05,0.08,0.05,1.6,0.24,0.7,0.4,1,0.1,0.2,0.04,1.6,0.5,0.8,0.3,0.4
Eucalyptus crebra,Eucalyptus,narrowleaf red ironbark,Eucalyptus,Myrtaceae,Btr,species,,,20,0.02,0.35,0.2,0.1,0.35,0.6,0.05,0.08,0.05,1.6,0.24,0.7,0.4,1,0.1,0.2,0.04,1.6,0.5,0.8,0.3,0.4
Eucalyptus dalrympleana,Eucalyptus,,Eucalyptus,Myrtaceae,Unknown,species,,,20,0.02,0.35,0.2,0.1,0.35,0.6,0.05,0.08,0.05,1.6,0.24,0.7,0.4,1,0.1,0.2,0.04,1.6,0.5,0.8,0.3,0.4
Eucalyptus deglupta,Eucalyptus,Indonesian gum,Eucalyptus,Myrtaceae,Btr,species,,,20,0.02,0.35,0.2,0.1,0.35,0.6,0.05,0.08,0.05,1.6,0.24,0.7,0.4,1,0.1,0.2,0.04,1.6,0.5,0.8,0.3,0.4
Eucalyptus ficifolia,Eucalyptus,,Eucalyptus,Myrtaceae,Btr,species,,,20,0.02,0.35,0.2,0.1,0.35,0.6,0.05,0.08,0.05,1.6,0.24,0.7,0.4,1,0.1,0.2,0.04,1.6,0.5,0.8,0.3,0.4
Eucalyptus forrestiana,Eucalyptus,fuschia gum,Eucalyptus,Myrtaceae,Unknown,species,,,20,0.02,0.35,0.2,0.1,0.35,0.6,0.05,0.08,0.05,1.6,0.24,0.7,0.4,1,0.1,0.2,0.04,1.6,0.5,0.8,0.3,0.4
Eucalyptus glaucescens,Eucalyptus,tingiringi gum,Eucalyptus,Myrtaceae,Unknown,species,,,20,0.02,0.35,0.2,0.1,0.35,0.6,0.05,0.08,0.05,1.6,0.24,0.7,0.4,1,0.1,0.2,0.04,1.6,0.5,0.8,0.3,0.4
Eucalyptus globulus,Eucalyptus,Tasmanian bluegum,Eucalyptus,Myrtaceae,Btr,species,,,20,0.02,0.35,0.2,0.1,0.35,0.6,0.05,0.08,0.05,1.6,0.24,0.7,0.4,1,0.1,0.2,0.04,1.6,0.5,0.8,0.3,0.4
Eucalyptus globulus var compacta,Eucalyptus,,Eucalyptus,Myrtaceae,Btr,species,,,20,0.02,0.35,0.2,0.1,0.35,0.6,0.05,0.08,0.05,1.6,0.24,0.7,0.4,1,0.1,0.2,0.04,1.6,0.5,0.8,0.3,0.4
Eucalyptus gomphocephala,Eucalyptus,tuart,Eucalyptus,Myrtaceae,Btr,species,,,20,0.02,0.35,0.2,0.1,0.35,0.6,0.05,0.08,0.05,1.6,0.24,0.7,0.4,1,0.1,0.2,0.04,1.6,0.5,0.8,0.3,0.4
Eucalyptus grandis,Eucalyptus,grand eucalyptus,Eucalyptus,Myrtaceae,Btr,species,,,20,0.02,0.35,0.2,0.1,0.35,0.6,0.05,0.08,0.05,1.6,0.24,0.7,0.4,1,0.1,0.2,0.04,1.6,0.5,0.8,0.3,0.4
Eucalyptus gunnii,Eucalyptus,cider gum,Eucalyptus,Myrtaceae,Unknown,species,,,20,0.02,0.35,0.2,0.1,0.35,0.6,0.05,0.08,0.05,1.6,0.24,0.7,0.4,1,0.1,0.2,0.04,1.6,0.5,0.8,0.3,0.4
Eucalyptus incrassata,Eucalyptus,,Eucalyptus,Myrtaceae,Unknown,species,,,20,0.02,0.35,0.2,0.1,0.35,0.6,0.05,0.08,0.05,1.6,0.24,0.7,0.4,1,0.1,0.2,0.04,1.6,0.5,0.8,0.3,0.4
Eucalyptus intertexta,Eucalyptus,,Eucalyptus,Myrtaceae,Unknown,species,,,20,0.02,0.35,0.2,0.1,0.35,0.6,0.05,0.08,0.05,1.6,0.24,0.7,0.4,1,0.1,0.2,0.04,1.6,0.5,0.8,0.3,0.4
Eucalyptus lansdowneana,Eucalyptus,,Eucalyptus,Myrtaceae,Unknown,species,,,20,0.02,0.35,0.2,0.1,0.35,0.6,0.05,0.08,0.05,1.6,0.24,0.7,0.4,1,0.1,0.2,0.04,1.6,0.5,0.8,0.3,0.4
Eucalyptus lehmannii,Eucalyptus,bushy yate,Eucalyptus,Myrtaceae,Unknown,species,,,20,0.02,0.35,0.2,0.1,0.35,0.6,0.05,0.08,0.05,1.6,0.24,0.7,0.4,1,0.1,0.2,0.04,1.6,0.5,0.8,0.3,0.4
Eucalyptus leucoxylon,Eucalyptus,white ironbark,Eucalyptus,Myrtaceae,Unknown,species,,,20,0.02,0.35,0.2,0.1,0.35,0.6,0.05,0.08,0.05,1.6,0.24,0.7,0.4,1,0.1,0.2,0.04,1.6,0.5,0.8,0.3,0.4
Eucalyptus longifolia,Eucalyptus,woollybutt,Eucalyptus,Myrtaceae,Unknown,species,,,20,0.02,0.35,0.2,0.1,0.35,0.6,0.05,0.08,0.05,1.6,0.24,0.7,0.4,1,0.1,0.2,0.04,1.6,0.5,0.8,0.3,0.4
Eucalyptus macrandra,Eucalyptus,long-flower marlock,Eucalyptus,Myrtaceae,Unknown,species,,,20,0.02,0.35,0.2,0.1,0.35,0.6,0.05,0.08,0.05,1.6,0.24,0.7,0.4,1,0.1,0.2,0.04,1.6,0.5,0.8,0.3,0.4
Eucalyptus macrocarpa,Eucalyptus,mottlecah,Eucalyptus,Myrtaceae,Unknown,species,,,20,0.02,0.35,0.2,0.1,0.35,0.6,0.05,0.08,0.05,1.6,0.24,0.7,0.4,1,0.1,0.2,0.04,1.6,0.5,0.8,0.3,0.4
Eucalyptus maculata,Eucalyptus,spotted gum,Eucalyptus,Myrtaceae,Unknown,species,,,20,0.02,0.35,0.2,0.1,0.35,0.6,0.05,0.08,0.05,1.6,0.24,0.7,0.4,1,0.1,0.2,0.04,1.6,0.5,0.8,0.3,0.4
Eucalyptus marginata,Eucalyptus,jarrah,Eucalyptus,Myrtaceae,Btr,species,,,20,0.02,0.35,0.2,0.1,0.35,0.6,0.05,0.08,0.05,1.6,0.24,0.7,0.4,1,0.1,0.2,0.04,1.6,0.5,0.8,0.3,0.4
Eucalyptus melliodora,Eucalyptus,yellow-box,Eucalyptus,Myrtaceae,Unknown,species,,,20,0.02,0.35,0.2,0.1,0.35,0.6,0.05,0.08,0.05,1.6,0.24,0.7,0.4,1,0.1,0.2,0.04,1.6,0.5,0.8,0.3,0.4
Eucalyptus microtheca,Eucalyptus,coolabah,Eucalyptus,Myrtaceae,Unknown,species,,,20,0.02,0.35,0.2,0.1,0.35,0.6,0.05,0.08,0.05,1.6,0.24,0.7,0.4,1,0.1,0.2,0.04,1.6,0.5,0.8,0.3,0.4
Eucalyptus nicholii,Eucalyptus,,Eucalyptus,Myrtaceae,Unknown,species,,,20,0.02,0.35,0.2,0.1,0.35,0.6,0.05,0.08,0.05,1.6,0.24,0.7,0.4,1,0.1,0.2,0.04,1.6,0.5,0.8,0.3,0.4
Eucalyptus niphophilia,Eucalyptus,,Eucalyptus,Myrtaceae,Unknown,species,,,20,0.02,0.35,0.2,0.1,0.35,0.6,0.05,0.08,0.05,1.6,0.24,0.7,0.4,1,0.1,0.2,0.04,1.6,0.5,0.8,0.3,0.4
Eucalyptus occidentalis,Eucalyptus,flat-top yate,Eucalyptus,Myrtaceae,Unknown,species,,,20,0.02,0.35,0.2,0.1,0.35,0.6,0.05,0.08,0.05,1.6,0.24,0.7,0.4,1,0.1,0.2,0.04,1.6,0.5,0.8,0.3,0.4
Eucalyptus odorata,Eucalyptus,,Eucalyptus,Myrtaceae,Unknown,species,,,20,0.02,0.35,0.2,0.1,0.35,0.6,0.05,0.08,0.05,1.6,0.24,0.7,0.4,1,0.1,0.2,0.04,1.6,0.5,0.8,0.3,0.4
Eucalyptus paniculata,Eucalyptus,gray ironbark,Eucalyptus,Myrtaceae,Btr,species,,,20,0.02,0.35,0.2,0.1,0.35,0.6,0.05,0.08,0.05,1.6,0.24,0.7,0.4,1,0.1,0.2,0.04,1.6,0.5,0.8,0.3,0.4
Eucalyptus parvula,Eucalyptus,kybean gum,Eucalyptus,Myrtaceae,Unknown,species,,,20,0.02,0.35,0.2,0.1,0.35,0.6,0.05,0.08,0.05,1.6,0.24,0.7,0.4,1,0.1,0.2,0.04,1.6,0.5,0.8,0.3,0.4
Eucalyptus pauciflora,Eucalyptus,snow gum,Eucalyptus,Myrtaceae,Unknown,species,,,20,0.02,0.35,0.2,0.1,0.35,0.6,0.05,0.08,0.05,1.6,0.24,0.7,0.4,1,0.1,0.2,0.04,1.6,0.5,0.8,0.3,0.4
Eucalyptus platypus,Eucalyptus,,Eucalyptus,Myrtaceae,Unknown,species,,,20,0.02,0.35,0.2,0.1,0.35,0.6,0.05,0.08,0.05,1.6,0.24,0.7,0.4,1,0.1,0.2,0.04,1.6,0.5,0.8,0.3,0.4
Eucalyptus polyanthemos,Eucalyptus,redbox,Eucalyptus,Myrtaceae,Btr,species,,,20,0.02,0.35,0.2,0.1,0.35,0.6,0.05,0.08,0.05,1.6,0.24,0.7,0.4,1,0.1,0.2,0.04,1.6,0.5,0.8,0.3,0.4
Eucalyptus pulchella,Eucalyptus,,Eucalyptus,Myrtaceae,Unknown,species,,,20,0.02,0.35,0.2,0.1,0.35,0.6,0.05,0.08,0.05,1.6,0.24,0.7,0.4,1,0.1,0.2,0.04,1.6,0.5,0.8,0.3,0.4
Eucalyptus pulverulenta,Eucalyptus,silverleaf mountain gum,Eucalyptus,Myrtaceae,Btr,species,,,20,0.02,0.35,0.2,0.1,0.35,0.6,0.05,0.08,0.05,1.6,0.24,0.7,0.4,1,0.1,0.2,0.04,1.6,0.5,0.8,0.3,0.4
Eucalyptus pyriformis,Eucalyptus,pear-fruit mallee,Eucalyptus,Myrtaceae,Unknown,species,,,20,0.02,0.35,0.2,0.1,0.35,0.6,0.05,0.08,0.05,1.6,0.24,0.7,0.4,1,0.1,0.2,0.04,1.6,0.5,0.8,0.3,0.4
Eucalyptus robusta,Eucalyptus,swampmahogany,Eucalyptus,Myrtaceae,Btr,species,,,20,0.02,0.35,0.2,0.1,0.35,0.6,0.05,0.08,0.05,1.6,0.24,0.7,0.4,1,0.1,0.2,0.04,1.6,0.5,0.8,0.3,0.4
Eucalyptus rodantha,Eucalyptus,,Eucalyptus,Myrtaceae,Btr,species,,,20,0.02,0.35,0.2,0.1,0.35,0.6,0.05,0.08,0.05,1.6,0.24,0.7,0.4,1,0.1,0.2,0.04,1.6,0.5,0.8,0.3,0.4
Eucalyptus rudis,Eucalyptus,Western Australian floodedgum,Eucalyptus,Myrtaceae,Btr,species,,,20,0.02,0.35,0.2,0.1,0.35,0.6,0.05,0.08,0.05,1.6,0.24,0.7,0.4,1,0.1,0.2,0.04,1.6,0.5,0.8,0.3,0.4
Eucalyptus saligna,Eucalyptus,Sydney bluegum,Eucalyptus,Myrtaceae,Btr,species,,,20,0.02,0.35,0.2,0.1,0.35,0.6,0.05,0.08,0.05,1.6,0.24,0.7,0.4,1,0.1,0.2,0.04,1.6,0.5,0.8,0.3,0.4
Eucalyptus sargentii,Eucalyptus,eucalyptus,Eucalyptus,Myrtaceae,Unknown,species,,,20,0.02,0.35,0.2,0.1,0.35,0.6,0.05,0.08,0.05,1.6,0.24,0.7,0.4,1,0.1,0.2,0.04,1.6,0.5,0.8,0.3,0.4
Eucalyptus sideroxylon,Eucalyptus,red ironbark,Eucalyptus,Myrtaceae,Btr,species,,,20,0.02,0.35,0.2,0.1,0.35,0.6,0.05,0.08,0.05,1.6,0.24,0.7,0.4,1,0.1,0.2,0.04,1.6,0.5,0.8,0.3,0.4
Eucalyptus spathulata,Eucalyptus,eucalyptus,Eucalyptus,Myrtaceae,Unknown,species,,,20,0.02,0.35,0.2,0.1,0.35,0.6,0.05,0.08,0.05,1.6,0.24,0.7,0.4,1,0.1,0.2,0.04,1.6,0.5,0.8,0.3,0.4
Eucalyptus tereticornis,Eucalyptus,forest redgum,Eucalyptus,Myrtaceae,Btr,species,,,20,0.02,0.35,0.2,0.1,0.35,0.6,0.05,0.08,0.05,1.6,0.24,0.7,0.4,1,0.1,0.2,0.04,1.6,0.5,0.8,0.3,0.4
Eucalyptus torquata,Eucalyptus,coral gum,Eucalyptus,Myrtaceae,Btr,species,,,20,0.02,0.35,0.2,0.1,0.35,0.6,0.05,0.08,0.05,1.6,0.24,0.7,0.4,1,0.1,0.2,0.04,1.6,0.5,0.8,0.3,0.4
Eucalyptus urophylla,Eucalyptus,,Eucalyptus,Myrtaceae,Unknown,species,,,20,0.02,0.35,0.2,0.1,0.35,0.6,0.05,0.08,0.05,1.6,0.24,0.7,0.4,1,0.1,0.2,0.04,1.6,0.5,0.8,0.3,0.4
Eucalyptus viminalis,Eucalyptus,manna gum,Eucalyptus,Myrtaceae,Btr,species,,,20,0.02,0.35,0.2,0.1,0.35,0.6,0.05,0.08,0.05,1.6,0.24,0.7,0.4,1,0.1,0.2,0.04,1.6,0.5,0.8,0.3,0.4
Eucalyptus wandoo,Eucalyptus,wandoo,Eucalyptus,Myrtaceae,Unknown,species,,,20,0.02,0.35,0.2,0.1,0.35,0.6,0.05,0.08,0.05,1.6,0.24,0.7,0.4,1,0.1,0.2,0.04,1.6,0.5,0.8,0.3,0.4
Eucalyptuserythrocorys,Eucalyptus,,Eucalyptus,Myrtaceae,Btr,species,,,20,0.02,0.35,0.2,0.1,0.35,0.6,0.05,0.08,0.05,1.6,0.24,0.7,0.4,1,0.1,0.2,0.04,1.6,0.5,0.8,0.3,0.4
Eucalyptuseudesmioides,Eucalyptus,,Eucalyptus,Myrtaceae,Btr,species,,,20,0.02,0.35,0.2,0.1,0.35,0.6,0.05,0.08,0.05,1.6,0.24,0.7,0.4,1,0.1,0.2,0.04,1.6,0.5,0.8,0.3,0.4
Eucalyptus_rythrocorys,Eucalyptus,,Eucalyptus,Myrtaceae,Unknown,genus,,,20,0.02,0.35,0.2,0.1,0.35,0.6,0.05,0.08,0.05,1.6,0.24,0.7,0.4,1,0.1,0.2,0.04,1.6,0.5,0.8,0.3,0.4
Eucalyptus_udesmioides,Eucalyptus,,Eucalyptus,Myrtaceae,Unknown,genus,,,20,0.02,0.35,0.2,0.1,0.35,0.6,0.05,0.08,0.05,1.6,0.24,0.7,0.4,1,0.1,0.2,0.04,1.6,0.5,0.8,0.3,0.4
Eucephalus,NoData,,Eucephalus,TBD,Shrub,genus,from LFRDB,,4,0.02,0.12,0.12,0.06,0.06,0.04,0.05,0.06,0.04,1.6,0.24,0.7,0.4,1,0.1,0.2,0.04,1.6,0.5,0.8,0.3,0.4
Euclea,NoData,,Euclea,Ebenaceae,Unknown,genus,,,4,0.02,0.12,0.12,0.06,0.06,0.04,0.05,0.06,0.04,1.6,0.24,0.7,0.4,1,0.1,0.2,0.04,1.6,0.5,0.8,0.3,0.4
Euclea crispa,NoData,,Euclea,Ebenaceae,Unknown,species,,,4,0.02,0.12,0.12,0.06,0.06,0.04,0.05,0.06,0.04,1.6,0.24,0.7,0.4,1,0.1,0.2,0.04,1.6,0.5,0.8,0.3,0.4
Euclea natalensis,NoData,,Euclea,Ebenaceae,Unknown,species,,,4,0.02,0.12,0.12,0.06,0.06,0.04,0.05,0.06,0.04,1.6,0.24,0.7,0.4,1,0.1,0.2,0.04,1.6,0.5,0.8,0.3,0.4
Euclea undulata,NoData,,Euclea,Ebenaceae,Unknown,species,,,4,0.02,0.12,0.12,0.06,0.06,0.04,0.05,0.06,0.04,1.6,0.24,0.7,0.4,1,0.1,0.2,0.04,1.6,0.5,0.8,0.3,0.4
Eucommia,NoData,,Eucommia,Eucommiaceae,Btr,genus,,,4,0.02,0.12,0.12,0.06,0.06,0.04,0.05,0.06,0.04,1.6,0.24,0.7,0.4,1,0.1,0.2,0.04,1.6,0.5,0.8,0.3,0.4
Eucommia ulmoides,NoData,,Eucommia,Eucommiaceae,Btr,species,,,4,0.02,0.12,0.12,0.06,0.06,0.04,0.05,0.06,0.04,1.6,0.24,0.7,0.4,1,0.1,0.2,0.04,1.6,0.5,0.8,0.3,0.4
Eucryphia,NoData,,Eucryphia,Cunoniaceae,Unknown,genus,,,4,0.02,0.12,0.12,0.06,0.06,0.04,0.05,0.06,0.04,1.6,0.24,0.7,0.4,1,0.1,0.2,0.04,1.6,0.5,0.8,0.3,0.4
Eucryphia billardieri,NoData,,Eucryphia,Cunoniaceae,Unknown,species,,,4,0.02,0.12,0.12,0.06,0.06,0.04,0.05,0.06,0.04,1.6,0.24,0.7,0.4,1,0.1,0.2,0.04,1.6,0.5,0.8,0.3,0.4
Eugenia,NoData,stopper,Eugenia,Myrtaceae,Btr,genus,,,4,0.02,0.12,0.12,0.06,0.06,0.04,0.05,0.06,0.04,1.6,0.24,0.7,0.4,1,0.1,0.2,0.04,1.6,0.5,0.8,0.3,0.4
Eugenia foetida,NoData,boxleaf stopper,Eugenia,Myrtaceae,Btr,species,,,4,0.02,0.12,0.12,0.06,0.06,0.04,0.05,0.06,0.04,1.6,0.24,0.7,0.4,1,0.1,0.2,0.04,1.6,0.5,0.8,0.3,0.4
Eugenia grandis,NoData,,Eugenia,Myrtaceae,Unknown,species,,,4,0.02,0.12,0.12,0.06,0.06,0.04,0.05,0.06,0.04,1.6,0.24,0.7,0.4,1,0.1,0.2,0.04,1.6,0.5,0.8,0.3,0.4
Eugenia malacensis,NoData,,Eugenia,Myrtaceae,Unknown,species,,,4,0.02,0.12,0.12,0.06,0.06,0.04,0.05,0.06,0.04,1.6,0.24,0.7,0.4,1,0.1,0.2,0.04,1.6,0.5,0.8,0.3,0.4
Eugenia uniflora,NoData,Surinam cherry,Eugenia,Myrtaceae,Btr,species,,,4,0.02,0.12,0.12,0.06,0.06,0.04,0.05,0.06,0.04,1.6,0.24,0.7,0.4,1,0.1,0.2,0.04,1.6,0.5,0.8,0.3,0.4
Eugenia xerophytica,NoData,aridland stopper,Eugenia,Myrtaceae,Btr,species,,,4,0.02,0.12,0.12,0.06,0.06,0.04,0.05,0.06,0.04,1.6,0.24,0.7,0.4,1,0.1,0.2,0.04,1.6,0.5,0.8,0.3,0.4
Eugeniaa,NoData,,Eugeniaa,TBD,Unknown,genus,,,4,0.02,0.12,0.12,0.06,0.06,0.04,0.05,0.06,0.04,1.6,0.24,0.7,0.4,1,0.1,0.2,0.04,1.6,0.5,0.8,0.3,0.4
Eugeniaa uniflora,NoData,,Eugeniaa,TBD,Unknown,species,,,4,0.02,0.12,0.12,0.06,0.06,0.04,0.05,0.06,0.04,1.6,0.24,0.7,0.4,1,0.1,0.2,0.04,1.6,0.5,0.8,0.3,0.4
Euonymus,NoData,,Euonymus,Celastraceae,Btr,genus,,,4,0.02,0.12,0.12,0.06,0.06,0.04,0.05,0.06,0.04,1.6,0.24,0.7,0.4,1,0.1,0.2,0.04,1.6,0.5,0.8,0.3,0.4
Euonymus japonicus,NoData,Japanese spindletree,Euonymus,Celastraceae,Btr,species,,,4,0.02,0.12,0.12,0.06,0.06,0.04,0.05,0.06,0.04,1.6,0.24,0.7,0.4,1,0.1,0.2,0.04,1.6,0.5,0.8,0.3,0.4
Eupatorium,NoData,,Eupatorium,Asteraceae,Unknown,genus,,,4,0.02,0.12,0.12,0.06,0.06,0.04,0.05,0.06,0.04,1.6,0.24,0.7,0.4,1,0.1,0.2,0.04,1.6,0.5,0.8,0.3,0.4
Eupatorium odoratum,NoData,,Eupatorium,Asteraceae,Unknown,species,,,4,0.02,0.12,0.12,0.06,0.06,0.04,0.05,0.06,0.04,1.6,0.24,0.7,0.4,1,0.1,0.2,0.04,1.6,0.5,0.8,0.3,0.4
Euphorbia,NoData,spurge,Euphorbia,Euphorbiaceae,Btr,genus,,,4,0.02,0.12,0.12,0.06,0.06,0.04,0.05,0.06,0.04,1.6,0.24,0.7,0.4,1,0.1,0.2,0.04,1.6,0.5,0.8,0.3,0.4
Euphorbia cotinifolia,NoData,Mexican shrubby spurge,Euphorbia,Euphorbiaceae,Btr,species,,,4,0.02,0.12,0.12,0.06,0.06,0.04,0.05,0.06,0.04,1.6,0.24,0.7,0.4,1,0.1,0.2,0.04,1.6,0.5,0.8,0.3,0.4
Euphorbia fulgens,NoData,scarlet-plume,Euphorbia,Euphorbiaceae,Unknown,species,,,4,0.02,0.12,0.12,0.06,0.06,0.04,0.05,0.06,0.04,1.6,0.24,0.7,0.4,1,0.1,0.2,0.04,1.6,0.5,0.8,0.3,0.4
Euphorbia pulcherrima,NoData,poinsettia,Euphorbia,Euphorbiaceae,Btr,species,,,4,0.02,0.12,0.12,0.06,0.06,0.04,0.05,0.06,0.04,1.6,0.24,0.7,0.4,1,0.1,0.2,0.04,1.6,0.5,0.8,0.3,0.4
Euphorbia splendens,NoData,,Euphorbia,Euphorbiaceae,Unknown,species,,,4,0.02,0.12,0.12,0.06,0.06,0.04,0.05,0.06,0.04,1.6,0.24,0.7,0.4,1,0.1,0.2,0.04,1.6,0.5,0.8,0.3,0.4
Euphorbia tirucalli,NoData,Indiantree spurge,Euphorbia,Euphorbiaceae,Btr,species,,,4,0.02,0.12,0.12,0.06,0.06,0.04,0.05,0.06,0.04,1.6,0.24,0.7,0.4,1,0.1,0.2,0.04,1.6,0.5,0.8,0.3,0.4
Euphorbiaceae,NoData,,Euphorbiaceae,Euphorbiaceae,Unknown,family,,,4,0.02,0.12,0.12,0.06,0.06,0.04,0.05,0.06,0.04,1.6,0.24,0.7,0.4,1,0.1,0.2,0.04,1.6,0.5,0.8,0.3,0.4
Eurya,NoData,,Eurya,Theaceae,Unknown,genus,,,4,0.02,0.12,0.12,0.06,0.06,0.04,0.05,0.06,0.04,1.6,0.24,0.7,0.4,1,0.1,0.2,0.04,1.6,0.5,0.8,0.3,0.4
Eurya obliquifolia,NoData,,Eurya,Theaceae,Unknown,species,,,4,0.02,0.12,0.12,0.06,0.06,0.04,0.05,0.06,0.04,1.6,0.24,0.7,0.4,1,0.1,0.2,0.04,1.6,0.5,0.8,0.3,0.4
Euryops,NoData,,Euryops,Asteraceae,Unknown,genus,,,4,0.02,0.12,0.12,0.06,0.06,0.04,0.05,0.06,0.04,1.6,0.24,0.7,0.4,1,0.1,0.2,0.04,1.6,0.5,0.8,0.3,0.4
Euryops pectinatus,NoData,,Euryops,Asteraceae,Unknown,species,,,4,0.02,0.12,0.12,0.06,0.06,0.04,0.05,0.06,0.04,1.6,0.24,0.7,0.4,1,0.1,0.2,0.04,1.6,0.5,0.8,0.3,0.4
Eusideroxylon,NoData,,Eusideroxylon,Lauraceae,Unknown,genus,,,4,0.02,0.12,0.12,0.06,0.06,0.04,0.05,0.06,0.04,1.6,0.24,0.7,0.4,1,0.1,0.2,0.04,1.6,0.5,0.8,0.3,0.4
Eusideroxylon zwangeri,NoData,,Eusideroxylon,Lauraceae,Unknown,species,,,4,0.02,0.12,0.12,0.06,0.06,0.04,0.05,0.06,0.04,1.6,0.24,0.7,0.4,1,0.1,0.2,0.04,1.6,0.5,0.8,0.3,0.4
Euterpe,NoData,,Euterpe,Arecaceae,Unknown,genus,,,4,0.02,0.12,0.12,0.06,0.06,0.04,0.05,0.06,0.04,1.6,0.24,0.7,0.4,1,0.1,0.2,0.04,1.6,0.5,0.8,0.3,0.4
Euterpe macropadix,NoData,,Euterpe,Arecaceae,Unknown,species,,,4,0.02,0.12,0.12,0.06,0.06,0.04,0.05,0.06,0.04,1.6,0.24,0.7,0.4,1,0.1,0.2,0.04,1.6,0.5,0.8,0.3,0.4
Exostema,NoData,,Exostema,Rubiaceae,Btr,genus,,,4,0.02,0.12,0.12,0.06,0.06,0.04,0.05,0.06,0.04,1.6,0.24,0.7,0.4,1,0.1,0.2,0.04,1.6,0.5,0.8,0.3,0.4
Exostema caribaeum,NoData,Caribbean princewood,Exostema,Rubiaceae,Btr,species,,,4,0.02,0.12,0.12,0.06,0.06,0.04,0.05,0.06,0.04,1.6,0.24,0.7,0.4,1,0.1,0.2,0.04,1.6,0.5,0.8,0.3,0.4
Eysenhardtia,Eysenhardtia polystachya,,Eysenhardtia,Fabaceae,Btr,genus,,,16,0.02,0.2,0.2,0.1,0.2,0.04,0.05,0.06,0.04,1.6,0.24,0.7,0.4,1,0.1,0.2,0.04,1.6,0.5,0.8,0.3,0.4
Eysenhardtia polystachya,Eysenhardtia polystachya,,Eysenhardtia,Fabaceae,Btr,species,,,16,0.02,0.2,0.2,0.1,0.2,0.04,0.05,0.06,0.04,1.6,0.24,0.7,0.4,1,0.1,0.2,0.04,1.6,0.5,0.8,0.3,0.4
Eysenhardtia texana,NoData,Texas kidneywood,Eysenhardtia,Fabaceae,Btr,species,,,4,0.02,0.12,0.12,0.06,0.06,0.04,0.05,0.06,0.04,1.6,0.24,0.7,0.4,1,0.1,0.2,0.04,1.6,0.5,0.8,0.3,0.4
Fabaceae,NoData,,Fabaceae,Fabaceae,Unknown,family,,,4,0.02,0.12,0.12,0.06,0.06,0.04,0.05,0.06,0.04,1.6,0.24,0.7,0.4,1,0.1,0.2,0.04,1.6,0.5,0.8,0.3,0.4
Fagaceae,NoData,,Fagaceae,Fagaceae,Unknown,family,,,4,0.02,0.12,0.12,0.06,0.06,0.04,0.05,0.06,0.04,1.6,0.24,0.7,0.4,1,0.1,0.2,0.04,1.6,0.5,0.8,0.3,0.4
Fagara,NoData,,Fagara,TBD,Unknown,genus,,,4,0.02,0.12,0.12,0.06,0.06,0.04,0.05,0.06,0.04,1.6,0.24,0.7,0.4,1,0.1,0.2,0.04,1.6,0.5,0.8,0.3,0.4
Fagara heitzii,NoData,,Fagara,TBD,Unknown,species,,,4,0.02,0.12,0.12,0.06,0.06,0.04,0.05,0.06,0.04,1.6,0.24,0.7,0.4,1,0.1,0.2,0.04,1.6,0.5,0.8,0.3,0.4
Fagara macrophylla,NoData,,Fagara,TBD,Unknown,species,,,4,0.02,0.12,0.12,0.06,0.06,0.04,0.05,0.06,0.04,1.6,0.24,0.7,0.4,1,0.1,0.2,0.04,1.6,0.5,0.8,0.3,0.4
Fagonia,NoData,,Fagonia,TBD,Shrub,genus,from LFRDB,,4,0.02,0.12,0.12,0.06,0.06,0.04,0.05,0.06,0.04,1.6,0.24,0.7,0.4,1,0.1,0.2,0.04,1.6,0.5,0.8,0.3,0.4
Fagopyrum esculentum,NoData,Buckwheat,TBD,TBD,TBD,species,,,4,0.02,0.12,0.12,0.06,0.06,0.04,0.05,0.06,0.04,1.6,0.24,0.7,0.4,1,0.1,0.2,0.04,1.6,0.5,0.8,0.3,0.4
Fagraea,NoData,,Fagraea,Loganiaceae,Unknown,genus,,,4,0.02,0.12,0.12,0.06,0.06,0.04,0.05,0.06,0.04,1.6,0.24,0.7,0.4,1,0.1,0.2,0.04,1.6,0.5,0.8,0.3,0.4
Fagraea cuspidata,NoData,,Fagraea,Loganiaceae,Unknown,species,,,4,0.02,0.12,0.12,0.06,0.06,0.04,0.05,0.06,0.04,1.6,0.24,0.7,0.4,1,0.1,0.2,0.04,1.6,0.5,0.8,0.3,0.4
Fagus,Fagus,beech,Fagus,Fagaceae,Btr,genus,,,0.2,0.02,0.2,0.2,0.1,0.2,0.04,0.05,0.06,0.04,1.6,0.24,0.7,0.4,1,0.1,0.2,0.04,1.6,0.5,0.8,0.3,0.4
Fagus grandifolia,Fagus,American beech,Fagus,Fagaceae,Btr,species,,,0.2,0.02,0.2,0.2,0.1,0.2,0.04,0.05,0.06,0.04,1.6,0.24,0.7,0.4,1,0.1,0.2,0.04,1.6,0.5,0.8,0.3,0.4
Fagus orientalis,Fagus,beech,Fagus,Fagaceae,Btr,species,,,0.2,0.02,0.2,0.2,0.1,0.2,0.04,0.05,0.06,0.04,1.6,0.24,0.7,0.4,1,0.1,0.2,0.04,1.6,0.5,0.8,0.3,0.4
Fagus sylvatica,Fagus sylvatica,European beech,FagusMT,Fagaceae,Btr,species,,,0.2,0.02,2,2,0.6,2,0.04,0.05,0.06,0.04,1.6,0.24,0.7,0.4,1,0.1,0.2,0.04,1.6,0.5,0.8,0.3,0.4
Faidherbia,NoData,,Faidherbia,Fabaceae,Unknown,genus,,,4,0.02,0.12,0.12,0.06,0.06,0.04,0.05,0.06,0.04,1.6,0.24,0.7,0.4,1,0.1,0.2,0.04,1.6,0.5,0.8,0.3,0.4
Faidherbia albida,NoData,applering acacia,Faidherbia,Fabaceae,Unknown,species,,,4,0.02,0.12,0.12,0.06,0.06,0.04,0.05,0.06,0.04,1.6,0.24,0.7,0.4,1,0.1,0.2,0.04,1.6,0.5,0.8,0.3,0.4
Fallugia,NoData,,TBD,TBD,TBD,genus,,LF CTCOG,4,0.02,0.12,0.12,0.06,0.06,0.04,0.05,0.06,0.04,1.6,0.24,0.7,0.4,1,0.1,0.2,0.04,1.6,0.5,0.8,0.3,0.4
Feijoa,NoData,,Feijoa,Myrtaceae,Unknown,genus,,,4,0.02,0.12,0.12,0.06,0.06,0.04,0.05,0.06,0.04,1.6,0.24,0.7,0.4,1,0.1,0.2,0.04,1.6,0.5,0.8,0.3,0.4
Feijoa sellowiana,NoData,feijoa,Feijoa,Myrtaceae,Unknown,species,,,4,0.02,0.12,0.12,0.06,0.06,0.04,0.05,0.06,0.04,1.6,0.24,0.7,0.4,1,0.1,0.2,0.04,1.6,0.5,0.8,0.3,0.4
Fendlera,NoData,,TBD,TBD,TBD,genus,,LF CTCOG,4,0.02,0.12,0.12,0.06,0.06,0.04,0.05,0.06,0.04,1.6,0.24,0.7,0.4,1,0.1,0.2,0.04,1.6,0.5,0.8,0.3,0.4
Fendlerella,NoData,,Fendlerella,TBD,Shrub,genus,from LFRDB,,4,0.02,0.12,0.12,0.06,0.06,0.04,0.05,0.06,0.04,1.6,0.24,0.7,0.4,1,0.1,0.2,0.04,1.6,0.5,0.8,0.3,0.4
Fernandoa,NoData,,Fernandoa,Bignoniaceae,Btr,genus,,,4,0.02,0.12,0.12,0.06,0.06,0.04,0.05,0.06,0.04,1.6,0.24,0.7,0.4,1,0.1,0.2,0.04,1.6,0.5,0.8,0.3,0.4
Fernandoa adenophyllum,NoData,Heterophragma adenophyllum,Fernandoa,Bignoniaceae,Btr,species,,,4,0.02,0.12,0.12,0.06,0.06,0.04,0.05,0.06,0.04,1.6,0.24,0.7,0.4,1,0.1,0.2,0.04,1.6,0.5,0.8,0.3,0.4
Ferocactus,NoData,,Ferocactus,TBD,Shrub,genus,from LFRDB,,4,0.02,0.12,0.12,0.06,0.06,0.04,0.05,0.06,0.04,1.6,0.24,0.7,0.4,1,0.1,0.2,0.04,1.6,0.5,0.8,0.3,0.4
Festuca,NoData,,Festuca,Poaceae,Herb,genus,,,4,0.02,0.12,0.12,0.06,0.06,0.04,0.05,0.06,0.04,1.6,0.24,0.7,0.4,1,0.1,0.2,0.04,1.6,0.5,0.8,0.3,0.4
Festuca rubra,NoData,red fescue,Festuca,Poaceae,Herb,species,,,4,0.02,0.12,0.12,0.06,0.06,0.04,0.05,0.06,0.04,1.6,0.24,0.7,0.4,1,0.1,0.2,0.04,1.6,0.5,0.8,0.3,0.4
Ficus,Ficus,fig,Ficus,Moraceae,Btr,genus,,,16,0.02,0.05,0.1,0.01,0.02,0.04,0.05,0.04,0.02,1.6,0.24,0.7,0.4,1,0.1,0.2,0.04,1.6,0.5,0.8,0.3,0.4
Ficus altissima,Ficus,council tree,Ficus,Moraceae,Btr,species,,,16,0.02,0.05,0.1,0.01,0.02,0.04,0.05,0.04,0.02,1.6,0.24,0.7,0.4,1,0.1,0.2,0.04,1.6,0.5,0.8,0.3,0.4
Ficus annulata,Ficus,fig,Ficus,Moraceae,Btr,species,,,16,0.02,0.05,0.1,0.01,0.02,0.04,0.05,0.04,0.02,1.6,0.24,0.7,0.4,1,0.1,0.2,0.04,1.6,0.5,0.8,0.3,0.4
Ficus auriculata,Ficus,Roxburgh fig,Ficus,Moraceae,Unknown,species,,,16,0.02,0.05,0.1,0.01,0.02,0.04,0.05,0.04,0.02,1.6,0.24,0.7,0.4,1,0.1,0.2,0.04,1.6,0.5,0.8,0.3,0.4
Ficus benghalensis,Ficus,Indian banyan,Ficus,Moraceae,Btr,species,,,16,0.02,0.05,0.1,0.01,0.02,0.04,0.05,0.04,0.02,1.6,0.24,0.7,0.4,1,0.1,0.2,0.04,1.6,0.5,0.8,0.3,0.4
Ficus benjamina,Ficus,weeping fig,Ficus,Moraceae,Btr,species,,,16,0.02,0.05,0.1,0.01,0.02,0.04,0.05,0.04,0.02,1.6,0.24,0.7,0.4,1,0.1,0.2,0.04,1.6,0.5,0.8,0.3,0.4
Ficus callosa,Ficus,,Ficus,Moraceae,Unknown,species,,,16,0.02,0.05,0.1,0.01,0.02,0.04,0.05,0.04,0.02,1.6,0.24,0.7,0.4,1,0.1,0.2,0.04,1.6,0.5,0.8,0.3,0.4
Ficus capensis,Ficus,,Ficus,Moraceae,Unknown,species,,,16,0.02,0.05,0.1,0.01,0.02,0.04,0.05,0.04,0.02,1.6,0.24,0.7,0.4,1,0.1,0.2,0.04,1.6,0.5,0.8,0.3,0.4
Ficus carica,Ficus,edible fig,Ficus,Moraceae,Btr,species,,,16,0.02,0.05,0.1,0.01,0.02,0.04,0.05,0.04,0.02,1.6,0.24,0.7,0.4,1,0.1,0.2,0.04,1.6,0.5,0.8,0.3,0.4
Ficus celebensis,Ficus,fig,Ficus,Moraceae,Btr,species,,,16,0.02,0.05,0.1,0.01,0.02,0.04,0.05,0.04,0.02,1.6,0.24,0.7,0.4,1,0.1,0.2,0.04,1.6,0.5,0.8,0.3,0.4
Ficus costaricana,Ficus,,Ficus,Moraceae,Unknown,species,,,16,0.02,0.05,0.1,0.01,0.02,0.04,0.05,0.04,0.02,1.6,0.24,0.7,0.4,1,0.1,0.2,0.04,1.6,0.5,0.8,0.3,0.4
Ficus cyrtophylla,Ficus,,Ficus,Moraceae,Unknown,species,,,16,0.02,0.05,0.1,0.01,0.02,0.04,0.05,0.04,0.02,1.6,0.24,0.7,0.4,1,0.1,0.2,0.04,1.6,0.5,0.8,0.3,0.4
Ficus drupacea,Ficus,brown-woolly fig,Ficus,Moraceae,Btr,species,,,16,0.02,0.05,0.1,0.01,0.02,0.04,0.05,0.04,0.02,1.6,0.24,0.7,0.4,1,0.1,0.2,0.04,1.6,0.5,0.8,0.3,0.4
Ficus elastica,Ficus,Indian rubberplant,Ficus,Moraceae,Btr,species,,,16,0.02,0.05,0.1,0.01,0.02,0.04,0.05,0.04,0.02,1.6,0.24,0.7,0.4,1,0.1,0.2,0.04,1.6,0.5,0.8,0.3,0.4
Ficus erecta,Ficus,fig,Ficus,Moraceae,Btr,species,,,16,0.02,0.05,0.1,0.01,0.02,0.04,0.05,0.04,0.02,1.6,0.24,0.7,0.4,1,0.1,0.2,0.04,1.6,0.5,0.8,0.3,0.4
Ficus exasperata,Ficus,,Ficus,Moraceae,Unknown,species,,,16,0.02,0.05,0.1,0.01,0.02,0.04,0.05,0.04,0.02,1.6,0.24,0.7,0.4,1,0.1,0.2,0.04,1.6,0.5,0.8,0.3,0.4
Ficus fistulosa,Ficus,,Ficus,Moraceae,Unknown,species,,,16,0.02,0.05,0.1,0.01,0.02,0.04,0.05,0.04,0.02,1.6,0.24,0.7,0.4,1,0.1,0.2,0.04,1.6,0.5,0.8,0.3,0.4
Ficus glaberrima,Ficus,fig,Ficus,Moraceae,Btr,species,,,16,0.02,0.05,0.1,0.01,0.02,0.04,0.05,0.04,0.02,1.6,0.24,0.7,0.4,1,0.1,0.2,0.04,1.6,0.5,0.8,0.3,0.4
Ficus glomerata,Ficus,fig,Ficus,Moraceae,Btr,species,,,16,0.02,0.05,0.1,0.01,0.02,0.04,0.05,0.04,0.02,1.6,0.24,0.7,0.4,1,0.1,0.2,0.04,1.6,0.5,0.8,0.3,0.4
Ficus glumosa,Ficus,,Ficus,Moraceae,Unknown,species,,,16,0.02,0.05,0.1,0.01,0.02,0.04,0.05,0.04,0.02,1.6,0.24,0.7,0.4,1,0.1,0.2,0.04,1.6,0.5,0.8,0.3,0.4
Ficus hirta,Ficus,,Ficus,Moraceae,Unknown,species,,,16,0.02,0.05,0.1,0.01,0.02,0.04,0.05,0.04,0.02,1.6,0.24,0.7,0.4,1,0.1,0.2,0.04,1.6,0.5,0.8,0.3,0.4
Ficus hispida,Ficus,,Ficus,Moraceae,Unknown,species,,,16,0.02,0.05,0.1,0.01,0.02,0.04,0.05,0.04,0.02,1.6,0.24,0.7,0.4,1,0.1,0.2,0.04,1.6,0.5,0.8,0.3,0.4
Ficus infectoria,Ficus,fig,Ficus,Moraceae,Btr,species,,,16,0.02,0.05,0.1,0.01,0.02,0.04,0.05,0.04,0.02,1.6,0.24,0.7,0.4,1,0.1,0.2,0.04,1.6,0.5,0.8,0.3,0.4
Ficus ingens,Ficus,,Ficus,Moraceae,Unknown,species,,,16,0.02,0.05,0.1,0.01,0.02,0.04,0.05,0.04,0.02,1.6,0.24,0.7,0.4,1,0.1,0.2,0.04,1.6,0.5,0.8,0.3,0.4
Ficus insipida,Ficus,,Ficus,Moraceae,Unknown,species,,,16,0.02,0.05,0.1,0.01,0.02,0.04,0.05,0.04,0.02,1.6,0.24,0.7,0.4,1,0.1,0.2,0.04,1.6,0.5,0.8,0.3,0.4
Ficus langkokensis,Ficus,,Ficus,Moraceae,Unknown,species,,,16,0.02,0.05,0.1,0.01,0.02,0.04,0.05,0.04,0.02,1.6,0.24,0.7,0.4,1,0.1,0.2,0.04,1.6,0.5,0.8,0.3,0.4
Ficus lutea,Ficus,Lagos rubbertree,Ficus,Moraceae,Btr,species,,,16,0.02,0.05,0.1,0.01,0.02,0.04,0.05,0.04,0.02,1.6,0.24,0.7,0.4,1,0.1,0.2,0.04,1.6,0.5,0.8,0.3,0.4
Ficus lyrata,Ficus,fiddleleaf fig,Ficus,Moraceae,Btr,species,,,16,0.02,0.05,0.1,0.01,0.02,0.04,0.05,0.04,0.02,1.6,0.24,0.7,0.4,1,0.1,0.2,0.04,1.6,0.5,0.8,0.3,0.4
Ficus maclellandii,Ficus,fig,Ficus,Moraceae,Btr,species,,,16,0.02,0.05,0.1,0.01,0.02,0.04,0.05,0.04,0.02,1.6,0.24,0.7,0.4,1,0.1,0.2,0.04,1.6,0.5,0.8,0.3,0.4
Ficus macrocarpa,Ficus,,Ficus,Moraceae,Unknown,species,,,16,0.02,0.05,0.1,0.01,0.02,0.04,0.05,0.04,0.02,1.6,0.24,0.7,0.4,1,0.1,0.2,0.04,1.6,0.5,0.8,0.3,0.4
Ficus macrophylla,Ficus,,Ficus,Moraceae,Btr,species,,,16,0.02,0.05,0.1,0.01,0.02,0.04,0.05,0.04,0.02,1.6,0.24,0.7,0.4,1,0.1,0.2,0.04,1.6,0.5,0.8,0.3,0.4
Ficus microcarpa,Ficus,Chinese banyan,Ficus,Moraceae,Btr,species,,,16,0.02,0.05,0.1,0.01,0.02,0.04,0.05,0.04,0.02,1.6,0.24,0.7,0.4,1,0.1,0.2,0.04,1.6,0.5,0.8,0.3,0.4
Ficus mucuso,Ficus,,Ficus,Moraceae,Unknown,species,,,16,0.02,0.05,0.1,0.01,0.02,0.04,0.05,0.04,0.02,1.6,0.24,0.7,0.4,1,0.1,0.2,0.04,1.6,0.5,0.8,0.3,0.4
Ficus nitida,Ficus,fig,Ficus,Moraceae,Btr,species,,,16,0.02,0.05,0.1,0.01,0.02,0.04,0.05,0.04,0.02,1.6,0.24,0.7,0.4,1,0.1,0.2,0.04,1.6,0.5,0.8,0.3,0.4
Ficus petiolaris,Ficus,fig,Ficus,Moraceae,Btr,species,,,16,0.02,0.05,0.1,0.01,0.02,0.04,0.05,0.04,0.02,1.6,0.24,0.7,0.4,1,0.1,0.2,0.04,1.6,0.5,0.8,0.3,0.4
Ficus pumila,Ficus,climbingfig,Ficus,Moraceae,Shrub,species,,,16,0.02,0.05,0.1,0.01,0.02,0.04,0.05,0.04,0.02,1.6,0.24,0.7,0.4,1,0.1,0.2,0.04,1.6,0.5,0.8,0.3,0.4
Ficus racemosa,Ficus,clustertree,Ficus,Moraceae,Unknown,species,,,16,0.02,0.05,0.1,0.01,0.02,0.04,0.05,0.04,0.02,1.6,0.24,0.7,0.4,1,0.1,0.2,0.04,1.6,0.5,0.8,0.3,0.4
Ficus radicans,Ficus,,Ficus,Moraceae,Unknown,species,,,16,0.02,0.05,0.1,0.01,0.02,0.04,0.05,0.04,0.02,1.6,0.24,0.7,0.4,1,0.1,0.2,0.04,1.6,0.5,0.8,0.3,0.4
Ficus religiosa,Ficus,peepul tree,Ficus,Moraceae,Btr,species,,,16,0.02,0.05,0.1,0.01,0.02,0.04,0.05,0.04,0.02,1.6,0.24,0.7,0.4,1,0.1,0.2,0.04,1.6,0.5,0.8,0.3,0.4
Ficus retusa,Ficus,fig,Ficus,Moraceae,Btr,species,,,16,0.02,0.05,0.1,0.01,0.02,0.04,0.05,0.04,0.02,1.6,0.24,0.7,0.4,1,0.1,0.2,0.04,1.6,0.5,0.8,0.3,0.4
Ficus rubiginosa,Ficus,Port Jackson fig,Ficus,Moraceae,Btr,species,,,16,0.02,0.05,0.1,0.01,0.02,0.04,0.05,0.04,0.02,1.6,0.24,0.7,0.4,1,0.1,0.2,0.04,1.6,0.5,0.8,0.3,0.4
Ficus septica,Ficus,,Ficus,Moraceae,Unknown,species,,,16,0.02,0.05,0.1,0.01,0.02,0.04,0.05,0.04,0.02,1.6,0.24,0.7,0.4,1,0.1,0.2,0.04,1.6,0.5,0.8,0.3,0.4
Ficus stuhlmannii,Ficus,,Ficus,Moraceae,Unknown,species,,,16,0.02,0.05,0.1,0.01,0.02,0.04,0.05,0.04,0.02,1.6,0.24,0.7,0.4,1,0.1,0.2,0.04,1.6,0.5,0.8,0.3,0.4
Ficus superba,Ficus,sea fig,Ficus,Moraceae,Unknown,species,,,16,0.02,0.05,0.1,0.01,0.02,0.04,0.05,0.04,0.02,1.6,0.24,0.7,0.4,1,0.1,0.2,0.04,1.6,0.5,0.8,0.3,0.4
Ficus sycamorus,Ficus,,Ficus,Moraceae,Unknown,species,,,16,0.02,0.05,0.1,0.01,0.02,0.04,0.05,0.04,0.02,1.6,0.24,0.7,0.4,1,0.1,0.2,0.04,1.6,0.5,0.8,0.3,0.4
Ficus sycomorus,Ficus,sycamore fig,Ficus,Moraceae,Unknown,species,,,16,0.02,0.05,0.1,0.01,0.02,0.04,0.05,0.04,0.02,1.6,0.24,0.7,0.4,1,0.1,0.2,0.04,1.6,0.5,0.8,0.3,0.4
Ficus thonningii,Ficus,,Ficus,Moraceae,Btr,species,,,16,0.02,0.05,0.1,0.01,0.02,0.04,0.05,0.04,0.02,1.6,0.24,0.7,0.4,1,0.1,0.2,0.04,1.6,0.5,0.8,0.3,0.4
Ficus tinctoria,Ficus,fig,Ficus,Moraceae,Unknown,species,,,16,0.02,0.05,0.1,0.01,0.02,0.04,0.05,0.04,0.02,1.6,0.24,0.7,0.4,1,0.1,0.2,0.04,1.6,0.5,0.8,0.3,0.4
Ficus virens,Ficus,fig,Ficus,Moraceae,Btr,species,,,16,0.02,0.05,0.1,0.01,0.02,0.04,0.05,0.04,0.02,1.6,0.24,0.7,0.4,1,0.1,0.2,0.04,1.6,0.5,0.8,0.3,0.4
Ficus virgata,Ficus,fig,Ficus,Moraceae,Btr,species,,,16,0.02,0.05,0.1,0.01,0.02,0.04,0.05,0.04,0.02,1.6,0.24,0.7,0.4,1,0.1,0.2,0.04,1.6,0.5,0.8,0.3,0.4
Ficus watkinsiana,Ficus,fig,Ficus,Moraceae,Btr,species,,,16,0.02,0.05,0.1,0.01,0.02,0.04,0.05,0.04,0.02,1.6,0.24,0.7,0.4,1,0.1,0.2,0.04,1.6,0.5,0.8,0.3,0.4
Filipendula,NoData,,Filipendula,Rosaceae,Herb,genus,,,4,0.02,0.12,0.12,0.06,0.06,0.04,0.05,0.06,0.04,1.6,0.24,0.7,0.4,1,0.1,0.2,0.04,1.6,0.5,0.8,0.3,0.4
Filipendula ulmaria,NoData,queen of the meadow,Filipendula,Rosaceae,Herb,species,,,4,0.02,0.12,0.12,0.06,0.06,0.04,0.05,0.06,0.04,1.6,0.24,0.7,0.4,1,0.1,0.2,0.04,1.6,0.5,0.8,0.3,0.4
Firmiana,NoData,,Firmiana,Sterculiaceae,Btr,genus,,,4,0.02,0.12,0.12,0.06,0.06,0.04,0.05,0.06,0.04,1.6,0.24,0.7,0.4,1,0.1,0.2,0.04,1.6,0.5,0.8,0.3,0.4
Firmiana simplex,NoData,Chinese parasoltree,Firmiana,Sterculiaceae,Btr,species,,,4,0.02,0.12,0.12,0.06,0.06,0.04,0.05,0.06,0.04,1.6,0.24,0.7,0.4,1,0.1,0.2,0.04,1.6,0.5,0.8,0.3,0.4
Fissistigma,NoData,,Fissistigma,TBD,Unknown,genus,,,4,0.02,0.12,0.12,0.06,0.06,0.04,0.05,0.06,0.04,1.6,0.24,0.7,0.4,1,0.1,0.2,0.04,1.6,0.5,0.8,0.3,0.4
Fissistigma oldhamii,NoData,,Fissistigma,TBD,Unknown,species,,,4,0.02,0.12,0.12,0.06,0.06,0.04,0.05,0.06,0.04,1.6,0.24,0.7,0.4,1,0.1,0.2,0.04,1.6,0.5,0.8,0.3,0.4
Fissistigma poilanei,NoData,,Fissistigma,TBD,Unknown,species,,,4,0.02,0.12,0.12,0.06,0.06,0.04,0.05,0.06,0.04,1.6,0.24,0.7,0.4,1,0.1,0.2,0.04,1.6,0.5,0.8,0.3,0.4
Flaveria,NoData,,TBD,TBD,TBD,genus,,LF CTCOG,4,0.02,0.12,0.12,0.06,0.06,0.04,0.05,0.06,0.04,1.6,0.24,0.7,0.4,1,0.1,0.2,0.04,1.6,0.5,0.8,0.3,0.4
Flemingia,NoData,,Flemingia,Fabaceae,Unknown,genus,,,4,0.02,0.12,0.12,0.06,0.06,0.04,0.05,0.06,0.04,1.6,0.24,0.7,0.4,1,0.1,0.2,0.04,1.6,0.5,0.8,0.3,0.4
Flemingia macrophylla,NoData,,Flemingia,Fabaceae,Unknown,species,,,4,0.02,0.12,0.12,0.06,0.06,0.04,0.05,0.06,0.04,1.6,0.24,0.7,0.4,1,0.1,0.2,0.04,1.6,0.5,0.8,0.3,0.4
Flourensia,NoData,,TBD,TBD,TBD,genus,,LF CTCOG,4,0.02,0.12,0.12,0.06,0.06,0.04,0.05,0.06,0.04,1.6,0.24,0.7,0.4,1,0.1,0.2,0.04,1.6,0.5,0.8,0.3,0.4
Flueggia,NoData,,Flueggia,TBD,Unknown,genus,,,4,0.02,0.12,0.12,0.06,0.06,0.04,0.05,0.06,0.04,1.6,0.24,0.7,0.4,1,0.1,0.2,0.04,1.6,0.5,0.8,0.3,0.4
Flueggia virosa,NoData,,Flueggia,TBD,Unknown,species,,,4,0.02,0.12,0.12,0.06,0.06,0.04,0.05,0.06,0.04,1.6,0.24,0.7,0.4,1,0.1,0.2,0.04,1.6,0.5,0.8,0.3,0.4
Forestiera,NoData,,Forestiera,Oleaceae,Btr,genus,,,4,0.02,0.12,0.12,0.06,0.06,0.04,0.05,0.06,0.04,1.6,0.24,0.7,0.4,1,0.1,0.2,0.04,1.6,0.5,0.8,0.3,0.4
Forestiera segregata,NoData,Florida swampprivet,Forestiera,Oleaceae,Btr,species,,,4,0.02,0.12,0.12,0.06,0.06,0.04,0.05,0.06,0.04,1.6,0.24,0.7,0.4,1,0.1,0.2,0.04,1.6,0.5,0.8,0.3,0.4
Forsellesia,NoData,,Forsellesia,TBD,Shrub,genus,from LFRDB,,4,0.02,0.12,0.12,0.06,0.06,0.04,0.05,0.06,0.04,1.6,0.24,0.7,0.4,1,0.1,0.2,0.04,1.6,0.5,0.8,0.3,0.4
Forsteronia,NoData,,Forsteronia,Apocynaceae,Unknown,genus,,,4,0.02,0.12,0.12,0.06,0.06,0.04,0.05,0.06,0.04,1.6,0.24,0.7,0.4,1,0.1,0.2,0.04,1.6,0.5,0.8,0.3,0.4
Forsteronia viridi,NoData,,Forsteronia,Apocynaceae,Unknown,species,,,4,0.02,0.12,0.12,0.06,0.06,0.04,0.05,0.06,0.04,1.6,0.24,0.7,0.4,1,0.1,0.2,0.04,1.6,0.5,0.8,0.3,0.4
Forsythia,NoData,,Forsythia,TBD,Shrub,genus,from LFRDB,,4,0.02,0.12,0.12,0.06,0.06,0.04,0.05,0.06,0.04,1.6,0.24,0.7,0.4,1,0.1,0.2,0.04,1.6,0.5,0.8,0.3,0.4
Fortunella,NoData,,Fortunella,Rutaceae,Btr,genus,,,4,0.02,0.12,0.12,0.06,0.06,0.04,0.05,0.06,0.04,1.6,0.24,0.7,0.4,1,0.1,0.2,0.04,1.6,0.5,0.8,0.3,0.4
Fortunella japonica,NoData,round kumquat,Fortunella,Rutaceae,Btr,species,,,4,0.02,0.12,0.12,0.06,0.06,0.04,0.05,0.06,0.04,1.6,0.24,0.7,0.4,1,0.1,0.2,0.04,1.6,0.5,0.8,0.3,0.4
Fortunella margarita,NoData,oval kumquat,Fortunella,Rutaceae,Btr,species,,,4,0.02,0.12,0.12,0.06,0.06,0.04,0.05,0.06,0.04,1.6,0.24,0.7,0.4,1,0.1,0.2,0.04,1.6,0.5,0.8,0.3,0.4
Fothergilla,NoData,,Fothergilla,TBD,Shrub,genus,from LFRDB,,4,0.02,0.12,0.12,0.06,0.06,0.04,0.05,0.06,0.04,1.6,0.24,0.7,0.4,1,0.1,0.2,0.04,1.6,0.5,0.8,0.3,0.4
Fouquieria,NoData,,Fouquieria,Fouquieriaceae,Shrub,genus,,,4,0.02,0.12,0.12,0.06,0.06,0.04,0.05,0.06,0.04,1.6,0.24,0.7,0.4,1,0.1,0.2,0.04,1.6,0.5,0.8,0.3,0.4
Fouquieria splendens,NoData,ocotillo,Fouquieria,Fouquieriaceae,Shrub,species,,,4,0.02,0.12,0.12,0.06,0.06,0.04,0.05,0.06,0.04,1.6,0.24,0.7,0.4,1,0.1,0.2,0.04,1.6,0.5,0.8,0.3,0.4
Fragaria,NoData,strawberry,Fragaria,Rosaceae,Herb,genus,,,4,0.02,0.12,0.12,0.06,0.06,0.04,0.05,0.06,0.04,1.6,0.24,0.7,0.4,1,0.1,0.2,0.04,1.6,0.5,0.8,0.3,0.4
Frangula,NoData,,Frangula,Rhamnaceae,Btr,genus,,,4,0.02,0.12,0.12,0.06,0.06,0.04,0.05,0.06,0.04,1.6,0.24,0.7,0.4,1,0.1,0.2,0.04,1.6,0.5,0.8,0.3,0.4
Frangula alnus,NoData,glossy buckthorn,Frangula,Rhamnaceae,Btr,species,,,4,0.02,0.12,0.12,0.06,0.06,0.04,0.05,0.06,0.04,1.6,0.24,0.7,0.4,1,0.1,0.2,0.04,1.6,0.5,0.8,0.3,0.4
Frankenia,NoData,,Frankenia,TBD,Shrub,genus,from LFRDB,,4,0.02,0.12,0.12,0.06,0.06,0.04,0.05,0.06,0.04,1.6,0.24,0.7,0.4,1,0.1,0.2,0.04,1.6,0.5,0.8,0.3,0.4
Franseria,NoData,,Franseria,Asteraceae,Unknown,genus,,,4,0.02,0.12,0.12,0.06,0.06,0.04,0.05,0.06,0.04,1.6,0.24,0.7,0.4,1,0.1,0.2,0.04,1.6,0.5,0.8,0.3,0.4
Franseria deltoidea,NoData,,Franseria,Asteraceae,Unknown,species,,,4,0.02,0.12,0.12,0.06,0.06,0.04,0.05,0.06,0.04,1.6,0.24,0.7,0.4,1,0.1,0.2,0.04,1.6,0.5,0.8,0.3,0.4
Franseria dumosa,NoData,,Franseria,Asteraceae,Unknown,species,,,4,0.02,0.12,0.12,0.06,0.06,0.04,0.05,0.06,0.04,1.6,0.24,0.7,0.4,1,0.1,0.2,0.04,1.6,0.5,0.8,0.3,0.4
Fraxinus,Fraxinus,ash,Fraxinus,Oleaceae,Btr,genus,,,0.05,0.02,0.01,0.2,0.01,0.01,0.02,0.05,0.04,0.02,1.6,0.24,0.7,0.4,1,0.1,0.2,0.04,1.6,0.5,0.8,0.3,0.4
Fraxinus americana,Fraxinus,white ash,Fraxinus,Oleaceae,Btr,species,,,0.05,0.02,0.01,0.2,0.01,0.01,0.02,0.05,0.04,0.02,1.6,0.24,0.7,0.4,1,0.1,0.2,0.04,1.6,0.5,0.8,0.3,0.4
Fraxinus angustifolia,Fraxinus,ash,Fraxinus,Oleaceae,Btr,species,,,0.05,0.02,0.01,0.2,0.01,0.01,0.02,0.05,0.04,0.02,1.6,0.24,0.7,0.4,1,0.1,0.2,0.04,1.6,0.5,0.8,0.3,0.4
Fraxinus anomala,Fraxinus,singleleaf ash,Fraxinus,Oleaceae,Btr,species,,,0.05,0.02,0.01,0.2,0.01,0.01,0.02,0.05,0.04,0.02,1.6,0.24,0.7,0.4,1,0.1,0.2,0.04,1.6,0.5,0.8,0.3,0.4
Fraxinus berlandieriana,Fraxinus,,Fraxinus,Oleaceae,Btr,species,,,0.05,0.02,0.01,0.2,0.01,0.01,0.02,0.05,0.04,0.02,1.6,0.24,0.7,0.4,1,0.1,0.2,0.04,1.6,0.5,0.8,0.3,0.4
Fraxinus caroliniana,Fraxinus,Carolina ash,Fraxinus,Oleaceae,Btr,species,,,0.05,0.02,0.01,0.2,0.01,0.01,0.02,0.05,0.04,0.02,1.6,0.24,0.7,0.4,1,0.1,0.2,0.04,1.6,0.5,0.8,0.3,0.4
Fraxinus chinensis,Fraxinus,Chinese ash,Fraxinus,Oleaceae,Unknown,species,,,0.05,0.02,0.01,0.2,0.01,0.01,0.02,0.05,0.04,0.02,1.6,0.24,0.7,0.4,1,0.1,0.2,0.04,1.6,0.5,0.8,0.3,0.4
Fraxinus dipetala,Fraxinus,California ash,Fraxinus,Oleaceae,Btr,species,,,0.05,0.02,0.01,0.2,0.01,0.01,0.02,0.05,0.04,0.02,1.6,0.24,0.7,0.4,1,0.1,0.2,0.04,1.6,0.5,0.8,0.3,0.4
Fraxinus excelsior,Fraxinus,European ash,Fraxinus,Oleaceae,Btr,species,,,0.05,0.02,0.01,0.2,0.01,0.01,0.02,0.05,0.04,0.02,1.6,0.24,0.7,0.4,1,0.1,0.2,0.04,1.6,0.5,0.8,0.3,0.4
Fraxinus holotricha,Fraxinus,ash,Fraxinus,Oleaceae,Btr,species,,,0.05,0.02,0.01,0.2,0.01,0.01,0.02,0.05,0.04,0.02,1.6,0.24,0.7,0.4,1,0.1,0.2,0.04,1.6,0.5,0.8,0.3,0.4
Fraxinus latifolia,Fraxinus,Oregon ash,Fraxinus,Oleaceae,Btr,species,,,0.05,0.02,0.01,0.2,0.01,0.01,0.02,0.05,0.04,0.02,1.6,0.24,0.7,0.4,1,0.1,0.2,0.04,1.6,0.5,0.8,0.3,0.4
Fraxinus mandshurica,Fraxinus,Manchurian ash,Fraxinus,Oleaceae,Unknown,species,,,0.05,0.02,0.01,0.2,0.01,0.01,0.02,0.05,0.04,0.02,1.6,0.24,0.7,0.4,1,0.1,0.2,0.04,1.6,0.5,0.8,0.3,0.4
Fraxinus nigra,Fraxinus,black ash,Fraxinus,Oleaceae,Btr,species,,,0.05,0.02,0.01,0.2,0.01,0.01,0.02,0.05,0.04,0.02,1.6,0.24,0.7,0.4,1,0.1,0.2,0.04,1.6,0.5,0.8,0.3,0.4
Fraxinus ornus,Fraxinus,flowering ash,Fraxinus,Oleaceae,Unknown,species,,,0.05,0.02,0.01,0.2,0.01,0.01,0.02,0.05,0.04,0.02,1.6,0.24,0.7,0.4,1,0.1,0.2,0.04,1.6,0.5,0.8,0.3,0.4
Fraxinus oxycarpa,Fraxinus,Caucasian ash,Fraxinus,Oleaceae,Btr,species,,,0.05,0.02,0.01,0.2,0.01,0.01,0.02,0.05,0.04,0.02,1.6,0.24,0.7,0.4,1,0.1,0.2,0.04,1.6,0.5,0.8,0.3,0.4
Fraxinus pennsylvanica,Fraxinus,green ash,Fraxinus,Oleaceae,Btr,species,,,0.05,0.02,0.01,0.2,0.01,0.01,0.02,0.05,0.04,0.02,1.6,0.24,0.7,0.4,1,0.1,0.2,0.04,1.6,0.5,0.8,0.3,0.4
Fraxinus profunda,Fraxinus,pumpkin ash,Fraxinus,Oleaceae,Btr,species,,,0.05,0.02,0.01,0.2,0.01,0.01,0.02,0.05,0.04,0.02,1.6,0.24,0.7,0.4,1,0.1,0.2,0.04,1.6,0.5,0.8,0.3,0.4
Fraxinus quadrangulata,Fraxinus,blue ash,Fraxinus,Oleaceae,Btr,species,,,0.05,0.02,0.01,0.2,0.01,0.01,0.02,0.05,0.04,0.02,1.6,0.24,0.7,0.4,1,0.1,0.2,0.04,1.6,0.5,0.8,0.3,0.4
Fraxinus texensis,Fraxinus,,Fraxinus,Oleaceae,Btr,species,,,0.05,0.02,0.01,0.2,0.01,0.01,0.02,0.05,0.04,0.02,1.6,0.24,0.7,0.4,1,0.1,0.2,0.04,1.6,0.5,0.8,0.3,0.4
Fraxinus uhdei,Fraxinus,shamel ash,Fraxinus,Oleaceae,Btr,species,,,0.05,0.02,0.01,0.2,0.01,0.01,0.02,0.05,0.04,0.02,1.6,0.24,0.7,0.4,1,0.1,0.2,0.04,1.6,0.5,0.8,0.3,0.4
Fraxinus velutina,Fraxinus,velvet ash,Fraxinus,Oleaceae,Btr,species,,,0.05,0.02,0.01,0.2,0.01,0.01,0.02,0.05,0.04,0.02,1.6,0.24,0.7,0.4,1,0.1,0.2,0.04,1.6,0.5,0.8,0.3,0.4
Fremontia,NoData,,Fremontia,TBD,Unknown,genus,,,4,0.02,0.12,0.12,0.06,0.06,0.04,0.05,0.06,0.04,1.6,0.24,0.7,0.4,1,0.1,0.2,0.04,1.6,0.5,0.8,0.3,0.4
Fremontia californica,NoData,,Fremontia,TBD,Unknown,species,,,4,0.02,0.12,0.12,0.06,0.06,0.04,0.05,0.06,0.04,1.6,0.24,0.7,0.4,1,0.1,0.2,0.04,1.6,0.5,0.8,0.3,0.4
Fremontodendron,NoData,,Fremontodendron,Sterculiaceae,Btr,genus,,,4,0.02,0.12,0.12,0.06,0.06,0.04,0.05,0.06,0.04,1.6,0.24,0.7,0.4,1,0.1,0.2,0.04,1.6,0.5,0.8,0.3,0.4
Fremontodendron californicum,NoData,California flannelbush,Fremontodendron,Sterculiaceae,Btr,species,,,4,0.02,0.12,0.12,0.06,0.06,0.04,0.05,0.06,0.04,1.6,0.24,0.7,0.4,1,0.1,0.2,0.04,1.6,0.5,0.8,0.3,0.4
Fuchsia,NoData,,Fuchsia,TBD,Shrub,genus,from LFRDB,,4,0.02,0.12,0.12,0.06,0.06,0.04,0.05,0.06,0.04,1.6,0.24,0.7,0.4,1,0.1,0.2,0.04,1.6,0.5,0.8,0.3,0.4
Fuirena,NoData,,TBD,TBD,TBD,genus,,LF CTCOG,4,0.02,0.12,0.12,0.06,0.06,0.04,0.05,0.06,0.04,1.6,0.24,0.7,0.4,1,0.1,0.2,0.04,1.6,0.5,0.8,0.3,0.4
Funastrum,NoData,,Funastrum,TBD,Shrub,genus,from LFRDB,,4,0.02,0.12,0.12,0.06,0.06,0.04,0.05,0.06,0.04,1.6,0.24,0.7,0.4,1,0.1,0.2,0.04,1.6,0.5,0.8,0.3,0.4
Funtumia,NoData,,Funtumia,Apocynaceae,Btr,genus,,,4,0.02,0.12,0.12,0.06,0.06,0.04,0.05,0.06,0.04,1.6,0.24,0.7,0.4,1,0.1,0.2,0.04,1.6,0.5,0.8,0.3,0.4
Funtumia elastica,NoData,silkrubber,Funtumia,Apocynaceae,Btr,species,,,4,0.02,0.12,0.12,0.06,0.06,0.04,0.05,0.06,0.04,1.6,0.24,0.7,0.4,1,0.1,0.2,0.04,1.6,0.5,0.8,0.3,0.4
Gaillardia,NoData,,TBD,TBD,TBD,genus,,LF CTCOG,4,0.02,0.12,0.12,0.06,0.06,0.04,0.05,0.06,0.04,1.6,0.24,0.7,0.4,1,0.1,0.2,0.04,1.6,0.5,0.8,0.3,0.4
Gale,NoData,,Gale,TBD,Shrub,genus,from LFRDB,,4,0.02,0.12,0.12,0.06,0.06,0.04,0.05,0.06,0.04,1.6,0.24,0.7,0.4,1,0.1,0.2,0.04,1.6,0.5,0.8,0.3,0.4
Galium,NoData,,TBD,TBD,TBD,genus,,LF CTCOG,4,0.02,0.12,0.12,0.06,0.06,0.04,0.05,0.06,0.04,1.6,0.24,0.7,0.4,1,0.1,0.2,0.04,1.6,0.5,0.8,0.3,0.4
Galpinia,NoData,,Galpinia,TBD,Unknown,genus,,,4,0.02,0.12,0.12,0.06,0.06,0.04,0.05,0.06,0.04,1.6,0.24,0.7,0.4,1,0.1,0.2,0.04,1.6,0.5,0.8,0.3,0.4
Galpinia transvaalica,NoData,,Galpinia,TBD,Unknown,species,,,4,0.02,0.12,0.12,0.06,0.06,0.04,0.05,0.06,0.04,1.6,0.24,0.7,0.4,1,0.1,0.2,0.04,1.6,0.5,0.8,0.3,0.4
Gambeya,NoData,,Gambeya,TBD,Unknown,genus,,,4,0.02,0.12,0.12,0.06,0.06,0.04,0.05,0.06,0.04,1.6,0.24,0.7,0.4,1,0.1,0.2,0.04,1.6,0.5,0.8,0.3,0.4
Gambeya beguei,NoData,,Gambeya,TBD,Unknown,species,,,4,0.02,0.12,0.12,0.06,0.06,0.04,0.05,0.06,0.04,1.6,0.24,0.7,0.4,1,0.1,0.2,0.04,1.6,0.5,0.8,0.3,0.4
Gambeya lacourtiana,NoData,,Gambeya,TBD,Unknown,species,,,4,0.02,0.12,0.12,0.06,0.06,0.04,0.05,0.06,0.04,1.6,0.24,0.7,0.4,1,0.1,0.2,0.04,1.6,0.5,0.8,0.3,0.4
Garberia,NoData,,Garberia,TBD,Shrub,genus,from LFRDB,,4,0.02,0.12,0.12,0.06,0.06,0.04,0.05,0.06,0.04,1.6,0.24,0.7,0.4,1,0.1,0.2,0.04,1.6,0.5,0.8,0.3,0.4
Garcinia,NoData,saptree,Garcinia,Clusiaceae,Btr,genus,,,4,0.02,0.12,0.12,0.06,0.06,0.04,0.05,0.06,0.04,1.6,0.24,0.7,0.4,1,0.1,0.2,0.04,1.6,0.5,0.8,0.3,0.4
Garcinia cowa,NoData,,Garcinia,Clusiaceae,Unknown,species,,,4,0.02,0.12,0.12,0.06,0.06,0.04,0.05,0.06,0.04,1.6,0.24,0.7,0.4,1,0.1,0.2,0.04,1.6,0.5,0.8,0.3,0.4
Garcinia kola,NoData,garcinia,Garcinia,Clusiaceae,Unknown,species,,,4,0.02,0.12,0.12,0.06,0.06,0.04,0.05,0.06,0.04,1.6,0.24,0.7,0.4,1,0.1,0.2,0.04,1.6,0.5,0.8,0.3,0.4
Garcinia macrophylla,NoData,,Garcinia,Clusiaceae,Btr,species,,,4,0.02,0.12,0.12,0.06,0.06,0.04,0.05,0.06,0.04,1.6,0.24,0.7,0.4,1,0.1,0.2,0.04,1.6,0.5,0.8,0.3,0.4
Garcinia mangostana,NoData,mangosteen,Garcinia,Clusiaceae,Btr,species,,,4,0.02,0.12,0.12,0.06,0.06,0.04,0.05,0.06,0.04,1.6,0.24,0.7,0.4,1,0.1,0.2,0.04,1.6,0.5,0.8,0.3,0.4
Garcinia oblongifolia,NoData,,Garcinia,Clusiaceae,Unknown,species,,,4,0.02,0.12,0.12,0.06,0.06,0.04,0.05,0.06,0.04,1.6,0.24,0.7,0.4,1,0.1,0.2,0.04,1.6,0.5,0.8,0.3,0.4
Garcinia subelliptica,NoData,,Garcinia,Clusiaceae,Btr,species,,,4,0.02,0.12,0.12,0.06,0.06,0.04,0.05,0.06,0.04,1.6,0.24,0.7,0.4,1,0.1,0.2,0.04,1.6,0.5,0.8,0.3,0.4
Garcinia xanthochymus,NoData,garcinia,Garcinia,Clusiaceae,Unknown,species,,,4,0.02,0.12,0.12,0.06,0.06,0.04,0.05,0.06,0.04,1.6,0.24,0.7,0.4,1,0.1,0.2,0.04,1.6,0.5,0.8,0.3,0.4
Gardenia,NoData,,Gardenia,Rubiaceae,Unknown,genus,,,4,0.02,0.12,0.12,0.06,0.06,0.04,0.05,0.06,0.04,1.6,0.24,0.7,0.4,1,0.1,0.2,0.04,1.6,0.5,0.8,0.3,0.4
Gardenia ternifolia,NoData,,Gardenia,Rubiaceae,Unknown,species,,,4,0.02,0.12,0.12,0.06,0.06,0.04,0.05,0.06,0.04,1.6,0.24,0.7,0.4,1,0.1,0.2,0.04,1.6,0.5,0.8,0.3,0.4
Gardenia thunbergia,NoData,Thunberg's gardenia,Gardenia,Rubiaceae,Unknown,species,,,4,0.02,0.12,0.12,0.06,0.06,0.04,0.05,0.06,0.04,1.6,0.24,0.7,0.4,1,0.1,0.2,0.04,1.6,0.5,0.8,0.3,0.4
Gardenia volkensii,NoData,common gardenia,Gardenia,Rubiaceae,Unknown,species,,,4,0.02,0.12,0.12,0.06,0.06,0.04,0.05,0.06,0.04,1.6,0.24,0.7,0.4,1,0.1,0.2,0.04,1.6,0.5,0.8,0.3,0.4
Garrya,NoData,,Garrya,Garryaceae,Btr,genus,,,4,0.02,0.12,0.12,0.06,0.06,0.04,0.05,0.06,0.04,1.6,0.24,0.7,0.4,1,0.1,0.2,0.04,1.6,0.5,0.8,0.3,0.4
Garrya elliptica,NoData,wavyleaf silktassel,Garrya,Garryaceae,Btr,species,,,4,0.02,0.12,0.12,0.06,0.06,0.04,0.05,0.06,0.04,1.6,0.24,0.7,0.4,1,0.1,0.2,0.04,1.6,0.5,0.8,0.3,0.4
Gaultheria,NoData,,Gaultheria,Ericaceae,Unknown,genus,,,4,0.02,0.12,0.12,0.06,0.06,0.04,0.05,0.06,0.04,1.6,0.24,0.7,0.4,1,0.1,0.2,0.04,1.6,0.5,0.8,0.3,0.4
Gaultheria forrestii,NoData,,Gaultheria,Ericaceae,Unknown,species,,,4,0.02,0.12,0.12,0.06,0.06,0.04,0.05,0.06,0.04,1.6,0.24,0.7,0.4,1,0.1,0.2,0.04,1.6,0.5,0.8,0.3,0.4
Gaultheria griffithiana,NoData,,Gaultheria,Ericaceae,Unknown,species,,,4,0.02,0.12,0.12,0.06,0.06,0.04,0.05,0.06,0.04,1.6,0.24,0.7,0.4,1,0.1,0.2,0.04,1.6,0.5,0.8,0.3,0.4
Gaura,NoData,,TBD,TBD,TBD,genus,,LF CTCOG,4,0.02,0.12,0.12,0.06,0.06,0.04,0.05,0.06,0.04,1.6,0.24,0.7,0.4,1,0.1,0.2,0.04,1.6,0.5,0.8,0.3,0.4
Gaylussacia,NoData,,Gaylussacia,TBD,Shrub,genus,from LFRDB,,4,0.02,0.12,0.12,0.06,0.06,0.04,0.05,0.06,0.04,1.6,0.24,0.7,0.4,1,0.1,0.2,0.04,1.6,0.5,0.8,0.3,0.4
Geijera,Geijera,,Geijera,Rutaceae,Btr,genus,,,0.2,0.02,2,0.6,2,0.6,0.6,0.05,0.6,0.2,1.6,0.24,0.7,0.4,1,0.1,0.2,0.04,1.6,0.5,0.8,0.3,0.4
Geijera parviflora,Geijera,Australian willow,Geijera,Rutaceae,Btr,species,,,0.2,0.02,2,0.6,2,0.6,0.6,0.05,0.6,0.2,1.6,0.24,0.7,0.4,1,0.1,0.2,0.04,1.6,0.5,0.8,0.3,0.4
Gelsemium,NoData,,Gelsemium,TBD,Shrub,genus,from LFRDB,,4,0.02,0.12,0.12,0.06,0.06,0.04,0.05,0.06,0.04,1.6,0.24,0.7,0.4,1,0.1,0.2,0.04,1.6,0.5,0.8,0.3,0.4
Genista,NoData,,Genista,Fabaceae,Btr,genus,,,4,0.02,0.12,0.12,0.06,0.06,0.04,0.05,0.06,0.04,1.6,0.24,0.7,0.4,1,0.1,0.2,0.04,1.6,0.5,0.8,0.3,0.4
Genista canariensis,NoData,Canary broom,Genista,Fabaceae,Btr,species,,,4,0.02,0.12,0.12,0.06,0.06,0.04,0.05,0.06,0.04,1.6,0.24,0.7,0.4,1,0.1,0.2,0.04,1.6,0.5,0.8,0.3,0.4
Genista cinerea,NoData,,Genista,Fabaceae,Unknown,species,,,4,0.02,0.12,0.12,0.06,0.06,0.04,0.05,0.06,0.04,1.6,0.24,0.7,0.4,1,0.1,0.2,0.04,1.6,0.5,0.8,0.3,0.4
Genista germanica,NoData,,Genista,Fabaceae,Unknown,species,,,4,0.02,0.12,0.12,0.06,0.06,0.04,0.05,0.06,0.04,1.6,0.24,0.7,0.4,1,0.1,0.2,0.04,1.6,0.5,0.8,0.3,0.4
Genista scorpius,NoData,,Genista,Fabaceae,Unknown,species,,,4,0.02,0.12,0.12,0.06,0.06,0.04,0.05,0.06,0.04,1.6,0.24,0.7,0.4,1,0.1,0.2,0.04,1.6,0.5,0.8,0.3,0.4
Genista tridentata,NoData,,Genista,Fabaceae,Unknown,species,,,4,0.02,0.12,0.12,0.06,0.06,0.04,0.05,0.06,0.04,1.6,0.24,0.7,0.4,1,0.1,0.2,0.04,1.6,0.5,0.8,0.3,0.4
Geranium,NoData,,TBD,TBD,TBD,genus,,LF CTCOG,4,0.02,0.12,0.12,0.06,0.06,0.04,0.05,0.06,0.04,1.6,0.24,0.7,0.4,1,0.1,0.2,0.04,1.6,0.5,0.8,0.3,0.4
Geum,NoData,,TBD,TBD,TBD,genus,,LF CTCOG,4,0.02,0.12,0.12,0.06,0.06,0.04,0.05,0.06,0.04,1.6,0.24,0.7,0.4,1,0.1,0.2,0.04,1.6,0.5,0.8,0.3,0.4
GFBtr,GFBtr,,Plant Type,GF,Btr,GF,,,10,0.02,0.3,0.3,0.1,0.16,0.04,0.05,0.06,0.04,1.6,0.24,0.7,0.4,1,0.1,0.2,0.04,1.6,0.5,0.8,0.3,0.4
GFCrop,GFCrop,,Plant Type,GF,Crop,GF,,,0.2,0.02,0.05,0.1,0.05,0.05,0.04,0.5,0.01,0.01,0.8,0.08,0.35,0.1,1,0.1,0.2,0.04,1.6,0.5,0.8,0.3,0.4
GFHerb,GFHerb,,Plant Type,GF,Herb,GF,,,0.6,0.02,0.1,0.1,0.05,0.05,0.04,0.5,0.01,0.01,0.8,0.08,0.35,0.1,1,0.1,0.2,0.04,1.6,0.5,0.8,0.3,0.4
GFNtr,GFNtr,US  needleaf tree (mostly sparse veg wildlands),Plant Type,GF,Ntr,GF,,,0.6,0.3,0.5,0.4,0.2,0.3,0.04,0.05,0.1,0.06,1.6,0.24,0.7,0.4,1,0.1,0.2,0.04,1.6,0.5,0.8,0.3,0.4
GFShrub,GFShrub,,Plant Type,GF,Shrub,GF,,,5,0.02,0.3,0.3,0.1,0.16,0.04,0.05,0.06,0.04,1.6,0.24,0.7,0.4,1,0.1,0.2,0.04,1.6,0.5,0.8,0.3,0.4
GFTree,GFTree,,Plant Type,GF,Tree,GF,,,5,0.16,0.3,0.3,0.1,0.16,0.04,0.05,0.08,0.05,1.6,0.24,0.7,0.4,1,0.1,0.2,0.04,1.6,0.5,0.8,0.3,0.4
GFTreeUS,GFTreeUS,US  tree (mostly sparse veg wildlands),Plant Type,GF,Tree,GF,,,5,0.16,0.3,0.3,0.1,0.16,0.04,0.05,0.08,0.05,1.6,0.24,0.7,0.4,1,0.1,0.2,0.04,1.6,0.5,0.8,0.3,0.4
GFTreeUSBtr,GFTreeUSBtr,US  broadleaf tree (mostly sparse veg wildlands),Plant Type,GF,Btr,GF,,,10,0.02,0.3,0.3,0.1,0.16,0.04,0.05,0.06,0.04,1.6,0.24,0.7,0.4,1,0.1,0.2,0.04,1.6,0.5,0.8,0.3,0.4
GFTreeUScropland,GFTreeUScropland,Tree in US cropland landscape,Plant Type,GF,Tree,GF,,,5,0.16,0.3,0.3,0.1,0.16,0.04,0.05,0.08,0.05,1.6,0.24,0.7,0.4,1,0.1,0.2,0.04,1.6,0.5,0.8,0.3,0.4
GFTreeUSNtr,GFTreeUSNtr,US  needleaf tree (mostly sparse veg wildlands),Plant Type,GF,Ntr,GF,,,0.6,0.3,0.5,0.4,0.2,0.3,0.04,0.05,0.1,0.06,1.6,0.24,0.7,0.4,1,0.1,0.2,0.04,1.6,0.5,0.8,0.3,0.4
GFTreeUSurban,GFTreeUSurban,Tree in US urban landscape,Plant Type,GF,Tree,GF,,,5,0.16,0.3,0.3,0.1,0.16,0.04,0.05,0.08,0.05,1.6,0.24,0.7,0.4,1,0.1,0.2,0.04,1.6,0.5,0.8,0.3,0.4
GFUnk,GFTree,,Plant Type,GF,Tree,GF,,,5,0.16,0.3,0.3,0.1,0.16,0.04,0.05,0.08,0.05,1.6,0.24,0.7,0.4,1,0.1,0.2,0.04,1.6,0.5,0.8,0.3,0.4
Gilbertiodendron,NoData,,Gilbertiodendron,Fabaceae,Btr,genus,,,4,0.02,0.12,0.12,0.06,0.06,0.04,0.05,0.06,0.04,1.6,0.24,0.7,0.4,1,0.1,0.2,0.04,1.6,0.5,0.8,0.3,0.4
Gilbertiodendron dewevrei,NoData,,Gilbertiodendron,Fabaceae,Btr,species,,,4,0.02,0.12,0.12,0.06,0.06,0.04,0.05,0.06,0.04,1.6,0.24,0.7,0.4,1,0.1,0.2,0.04,1.6,0.5,0.8,0.3,0.4
Gilia,NoData,,TBD,TBD,TBD,genus,,LF CTCOG,4,0.02,0.12,0.12,0.06,0.06,0.04,0.05,0.06,0.04,1.6,0.24,0.7,0.4,1,0.1,0.2,0.04,1.6,0.5,0.8,0.3,0.4
Ginkgo,Ginko,ginkgo,Ginkgo,Ginkgoaceae,Ntr,genus,,,0.01,0.005,0.005,0.005,0.005,0.005,0.01,0.05,0.001,0.001,1.6,0.24,0.7,0.4,1,0.1,0.2,0.04,1.6,0.5,0.8,0.3,0.4
Ginkgo biloba,Ginko,maidenhair tree,Ginkgo,Ginkgoaceae,Ntr,species,,,0.01,0.005,0.005,0.005,0.005,0.005,0.01,0.05,0.001,0.001,1.6,0.24,0.7,0.4,1,0.1,0.2,0.04,1.6,0.5,0.8,0.3,0.4
Glabraria,NoData,,Glabraria,TBD,Shrub,genus,from LFRDB,,4,0.02,0.12,0.12,0.06,0.06,0.04,0.05,0.06,0.04,1.6,0.24,0.7,0.4,1,0.1,0.2,0.04,1.6,0.5,0.8,0.3,0.4
Gleditsia,Fagus,,Gleditsia,Fabaceae,Btr,genus,,,0.2,0.02,0.2,0.2,0.1,0.2,0.04,0.05,0.06,0.04,1.6,0.24,0.7,0.4,1,0.1,0.2,0.04,1.6,0.5,0.8,0.3,0.4
Gleditsia aquatica,Fagus,water locust,Gleditsia,Fabaceae,Btr,species,,,0.2,0.02,0.2,0.2,0.1,0.2,0.04,0.05,0.06,0.04,1.6,0.24,0.7,0.4,1,0.1,0.2,0.04,1.6,0.5,0.8,0.3,0.4
Gleditsia sinensis,Fagus,,Gleditsia,Fabaceae,Unknown,species,,,0.2,0.02,0.2,0.2,0.1,0.2,0.04,0.05,0.06,0.04,1.6,0.24,0.7,0.4,1,0.1,0.2,0.04,1.6,0.5,0.8,0.3,0.4
Gleditsia texana,Fagus,,Gleditsia,Fabaceae,Unknown,species,,,0.2,0.02,0.2,0.2,0.1,0.2,0.04,0.05,0.06,0.04,1.6,0.24,0.7,0.4,1,0.1,0.2,0.04,1.6,0.5,0.8,0.3,0.4
Gleditsia triacanthos,Fagus,honeylocust,Gleditsia,Fabaceae,Btr,species,,,0.2,0.02,0.2,0.2,0.1,0.2,0.04,0.05,0.06,0.04,1.6,0.24,0.7,0.4,1,0.1,0.2,0.04,1.6,0.5,0.8,0.3,0.4
Gliricidia,NoData,,Gliricidia,Fabaceae,Unknown,genus,,,4,0.02,0.12,0.12,0.06,0.06,0.04,0.05,0.06,0.04,1.6,0.24,0.7,0.4,1,0.1,0.2,0.04,1.6,0.5,0.8,0.3,0.4
Gliricidia sepum,NoData,,Gliricidia,Fabaceae,Unknown,species,,,4,0.02,0.12,0.12,0.06,0.06,0.04,0.05,0.06,0.04,1.6,0.24,0.7,0.4,1,0.1,0.2,0.04,1.6,0.5,0.8,0.3,0.4
Glossopetalon,NoData,,Glossopetalon,TBD,Shrub,genus,from LFRDB,,4,0.02,0.12,0.12,0.06,0.06,0.04,0.05,0.06,0.04,1.6,0.24,0.7,0.4,1,0.1,0.2,0.04,1.6,0.5,0.8,0.3,0.4
Glycine,NoData,,Glycine,Fabaceae,Herb,genus,,,4,0.02,0.12,0.12,0.06,0.06,0.04,0.05,0.06,0.04,1.6,0.24,0.7,0.4,1,0.1,0.2,0.04,1.6,0.5,0.8,0.3,0.4
Glycine max,NoData,soybean,Glycine,Fabaceae,Crop,species,,,4,0.02,0.12,0.12,0.06,0.06,0.04,0.05,0.06,0.04,1.6,0.24,0.7,0.4,1,0.1,0.2,0.04,1.6,0.5,0.8,0.3,0.4
Glycyrrhiza,NoData,,TBD,TBD,TBD,genus,,LF CTCOG,4,0.02,0.12,0.12,0.06,0.06,0.04,0.05,0.06,0.04,1.6,0.24,0.7,0.4,1,0.1,0.2,0.04,1.6,0.5,0.8,0.3,0.4
Glyphea,NoData,,Glyphea,TBD,Unknown,genus,,,4,0.02,0.12,0.12,0.06,0.06,0.04,0.05,0.06,0.04,1.6,0.24,0.7,0.4,1,0.1,0.2,0.04,1.6,0.5,0.8,0.3,0.4
Glyphea brevis,NoData,,Glyphea,TBD,Unknown,species,,,4,0.02,0.12,0.12,0.06,0.06,0.04,0.05,0.06,0.04,1.6,0.24,0.7,0.4,1,0.1,0.2,0.04,1.6,0.5,0.8,0.3,0.4
Glyptostrobus,NoData,,Glyptostrobus,Cupressaceae,Unknown,genus,,,4,0.02,0.12,0.12,0.06,0.06,0.04,0.05,0.06,0.04,1.6,0.24,0.7,0.4,1,0.1,0.2,0.04,1.6,0.5,0.8,0.3,0.4
Glyptostrobus lineatus,NoData,,Glyptostrobus,Cupressaceae,Unknown,species,,,4,0.02,0.12,0.12,0.06,0.06,0.04,0.05,0.06,0.04,1.6,0.24,0.7,0.4,1,0.1,0.2,0.04,1.6,0.5,0.8,0.3,0.4
Gmelina,NoData,,Gmelina,Verbenaceae,Btr,genus,,,4,0.02,0.12,0.12,0.06,0.06,0.04,0.05,0.06,0.04,1.6,0.24,0.7,0.4,1,0.1,0.2,0.04,1.6,0.5,0.8,0.3,0.4
Gmelina arborea,NoData,gumhar,Gmelina,Verbenaceae,Btr,species,,,4,0.02,0.12,0.12,0.06,0.06,0.04,0.05,0.06,0.04,1.6,0.24,0.7,0.4,1,0.1,0.2,0.04,1.6,0.5,0.8,0.3,0.4
Gnaphalium,NoData,,TBD,TBD,TBD,genus,,LF CTCOG,4,0.02,0.12,0.12,0.06,0.06,0.04,0.05,0.06,0.04,1.6,0.24,0.7,0.4,1,0.1,0.2,0.04,1.6,0.5,0.8,0.3,0.4
Godmania,NoData,,Godmania,TBD,Unknown,genus,,,4,0.02,0.12,0.12,0.06,0.06,0.04,0.05,0.06,0.04,1.6,0.24,0.7,0.4,1,0.1,0.2,0.04,1.6,0.5,0.8,0.3,0.4
Godmania aesqualifolia,NoData,,Godmania,TBD,Unknown,species,,,4,0.02,0.12,0.12,0.06,0.06,0.04,0.05,0.06,0.04,1.6,0.24,0.7,0.4,1,0.1,0.2,0.04,1.6,0.5,0.8,0.3,0.4
Goniothalamus,NoData,,Goniothalamus,TBD,Unknown,genus,,,4,0.02,0.12,0.12,0.06,0.06,0.04,0.05,0.06,0.04,1.6,0.24,0.7,0.4,1,0.1,0.2,0.04,1.6,0.5,0.8,0.3,0.4
Goniothalamus griffithii,NoData,,Goniothalamus,TBD,Unknown,species,,,4,0.02,0.12,0.12,0.06,0.06,0.04,0.05,0.06,0.04,1.6,0.24,0.7,0.4,1,0.1,0.2,0.04,1.6,0.5,0.8,0.3,0.4
Gonolobus,NoData,,Gonolobus,TBD,Shrub,genus,from LFRDB,,4,0.02,0.12,0.12,0.06,0.06,0.04,0.05,0.06,0.04,1.6,0.24,0.7,0.4,1,0.1,0.2,0.04,1.6,0.5,0.8,0.3,0.4
Gonopyrum,NoData,,Gonopyrum,TBD,Shrub,genus,from LFRDB,,4,0.02,0.12,0.12,0.06,0.06,0.04,0.05,0.06,0.04,1.6,0.24,0.7,0.4,1,0.1,0.2,0.04,1.6,0.5,0.8,0.3,0.4
Gordonia,Gordonia lasianthus,,Gordonia,Theaceae,Btr,genus,,,0.2,0.02,0.2,0.2,0.1,0.1,0.04,0.05,0.06,0.04,1.6,0.24,0.7,0.4,1,0.1,0.2,0.04,1.6,0.5,0.8,0.3,0.4
Gordonia lasianthus,Gordonia lasianthus,loblolly bay,Gordonia,Theaceae,Btr,species,,,0.2,0.02,0.2,0.2,0.1,0.1,0.04,0.05,0.06,0.04,1.6,0.24,0.7,0.4,1,0.1,0.2,0.04,1.6,0.5,0.8,0.3,0.4
Gossypium,NoData,,Gossypium,Malvaceae,Btr,genus,,,4,0.02,0.12,0.12,0.06,0.06,0.04,0.05,0.06,0.04,1.6,0.24,0.7,0.4,1,0.1,0.2,0.04,1.6,0.5,0.8,0.3,0.4
Gossypium barbadense,NoData,Creole cotton,Gossypium,Malvaceae,Btr,species,,,4,0.02,0.12,0.12,0.06,0.06,0.04,0.05,0.06,0.04,1.6,0.24,0.7,0.4,1,0.1,0.2,0.04,1.6,0.5,0.8,0.3,0.4
Gossypium hirsutum,NoData,upland cotton,Gossypium,Malvaceae,Btr,species,,,4,0.02,0.12,0.12,0.06,0.06,0.04,0.05,0.06,0.04,1.6,0.24,0.7,0.4,1,0.1,0.2,0.04,1.6,0.5,0.8,0.3,0.4
Gouania,NoData,,Gouania,Rhamnaceae,Shrub,genus,,,4,0.02,0.12,0.12,0.06,0.06,0.04,0.05,0.06,0.04,1.6,0.24,0.7,0.4,1,0.1,0.2,0.04,1.6,0.5,0.8,0.3,0.4
Gouania lupuloides,NoData,whiteroot,Gouania,Rhamnaceae,Shrub,species,,,4,0.02,0.12,0.12,0.06,0.06,0.04,0.05,0.06,0.04,1.6,0.24,0.7,0.4,1,0.1,0.2,0.04,1.6,0.5,0.8,0.3,0.4
Grayia,NoData,,Grayia,TBD,Shrub,genus,from LFRDB,,4,0.02,0.12,0.12,0.06,0.06,0.04,0.05,0.06,0.04,1.6,0.24,0.7,0.4,1,0.1,0.2,0.04,1.6,0.5,0.8,0.3,0.4
Grevillea,NoData,,Grevillea,Proteaceae,Btr,genus,,,4,0.02,0.12,0.12,0.06,0.06,0.04,0.05,0.06,0.04,1.6,0.24,0.7,0.4,1,0.1,0.2,0.04,1.6,0.5,0.8,0.3,0.4
Grevillea banksii,NoData,kahiliflower,Grevillea,Proteaceae,Btr,species,,,4,0.02,0.12,0.12,0.06,0.06,0.04,0.05,0.06,0.04,1.6,0.24,0.7,0.4,1,0.1,0.2,0.04,1.6,0.5,0.8,0.3,0.4
Grevillea robusta,NoData,silkoak,Grevillea,Proteaceae,Btr,species,,,4,0.02,0.12,0.12,0.06,0.06,0.04,0.05,0.06,0.04,1.6,0.24,0.7,0.4,1,0.1,0.2,0.04,1.6,0.5,0.8,0.3,0.4
Grevillea rosmarinifolia,NoData,,Grevillea,Proteaceae,Unknown,species,,,4,0.02,0.12,0.12,0.06,0.06,0.04,0.05,0.06,0.04,1.6,0.24,0.7,0.4,1,0.1,0.2,0.04,1.6,0.5,0.8,0.3,0.4
Grewia,NoData,,Grewia,Tiliaceae,Unknown,genus,,,4,0.02,0.12,0.12,0.06,0.06,0.04,0.05,0.06,0.04,1.6,0.24,0.7,0.4,1,0.1,0.2,0.04,1.6,0.5,0.8,0.3,0.4
Grewia bicolor,NoData,,Grewia,Tiliaceae,Unknown,species,,,4,0.02,0.12,0.12,0.06,0.06,0.04,0.05,0.06,0.04,1.6,0.24,0.7,0.4,1,0.1,0.2,0.04,1.6,0.5,0.8,0.3,0.4
Grewia flavescens,NoData,,Grewia,Tiliaceae,Unknown,species,,,4,0.02,0.12,0.12,0.06,0.06,0.04,0.05,0.06,0.04,1.6,0.24,0.7,0.4,1,0.1,0.2,0.04,1.6,0.5,0.8,0.3,0.4
Grewia hexamita,NoData,,Grewia,Tiliaceae,Unknown,species,,,4,0.02,0.12,0.12,0.06,0.06,0.04,0.05,0.06,0.04,1.6,0.24,0.7,0.4,1,0.1,0.2,0.04,1.6,0.5,0.8,0.3,0.4
Grewia mollis,NoData,,Grewia,Tiliaceae,Unknown,species,,,4,0.02,0.12,0.12,0.06,0.06,0.04,0.05,0.06,0.04,1.6,0.24,0.7,0.4,1,0.1,0.2,0.04,1.6,0.5,0.8,0.3,0.4
Grindelia,NoData,,TBD,TBD,TBD,genus,,LF CTCOG,4,0.02,0.12,0.12,0.06,0.06,0.04,0.05,0.06,0.04,1.6,0.24,0.7,0.4,1,0.1,0.2,0.04,1.6,0.5,0.8,0.3,0.4
Grusonia,NoData,,Grusonia,TBD,Shrub,genus,from LFRDB,,4,0.02,0.12,0.12,0.06,0.06,0.04,0.05,0.06,0.04,1.6,0.24,0.7,0.4,1,0.1,0.2,0.04,1.6,0.5,0.8,0.3,0.4
Guaiacum,NoData,,Guaiacum,Zygophyllaceae,Unknown,genus,,,4,0.02,0.12,0.12,0.06,0.06,0.04,0.05,0.06,0.04,1.6,0.24,0.7,0.4,1,0.1,0.2,0.04,1.6,0.5,0.8,0.3,0.4
Guaiacum oficinale,NoData,,Guaiacum,Zygophyllaceae,Unknown,species,,,4,0.02,0.12,0.12,0.06,0.06,0.04,0.05,0.06,0.04,1.6,0.24,0.7,0.4,1,0.1,0.2,0.04,1.6,0.5,0.8,0.3,0.4
Guarea,NoData,guarea,Guarea,Meliaceae,Btr,genus,,,4,0.02,0.12,0.12,0.06,0.06,0.04,0.05,0.06,0.04,1.6,0.24,0.7,0.4,1,0.1,0.2,0.04,1.6,0.5,0.8,0.3,0.4
Guarea grandifolia,NoData,,Guarea,Meliaceae,Btr,species,,,4,0.02,0.12,0.12,0.06,0.06,0.04,0.05,0.06,0.04,1.6,0.24,0.7,0.4,1,0.1,0.2,0.04,1.6,0.5,0.8,0.3,0.4
Guatteria,NoData,guatteria,Guatteria,Annonaceae,Btr,genus,,,4,0.02,0.12,0.12,0.06,0.06,0.04,0.05,0.06,0.04,1.6,0.24,0.7,0.4,1,0.1,0.2,0.04,1.6,0.5,0.8,0.3,0.4
Guatteria dumerdum,NoData,,Guatteria,Annonaceae,Unknown,species,,,4,0.02,0.12,0.12,0.06,0.06,0.04,0.05,0.06,0.04,1.6,0.24,0.7,0.4,1,0.1,0.2,0.04,1.6,0.5,0.8,0.3,0.4
Guazuma,NoData,,Guazuma,Sterculiaceae,Btr,genus,,,4,0.02,0.12,0.12,0.06,0.06,0.04,0.05,0.06,0.04,1.6,0.24,0.7,0.4,1,0.1,0.2,0.04,1.6,0.5,0.8,0.3,0.4
Guazuma ulmifolia,NoData,bastardcedar,Guazuma,Sterculiaceae,Btr,species,,,4,0.02,0.12,0.12,0.06,0.06,0.04,0.05,0.06,0.04,1.6,0.24,0.7,0.4,1,0.1,0.2,0.04,1.6,0.5,0.8,0.3,0.4
Guetterda,NoData,,Guetterda,TBD,Unknown,genus,,,4,0.02,0.12,0.12,0.06,0.06,0.04,0.05,0.06,0.04,1.6,0.24,0.7,0.4,1,0.1,0.2,0.04,1.6,0.5,0.8,0.3,0.4
Guetterda elliptica,NoData,,Guetterda,TBD,Unknown,species,,,4,0.02,0.12,0.12,0.06,0.06,0.04,0.05,0.06,0.04,1.6,0.24,0.7,0.4,1,0.1,0.2,0.04,1.6,0.5,0.8,0.3,0.4
Guetterda krugii,NoData,,Guetterda,TBD,Unknown,species,,,4,0.02,0.12,0.12,0.06,0.06,0.04,0.05,0.06,0.04,1.6,0.24,0.7,0.4,1,0.1,0.2,0.04,1.6,0.5,0.8,0.3,0.4
Guibourtia,NoData,,Guibourtia,Fabaceae,Unknown,genus,,,4,0.02,0.12,0.12,0.06,0.06,0.04,0.05,0.06,0.04,1.6,0.24,0.7,0.4,1,0.1,0.2,0.04,1.6,0.5,0.8,0.3,0.4
Guibourtia coleosperma,NoData,Rhodesian copalwood,Guibourtia,Fabaceae,Unknown,species,,,4,0.02,0.12,0.12,0.06,0.06,0.04,0.05,0.06,0.04,1.6,0.24,0.7,0.4,1,0.1,0.2,0.04,1.6,0.5,0.8,0.3,0.4
Guibourtia demeusei,NoData,,Guibourtia,Fabaceae,Unknown,species,,,4,0.02,0.12,0.12,0.06,0.06,0.04,0.05,0.06,0.04,1.6,0.24,0.7,0.4,1,0.1,0.2,0.04,1.6,0.5,0.8,0.3,0.4
Guilandina,NoData,,Guilandina,TBD,Shrub,genus,from LFRDB,,4,0.02,0.12,0.12,0.06,0.06,0.04,0.05,0.06,0.04,1.6,0.24,0.7,0.4,1,0.1,0.2,0.04,1.6,0.5,0.8,0.3,0.4
Gurania,NoData,,Gurania,TBD,Unknown,genus,,,4,0.02,0.12,0.12,0.06,0.06,0.04,0.05,0.06,0.04,1.6,0.24,0.7,0.4,1,0.1,0.2,0.04,1.6,0.5,0.8,0.3,0.4
Gurania seemaniana,NoData,,Gurania,TBD,Unknown,species,,,4,0.02,0.12,0.12,0.06,0.06,0.04,0.05,0.06,0.04,1.6,0.24,0.7,0.4,1,0.1,0.2,0.04,1.6,0.5,0.8,0.3,0.4
Gutierrezia,NoData,,TBD,TBD,TBD,genus,,LF CTCOG,4,0.02,0.12,0.12,0.06,0.06,0.04,0.05,0.06,0.04,1.6,0.24,0.7,0.4,1,0.1,0.2,0.04,1.6,0.5,0.8,0.3,0.4
Gymnanthes,NoData,,Gymnanthes,Euphorbiaceae,Btr,genus,,,4,0.02,0.12,0.12,0.06,0.06,0.04,0.05,0.06,0.04,1.6,0.24,0.7,0.4,1,0.1,0.2,0.04,1.6,0.5,0.8,0.3,0.4
Gymnanthes lucida,NoData,oysterwood,Gymnanthes,Euphorbiaceae,Btr,species,,,4,0.02,0.12,0.12,0.06,0.06,0.04,0.05,0.06,0.04,1.6,0.24,0.7,0.4,1,0.1,0.2,0.04,1.6,0.5,0.8,0.3,0.4
Gymnocladus,NoData,,Gymnocladus,Fabaceae,Unknown,genus,,,4,0.02,0.12,0.12,0.06,0.06,0.04,0.05,0.06,0.04,1.6,0.24,0.7,0.4,1,0.1,0.2,0.04,1.6,0.5,0.8,0.3,0.4
Gymnocladus dioica,NoData,,Gymnocladus,Fabaceae,Unknown,species,,,4,0.02,0.12,0.12,0.06,0.06,0.04,0.05,0.06,0.04,1.6,0.24,0.7,0.4,1,0.1,0.2,0.04,1.6,0.5,0.8,0.3,0.4
Gymnocladus dioicus,Fagus,Kentucky coffeetree,Gymnocladus,Fabaceae,Btr,species,,,0.2,0.02,0.2,0.2,0.1,0.2,0.04,0.05,0.06,0.04,1.6,0.24,0.7,0.4,1,0.1,0.2,0.04,1.6,0.5,0.8,0.3,0.4
Gymnosperma,NoData,,TBD,TBD,TBD,genus,,LF CTCOG,4,0.02,0.12,0.12,0.06,0.06,0.04,0.05,0.06,0.04,1.6,0.24,0.7,0.4,1,0.1,0.2,0.04,1.6,0.5,0.8,0.3,0.4
Hakea,NoData,,Hakea,Proteaceae,Unknown,genus,,,4,0.02,0.12,0.12,0.06,0.06,0.04,0.05,0.06,0.04,1.6,0.24,0.7,0.4,1,0.1,0.2,0.04,1.6,0.5,0.8,0.3,0.4
Hakea oleifolia,NoData,,Hakea,Proteaceae,Unknown,species,,,4,0.02,0.12,0.12,0.06,0.06,0.04,0.05,0.06,0.04,1.6,0.24,0.7,0.4,1,0.1,0.2,0.04,1.6,0.5,0.8,0.3,0.4
Hakea suaveolens,NoData,,Hakea,Proteaceae,Unknown,species,,,4,0.02,0.12,0.12,0.06,0.06,0.04,0.05,0.06,0.04,1.6,0.24,0.7,0.4,1,0.1,0.2,0.04,1.6,0.5,0.8,0.3,0.4
Haldina,NoData,,Haldina,Rubiaceae,Btr,genus,,,4,0.02,0.12,0.12,0.06,0.06,0.04,0.05,0.06,0.04,1.6,0.24,0.7,0.4,1,0.1,0.2,0.04,1.6,0.5,0.8,0.3,0.4
Halesia,Myrica,silverbell,Halesia,Styracaceae,Btr,genus,,,8,0.02,0.2,0.2,0.1,0.1,0.04,0.05,0.06,0.04,1.6,0.24,0.7,0.4,1,0.1,0.2,0.04,1.6,0.5,0.8,0.3,0.4
Halesia carolina,Halesia carolina,Carolina silverbell,Halesia,Styracaceae,Btr,species,,,1.8,0.02,0.05,0.1,0.02,0.1,0.04,0.05,0.06,0.04,1.6,0.24,0.7,0.4,1,0.1,0.2,0.04,1.6,0.5,0.8,0.3,0.4
Halostachys,NoData,,Halostachys,TBD,Shrub,genus,from LFRDB,,4,0.02,0.12,0.12,0.06,0.06,0.04,0.05,0.06,0.04,1.6,0.24,0.7,0.4,1,0.1,0.2,0.04,1.6,0.5,0.8,0.3,0.4
Hamamelidaceae,NoData,,Hamamelidaceae,Hamamelidaceae,Unknown,family,,,4,0.02,0.12,0.12,0.06,0.06,0.04,0.05,0.06,0.04,1.6,0.24,0.7,0.4,1,0.1,0.2,0.04,1.6,0.5,0.8,0.3,0.4
Hamamelis,Arundo,,Hamamelis,Hamamelidaceae,Unknown,genus,,,8,0.02,0.4,0.4,0.2,0.2,0.04,0.05,0.06,0.04,1.6,0.24,0.7,0.4,1,0.1,0.2,0.04,1.6,0.5,0.8,0.3,0.4
Hamamelis jelena,Arundo,,Hamamelis,Hamamelidaceae,Unknown,species,,,8,0.02,0.4,0.4,0.2,0.2,0.04,0.05,0.06,0.04,1.6,0.24,0.7,0.4,1,0.1,0.2,0.04,1.6,0.5,0.8,0.3,0.4
Hamamelis virginiana,Arundo,American witchhazel,Hamamelis,Hamamelidaceae,Btr,species,,,8,0.02,0.4,0.4,0.2,0.2,0.04,0.05,0.06,0.04,1.6,0.24,0.7,0.4,1,0.1,0.2,0.04,1.6,0.5,0.8,0.3,0.4
Handroanthus,NoData,,Handroanthus,Bignoniaceae,Btr,genus,,,4,0.02,0.12,0.12,0.06,0.06,0.04,0.05,0.06,0.04,1.6,0.24,0.7,0.4,1,0.1,0.2,0.04,1.6,0.5,0.8,0.3,0.4
Handroanthus chrysotrichus,NoData,Golden trumpet tree,Handroanthus,Bignoniaceae,Btr,species,,,4,0.02,0.12,0.12,0.06,0.06,0.04,0.05,0.06,0.04,1.6,0.24,0.7,0.4,1,0.1,0.2,0.04,1.6,0.5,0.8,0.3,0.4
Handroanthus heptaphyllus,NoData,,Handroanthus,Bignoniaceae,Btr,species,,,4,0.02,0.12,0.12,0.06,0.06,0.04,0.05,0.06,0.04,1.6,0.24,0.7,0.4,1,0.1,0.2,0.04,1.6,0.5,0.8,0.3,0.4
Handroanthus heterophylla,NoData,,Handroanthus,Bignoniaceae,Btr,species,,,4,0.02,0.12,0.12,0.06,0.06,0.04,0.05,0.06,0.04,1.6,0.24,0.7,0.4,1,0.1,0.2,0.04,1.6,0.5,0.8,0.3,0.4
Handroanthus impetiginosus,NoData,Handroanthus avellanedae,Handroanthus,Bignoniaceae,Btr,species,,,4,0.02,0.12,0.12,0.06,0.06,0.04,0.05,0.06,0.04,1.6,0.24,0.7,0.4,1,0.1,0.2,0.04,1.6,0.5,0.8,0.3,0.4
Haplopappus,NoData,,Haplopappus,Asteraceae,Unknown,genus,,,4,0.02,0.12,0.12,0.06,0.06,0.04,0.05,0.06,0.04,1.6,0.24,0.7,0.4,1,0.1,0.2,0.04,1.6,0.5,0.8,0.3,0.4
Haplopappus ericoides,NoData,,Haplopappus,Asteraceae,Unknown,species,,,4,0.02,0.12,0.12,0.06,0.06,0.04,0.05,0.06,0.04,1.6,0.24,0.7,0.4,1,0.1,0.2,0.04,1.6,0.5,0.8,0.3,0.4
Haplophyton,NoData,,Haplophyton,TBD,Shrub,genus,from LFRDB,,4,0.02,0.12,0.12,0.06,0.06,0.04,0.05,0.06,0.04,1.6,0.24,0.7,0.4,1,0.1,0.2,0.04,1.6,0.5,0.8,0.3,0.4
Harpephyllum,NoData,,Harpephyllum,Anacardiaceae,Btr,genus,,,4,0.02,0.12,0.12,0.06,0.06,0.04,0.05,0.06,0.04,1.6,0.24,0.7,0.4,1,0.1,0.2,0.04,1.6,0.5,0.8,0.3,0.4
Harpephyllum caffrum,NoData,,Harpephyllum,Anacardiaceae,Btr,species,,,4,0.02,0.12,0.12,0.06,0.06,0.04,0.05,0.06,0.04,1.6,0.24,0.7,0.4,1,0.1,0.2,0.04,1.6,0.5,0.8,0.3,0.4
Harpullia,NoData,,Harpullia,Sapindaceae,Btr,genus,,,4,0.02,0.12,0.12,0.06,0.06,0.04,0.05,0.06,0.04,1.6,0.24,0.7,0.4,1,0.1,0.2,0.04,1.6,0.5,0.8,0.3,0.4
Harpullia arborea,NoData,tulip-wood tree,Harpullia,Sapindaceae,Btr,species,,,4,0.02,0.12,0.12,0.06,0.06,0.04,0.05,0.06,0.04,1.6,0.24,0.7,0.4,1,0.1,0.2,0.04,1.6,0.5,0.8,0.3,0.4
Harpullia pendula,NoData,,Harpullia,Sapindaceae,Btr,species,,,4,0.02,0.12,0.12,0.06,0.06,0.04,0.05,0.06,0.04,1.6,0.24,0.7,0.4,1,0.1,0.2,0.04,1.6,0.5,0.8,0.3,0.4
Harrimanella,NoData,,Harrimanella,TBD,Shrub,genus,from LFRDB,,4,0.02,0.12,0.12,0.06,0.06,0.04,0.05,0.06,0.04,1.6,0.24,0.7,0.4,1,0.1,0.2,0.04,1.6,0.5,0.8,0.3,0.4
Harrisia,NoData,,Harrisia,TBD,Shrub,genus,from LFRDB,,4,0.02,0.12,0.12,0.06,0.06,0.04,0.05,0.06,0.04,1.6,0.24,0.7,0.4,1,0.1,0.2,0.04,1.6,0.5,0.8,0.3,0.4
Hartia,NoData,,Hartia,TBD,Unknown,genus,,,4,0.02,0.12,0.12,0.06,0.06,0.04,0.05,0.06,0.04,1.6,0.24,0.7,0.4,1,0.1,0.2,0.04,1.6,0.5,0.8,0.3,0.4
Hartia sinensis,NoData,,Hartia,TBD,Unknown,species,,,4,0.02,0.12,0.12,0.06,0.06,0.04,0.05,0.06,0.04,1.6,0.24,0.7,0.4,1,0.1,0.2,0.04,1.6,0.5,0.8,0.3,0.4
Hartmannia,NoData,,TBD,TBD,TBD,genus,,LF CTCOG,4,0.02,0.12,0.12,0.06,0.06,0.04,0.05,0.06,0.04,1.6,0.24,0.7,0.4,1,0.1,0.2,0.04,1.6,0.5,0.8,0.3,0.4
Harungana,NoData,,Harungana,TBD,Unknown,genus,,,4,0.02,0.12,0.12,0.06,0.06,0.04,0.05,0.06,0.04,1.6,0.24,0.7,0.4,1,0.1,0.2,0.04,1.6,0.5,0.8,0.3,0.4
Harungana madagascariensis,NoData,,Harungana,TBD,Unknown,species,,,4,0.02,0.12,0.12,0.06,0.06,0.04,0.05,0.06,0.04,1.6,0.24,0.7,0.4,1,0.1,0.2,0.04,1.6,0.5,0.8,0.3,0.4
Haumania,NoData,,Haumania,TBD,Unknown,genus,,,4,0.02,0.12,0.12,0.06,0.06,0.04,0.05,0.06,0.04,1.6,0.24,0.7,0.4,1,0.1,0.2,0.04,1.6,0.5,0.8,0.3,0.4
Haumania danckelmaniana,NoData,,Haumania,TBD,Unknown,species,,,4,0.02,0.12,0.12,0.06,0.06,0.04,0.05,0.06,0.04,1.6,0.24,0.7,0.4,1,0.1,0.2,0.04,1.6,0.5,0.8,0.3,0.4
Hazardia,NoData,,Hazardia,TBD,Shrub,genus,from LFRDB,,4,0.02,0.12,0.12,0.06,0.06,0.04,0.05,0.06,0.04,1.6,0.24,0.7,0.4,1,0.1,0.2,0.04,1.6,0.5,0.8,0.3,0.4
Hecastocleis,NoData,,Hecastocleis,TBD,Shrub,genus,from LFRDB,,4,0.02,0.12,0.12,0.06,0.06,0.04,0.05,0.06,0.04,1.6,0.24,0.7,0.4,1,0.1,0.2,0.04,1.6,0.5,0.8,0.3,0.4
Hedeoma,NoData,,TBD,TBD,TBD,genus,,LF CTCOG,4,0.02,0.12,0.12,0.06,0.06,0.04,0.05,0.06,0.04,1.6,0.24,0.7,0.4,1,0.1,0.2,0.04,1.6,0.5,0.8,0.3,0.4
Hedera,NoData,,Hedera,Araliaceae,Shrub,genus,,,4,0.02,0.12,0.12,0.06,0.06,0.04,0.05,0.06,0.04,1.6,0.24,0.7,0.4,1,0.1,0.2,0.04,1.6,0.5,0.8,0.3,0.4
Hedera helix,NoData,English ivy,Hedera,Araliaceae,Shrub,species,,,4,0.02,0.12,0.12,0.06,0.06,0.04,0.05,0.06,0.04,1.6,0.24,0.7,0.4,1,0.1,0.2,0.04,1.6,0.5,0.8,0.3,0.4
Hedychium,NoData,garland-lily,Hedychium,Zingiberaceae,Herb,genus,,,4,0.02,0.12,0.12,0.06,0.06,0.04,0.05,0.06,0.04,1.6,0.24,0.7,0.4,1,0.1,0.2,0.04,1.6,0.5,0.8,0.3,0.4
Helenium,NoData,,TBD,TBD,TBD,genus,,LF CTCOG,4,0.02,0.12,0.12,0.06,0.06,0.04,0.05,0.06,0.04,1.6,0.24,0.7,0.4,1,0.1,0.2,0.04,1.6,0.5,0.8,0.3,0.4
Helianthemum,NoData,,Helianthemum,TBD,Shrub,genus,from LFRDB,,4,0.02,0.12,0.12,0.06,0.06,0.04,0.05,0.06,0.04,1.6,0.24,0.7,0.4,1,0.1,0.2,0.04,1.6,0.5,0.8,0.3,0.4
Helianthus,NoData,,Helianthus,Asteraceae,Herb,genus,,,4,0.02,0.12,0.12,0.06,0.06,0.04,0.05,0.06,0.04,1.6,0.24,0.7,0.4,1,0.1,0.2,0.04,1.6,0.5,0.8,0.3,0.4
Helianthus annuus,NoData,common sunflower,Helianthus,Asteraceae,Crop,species,,,4,0.02,0.12,0.12,0.06,0.06,0.04,0.05,0.06,0.04,1.6,0.24,0.7,0.4,1,0.1,0.2,0.04,1.6,0.5,0.8,0.3,0.4
Helichrysum,NoData,,Helichrysum,Asteraceae,Unknown,genus,,,4,0.02,0.12,0.12,0.06,0.06,0.04,0.05,0.06,0.04,1.6,0.24,0.7,0.4,1,0.1,0.2,0.04,1.6,0.5,0.8,0.3,0.4
Helichrysum stoechas,NoData,,Helichrysum,Asteraceae,Unknown,species,,,4,0.02,0.12,0.12,0.06,0.06,0.04,0.05,0.06,0.04,1.6,0.24,0.7,0.4,1,0.1,0.2,0.04,1.6,0.5,0.8,0.3,0.4
Helicostylis,NoData,,Helicostylis,Moraceae,Btr,genus,,,4,0.02,0.12,0.12,0.06,0.06,0.04,0.05,0.06,0.04,1.6,0.24,0.7,0.4,1,0.1,0.2,0.04,1.6,0.5,0.8,0.3,0.4
Heliomeris,NoData,,TBD,TBD,TBD,genus,,LF CTCOG,4,0.02,0.12,0.12,0.06,0.06,0.04,0.05,0.06,0.04,1.6,0.24,0.7,0.4,1,0.1,0.2,0.04,1.6,0.5,0.8,0.3,0.4
Hemizonia,NoData,,Hemizonia,TBD,Shrub,genus,from LFRDB,,4,0.02,0.12,0.12,0.06,0.06,0.04,0.05,0.06,0.04,1.6,0.24,0.7,0.4,1,0.1,0.2,0.04,1.6,0.5,0.8,0.3,0.4
Hernandia,NoData,,Hernandia,Hernandiaceae,Btr,genus,,,4,0.02,0.12,0.12,0.06,0.06,0.04,0.05,0.06,0.04,1.6,0.24,0.7,0.4,1,0.1,0.2,0.04,1.6,0.5,0.8,0.3,0.4
Hernandia nymphaeaefolia,NoData,,Hernandia,Hernandiaceae,Btr,species,,,4,0.02,0.12,0.12,0.06,0.06,0.04,0.05,0.06,0.04,1.6,0.24,0.7,0.4,1,0.1,0.2,0.04,1.6,0.5,0.8,0.3,0.4
Hesperocyparis,NoData,,Hesperocyparis,Cupressaceae,Ntr,genus,,,4,0.02,0.12,0.12,0.06,0.06,0.04,0.05,0.06,0.04,1.6,0.24,0.7,0.4,1,0.1,0.2,0.04,1.6,0.5,0.8,0.3,0.4
Hesperocyparis arizonica,NoData,,Hesperocyparis,Cupressaceae,Ntr,species,,,4,0.02,0.12,0.12,0.06,0.06,0.04,0.05,0.06,0.04,1.6,0.24,0.7,0.4,1,0.1,0.2,0.04,1.6,0.5,0.8,0.3,0.4
Hesperocyparis macrocarpa,NoData,,Hesperocyparis,Cupressaceae,Ntr,species,,,4,0.02,0.12,0.12,0.06,0.06,0.04,0.05,0.06,0.04,1.6,0.24,0.7,0.4,1,0.1,0.2,0.04,1.6,0.5,0.8,0.3,0.4
Hesperocyparis nevadensis,NoData,,Hesperocyparis,Cupressaceae,Ntr,species,,,4,0.02,0.12,0.12,0.06,0.06,0.04,0.05,0.06,0.04,1.6,0.24,0.7,0.4,1,0.1,0.2,0.04,1.6,0.5,0.8,0.3,0.4
Hesperonia,NoData,,Hesperonia,TBD,Shrub,genus,from LFRDB,,4,0.02,0.12,0.12,0.06,0.06,0.04,0.05,0.06,0.04,1.6,0.24,0.7,0.4,1,0.1,0.2,0.04,1.6,0.5,0.8,0.3,0.4
Hesperostipa,NoData,,TBD,TBD,TBD,genus,,LF CTCOG,4,0.02,0.12,0.12,0.06,0.06,0.04,0.05,0.06,0.04,1.6,0.24,0.7,0.4,1,0.1,0.2,0.04,1.6,0.5,0.8,0.3,0.4
Heteromeles,NoData,,Heteromeles,Rosaceae,Btr,genus,,,4,0.02,0.12,0.12,0.06,0.06,0.04,0.05,0.06,0.04,1.6,0.24,0.7,0.4,1,0.1,0.2,0.04,1.6,0.5,0.8,0.3,0.4
Heteromeles arbutifolia,NoData,toyon,Heteromeles,Rosaceae,Btr,species,,,4,0.02,0.12,0.12,0.06,0.06,0.04,0.05,0.06,0.04,1.6,0.24,0.7,0.4,1,0.1,0.2,0.04,1.6,0.5,0.8,0.3,0.4
Heteropogon,Heteropogon contortus,,Heteropogon,Poaceae,Herb,genus,,,0.2,0.02,0.2,0.2,0.1,0.1,0.04,0.05,0.02,0.01,1.6,0.24,0.7,0.4,1,0.1,0.2,0.04,1.6,0.5,0.8,0.3,0.4
Heteropogon contortus,Heteropogon contortus,tanglehead,Heteropogon,Poaceae,Herb,species,,,0.2,0.02,0.2,0.2,0.1,0.1,0.04,0.05,0.02,0.01,1.6,0.24,0.7,0.4,1,0.1,0.2,0.04,1.6,0.5,0.8,0.3,0.4
Heteropyxis,NoData,,Heteropyxis,TBD,Unknown,genus,,,4,0.02,0.12,0.12,0.06,0.06,0.04,0.05,0.06,0.04,1.6,0.24,0.7,0.4,1,0.1,0.2,0.04,1.6,0.5,0.8,0.3,0.4
Heteropyxis natalensis,NoData,,Heteropyxis,TBD,Unknown,species,,,4,0.02,0.12,0.12,0.06,0.06,0.04,0.05,0.06,0.04,1.6,0.24,0.7,0.4,1,0.1,0.2,0.04,1.6,0.5,0.8,0.3,0.4
Heterotheca,NoData,,TBD,TBD,TBD,genus,,LF CTCOG,4,0.02,0.12,0.12,0.06,0.06,0.04,0.05,0.06,0.04,1.6,0.24,0.7,0.4,1,0.1,0.2,0.04,1.6,0.5,0.8,0.3,0.4
Hevea,NoData,,Hevea,Euphorbiaceae,Unknown,genus,,,4,0.02,0.12,0.12,0.06,0.06,0.04,0.05,0.06,0.04,1.6,0.24,0.7,0.4,1,0.1,0.2,0.04,1.6,0.5,0.8,0.3,0.4
Hevea brasiliensis,NoData,rubber tree,Hevea,Euphorbiaceae,Unknown,species,,,4,0.02,0.12,0.12,0.06,0.06,0.04,0.05,0.06,0.04,1.6,0.24,0.7,0.4,1,0.1,0.2,0.04,1.6,0.5,0.8,0.3,0.4
Hevea guianensis,NoData,,Hevea,Euphorbiaceae,Unknown,species,,,4,0.02,0.12,0.12,0.06,0.06,0.04,0.05,0.06,0.04,1.6,0.24,0.7,0.4,1,0.1,0.2,0.04,1.6,0.5,0.8,0.3,0.4
Hevea spruceana,NoData,,Hevea,Euphorbiaceae,Unknown,species,,,4,0.02,0.12,0.12,0.06,0.06,0.04,0.05,0.06,0.04,1.6,0.24,0.7,0.4,1,0.1,0.2,0.04,1.6,0.5,0.8,0.3,0.4
Hexalobus,NoData,,Hexalobus,TBD,Unknown,genus,,,4,0.02,0.12,0.12,0.06,0.06,0.04,0.05,0.06,0.04,1.6,0.24,0.7,0.4,1,0.1,0.2,0.04,1.6,0.5,0.8,0.3,0.4
Hexalobus monopetalus,NoData,,Hexalobus,TBD,Unknown,species,,,4,0.02,0.12,0.12,0.06,0.06,0.04,0.05,0.06,0.04,1.6,0.24,0.7,0.4,1,0.1,0.2,0.04,1.6,0.5,0.8,0.3,0.4
Heyderia,NoData,Fungus ,Heyderia,Hemiphacidiaceae,NonVascular,genus,from LFRDB,,4,0.02,0.12,0.12,0.06,0.06,0.04,0.05,0.06,0.04,1.6,0.24,0.7,0.4,1,0.1,0.2,0.04,1.6,0.5,0.8,0.3,0.4
Hibiscus,NoData,rosemallow,Hibiscus,Malvaceae,Btr,genus,,,4,0.02,0.12,0.12,0.06,0.06,0.04,0.05,0.06,0.04,1.6,0.24,0.7,0.4,1,0.1,0.2,0.04,1.6,0.5,0.8,0.3,0.4
Hibiscus esculentus,NoData,,Hibiscus,Malvaceae,Unknown,species,,,4,0.02,0.12,0.12,0.06,0.06,0.04,0.05,0.06,0.04,1.6,0.24,0.7,0.4,1,0.1,0.2,0.04,1.6,0.5,0.8,0.3,0.4
Hibiscus rosa-sinensis,NoData,shoeblackplant,Hibiscus,Malvaceae,Btr,species,,,4,0.02,0.12,0.12,0.06,0.06,0.04,0.05,0.06,0.04,1.6,0.24,0.7,0.4,1,0.1,0.2,0.04,1.6,0.5,0.8,0.3,0.4
Hibiscus syriacus,NoData,rose of Sharon,Hibiscus,Malvaceae,Btr,species,,,4,0.02,0.12,0.12,0.06,0.06,0.04,0.05,0.06,0.04,1.6,0.24,0.7,0.4,1,0.1,0.2,0.04,1.6,0.5,0.8,0.3,0.4
Hibiscus tiliaceus,NoData,sea hibiscus,Hibiscus,Malvaceae,Btr,species,,,4,0.02,0.12,0.12,0.06,0.06,0.04,0.05,0.06,0.04,1.6,0.24,0.7,0.4,1,0.1,0.2,0.04,1.6,0.5,0.8,0.3,0.4
Hicoria,Carya,Synonym of Carya,Carya,Juglandaceae,Btr,genus,from LFRDB,,0.2,0.02,0.4,0.1,0.4,0.6,0.04,0.05,0.06,0.04,1.6,0.24,0.7,0.4,1,0.1,0.2,0.04,1.6,0.5,0.8,0.3,0.4
Hilaria,NoData,,TBD,TBD,TBD,genus,,LF CTCOG,4,0.02,0.12,0.12,0.06,0.06,0.04,0.05,0.06,0.04,1.6,0.24,0.7,0.4,1,0.1,0.2,0.04,1.6,0.5,0.8,0.3,0.4
Hippocastanaceae,NoData,,Hippocastanaceae,Hippocastanaceae,Unknown,family,,,4,0.02,0.12,0.12,0.06,0.06,0.04,0.05,0.06,0.04,1.6,0.24,0.7,0.4,1,0.1,0.2,0.04,1.6,0.5,0.8,0.3,0.4
Hoffmannseggia,NoData,,Hoffmannseggia,TBD,Shrub,genus,from LFRDB,,4,0.02,0.12,0.12,0.06,0.06,0.04,0.05,0.06,0.04,1.6,0.24,0.7,0.4,1,0.1,0.2,0.04,1.6,0.5,0.8,0.3,0.4
Hofmeisteria,NoData,,Hofmeisteria,TBD,Shrub,genus,from LFRDB,,4,0.02,0.12,0.12,0.06,0.06,0.04,0.05,0.06,0.04,1.6,0.24,0.7,0.4,1,0.1,0.2,0.04,1.6,0.5,0.8,0.3,0.4
Holacantha,NoData,,Holacantha,Simaroubaceae,Unknown,genus,,,4,0.02,0.12,0.12,0.06,0.06,0.04,0.05,0.06,0.04,1.6,0.24,0.7,0.4,1,0.1,0.2,0.04,1.6,0.5,0.8,0.3,0.4
Holacantha emoryi,NoData,,Holacantha,Simaroubaceae,Unknown,species,,,4,0.02,0.12,0.12,0.06,0.06,0.04,0.05,0.06,0.04,1.6,0.24,0.7,0.4,1,0.1,0.2,0.04,1.6,0.5,0.8,0.3,0.4
Holcus,NoData,,Holcus,Poaceae,Herb,genus,,,4,0.02,0.12,0.12,0.06,0.06,0.04,0.05,0.06,0.04,1.6,0.24,0.7,0.4,1,0.1,0.2,0.04,1.6,0.5,0.8,0.3,0.4
Holcus lanatus,NoData,common velvetgrass,Holcus,Poaceae,Herb,species,,,4,0.02,0.12,0.12,0.06,0.06,0.04,0.05,0.06,0.04,1.6,0.24,0.7,0.4,1,0.1,0.2,0.04,1.6,0.5,0.8,0.3,0.4
Holocarpha,NoData,tarweed,Holocarpha,Asteraceae,Herb,genus,,,4,0.02,0.12,0.12,0.06,0.06,0.04,0.05,0.06,0.04,1.6,0.24,0.7,0.4,1,0.1,0.2,0.04,1.6,0.5,0.8,0.3,0.4
Holodiscus,NoData,,Holodiscus,TBD,Shrub,genus,from LFRDB,,4,0.02,0.12,0.12,0.06,0.06,0.04,0.05,0.06,0.04,1.6,0.24,0.7,0.4,1,0.1,0.2,0.04,1.6,0.5,0.8,0.3,0.4
Homalium,NoData,,Homalium,Flacourtiaceae,Unknown,genus,,,4,0.02,0.12,0.12,0.06,0.06,0.04,0.05,0.06,0.04,1.6,0.24,0.7,0.4,1,0.1,0.2,0.04,1.6,0.5,0.8,0.3,0.4
Homalium dentatus,NoData,,Homalium,Flacourtiaceae,Unknown,species,,,4,0.02,0.12,0.12,0.06,0.06,0.04,0.05,0.06,0.04,1.6,0.24,0.7,0.4,1,0.1,0.2,0.04,1.6,0.5,0.8,0.3,0.4
Homalium laoticum,NoData,,Homalium,Flacourtiaceae,Unknown,species,,,4,0.02,0.12,0.12,0.06,0.06,0.04,0.05,0.06,0.04,1.6,0.24,0.7,0.4,1,0.1,0.2,0.04,1.6,0.5,0.8,0.3,0.4
Homalocenchrus,NoData,,TBD,TBD,TBD,genus,,LF CTCOG,4,0.02,0.12,0.12,0.06,0.06,0.04,0.05,0.06,0.04,1.6,0.24,0.7,0.4,1,0.1,0.2,0.04,1.6,0.5,0.8,0.3,0.4
Homalocephala,NoData,,Homalocephala,TBD,Shrub,genus,from LFRDB,,4,0.02,0.12,0.12,0.06,0.06,0.04,0.05,0.06,0.04,1.6,0.24,0.7,0.4,1,0.1,0.2,0.04,1.6,0.5,0.8,0.3,0.4
Homonoia,NoData,,Homonoia,TBD,Unknown,genus,,,4,0.02,0.12,0.12,0.06,0.06,0.04,0.05,0.06,0.04,1.6,0.24,0.7,0.4,1,0.1,0.2,0.04,1.6,0.5,0.8,0.3,0.4
Homonoia riparia,NoData,,Homonoia,TBD,Unknown,species,,,4,0.02,0.12,0.12,0.06,0.06,0.04,0.05,0.06,0.04,1.6,0.24,0.7,0.4,1,0.1,0.2,0.04,1.6,0.5,0.8,0.3,0.4
Hopea,NoData,,Hopea,Dipterocarpaceae,Unknown,genus,,,4,0.02,0.12,0.12,0.06,0.06,0.04,0.05,0.06,0.04,1.6,0.24,0.7,0.4,1,0.1,0.2,0.04,1.6,0.5,0.8,0.3,0.4
Hopea nervosa,NoData,,Hopea,Dipterocarpaceae,Unknown,species,,,4,0.02,0.12,0.12,0.06,0.06,0.04,0.05,0.06,0.04,1.6,0.24,0.7,0.4,1,0.1,0.2,0.04,1.6,0.5,0.8,0.3,0.4
Hopea nutans,NoData,,Hopea,Dipterocarpaceae,Unknown,species,,,4,0.02,0.12,0.12,0.06,0.06,0.04,0.05,0.06,0.04,1.6,0.24,0.7,0.4,1,0.1,0.2,0.04,1.6,0.5,0.8,0.3,0.4
Hopea sangal,NoData,,Hopea,Dipterocarpaceae,Unknown,species,,,4,0.02,0.12,0.12,0.06,0.06,0.04,0.05,0.06,0.04,1.6,0.24,0.7,0.4,1,0.1,0.2,0.04,1.6,0.5,0.8,0.3,0.4
Hopia,NoData,,TBD,TBD,TBD,genus,,LF CTCOG,4,0.02,0.12,0.12,0.06,0.06,0.04,0.05,0.06,0.04,1.6,0.24,0.7,0.4,1,0.1,0.2,0.04,1.6,0.5,0.8,0.3,0.4
Hordeum,NoData,,Hordeum,Poaceae,Crop,genus,,,4,0.02,0.12,0.12,0.06,0.06,0.04,0.05,0.06,0.04,1.6,0.24,0.7,0.4,1,0.1,0.2,0.04,1.6,0.5,0.8,0.3,0.4
Hordeum vulgare,NoData,common barley,Hordeum,Poaceae,Crop,species,,,4,0.02,0.12,0.12,0.06,0.06,0.04,0.05,0.06,0.04,1.6,0.24,0.7,0.4,1,0.1,0.2,0.04,1.6,0.5,0.8,0.3,0.4
Horsfieldia,NoData,,Horsfieldia,Myristicaceae,Unknown,genus,,,4,0.02,0.12,0.12,0.06,0.06,0.04,0.05,0.06,0.04,1.6,0.24,0.7,0.4,1,0.1,0.2,0.04,1.6,0.5,0.8,0.3,0.4
Horsfieldia amygdalina,NoData,,Horsfieldia,Myristicaceae,Unknown,species,,,4,0.02,0.12,0.12,0.06,0.06,0.04,0.05,0.06,0.04,1.6,0.24,0.7,0.4,1,0.1,0.2,0.04,1.6,0.5,0.8,0.3,0.4
Horsfieldia pandurifolia,NoData,,Horsfieldia,Myristicaceae,Unknown,species,,,4,0.02,0.12,0.12,0.06,0.06,0.04,0.05,0.06,0.04,1.6,0.24,0.7,0.4,1,0.1,0.2,0.04,1.6,0.5,0.8,0.3,0.4
Horsfordia,NoData,,Horsfordia,TBD,Shrub,genus,from LFRDB,,4,0.02,0.12,0.12,0.06,0.06,0.04,0.05,0.06,0.04,1.6,0.24,0.7,0.4,1,0.1,0.2,0.04,1.6,0.5,0.8,0.3,0.4
Houmiria,NoData,,Houmiria,TBD,Unknown,genus,,,4,0.02,0.12,0.12,0.06,0.06,0.04,0.05,0.06,0.04,1.6,0.24,0.7,0.4,1,0.1,0.2,0.04,1.6,0.5,0.8,0.3,0.4
Houstonia,NoData,,Houstonia,TBD,Shrub,genus,from LFRDB,,4,0.02,0.12,0.12,0.06,0.06,0.04,0.05,0.06,0.04,1.6,0.24,0.7,0.4,1,0.1,0.2,0.04,1.6,0.5,0.8,0.3,0.4
Howea,NoData,,Howea,TBD,Unknown,genus,,,4,0.02,0.12,0.12,0.06,0.06,0.04,0.05,0.06,0.04,1.6,0.24,0.7,0.4,1,0.1,0.2,0.04,1.6,0.5,0.8,0.3,0.4
Howea forsteriana,NoData,,Howea,TBD,Unknown,species,,,4,0.02,0.12,0.12,0.06,0.06,0.04,0.05,0.06,0.04,1.6,0.24,0.7,0.4,1,0.1,0.2,0.04,1.6,0.5,0.8,0.3,0.4
Hudsonia,NoData,,Hudsonia,TBD,Shrub,genus,from LFRDB,,4,0.02,0.12,0.12,0.06,0.06,0.04,0.05,0.06,0.04,1.6,0.24,0.7,0.4,1,0.1,0.2,0.04,1.6,0.5,0.8,0.3,0.4
Humulus,NoData,,Humulus,Cannabaceae,Shrub,genus,,,4,0.02,0.12,0.12,0.06,0.06,0.04,0.05,0.06,0.04,1.6,0.24,0.7,0.4,1,0.1,0.2,0.04,1.6,0.5,0.8,0.3,0.4
Humulus lupulus,NoData,common hop,Humulus,Cannabaceae,Shrub,species,,,4,0.02,0.12,0.12,0.06,0.06,0.04,0.05,0.06,0.04,1.6,0.24,0.7,0.4,1,0.1,0.2,0.04,1.6,0.5,0.8,0.3,0.4
Hydrangea,NoData,,Hydrangea,Hydrangeaceae,shrub,genus,,,4,0.02,0.12,0.12,0.06,0.06,0.04,0.05,0.06,0.04,1.6,0.24,0.7,0.4,1,0.1,0.2,0.04,1.6,0.5,0.8,0.3,0.4
Hydrophyllaceae,NoData,,Hydrophyllaceae,Hydrophyllaceae,Unknown,family,,,4,0.02,0.12,0.12,0.06,0.06,0.04,0.05,0.06,0.04,1.6,0.24,0.7,0.4,1,0.1,0.2,0.04,1.6,0.5,0.8,0.3,0.4
Hylocomium,NoData,,Hylocomium,TBD,Unknown,genus,,,4,0.02,0.12,0.12,0.06,0.06,0.04,0.05,0.06,0.04,1.6,0.24,0.7,0.4,1,0.1,0.2,0.04,1.6,0.5,0.8,0.3,0.4
Hylocomium splendens,NoData,,Hylocomium,TBD,Unknown,species,,,4,0.02,0.12,0.12,0.06,0.06,0.04,0.05,0.06,0.04,1.6,0.24,0.7,0.4,1,0.1,0.2,0.04,1.6,0.5,0.8,0.3,0.4
Hymenaea,NoData,,Hymenaea,Fabaceae,Unknown,genus,,,4,0.02,0.12,0.12,0.06,0.06,0.04,0.05,0.06,0.04,1.6,0.24,0.7,0.4,1,0.1,0.2,0.04,1.6,0.5,0.8,0.3,0.4
Hymenaea courbari,NoData,,Hymenaea,Fabaceae,Unknown,species,,,4,0.02,0.12,0.12,0.06,0.06,0.04,0.05,0.06,0.04,1.6,0.24,0.7,0.4,1,0.1,0.2,0.04,1.6,0.5,0.8,0.3,0.4
Hymenaea courbaril,NoData,stinkingtoe,Hymenaea,Fabaceae,Btr,species,,,4,0.02,0.12,0.12,0.06,0.06,0.04,0.05,0.06,0.04,1.6,0.24,0.7,0.4,1,0.1,0.2,0.04,1.6,0.5,0.8,0.3,0.4
Hymenocardia,NoData,,Hymenocardia,TBD,Unknown,genus,,,4,0.02,0.12,0.12,0.06,0.06,0.04,0.05,0.06,0.04,1.6,0.24,0.7,0.4,1,0.1,0.2,0.04,1.6,0.5,0.8,0.3,0.4
Hymenocardia acida,NoData,,Hymenocardia,TBD,Unknown,species,,,4,0.02,0.12,0.12,0.06,0.06,0.04,0.05,0.06,0.04,1.6,0.24,0.7,0.4,1,0.1,0.2,0.04,1.6,0.5,0.8,0.3,0.4
Hymenoclea,NoData,,Hymenoclea,Asteraceae,Shrub,genus,,,4,0.02,0.12,0.12,0.06,0.06,0.04,0.05,0.06,0.04,1.6,0.24,0.7,0.4,1,0.1,0.2,0.04,1.6,0.5,0.8,0.3,0.4
Hymenoclea salsola,NoData,burrobrush,Hymenoclea,Asteraceae,Shrub,species,,,4,0.02,0.12,0.12,0.06,0.06,0.04,0.05,0.06,0.04,1.6,0.24,0.7,0.4,1,0.1,0.2,0.04,1.6,0.5,0.8,0.3,0.4
Hymenopappus,NoData,,TBD,TBD,TBD,genus,,LF CTCOG,4,0.02,0.12,0.12,0.06,0.06,0.04,0.05,0.06,0.04,1.6,0.24,0.7,0.4,1,0.1,0.2,0.04,1.6,0.5,0.8,0.3,0.4
Hymenosporum,NoData,,Hymenosporum,Pittosporaceae,Unknown,genus,,,4,0.02,0.12,0.12,0.06,0.06,0.04,0.05,0.06,0.04,1.6,0.24,0.7,0.4,1,0.1,0.2,0.04,1.6,0.5,0.8,0.3,0.4
Hymenosporum flavum,NoData,,Hymenosporum,Pittosporaceae,Unknown,species,,,4,0.02,0.12,0.12,0.06,0.06,0.04,0.05,0.06,0.04,1.6,0.24,0.7,0.4,1,0.1,0.2,0.04,1.6,0.5,0.8,0.3,0.4
Hymenostegia,NoData,,Hymenostegia,TBD,Unknown,genus,,,4,0.02,0.12,0.12,0.06,0.06,0.04,0.05,0.06,0.04,1.6,0.24,0.7,0.4,1,0.1,0.2,0.04,1.6,0.5,0.8,0.3,0.4
Hymenostegia floribunda,NoData,,Hymenostegia,TBD,Unknown,species,,,4,0.02,0.12,0.12,0.06,0.06,0.04,0.05,0.06,0.04,1.6,0.24,0.7,0.4,1,0.1,0.2,0.04,1.6,0.5,0.8,0.3,0.4
Hymenoxys,NoData,,TBD,TBD,TBD,genus,,LF CTCOG,4,0.02,0.12,0.12,0.06,0.06,0.04,0.05,0.06,0.04,1.6,0.24,0.7,0.4,1,0.1,0.2,0.04,1.6,0.5,0.8,0.3,0.4
Hypelate,NoData,,Hypelate,Sapindaceae,Btr,genus,,,4,0.02,0.12,0.12,0.06,0.06,0.04,0.05,0.06,0.04,1.6,0.24,0.7,0.4,1,0.1,0.2,0.04,1.6,0.5,0.8,0.3,0.4
Hypelate trifoliata,NoData,inkwood,Hypelate,Sapindaceae,Btr,species,,,4,0.02,0.12,0.12,0.06,0.06,0.04,0.05,0.06,0.04,1.6,0.24,0.7,0.4,1,0.1,0.2,0.04,1.6,0.5,0.8,0.3,0.4
Hypericum,NoData,,Hypericum,Clusiaceae,Shrub,genus,,,4,0.02,0.12,0.12,0.06,0.06,0.04,0.05,0.06,0.04,1.6,0.24,0.7,0.4,1,0.1,0.2,0.04,1.6,0.5,0.8,0.3,0.4
Hypericum calycinum,NoData,Aaron's beard,Hypericum,Clusiaceae,Shrub,species,,,4,0.02,0.12,0.12,0.06,0.06,0.04,0.05,0.06,0.04,1.6,0.24,0.7,0.4,1,0.1,0.2,0.04,1.6,0.5,0.8,0.3,0.4
Hypericum kalmianum,NoData,Kalm's St. Johnswort,Hypericum,Clusiaceae,Shrub,species,,,4,0.02,0.12,0.12,0.06,0.06,0.04,0.05,0.06,0.04,1.6,0.24,0.7,0.4,1,0.1,0.2,0.04,1.6,0.5,0.8,0.3,0.4
Hypericum lanceolatum,NoData,,Hypericum,Clusiaceae,Unknown,species,,,4,0.02,0.12,0.12,0.06,0.06,0.04,0.05,0.06,0.04,1.6,0.24,0.7,0.4,1,0.1,0.2,0.04,1.6,0.5,0.8,0.3,0.4
Hypericum patulum,NoData,,Hypericum,Clusiaceae,Unknown,species,,,4,0.02,0.12,0.12,0.06,0.06,0.04,0.05,0.06,0.04,1.6,0.24,0.7,0.4,1,0.1,0.2,0.04,1.6,0.5,0.8,0.3,0.4
Hypericum perforatum,NoData,common St. Johnswort,Hypericum,Clusiaceae,Herb,species,,,4,0.02,0.12,0.12,0.06,0.06,0.04,0.05,0.06,0.04,1.6,0.24,0.7,0.4,1,0.1,0.2,0.04,1.6,0.5,0.8,0.3,0.4
Hypericum spathulatum,NoData,,Hypericum,Clusiaceae,Unknown,species,,,4,0.02,0.12,0.12,0.06,0.06,0.04,0.05,0.06,0.04,1.6,0.24,0.7,0.4,1,0.1,0.2,0.04,1.6,0.5,0.8,0.3,0.4
Hyptis,NoData,,Hyptis,TBD,Shrub,genus,from LFRDB,,4,0.02,0.12,0.12,0.06,0.06,0.04,0.05,0.06,0.04,1.6,0.24,0.7,0.4,1,0.1,0.2,0.04,1.6,0.5,0.8,0.3,0.4
Icacorea,NoData,,Icacorea,TBD,Shrub,genus,from LFRDB,,4,0.02,0.12,0.12,0.06,0.06,0.04,0.05,0.06,0.04,1.6,0.24,0.7,0.4,1,0.1,0.2,0.04,1.6,0.5,0.8,0.3,0.4
Idesia,NoData,,Idesia,TBD,Unknown,genus,,,4,0.02,0.12,0.12,0.06,0.06,0.04,0.05,0.06,0.04,1.6,0.24,0.7,0.4,1,0.1,0.2,0.04,1.6,0.5,0.8,0.3,0.4
Idesia polycarpa,NoData,,Idesia,TBD,Unknown,species,,,4,0.02,0.12,0.12,0.06,0.06,0.04,0.05,0.06,0.04,1.6,0.24,0.7,0.4,1,0.1,0.2,0.04,1.6,0.5,0.8,0.3,0.4
Ilex,Ilex,holly,Ilex,Aquifoliaceae,Btr,genus,,,0.2,0.02,0.2,0.4,0.1,0.2,0.04,0.05,0.06,0.04,1.6,0.24,0.7,0.4,1,0.1,0.2,0.04,1.6,0.5,0.8,0.3,0.4
Ilex altaclarensis,Ilex,holly,Ilex,Aquifoliaceae,Btr,species,,,0.2,0.02,0.2,0.4,0.1,0.2,0.04,0.05,0.06,0.04,1.6,0.24,0.7,0.4,1,0.1,0.2,0.04,1.6,0.5,0.8,0.3,0.4
Ilex aquifolium,Ilex,English holly,Ilex,Aquifoliaceae,Btr,species,,,0.2,0.02,0.2,0.4,0.1,0.2,0.04,0.05,0.06,0.04,1.6,0.24,0.7,0.4,1,0.1,0.2,0.04,1.6,0.5,0.8,0.3,0.4
Ilex cassine,Ilex,dahoon,Ilex,Aquifoliaceae,Btr,species,,,0.2,0.02,0.2,0.4,0.1,0.2,0.04,0.05,0.06,0.04,1.6,0.24,0.7,0.4,1,0.1,0.2,0.04,1.6,0.5,0.8,0.3,0.4
Ilex corallina,Ilex,,Ilex,Aquifoliaceae,Unknown,species,,,0.2,0.02,0.2,0.4,0.1,0.2,0.04,0.05,0.06,0.04,1.6,0.24,0.7,0.4,1,0.1,0.2,0.04,1.6,0.5,0.8,0.3,0.4
Ilex coriacea,Ilex,large gallberry,Ilex,Aquifoliaceae,Btr,species,,,0.2,0.02,0.2,0.4,0.1,0.2,0.04,0.05,0.06,0.04,1.6,0.24,0.7,0.4,1,0.1,0.2,0.04,1.6,0.5,0.8,0.3,0.4
Ilex cornuta,Ilex,Chinese holly,Ilex,Aquifoliaceae,Btr,species,,,0.2,0.02,0.2,0.4,0.1,0.2,0.04,0.05,0.06,0.04,1.6,0.24,0.7,0.4,1,0.1,0.2,0.04,1.6,0.5,0.8,0.3,0.4
Ilex decidua,Ilex,possumhaw,Ilex,Aquifoliaceae,Btr,species,,,0.2,0.02,0.2,0.4,0.1,0.2,0.04,0.05,0.06,0.04,1.6,0.24,0.7,0.4,1,0.1,0.2,0.04,1.6,0.5,0.8,0.3,0.4
Ilex glabra,Ilex,inkberry,Ilex,Aquifoliaceae,Shrub,species,,,0.2,0.02,0.2,0.4,0.1,0.2,0.04,0.05,0.06,0.04,1.6,0.24,0.7,0.4,1,0.1,0.2,0.04,1.6,0.5,0.8,0.3,0.4
Ilex godajam,Ilex,,Ilex,Aquifoliaceae,Unknown,species,,,0.2,0.02,0.2,0.4,0.1,0.2,0.04,0.05,0.06,0.04,1.6,0.24,0.7,0.4,1,0.1,0.2,0.04,1.6,0.5,0.8,0.3,0.4
Ilex micrococca,Ilex,,Ilex,Aquifoliaceae,Unknown,species,,,0.2,0.02,0.2,0.4,0.1,0.2,0.04,0.05,0.06,0.04,1.6,0.24,0.7,0.4,1,0.1,0.2,0.04,1.6,0.5,0.8,0.3,0.4
Ilex opaca,Ilex,American holly,Ilex,Aquifoliaceae,Btr,species,,,0.2,0.02,0.2,0.4,0.1,0.2,0.04,0.05,0.06,0.04,1.6,0.24,0.7,0.4,1,0.1,0.2,0.04,1.6,0.5,0.8,0.3,0.4
Ilex szechwanensis,Ilex,,Ilex,Aquifoliaceae,Unknown,species,,,0.2,0.02,0.2,0.4,0.1,0.2,0.04,0.05,0.06,0.04,1.6,0.24,0.7,0.4,1,0.1,0.2,0.04,1.6,0.5,0.8,0.3,0.4
Ilex verticillata,Ilex,common winterberry,Ilex,Aquifoliaceae,Btr,species,,,0.2,0.02,0.2,0.4,0.1,0.2,0.04,0.05,0.06,0.04,1.6,0.24,0.7,0.4,1,0.1,0.2,0.04,1.6,0.5,0.8,0.3,0.4
Ilex vomitoria,Ilex,yaupon,Ilex,Aquifoliaceae,Btr,species,,,0.2,0.02,0.2,0.4,0.1,0.2,0.04,0.05,0.06,0.04,1.6,0.24,0.7,0.4,1,0.1,0.2,0.04,1.6,0.5,0.8,0.3,0.4
Ilex wardii,Ilex,,Ilex,Aquifoliaceae,Unknown,species,,,0.2,0.02,0.2,0.4,0.1,0.2,0.04,0.05,0.06,0.04,1.6,0.24,0.7,0.4,1,0.1,0.2,0.04,1.6,0.5,0.8,0.3,0.4
Illicium,NoData,anisetree,Illicium,Illiciaceae,Btr,genus,,,4,0.02,0.12,0.12,0.06,0.06,0.04,0.05,0.06,0.04,1.6,0.24,0.7,0.4,1,0.1,0.2,0.04,1.6,0.5,0.8,0.3,0.4
Illicium macranthum,NoData,,Illicium,Illiciaceae,Unknown,species,,,4,0.02,0.12,0.12,0.06,0.06,0.04,0.05,0.06,0.04,1.6,0.24,0.7,0.4,1,0.1,0.2,0.04,1.6,0.5,0.8,0.3,0.4
Imperata,NoData,satintail,Imperata,Poaceae,Herb,genus,,,4,0.02,0.12,0.12,0.06,0.06,0.04,0.05,0.06,0.04,1.6,0.24,0.7,0.4,1,0.1,0.2,0.04,1.6,0.5,0.8,0.3,0.4
Imperata cylindrica,NoData,cogongrass,Imperata,Poaceae,Herb,species,,,4,0.02,0.12,0.12,0.06,0.06,0.04,0.05,0.06,0.04,1.6,0.24,0.7,0.4,1,0.1,0.2,0.04,1.6,0.5,0.8,0.3,0.4
Indigofera,NoData,,Indigofera,Fabaceae,Unknown,genus,,,4,0.02,0.12,0.12,0.06,0.06,0.04,0.05,0.06,0.04,1.6,0.24,0.7,0.4,1,0.1,0.2,0.04,1.6,0.5,0.8,0.3,0.4
Indigofera splendens,NoData,,Indigofera,Fabaceae,Unknown,species,,,4,0.02,0.12,0.12,0.06,0.06,0.04,0.05,0.06,0.04,1.6,0.24,0.7,0.4,1,0.1,0.2,0.04,1.6,0.5,0.8,0.3,0.4
Inga,NoData,inga,Inga,Fabaceae,Btr,genus,,,4,0.02,0.12,0.12,0.06,0.06,0.04,0.05,0.06,0.04,1.6,0.24,0.7,0.4,1,0.1,0.2,0.04,1.6,0.5,0.8,0.3,0.4
Inga capitata,NoData,,Inga,Fabaceae,Unknown,species,,,4,0.02,0.12,0.12,0.06,0.06,0.04,0.05,0.06,0.04,1.6,0.24,0.7,0.4,1,0.1,0.2,0.04,1.6,0.5,0.8,0.3,0.4
Inga caynendensis,NoData,,Inga,Fabaceae,Unknown,species,,,4,0.02,0.12,0.12,0.06,0.06,0.04,0.05,0.06,0.04,1.6,0.24,0.7,0.4,1,0.1,0.2,0.04,1.6,0.5,0.8,0.3,0.4
Inga heterophylla,NoData,,Inga,Fabaceae,Unknown,species,,,4,0.02,0.12,0.12,0.06,0.06,0.04,0.05,0.06,0.04,1.6,0.24,0.7,0.4,1,0.1,0.2,0.04,1.6,0.5,0.8,0.3,0.4
Inga spectabilis,NoData,,Inga,Fabaceae,Unknown,species,,,4,0.02,0.12,0.12,0.06,0.06,0.04,0.05,0.06,0.04,1.6,0.24,0.7,0.4,1,0.1,0.2,0.04,1.6,0.5,0.8,0.3,0.4
Ioxylon,Yucca,synonym for Maclura,Maclura,Moraceae,Btr,genus,,LF CTCOG,0.2,0.02,0.2,0.2,0.1,0.1,0.04,0.05,0.06,0.04,1.6,0.24,0.7,0.4,1,0.1,0.2,0.04,1.6,0.5,0.8,0.3,0.4
Ipomoea,NoData,,Ipomoea,Convolvulaceae,Unknown,genus,,,4,0.02,0.12,0.12,0.06,0.06,0.04,0.05,0.06,0.04,1.6,0.24,0.7,0.4,1,0.1,0.2,0.04,1.6,0.5,0.8,0.3,0.4
Ipomoea batatas,NoData,Sweet Potatoes,TBD,TBD,TBD,species,,,4,0.02,0.12,0.12,0.06,0.06,0.04,0.05,0.06,0.04,1.6,0.24,0.7,0.4,1,0.1,0.2,0.04,1.6,0.5,0.8,0.3,0.4
Ipomoea mauritana,NoData,,Ipomoea,Convolvulaceae,Unknown,species,,,4,0.02,0.12,0.12,0.06,0.06,0.04,0.05,0.06,0.04,1.6,0.24,0.7,0.4,1,0.1,0.2,0.04,1.6,0.5,0.8,0.3,0.4
Irvingia,NoData,,Irvingia,TBD,Unknown,genus,,,4,0.02,0.12,0.12,0.06,0.06,0.04,0.05,0.06,0.04,1.6,0.24,0.7,0.4,1,0.1,0.2,0.04,1.6,0.5,0.8,0.3,0.4
Irvingia gabonensis,NoData,,Irvingia,TBD,Unknown,species,,,4,0.02,0.12,0.12,0.06,0.06,0.04,0.05,0.06,0.04,1.6,0.24,0.7,0.4,1,0.1,0.2,0.04,1.6,0.5,0.8,0.3,0.4
Irvingia grandifolia,NoData,,Irvingia,TBD,Unknown,species,,,4,0.02,0.12,0.12,0.06,0.06,0.04,0.05,0.06,0.04,1.6,0.24,0.7,0.4,1,0.1,0.2,0.04,1.6,0.5,0.8,0.3,0.4
Irvingia smithii,NoData,,Irvingia,TBD,Unknown,species,,,4,0.02,0.12,0.12,0.06,0.06,0.04,0.05,0.06,0.04,1.6,0.24,0.7,0.4,1,0.1,0.2,0.04,1.6,0.5,0.8,0.3,0.4
Isoberlinia,Arundo,,Isoberlinia,Fabaceae,Btr,genus,,,8,0.02,0.4,0.4,0.2,0.2,0.04,0.05,0.06,0.04,1.6,0.24,0.7,0.4,1,0.1,0.2,0.04,1.6,0.5,0.8,0.3,0.4
Isoberlinia doka,Arundo,,Isoberlinia,Fabaceae,Btr,species,,,8,0.02,0.4,0.4,0.2,0.2,0.04,0.05,0.06,0.04,1.6,0.24,0.7,0.4,1,0.1,0.2,0.04,1.6,0.5,0.8,0.3,0.4
Isocoma,NoData,,Isocoma,TBD,Shrub,genus,from LFRDB,,4,0.02,0.12,0.12,0.06,0.06,0.04,0.05,0.06,0.04,1.6,0.24,0.7,0.4,1,0.1,0.2,0.04,1.6,0.5,0.8,0.3,0.4
Isotrema,NoData,,Isotrema,TBD,Shrub,genus,from LFRDB,,4,0.02,0.12,0.12,0.06,0.06,0.04,0.05,0.06,0.04,1.6,0.24,0.7,0.4,1,0.1,0.2,0.04,1.6,0.5,0.8,0.3,0.4
Itea,NoData,,Itea,Grossulariaceae,Unknown,genus,,,4,0.02,0.12,0.12,0.06,0.06,0.04,0.05,0.06,0.04,1.6,0.24,0.7,0.4,1,0.1,0.2,0.04,1.6,0.5,0.8,0.3,0.4
Itea macrophylla,NoData,,Itea,Grossulariaceae,Unknown,species,,,4,0.02,0.12,0.12,0.06,0.06,0.04,0.05,0.06,0.04,1.6,0.24,0.7,0.4,1,0.1,0.2,0.04,1.6,0.5,0.8,0.3,0.4
Iva,NoData,,TBD,TBD,TBD,genus,,LF CTCOG,4,0.02,0.12,0.12,0.06,0.06,0.04,0.05,0.06,0.04,1.6,0.24,0.7,0.4,1,0.1,0.2,0.04,1.6,0.5,0.8,0.3,0.4
Jacaranda,Jacaranda,jacaranda,Jacaranda,Bignoniaceae,Btr,genus,,,0.01,0.005,0.01,0.1,0.005,0.005,0.01,0.05,0.005,0.001,1.6,0.24,0.7,0.4,1,0.1,0.2,0.04,1.6,0.5,0.8,0.3,0.4
Jacaranda acutifolia,Jacaranda,,Jacaranda,Bignoniaceae,Unknown,species,,,0.01,0.005,0.01,0.1,0.005,0.005,0.01,0.05,0.005,0.001,1.6,0.24,0.7,0.4,1,0.1,0.2,0.04,1.6,0.5,0.8,0.3,0.4
Jacaranda copaia,Jacaranda,,Jacaranda,Bignoniaceae,Unknown,species,,,0.01,0.005,0.01,0.1,0.005,0.005,0.01,0.05,0.005,0.001,1.6,0.24,0.7,0.4,1,0.1,0.2,0.04,1.6,0.5,0.8,0.3,0.4
Jacaranda mimosifolia,Jacaranda,black poui,Jacaranda,Bignoniaceae,Btr,species,,,0.01,0.005,0.01,0.1,0.005,0.005,0.01,0.05,0.005,0.001,1.6,0.24,0.7,0.4,1,0.1,0.2,0.04,1.6,0.5,0.8,0.3,0.4
Jacquemontia,NoData,,Jacquemontia,Convolvulaceae,Unknown,genus,,,4,0.02,0.12,0.12,0.06,0.06,0.04,0.05,0.06,0.04,1.6,0.24,0.7,0.4,1,0.1,0.2,0.04,1.6,0.5,0.8,0.3,0.4
Jacquemontia perryana,NoData,,Jacquemontia,Convolvulaceae,Unknown,species,,,4,0.02,0.12,0.12,0.06,0.06,0.04,0.05,0.06,0.04,1.6,0.24,0.7,0.4,1,0.1,0.2,0.04,1.6,0.5,0.8,0.3,0.4
Jacquinia,NoData,,Jacquinia,Theophrastaceae,Unknown,genus,,,4,0.02,0.12,0.12,0.06,0.06,0.04,0.05,0.06,0.04,1.6,0.24,0.7,0.4,1,0.1,0.2,0.04,1.6,0.5,0.8,0.3,0.4
Jacquinia berterii,NoData,,Jacquinia,Theophrastaceae,Unknown,species,,,4,0.02,0.12,0.12,0.06,0.06,0.04,0.05,0.06,0.04,1.6,0.24,0.7,0.4,1,0.1,0.2,0.04,1.6,0.5,0.8,0.3,0.4
Jamesia,NoData,,TBD,TBD,TBD,genus,,LF CTCOG,4,0.02,0.12,0.12,0.06,0.06,0.04,0.05,0.06,0.04,1.6,0.24,0.7,0.4,1,0.1,0.2,0.04,1.6,0.5,0.8,0.3,0.4
Janusia,NoData,,Janusia,TBD,Shrub,genus,from LFRDB,,4,0.02,0.12,0.12,0.06,0.06,0.04,0.05,0.06,0.04,1.6,0.24,0.7,0.4,1,0.1,0.2,0.04,1.6,0.5,0.8,0.3,0.4
Jasminum,NoData,jasmine,Jasminum,Oleaceae,Shrub,genus,,,4,0.02,0.12,0.12,0.06,0.06,0.04,0.05,0.06,0.04,1.6,0.24,0.7,0.4,1,0.1,0.2,0.04,1.6,0.5,0.8,0.3,0.4
Jatropha,NoData,,Jatropha,TBD,Shrub,genus,from LFRDB,,4,0.02,0.12,0.12,0.06,0.06,0.04,0.05,0.06,0.04,1.6,0.24,0.7,0.4,1,0.1,0.2,0.04,1.6,0.5,0.8,0.3,0.4
Jubaea,NoData,,Jubaea,Arecaceae,Unknown,genus,,,4,0.02,0.12,0.12,0.06,0.06,0.04,0.05,0.06,0.04,1.6,0.24,0.7,0.4,1,0.1,0.2,0.04,1.6,0.5,0.8,0.3,0.4
Jubaea chilensis,NoData,Chile cocopalm,Jubaea,Arecaceae,Unknown,species,,,4,0.02,0.12,0.12,0.06,0.06,0.04,0.05,0.06,0.04,1.6,0.24,0.7,0.4,1,0.1,0.2,0.04,1.6,0.5,0.8,0.3,0.4
Jubaea spectabilis,NoData,,Jubaea,Arecaceae,Unknown,species,,,4,0.02,0.12,0.12,0.06,0.06,0.04,0.05,0.06,0.04,1.6,0.24,0.7,0.4,1,0.1,0.2,0.04,1.6,0.5,0.8,0.3,0.4
Juglandaceae,Juglans,,Juglandaceae,Juglandaceae,Unknown,family,,,0.2,0.02,0.2,0.02,0.1,0.2,0.04,0.05,0.06,0.04,1.6,0.24,0.7,0.4,1,0.1,0.2,0.04,1.6,0.5,0.8,0.3,0.4
Juglans,Juglans,walnut,Juglans,Juglandaceae,Btr,genus,,,0.2,0.02,0.2,0.02,0.1,0.2,0.04,0.05,0.06,0.04,1.6,0.24,0.7,0.4,1,0.1,0.2,0.04,1.6,0.5,0.8,0.3,0.4
Juglans californica,Juglans,Southern California walnut,Juglans,Juglandaceae,Btr,species,,,0.2,0.02,0.2,0.02,0.1,0.2,0.04,0.05,0.06,0.04,1.6,0.24,0.7,0.4,1,0.1,0.2,0.04,1.6,0.5,0.8,0.3,0.4
Juglans cinerea,Juglans,butternut,Juglans,Juglandaceae,Btr,species,,,0.2,0.02,0.2,0.02,0.1,0.2,0.04,0.05,0.06,0.04,1.6,0.24,0.7,0.4,1,0.1,0.2,0.04,1.6,0.5,0.8,0.3,0.4
Juglans hindsii,Juglans,Northern California walnut,Juglans,Juglandaceae,Btr,species,,,0.2,0.02,0.2,0.02,0.1,0.2,0.04,0.05,0.06,0.04,1.6,0.24,0.7,0.4,1,0.1,0.2,0.04,1.6,0.5,0.8,0.3,0.4
Juglans mandshurica,Juglans,Manchurian walnut,Juglans,Juglandaceae,Unknown,species,,,0.2,0.02,0.2,0.02,0.1,0.2,0.04,0.05,0.06,0.04,1.6,0.24,0.7,0.4,1,0.1,0.2,0.04,1.6,0.5,0.8,0.3,0.4
Juglans microcarpa,Juglans,,Juglans,Juglandaceae,Btr,species,,,0.2,0.02,0.2,0.02,0.1,0.2,0.04,0.05,0.06,0.04,1.6,0.24,0.7,0.4,1,0.1,0.2,0.04,1.6,0.5,0.8,0.3,0.4
Juglans nigra,Juglans,black walnut,Juglans,Juglandaceae,Btr,species,,,0.2,0.02,0.2,0.02,0.1,0.2,0.04,0.05,0.06,0.04,1.6,0.24,0.7,0.4,1,0.1,0.2,0.04,1.6,0.5,0.8,0.3,0.4
Juglans regia,Juglans,English walnut,Juglans,Juglandaceae,Btr,species,,,0.2,0.02,0.2,0.02,0.1,0.2,0.04,0.05,0.06,0.04,1.6,0.24,0.7,0.4,1,0.1,0.2,0.04,1.6,0.5,0.8,0.3,0.4
Juglans x paradox,Juglans,,Juglans,Juglandaceae,Btr,species,,,0.2,0.02,0.2,0.02,0.1,0.2,0.04,0.05,0.06,0.04,1.6,0.24,0.7,0.4,1,0.1,0.2,0.04,1.6,0.5,0.8,0.3,0.4
Julbernardia,NoData,,Julbernardia,Fabaceae,Btr,genus,,,4,0.02,0.12,0.12,0.06,0.06,0.04,0.05,0.06,0.04,1.6,0.24,0.7,0.4,1,0.1,0.2,0.04,1.6,0.5,0.8,0.3,0.4
Julbernardia paniculata,NoData,,Julbernardia,Fabaceae,Btr,species,,,4,0.02,0.12,0.12,0.06,0.06,0.04,0.05,0.06,0.04,1.6,0.24,0.7,0.4,1,0.1,0.2,0.04,1.6,0.5,0.8,0.3,0.4
Juncus,Arundo,,Juncus,Juncaceae,Herb,genus,,,8,0.02,0.4,0.4,0.2,0.2,0.04,0.05,0.06,0.04,1.6,0.24,0.7,0.4,1,0.1,0.2,0.04,1.6,0.5,0.8,0.3,0.4
Juncus effusus,Arundo,common rush,Juncus,Juncaceae,Herb,species,,,8,0.02,0.4,0.4,0.2,0.2,0.04,0.05,0.06,0.04,1.6,0.24,0.7,0.4,1,0.1,0.2,0.04,1.6,0.5,0.8,0.3,0.4
Juniperus,Juniperus,juniper,Juniperus,Cupressaceae,Ntr,genus,,,0.04,0.02,0.05,0.03,0.04,0.12,0.01,0.05,0.01,0.005,1.6,0.24,0.7,0.4,1,0.1,0.2,0.04,1.6,0.5,0.8,0.3,0.4
Juniperus ashei,Juniperus,Ashe's juniper,Juniperus,Cupressaceae,Ntr,species,,,0.04,0.02,0.05,0.03,0.04,0.12,0.01,0.05,0.01,0.005,1.6,0.24,0.7,0.4,1,0.1,0.2,0.04,1.6,0.5,0.8,0.3,0.4
Juniperus californica,Juniperus,California juniper,Juniperus,Cupressaceae,Ntr,species,,,0.04,0.02,0.05,0.03,0.04,0.12,0.01,0.05,0.01,0.005,1.6,0.24,0.7,0.4,1,0.1,0.2,0.04,1.6,0.5,0.8,0.3,0.4
Juniperus chinensis,Juniperus,Chinese juniper,Juniperus,Cupressaceae,Ntr,species,,,0.04,0.02,0.05,0.03,0.04,0.12,0.01,0.05,0.01,0.005,1.6,0.24,0.7,0.4,1,0.1,0.2,0.04,1.6,0.5,0.8,0.3,0.4
Juniperus communis,Juniperus,common juniper,Juniperus,Cupressaceae,Ntr,species,,,0.04,0.02,0.05,0.03,0.04,0.12,0.01,0.05,0.01,0.005,1.6,0.24,0.7,0.4,1,0.1,0.2,0.04,1.6,0.5,0.8,0.3,0.4
Juniperus deppeana,Juniperus,alligator juniper,Juniperus,Cupressaceae,Ntr,species,,,0.04,0.02,0.05,0.03,0.04,0.12,0.01,0.05,0.01,0.005,1.6,0.24,0.7,0.4,1,0.1,0.2,0.04,1.6,0.5,0.8,0.3,0.4
Juniperus excelsa,Juniperus,Grecian juniper,Juniperus,Cupressaceae,Ntr,species,,,0.04,0.02,0.05,0.03,0.04,0.12,0.01,0.05,0.01,0.005,1.6,0.24,0.7,0.4,1,0.1,0.2,0.04,1.6,0.5,0.8,0.3,0.4
Juniperus foetidissima,Juniperus,stinking juniper,Juniperus,Cupressaceae,Ntr,species,,,0.04,0.02,0.05,0.03,0.04,0.12,0.01,0.05,0.01,0.005,1.6,0.24,0.7,0.4,1,0.1,0.2,0.04,1.6,0.5,0.8,0.3,0.4
Juniperus horizontalis,Juniperus,creeping juniper,Juniperus,Cupressaceae,Shrub,species,,,0.04,0.02,0.05,0.03,0.04,0.12,0.01,0.05,0.01,0.005,1.6,0.24,0.7,0.4,1,0.1,0.2,0.04,1.6,0.5,0.8,0.3,0.4
Juniperus monosperma,Juniperus,oneseed juniper,Juniperus,Cupressaceae,Ntr,species,,,0.04,0.02,0.05,0.03,0.04,0.12,0.01,0.05,0.01,0.005,1.6,0.24,0.7,0.4,1,0.1,0.2,0.04,1.6,0.5,0.8,0.3,0.4
Juniperus occidentalis,Juniperus,western juniper,Juniperus,Cupressaceae,Ntr,species,,,0.04,0.02,0.05,0.03,0.04,0.12,0.01,0.05,0.01,0.005,1.6,0.24,0.7,0.4,1,0.1,0.2,0.04,1.6,0.5,0.8,0.3,0.4
Juniperus osteosperma,Juniperus,Utah juniper,Juniperus,Cupressaceae,Ntr,species,,,0.04,0.02,0.05,0.03,0.04,0.12,0.01,0.05,0.01,0.005,1.6,0.24,0.7,0.4,1,0.1,0.2,0.04,1.6,0.5,0.8,0.3,0.4
Juniperus oxicedrus,Juniperus,,Juniperus,Cupressaceae,Unknown,species,,,0.04,0.02,0.05,0.03,0.04,0.12,0.01,0.05,0.01,0.005,1.6,0.24,0.7,0.4,1,0.1,0.2,0.04,1.6,0.5,0.8,0.3,0.4
Juniperus oxycedrus,Juniperus,cade juniper,Juniperus,Cupressaceae,Shrub,species,,,0.04,0.02,0.05,0.03,0.04,0.12,0.01,0.05,0.01,0.005,1.6,0.24,0.7,0.4,1,0.1,0.2,0.04,1.6,0.5,0.8,0.3,0.4
Juniperus phoenicea,Juniperus,Phoenician juniper,Juniperus,Cupressaceae,Shrub,species,,,0.04,0.02,0.05,0.03,0.04,0.12,0.01,0.05,0.01,0.005,1.6,0.24,0.7,0.4,1,0.1,0.2,0.04,1.6,0.5,0.8,0.3,0.4
Juniperus pinchotii,Juniperus,,Juniperus,Cupressaceae,Ntr,genus,,,0.04,0.02,0.05,0.03,0.04,0.12,0.01,0.05,0.01,0.005,1.6,0.24,0.7,0.4,1,0.1,0.2,0.04,1.6,0.5,0.8,0.3,0.4
Juniperus recurva,Juniperus,,Juniperus,Cupressaceae,Ntr,species,,,0.04,0.02,0.05,0.03,0.04,0.12,0.01,0.05,0.01,0.005,1.6,0.24,0.7,0.4,1,0.1,0.2,0.04,1.6,0.5,0.8,0.3,0.4
Juniperus scopulorum,Juniperus,Rocky Mountain juniper,Juniperus,Cupressaceae,Ntr,species,,,0.04,0.02,0.05,0.03,0.04,0.12,0.01,0.05,0.01,0.005,1.6,0.24,0.7,0.4,1,0.1,0.2,0.04,1.6,0.5,0.8,0.3,0.4
Juniperus seravschanica,Juniperus,,Juniperus,Cupressaceae,Unknown,species,,,0.04,0.02,0.05,0.03,0.04,0.12,0.01,0.05,0.01,0.005,1.6,0.24,0.7,0.4,1,0.1,0.2,0.04,1.6,0.5,0.8,0.3,0.4
Juniperus silicicola,Juniperus,,Juniperus,Cupressaceae,Ntr,species,,,0.04,0.02,0.05,0.03,0.04,0.12,0.01,0.05,0.01,0.005,1.6,0.24,0.7,0.4,1,0.1,0.2,0.04,1.6,0.5,0.8,0.3,0.4
Juniperus virginiana,Juniperus,eastern redcedar,Juniperus,Cupressaceae,Ntr,species,,,0.04,0.02,0.05,0.03,0.04,0.12,0.01,0.05,0.01,0.005,1.6,0.24,0.7,0.4,1,0.1,0.2,0.04,1.6,0.5,0.8,0.3,0.4
Justicia,NoData,,Justicia,TBD,Shrub,genus,from LFRDB,,4,0.02,0.12,0.12,0.06,0.06,0.04,0.05,0.06,0.04,1.6,0.24,0.7,0.4,1,0.1,0.2,0.04,1.6,0.5,0.8,0.3,0.4
Kalanchoe,NoData,widow's-thrill,Kalanchoe,Crassulaceae,Shrub,genus,,,4,0.02,0.12,0.12,0.06,0.06,0.04,0.05,0.06,0.04,1.6,0.24,0.7,0.4,1,0.1,0.2,0.04,1.6,0.5,0.8,0.3,0.4
Kalmia,NoData,,Kalmia,Ericaceae,Btr,genus,,,4,0.02,0.12,0.12,0.06,0.06,0.04,0.05,0.06,0.04,1.6,0.24,0.7,0.4,1,0.1,0.2,0.04,1.6,0.5,0.8,0.3,0.4
Kalmia latifolia,NoData,mountain laurel,Kalmia,Ericaceae,Btr,species,,,4,0.02,0.12,0.12,0.06,0.06,0.04,0.05,0.06,0.04,1.6,0.24,0.7,0.4,1,0.1,0.2,0.04,1.6,0.5,0.8,0.3,0.4
Kalmiopsis,NoData,,Kalmiopsis,TBD,Shrub,genus,from LFRDB,,4,0.02,0.12,0.12,0.06,0.06,0.04,0.05,0.06,0.04,1.6,0.24,0.7,0.4,1,0.1,0.2,0.04,1.6,0.5,0.8,0.3,0.4
Karwinskia,NoData,,Karwinskia,Rhamnaceae,Btr,genus,,,4,0.02,0.12,0.12,0.06,0.06,0.04,0.05,0.06,0.04,1.6,0.24,0.7,0.4,1,0.1,0.2,0.04,1.6,0.5,0.8,0.3,0.4
Karwinskia humboldtiana,NoData,coyotillo,Karwinskia,Rhamnaceae,Btr,species,,,4,0.02,0.12,0.12,0.06,0.06,0.04,0.05,0.06,0.04,1.6,0.24,0.7,0.4,1,0.1,0.2,0.04,1.6,0.5,0.8,0.3,0.4
Keckiella,NoData,,Keckiella,TBD,Shrub,genus,from LFRDB,,4,0.02,0.12,0.12,0.06,0.06,0.04,0.05,0.06,0.04,1.6,0.24,0.7,0.4,1,0.1,0.2,0.04,1.6,0.5,0.8,0.3,0.4
Keteleeria,NoData,,Keteleeria,Pinaceae,Unknown,genus,,,4,0.02,0.12,0.12,0.06,0.06,0.04,0.05,0.06,0.04,1.6,0.24,0.7,0.4,1,0.1,0.2,0.04,1.6,0.5,0.8,0.3,0.4
Keteleeria davidiana,NoData,,Keteleeria,Pinaceae,Unknown,species,,,4,0.02,0.12,0.12,0.06,0.06,0.04,0.05,0.06,0.04,1.6,0.24,0.7,0.4,1,0.1,0.2,0.04,1.6,0.5,0.8,0.3,0.4
Kigelia,NoData,,Kigelia,Bignoniaceae,Btr,genus,,,4,0.02,0.12,0.12,0.06,0.06,0.04,0.05,0.06,0.04,1.6,0.24,0.7,0.4,1,0.1,0.2,0.04,1.6,0.5,0.8,0.3,0.4
Kigelia africana,NoData,sausage tree,Kigelia,Bignoniaceae,Btr,species,,,4,0.02,0.12,0.12,0.06,0.06,0.04,0.05,0.06,0.04,1.6,0.24,0.7,0.4,1,0.1,0.2,0.04,1.6,0.5,0.8,0.3,0.4
Kiggelaria,NoData,,Kiggelaria,TBD,Unknown,genus,,,4,0.02,0.12,0.12,0.06,0.06,0.04,0.05,0.06,0.04,1.6,0.24,0.7,0.4,1,0.1,0.2,0.04,1.6,0.5,0.8,0.3,0.4
Kiggelaria africana,NoData,,Kiggelaria,TBD,Unknown,species,,,4,0.02,0.12,0.12,0.06,0.06,0.04,0.05,0.06,0.04,1.6,0.24,0.7,0.4,1,0.1,0.2,0.04,1.6,0.5,0.8,0.3,0.4
Kirkia,NoData,,Kirkia,TBD,Unknown,genus,,,4,0.02,0.12,0.12,0.06,0.06,0.04,0.05,0.06,0.04,1.6,0.24,0.7,0.4,1,0.1,0.2,0.04,1.6,0.5,0.8,0.3,0.4
Kirkia acuminata,NoData,,Kirkia,TBD,Unknown,species,,,4,0.02,0.12,0.12,0.06,0.06,0.04,0.05,0.06,0.04,1.6,0.24,0.7,0.4,1,0.1,0.2,0.04,1.6,0.5,0.8,0.3,0.4
Klainedoxa,NoData,,Klainedoxa,TBD,Unknown,genus,,,4,0.02,0.12,0.12,0.06,0.06,0.04,0.05,0.06,0.04,1.6,0.24,0.7,0.4,1,0.1,0.2,0.04,1.6,0.5,0.8,0.3,0.4
Klainedoxa gabonensis,NoData,,Klainedoxa,TBD,Unknown,species,,,4,0.02,0.12,0.12,0.06,0.06,0.04,0.05,0.06,0.04,1.6,0.24,0.7,0.4,1,0.1,0.2,0.04,1.6,0.5,0.8,0.3,0.4
Knema,NoData,,Knema,TBD,Unknown,genus,,,4,0.02,0.12,0.12,0.06,0.06,0.04,0.05,0.06,0.04,1.6,0.24,0.7,0.4,1,0.1,0.2,0.04,1.6,0.5,0.8,0.3,0.4
Knema cinerea,NoData,,Knema,TBD,Unknown,species,,,4,0.02,0.12,0.12,0.06,0.06,0.04,0.05,0.06,0.04,1.6,0.24,0.7,0.4,1,0.1,0.2,0.04,1.6,0.5,0.8,0.3,0.4
Knema furfuracea,NoData,,Knema,TBD,Unknown,species,,,4,0.02,0.12,0.12,0.06,0.06,0.04,0.05,0.06,0.04,1.6,0.24,0.7,0.4,1,0.1,0.2,0.04,1.6,0.5,0.8,0.3,0.4
Knightia,NoData,,Knightia,TBD,Unknown,genus,,,4,0.02,0.12,0.12,0.06,0.06,0.04,0.05,0.06,0.04,1.6,0.24,0.7,0.4,1,0.1,0.2,0.04,1.6,0.5,0.8,0.3,0.4
Knightia excelsa,NoData,,Knightia,TBD,Unknown,species,,,4,0.02,0.12,0.12,0.06,0.06,0.04,0.05,0.06,0.04,1.6,0.24,0.7,0.4,1,0.1,0.2,0.04,1.6,0.5,0.8,0.3,0.4
Kochia,NoData,,Kochia,TBD,Shrub,genus,from LFRDB,,4,0.02,0.12,0.12,0.06,0.06,0.04,0.05,0.06,0.04,1.6,0.24,0.7,0.4,1,0.1,0.2,0.04,1.6,0.5,0.8,0.3,0.4
Koeberlinia,NoData,allthorn,Koeberlinia,Capparaceae,Btr,genus,,,4,0.02,0.12,0.12,0.06,0.06,0.04,0.05,0.06,0.04,1.6,0.24,0.7,0.4,1,0.1,0.2,0.04,1.6,0.5,0.8,0.3,0.4
Koeleria,NoData,,TBD,TBD,TBD,genus,,LF CTCOG,4,0.02,0.12,0.12,0.06,0.06,0.04,0.05,0.06,0.04,1.6,0.24,0.7,0.4,1,0.1,0.2,0.04,1.6,0.5,0.8,0.3,0.4
Koelreuteria,Koelreuteria,koelreuteria,Koelreuteria,Sapindaceae,Btr,genus,,,0.05,0.02,0.6,0.1,0.2,0.1,0.1,0.05,0.001,0.001,1.6,0.24,0.7,0.4,1,0.1,0.2,0.04,1.6,0.5,0.8,0.3,0.4
Koelreuteria bipinnata,Koelreuteria,goldenrain tree,Koelreuteria,Sapindaceae,Unknown,species,,,0.05,0.02,0.6,0.1,0.2,0.1,0.1,0.05,0.001,0.001,1.6,0.24,0.7,0.4,1,0.1,0.2,0.04,1.6,0.5,0.8,0.3,0.4
Koelreuteria elegans,Koelreuteria,flamegold,Koelreuteria,Sapindaceae,Btr,species,,,0.05,0.02,0.6,0.1,0.2,0.1,0.1,0.05,0.001,0.001,1.6,0.24,0.7,0.4,1,0.1,0.2,0.04,1.6,0.5,0.8,0.3,0.4
Koelreuteria integrifolia,Koelreuteria,koelreuteria,Koelreuteria,Sapindaceae,Btr,species,,,0.05,0.02,0.6,0.1,0.2,0.1,0.1,0.05,0.001,0.001,1.6,0.24,0.7,0.4,1,0.1,0.2,0.04,1.6,0.5,0.8,0.3,0.4
Koelreuteria paniculata,Koelreuteria,goldenrain tree,Koelreuteria,Sapindaceae,Btr,species,,,0.05,0.02,0.6,0.1,0.2,0.1,0.1,0.05,0.001,0.001,1.6,0.24,0.7,0.4,1,0.1,0.2,0.04,1.6,0.5,0.8,0.3,0.4
Krameria,NoData,,Krameria,Krameriaceae,Shrub,genus,,,4,0.02,0.12,0.12,0.06,0.06,0.04,0.05,0.06,0.04,1.6,0.24,0.7,0.4,1,0.1,0.2,0.04,1.6,0.5,0.8,0.3,0.4
Krameria erecta,NoData,littleleaf ratany,Krameria,Krameriaceae,Shrub,species,,,4,0.02,0.12,0.12,0.06,0.06,0.04,0.05,0.06,0.04,1.6,0.24,0.7,0.4,1,0.1,0.2,0.04,1.6,0.5,0.8,0.3,0.4
Krascheninnikovia,NoData,,Krascheninnikovia,TBD,Shrub,genus,from LFRDB,,4,0.02,0.12,0.12,0.06,0.06,0.04,0.05,0.06,0.04,1.6,0.24,0.7,0.4,1,0.1,0.2,0.04,1.6,0.5,0.8,0.3,0.4
Krugiodendron,NoData,,Krugiodendron,Rhamnaceae,Btr,genus,,,4,0.02,0.12,0.12,0.06,0.06,0.04,0.05,0.06,0.04,1.6,0.24,0.7,0.4,1,0.1,0.2,0.04,1.6,0.5,0.8,0.3,0.4
Krugiodendron ferreum,NoData,leadwood,Krugiodendron,Rhamnaceae,Btr,species,,,4,0.02,0.12,0.12,0.06,0.06,0.04,0.05,0.06,0.04,1.6,0.24,0.7,0.4,1,0.1,0.2,0.04,1.6,0.5,0.8,0.3,0.4
Kunzea,NoData,,Kunzea,Myrtaceae,Unknown,genus,,,4,0.02,0.12,0.12,0.06,0.06,0.04,0.05,0.06,0.04,1.6,0.24,0.7,0.4,1,0.1,0.2,0.04,1.6,0.5,0.8,0.3,0.4
Kunzea baxteri,NoData,,Kunzea,Myrtaceae,Unknown,species,,,4,0.02,0.12,0.12,0.06,0.06,0.04,0.05,0.06,0.04,1.6,0.24,0.7,0.4,1,0.1,0.2,0.04,1.6,0.5,0.8,0.3,0.4
Laburnum,NoData,,Laburnum,Fabaceae,Btr,genus,,,4,0.02,0.12,0.12,0.06,0.06,0.04,0.05,0.06,0.04,1.6,0.24,0.7,0.4,1,0.1,0.2,0.04,1.6,0.5,0.8,0.3,0.4
Laburnum x watereri,NoData,,Laburnum,Fabaceae,Btr,species,,,4,0.02,0.12,0.12,0.06,0.06,0.04,0.05,0.06,0.04,1.6,0.24,0.7,0.4,1,0.1,0.2,0.04,1.6,0.5,0.8,0.3,0.4
Lackeya,NoData,,Lackeya,TBD,Shrub,genus,from LFRDB,,4,0.02,0.12,0.12,0.06,0.06,0.04,0.05,0.06,0.04,1.6,0.24,0.7,0.4,1,0.1,0.2,0.04,1.6,0.5,0.8,0.3,0.4
Lactuca,NoData,lettuce,Lactuca,Asteraceae,Crop,genus,,,4,0.02,0.12,0.12,0.06,0.06,0.04,0.05,0.06,0.04,1.6,0.24,0.7,0.4,1,0.1,0.2,0.04,1.6,0.5,0.8,0.3,0.4
Lactuca sativa,NoData,garden lettuce,Lactuca,Asteraceae,Crop,species,,,4,0.02,0.12,0.12,0.06,0.06,0.04,0.05,0.06,0.04,1.6,0.24,0.7,0.4,1,0.1,0.2,0.04,1.6,0.5,0.8,0.3,0.4
Lagerstroemia,Lagerstroemia,lagerstroemia,Lagerstroemia,Lythraceae,Btr,genus,,,0.05,0.02,0.005,0.01,0.005,0.01,0.01,0.05,0.02,0.01,1.6,0.24,0.7,0.4,1,0.1,0.2,0.04,1.6,0.5,0.8,0.3,0.4
Lagerstroemia floribunda,Lagerstroemia,lagerstroemia,Lagerstroemia,Lythraceae,Btr,species,,,0.05,0.02,0.005,0.01,0.005,0.01,0.01,0.05,0.02,0.01,1.6,0.24,0.7,0.4,1,0.1,0.2,0.04,1.6,0.5,0.8,0.3,0.4
Lagerstroemia indica,Lagerstroemia,crapemyrtle,Lagerstroemia,Lythraceae,Btr,species,,,0.05,0.02,0.005,0.01,0.005,0.01,0.01,0.05,0.02,0.01,1.6,0.24,0.7,0.4,1,0.1,0.2,0.04,1.6,0.5,0.8,0.3,0.4
Lagerstroemia intermedia,Lagerstroemia,,Lagerstroemia,Lythraceae,Unknown,species,,,0.05,0.02,0.005,0.01,0.005,0.01,0.01,0.05,0.02,0.01,1.6,0.24,0.7,0.4,1,0.1,0.2,0.04,1.6,0.5,0.8,0.3,0.4
Lagerstroemia speciosa,Lagerstroemia,pride of India,Lagerstroemia,Lythraceae,Btr,species,,,0.05,0.02,0.005,0.01,0.005,0.01,0.01,0.05,0.02,0.01,1.6,0.24,0.7,0.4,1,0.1,0.2,0.04,1.6,0.5,0.8,0.3,0.4
Lagerstroemia tomentosa,Lagerstroemia,,Lagerstroemia,Lythraceae,Unknown,species,,,0.05,0.02,0.005,0.01,0.005,0.01,0.01,0.05,0.02,0.01,1.6,0.24,0.7,0.4,1,0.1,0.2,0.04,1.6,0.5,0.8,0.3,0.4
Lagunaria,NoData,,Lagunaria,Malvaceae,Unknown,genus,,,4,0.02,0.12,0.12,0.06,0.06,0.04,0.05,0.06,0.04,1.6,0.24,0.7,0.4,1,0.1,0.2,0.04,1.6,0.5,0.8,0.3,0.4
Lagunaria patersonii,NoData,cow itch tree,Lagunaria,Malvaceae,Unknown,species,,,4,0.02,0.12,0.12,0.06,0.06,0.04,0.05,0.06,0.04,1.6,0.24,0.7,0.4,1,0.1,0.2,0.04,1.6,0.5,0.8,0.3,0.4
Laguncularia,NoData,,Laguncularia,Combretaceae,Btr,genus,,,4,0.02,0.12,0.12,0.06,0.06,0.04,0.05,0.06,0.04,1.6,0.24,0.7,0.4,1,0.1,0.2,0.04,1.6,0.5,0.8,0.3,0.4
Laguncularia racemosa,NoData,white mangrove,Laguncularia,Combretaceae,Btr,species,,,4,0.02,0.12,0.12,0.06,0.06,0.04,0.05,0.06,0.04,1.6,0.24,0.7,0.4,1,0.1,0.2,0.04,1.6,0.5,0.8,0.3,0.4
Lamiaceae,NoData,,Lamiaceae,Lamiaceae,Unknown,family,,,4,0.02,0.12,0.12,0.06,0.06,0.04,0.05,0.06,0.04,1.6,0.24,0.7,0.4,1,0.1,0.2,0.04,1.6,0.5,0.8,0.3,0.4
Landolphia,NoData,landolphia,Landolphia,Apocynaceae,Unknown,genus,,,4,0.02,0.12,0.12,0.06,0.06,0.04,0.05,0.06,0.04,1.6,0.24,0.7,0.4,1,0.1,0.2,0.04,1.6,0.5,0.8,0.3,0.4
Lannea,NoData,,Lannea,TBD,Unknown,genus,,,4,0.02,0.12,0.12,0.06,0.06,0.04,0.05,0.06,0.04,1.6,0.24,0.7,0.4,1,0.1,0.2,0.04,1.6,0.5,0.8,0.3,0.4
Lannea discolor,NoData,,Lannea,TBD,Unknown,species,,,4,0.02,0.12,0.12,0.06,0.06,0.04,0.05,0.06,0.04,1.6,0.24,0.7,0.4,1,0.1,0.2,0.04,1.6,0.5,0.8,0.3,0.4
Lannea kerstingii,NoData,,Lannea,TBD,Unknown,species,,,4,0.02,0.12,0.12,0.06,0.06,0.04,0.05,0.06,0.04,1.6,0.24,0.7,0.4,1,0.1,0.2,0.04,1.6,0.5,0.8,0.3,0.4
Lannea stuhlmanni,NoData,,Lannea,TBD,Unknown,species,,,4,0.02,0.12,0.12,0.06,0.06,0.04,0.05,0.06,0.04,1.6,0.24,0.7,0.4,1,0.1,0.2,0.04,1.6,0.5,0.8,0.3,0.4
Lantana,NoData,,Lantana,Verbenaceae,Shrub,genus,,,4,0.02,0.12,0.12,0.06,0.06,0.04,0.05,0.06,0.04,1.6,0.24,0.7,0.4,1,0.1,0.2,0.04,1.6,0.5,0.8,0.3,0.4
Lantana camara,NoData,lantana,Lantana,Verbenaceae,Shrub,species,,,4,0.02,0.12,0.12,0.06,0.06,0.04,0.05,0.06,0.04,1.6,0.24,0.7,0.4,1,0.1,0.2,0.04,1.6,0.5,0.8,0.3,0.4
Lantana involuca,NoData,,Lantana,Verbenaceae,Unknown,species,,,4,0.02,0.12,0.12,0.06,0.06,0.04,0.05,0.06,0.04,1.6,0.24,0.7,0.4,1,0.1,0.2,0.04,1.6,0.5,0.8,0.3,0.4
Larix,Larix,larch,Larix,Pinaceae,Ntr,genus,,,0.2,0.02,0.4,0.2,0.05,0.2,0.04,0.05,0.1,0.06,1.6,0.24,0.7,0.4,1,0.1,0.2,0.04,1.6,0.5,0.8,0.3,0.4
Larix cajanderi,Larix,,Larix,Pinaceae,Ntr,species,,,0.2,0.02,0.4,0.2,0.05,0.2,0.04,0.05,0.1,0.06,1.6,0.24,0.7,0.4,1,0.1,0.2,0.04,1.6,0.5,0.8,0.3,0.4
Larix decidua,Larix,European larch,Larix,Pinaceae,Ntr,species,,,0.2,0.02,0.4,0.2,0.05,0.2,0.04,0.05,0.1,0.06,1.6,0.24,0.7,0.4,1,0.1,0.2,0.04,1.6,0.5,0.8,0.3,0.4
Larix gmelinii,Larix,Dahurian larch,Larix,Pinaceae,Ntr,species,,,0.2,0.02,0.4,0.2,0.05,0.2,0.04,0.05,0.1,0.06,1.6,0.24,0.7,0.4,1,0.1,0.2,0.04,1.6,0.5,0.8,0.3,0.4
Larix laricina,Larix,tamarack,Larix,Pinaceae,Ntr,species,,,0.2,0.02,0.4,0.2,0.05,0.2,0.04,0.05,0.1,0.06,1.6,0.24,0.7,0.4,1,0.1,0.2,0.04,1.6,0.5,0.8,0.3,0.4
Larix lyallii,Larix,subalpine larch,Larix,Pinaceae,Ntr,species,,,0.2,0.02,0.4,0.2,0.05,0.2,0.04,0.05,0.1,0.06,1.6,0.24,0.7,0.4,1,0.1,0.2,0.04,1.6,0.5,0.8,0.3,0.4
Larix occidentalis,Larix,western larch,Larix,Pinaceae,Ntr,species,,,0.2,0.02,0.4,0.2,0.05,0.2,0.04,0.05,0.1,0.06,1.6,0.24,0.7,0.4,1,0.1,0.2,0.04,1.6,0.5,0.8,0.3,0.4
Larrea,NoData,,Larrea,Zygophyllaceae,Unknown,genus,,,4,0.02,0.12,0.12,0.06,0.06,0.04,0.05,0.06,0.04,1.6,0.24,0.7,0.4,1,0.1,0.2,0.04,1.6,0.5,0.8,0.3,0.4
Larrea divaricata,NoData,,Larrea,Zygophyllaceae,Unknown,species,,,4,0.02,0.12,0.12,0.06,0.06,0.04,0.05,0.06,0.04,1.6,0.24,0.7,0.4,1,0.1,0.2,0.04,1.6,0.5,0.8,0.3,0.4
Larrea tridentata,NoData,creosote bush,Larrea,Zygophyllaceae,Shrub,species,,,4,0.02,0.12,0.12,0.06,0.06,0.04,0.05,0.06,0.04,1.6,0.24,0.7,0.4,1,0.1,0.2,0.04,1.6,0.5,0.8,0.3,0.4
Lasiococcus,NoData,,Lasiococcus,TBD,Shrub,genus,from LFRDB,,4,0.02,0.12,0.12,0.06,0.06,0.04,0.05,0.06,0.04,1.6,0.24,0.7,0.4,1,0.1,0.2,0.04,1.6,0.5,0.8,0.3,0.4
Lathyrus,NoData,,Lathyrus,Fabaceae,Shrub,genus,,,4,0.02,0.12,0.12,0.06,0.06,0.04,0.05,0.06,0.04,1.6,0.24,0.7,0.4,1,0.1,0.2,0.04,1.6,0.5,0.8,0.3,0.4
Lathyrus latifolius,NoData,perennial pea,Lathyrus,Fabaceae,Shrub,species,,,4,0.02,0.12,0.12,0.06,0.06,0.04,0.05,0.06,0.04,1.6,0.24,0.7,0.4,1,0.1,0.2,0.04,1.6,0.5,0.8,0.3,0.4
Lauraceae,NoData,,Lauraceae,Lauraceae,Unknown,family,,,4,0.02,0.12,0.12,0.06,0.06,0.04,0.05,0.06,0.04,1.6,0.24,0.7,0.4,1,0.1,0.2,0.04,1.6,0.5,0.8,0.3,0.4
Laurocerasus,NoData,,Laurocerasus,TBD,Unknown,genus,,,4,0.02,0.12,0.12,0.06,0.06,0.04,0.05,0.06,0.04,1.6,0.24,0.7,0.4,1,0.1,0.2,0.04,1.6,0.5,0.8,0.3,0.4
Laurocerasus undulata,NoData,,Laurocerasus,TBD,Unknown,species,,,4,0.02,0.12,0.12,0.06,0.06,0.04,0.05,0.06,0.04,1.6,0.24,0.7,0.4,1,0.1,0.2,0.04,1.6,0.5,0.8,0.3,0.4
Laurus,NoData,,Laurus,Lauraceae,Btr,genus,,,4,0.02,0.12,0.12,0.06,0.06,0.04,0.05,0.06,0.04,1.6,0.24,0.7,0.4,1,0.1,0.2,0.04,1.6,0.5,0.8,0.3,0.4
Laurus nobilis,NoData,sweet bay,Laurus,Lauraceae,Btr,species,,,4,0.02,0.12,0.12,0.06,0.06,0.04,0.05,0.06,0.04,1.6,0.24,0.7,0.4,1,0.1,0.2,0.04,1.6,0.5,0.8,0.3,0.4
Lavandula,NoData,lavender,Lavandula,Lamiaceae,Shrub,genus,,,4,0.02,0.12,0.12,0.06,0.06,0.04,0.05,0.06,0.04,1.6,0.24,0.7,0.4,1,0.1,0.2,0.04,1.6,0.5,0.8,0.3,0.4
Lavandula luisieri,NoData,,Lavandula,Lamiaceae,Unknown,species,,,4,0.02,0.12,0.12,0.06,0.06,0.04,0.05,0.06,0.04,1.6,0.24,0.7,0.4,1,0.1,0.2,0.04,1.6,0.5,0.8,0.3,0.4
Lavandula stoechas,NoData,French lavender,Lavandula,Lamiaceae,Shrub,species,,,4,0.02,0.12,0.12,0.06,0.06,0.04,0.05,0.06,0.04,1.6,0.24,0.7,0.4,1,0.1,0.2,0.04,1.6,0.5,0.8,0.3,0.4
Lavatera,NoData,,Lavatera,Malvaceae,Shrub,genus,,,4,0.02,0.12,0.12,0.06,0.06,0.04,0.05,0.06,0.04,1.6,0.24,0.7,0.4,1,0.1,0.2,0.04,1.6,0.5,0.8,0.3,0.4
Lavatera assurgentiflora,NoData,island mallow,Lavatera,Malvaceae,Shrub,species,,,4,0.02,0.12,0.12,0.06,0.06,0.04,0.05,0.06,0.04,1.6,0.24,0.7,0.4,1,0.1,0.2,0.04,1.6,0.5,0.8,0.3,0.4
Ledum,NoData,,Ledum,Ericaceae,Shrub,genus,,,4,0.02,0.12,0.12,0.06,0.06,0.04,0.05,0.06,0.04,1.6,0.24,0.7,0.4,1,0.1,0.2,0.04,1.6,0.5,0.8,0.3,0.4
Ledum groenlandicum,NoData,bog Labrador tea,Ledum,Ericaceae,Shrub,species,,,4,0.02,0.12,0.12,0.06,0.06,0.04,0.05,0.06,0.04,1.6,0.24,0.7,0.4,1,0.1,0.2,0.04,1.6,0.5,0.8,0.3,0.4
Ledum palustre,NoData,marsh Labrador tea,Ledum,Ericaceae,Shrub,species,,,4,0.02,0.12,0.12,0.06,0.06,0.04,0.05,0.06,0.04,1.6,0.24,0.7,0.4,1,0.1,0.2,0.04,1.6,0.5,0.8,0.3,0.4
Leea,NoData,,Leea,TBD,Unknown,genus,,,4,0.02,0.12,0.12,0.06,0.06,0.04,0.05,0.06,0.04,1.6,0.24,0.7,0.4,1,0.1,0.2,0.04,1.6,0.5,0.8,0.3,0.4
Leea crispa,NoData,,Leea,TBD,Unknown,species,,,4,0.02,0.12,0.12,0.06,0.06,0.04,0.05,0.06,0.04,1.6,0.24,0.7,0.4,1,0.1,0.2,0.04,1.6,0.5,0.8,0.3,0.4
Leiophyllum,NoData,,Leiophyllum,TBD,Shrub,genus,from LFRDB,,4,0.02,0.12,0.12,0.06,0.06,0.04,0.05,0.06,0.04,1.6,0.24,0.7,0.4,1,0.1,0.2,0.04,1.6,0.5,0.8,0.3,0.4
Lemna,NoData,,TBD,TBD,TBD,genus,,LF CTCOG,4,0.02,0.12,0.12,0.06,0.06,0.04,0.05,0.06,0.04,1.6,0.24,0.7,0.4,1,0.1,0.2,0.04,1.6,0.5,0.8,0.3,0.4
Lens culinaris,NoData,Lentils,TBD,TBD,TBD,species,,,4,0.02,0.12,0.12,0.06,0.06,0.04,0.05,0.06,0.04,1.6,0.24,0.7,0.4,1,0.1,0.2,0.04,1.6,0.5,0.8,0.3,0.4
Lepachys,NoData,,TBD,TBD,TBD,genus,,LF CTCOG,4,0.02,0.12,0.12,0.06,0.06,0.04,0.05,0.06,0.04,1.6,0.24,0.7,0.4,1,0.1,0.2,0.04,1.6,0.5,0.8,0.3,0.4
Lepechinia,NoData,,Lepechinia,TBD,Shrub,genus,from LFRDB,,4,0.02,0.12,0.12,0.06,0.06,0.04,0.05,0.06,0.04,1.6,0.24,0.7,0.4,1,0.1,0.2,0.04,1.6,0.5,0.8,0.3,0.4
Lepidium,NoData,,TBD,TBD,TBD,genus,,LF CTCOG,4,0.02,0.12,0.12,0.06,0.06,0.04,0.05,0.06,0.04,1.6,0.24,0.7,0.4,1,0.1,0.2,0.04,1.6,0.5,0.8,0.3,0.4
Lepidospartum,NoData,,Lepidospartum,TBD,Shrub,genus,from LFRDB,,4,0.02,0.12,0.12,0.06,0.06,0.04,0.05,0.06,0.04,1.6,0.24,0.7,0.4,1,0.1,0.2,0.04,1.6,0.5,0.8,0.3,0.4
Leptocereus,NoData,,Leptocereus,Cactaceae,Btr,genus,,,4,0.02,0.12,0.12,0.06,0.06,0.04,0.05,0.06,0.04,1.6,0.24,0.7,0.4,1,0.1,0.2,0.04,1.6,0.5,0.8,0.3,0.4
Leptocereus quadricostatus,NoData,pitahaya,Leptocereus,Cactaceae,Btr,species,,,4,0.02,0.12,0.12,0.06,0.06,0.04,0.05,0.06,0.04,1.6,0.24,0.7,0.4,1,0.1,0.2,0.04,1.6,0.5,0.8,0.3,0.4
Leptoderris,NoData,,Leptoderris,TBD,Unknown,genus,,,4,0.02,0.12,0.12,0.06,0.06,0.04,0.05,0.06,0.04,1.6,0.24,0.7,0.4,1,0.1,0.2,0.04,1.6,0.5,0.8,0.3,0.4
Leptoderris capassa,NoData,,Leptoderris,TBD,Unknown,species,,,4,0.02,0.12,0.12,0.06,0.06,0.04,0.05,0.06,0.04,1.6,0.24,0.7,0.4,1,0.1,0.2,0.04,1.6,0.5,0.8,0.3,0.4
Leptoderris hypargyrea,NoData,,Leptoderris,TBD,Unknown,species,,,4,0.02,0.12,0.12,0.06,0.06,0.04,0.05,0.06,0.04,1.6,0.24,0.7,0.4,1,0.1,0.2,0.04,1.6,0.5,0.8,0.3,0.4
Leptoderris longifolius,NoData,,Leptoderris,TBD,Unknown,species,,,4,0.02,0.12,0.12,0.06,0.06,0.04,0.05,0.06,0.04,1.6,0.24,0.7,0.4,1,0.1,0.2,0.04,1.6,0.5,0.8,0.3,0.4
Leptospermum,NoData,teatree,Leptospermum,Myrtaceae,Btr,genus,,,4,0.02,0.12,0.12,0.06,0.06,0.04,0.05,0.06,0.04,1.6,0.24,0.7,0.4,1,0.1,0.2,0.04,1.6,0.5,0.8,0.3,0.4
Leptospermum laevigatum,NoData,Australian teatree,Leptospermum,Myrtaceae,Btr,species,,,4,0.02,0.12,0.12,0.06,0.06,0.04,0.05,0.06,0.04,1.6,0.24,0.7,0.4,1,0.1,0.2,0.04,1.6,0.5,0.8,0.3,0.4
Leptospermum scoparium,NoData,broom teatree,Leptospermum,Myrtaceae,Btr,species,,,4,0.02,0.12,0.12,0.06,0.06,0.04,0.05,0.06,0.04,1.6,0.24,0.7,0.4,1,0.1,0.2,0.04,1.6,0.5,0.8,0.3,0.4
Lespedeza,NoData,,Lespedeza,Fabaceae,Shrub,genus,,,4,0.02,0.12,0.12,0.06,0.06,0.04,0.05,0.06,0.04,1.6,0.24,0.7,0.4,1,0.1,0.2,0.04,1.6,0.5,0.8,0.3,0.4
Lespedeza bicolor,NoData,shrub lespedeza,Lespedeza,Fabaceae,Shrub,species,,,4,0.02,0.12,0.12,0.06,0.06,0.04,0.05,0.06,0.04,1.6,0.24,0.7,0.4,1,0.1,0.2,0.04,1.6,0.5,0.8,0.3,0.4
Lesquerella,NoData,,TBD,TBD,TBD,genus,,LF CTCOG,4,0.02,0.12,0.12,0.06,0.06,0.04,0.05,0.06,0.04,1.6,0.24,0.7,0.4,1,0.1,0.2,0.04,1.6,0.5,0.8,0.3,0.4
Leucadendron,NoData,,Leucadendron,TBD,Unknown,genus,,,4,0.02,0.12,0.12,0.06,0.06,0.04,0.05,0.06,0.04,1.6,0.24,0.7,0.4,1,0.1,0.2,0.04,1.6,0.5,0.8,0.3,0.4
Leucadendron argenteum,NoData,,Leucadendron,TBD,Unknown,species,,,4,0.02,0.12,0.12,0.06,0.06,0.04,0.05,0.06,0.04,1.6,0.24,0.7,0.4,1,0.1,0.2,0.04,1.6,0.5,0.8,0.3,0.4
Leucaena,NoData,leadtree,Leucaena,Fabaceae,Btr,genus,,,4,0.02,0.12,0.12,0.06,0.06,0.04,0.05,0.06,0.04,1.6,0.24,0.7,0.4,1,0.1,0.2,0.04,1.6,0.5,0.8,0.3,0.4
Leucaena esculenta,NoData,guaje,Leucaena,Fabaceae,Btr,species,,,4,0.02,0.12,0.12,0.06,0.06,0.04,0.05,0.06,0.04,1.6,0.24,0.7,0.4,1,0.1,0.2,0.04,1.6,0.5,0.8,0.3,0.4
Leucaena leucocephala,NoData,white leadtree,Leucaena,Fabaceae,Btr,species,,,4,0.02,0.12,0.12,0.06,0.06,0.04,0.05,0.06,0.04,1.6,0.24,0.7,0.4,1,0.1,0.2,0.04,1.6,0.5,0.8,0.3,0.4
Leucaena retusa,NoData,littleleaf leadtree,Leucaena,Fabaceae,Btr,species,,,4,0.02,0.12,0.12,0.06,0.06,0.04,0.05,0.06,0.04,1.6,0.24,0.7,0.4,1,0.1,0.2,0.04,1.6,0.5,0.8,0.3,0.4
Leucobryum,NoData,,Leucobryum,TBD,Unknown,genus,,,4,0.02,0.12,0.12,0.06,0.06,0.04,0.05,0.06,0.04,1.6,0.24,0.7,0.4,1,0.1,0.2,0.04,1.6,0.5,0.8,0.3,0.4
Leucobryum glaucum,NoData,,Leucobryum,TBD,Unknown,species,,,4,0.02,0.12,0.12,0.06,0.06,0.04,0.05,0.06,0.04,1.6,0.24,0.7,0.4,1,0.1,0.2,0.04,1.6,0.5,0.8,0.3,0.4
Leucophyllum,NoData,,Leucophyllum,TBD,Shrub,genus,from LFRDB,,4,0.02,0.12,0.12,0.06,0.06,0.04,0.05,0.06,0.04,1.6,0.24,0.7,0.4,1,0.1,0.2,0.04,1.6,0.5,0.8,0.3,0.4
Leucospermum,NoData,,Leucospermum,Proteaceae,Unknown,genus,,,4,0.02,0.12,0.12,0.06,0.06,0.04,0.05,0.06,0.04,1.6,0.24,0.7,0.4,1,0.1,0.2,0.04,1.6,0.5,0.8,0.3,0.4
Leucospermum reflexum,NoData,,Leucospermum,Proteaceae,Unknown,species,,,4,0.02,0.12,0.12,0.06,0.06,0.04,0.05,0.06,0.04,1.6,0.24,0.7,0.4,1,0.1,0.2,0.04,1.6,0.5,0.8,0.3,0.4
Leucothoe,NoData,,Leucothoe,TBD,Shrub,genus,from LFRDB,,4,0.02,0.12,0.12,0.06,0.06,0.04,0.05,0.06,0.04,1.6,0.24,0.7,0.4,1,0.1,0.2,0.04,1.6,0.5,0.8,0.3,0.4
Leuhea,NoData,,Leuhea,TBD,Unknown,genus,,,4,0.02,0.12,0.12,0.06,0.06,0.04,0.05,0.06,0.04,1.6,0.24,0.7,0.4,1,0.1,0.2,0.04,1.6,0.5,0.8,0.3,0.4
Leuhea seemanii,NoData,,Leuhea,TBD,Unknown,species,,,4,0.02,0.12,0.12,0.06,0.06,0.04,0.05,0.06,0.04,1.6,0.24,0.7,0.4,1,0.1,0.2,0.04,1.6,0.5,0.8,0.3,0.4
Liatris,NoData,,TBD,TBD,TBD,genus,,LF CTCOG,4,0.02,0.12,0.12,0.06,0.06,0.04,0.05,0.06,0.04,1.6,0.24,0.7,0.4,1,0.1,0.2,0.04,1.6,0.5,0.8,0.3,0.4
Libocedrus,Callitris,,Libocedrus,Cupressaceae,Ntr,genus,,,0.2,0.02,0.4,0.05,0.2,0.2,0.04,0.05,0.1,0.06,1.6,0.24,0.7,0.4,1,0.1,0.2,0.04,1.6,0.5,0.8,0.3,0.4
Libocedrus decurrens,Callitris,Kawaka,Libocedrus,Cupressaceae,Ntr,species,,,0.2,0.02,0.4,0.05,0.2,0.2,0.04,0.05,0.1,0.06,1.6,0.24,0.7,0.4,1,0.1,0.2,0.04,1.6,0.5,0.8,0.3,0.4
Librocedrus,Callitris,,Libocedrus,Cupressaceae,Unknown,genus,,,0.2,0.02,0.4,0.05,0.2,0.2,0.04,0.05,0.1,0.06,1.6,0.24,0.7,0.4,1,0.1,0.2,0.04,1.6,0.5,0.8,0.3,0.4
Librocedrus decurrens,Callitris,,Libocedrus,Cupressaceae,Unknown,species,,,0.2,0.02,0.4,0.05,0.2,0.2,0.04,0.05,0.1,0.06,1.6,0.24,0.7,0.4,1,0.1,0.2,0.04,1.6,0.5,0.8,0.3,0.4
Licania,NoData,,Licania,Chrysobalanaceae,Unknown,genus,,,4,0.02,0.12,0.12,0.06,0.06,0.04,0.05,0.06,0.04,1.6,0.24,0.7,0.4,1,0.1,0.2,0.04,1.6,0.5,0.8,0.3,0.4
Licania hypoleuca,NoData,,Licania,Chrysobalanaceae,Unknown,species,,,4,0.02,0.12,0.12,0.06,0.06,0.04,0.05,0.06,0.04,1.6,0.24,0.7,0.4,1,0.1,0.2,0.04,1.6,0.5,0.8,0.3,0.4
Ligustrum,Ligustrum,privet,Ligustrum,Oleaceae,Btr,genus,,,0.05,0.02,0.02,0.02,0.01,0.02,0.01,0.05,0.02,0.01,1.6,0.24,0.7,0.4,1,0.1,0.2,0.04,1.6,0.5,0.8,0.3,0.4
Ligustrum amurense,Ligustrum,,Ligustrum,Oleaceae,Btr,genus,,,0.05,0.02,0.02,0.02,0.01,0.02,0.01,0.05,0.02,0.01,1.6,0.24,0.7,0.4,1,0.1,0.2,0.04,1.6,0.5,0.8,0.3,0.4
Ligustrum confusum,Ligustrum,privet,Ligustrum,Oleaceae,Btr,species,,,0.05,0.02,0.02,0.02,0.01,0.02,0.01,0.05,0.02,0.01,1.6,0.24,0.7,0.4,1,0.1,0.2,0.04,1.6,0.5,0.8,0.3,0.4
Ligustrum coriaceum,Ligustrum,,Ligustrum,Oleaceae,Unknown,species,,,0.05,0.02,0.02,0.02,0.01,0.02,0.01,0.05,0.02,0.01,1.6,0.24,0.7,0.4,1,0.1,0.2,0.04,1.6,0.5,0.8,0.3,0.4
Ligustrum indicum,Ligustrum,privet,Ligustrum,Oleaceae,Btr,species,,,0.05,0.02,0.02,0.02,0.01,0.02,0.01,0.05,0.02,0.01,1.6,0.24,0.7,0.4,1,0.1,0.2,0.04,1.6,0.5,0.8,0.3,0.4
Ligustrum japonicum,Ligustrum,Japanese privet,Ligustrum,Oleaceae,Btr,species,,,0.05,0.02,0.02,0.02,0.01,0.02,0.01,0.05,0.02,0.01,1.6,0.24,0.7,0.4,1,0.1,0.2,0.04,1.6,0.5,0.8,0.3,0.4
Ligustrum lucidum,Ligustrum,glossy privet,Ligustrum,Oleaceae,Btr,species,,,0.05,0.02,0.02,0.02,0.01,0.02,0.01,0.05,0.02,0.01,1.6,0.24,0.7,0.4,1,0.1,0.2,0.04,1.6,0.5,0.8,0.3,0.4
Ligustrum ovalifolium,Ligustrum,California privet,Ligustrum,Oleaceae,Btr,species,,,0.05,0.02,0.02,0.02,0.01,0.02,0.01,0.05,0.02,0.01,1.6,0.24,0.7,0.4,1,0.1,0.2,0.04,1.6,0.5,0.8,0.3,0.4
Ligustrum sinense,Ligustrum,,Ligustrum,Oleaceae,Btr,genus,,,0.05,0.02,0.02,0.02,0.01,0.02,0.01,0.05,0.02,0.01,1.6,0.24,0.7,0.4,1,0.1,0.2,0.04,1.6,0.5,0.8,0.3,0.4
Ligustrum vulgare,Ligustrum,European privet,Ligustrum,Oleaceae,Shrub,species,,,0.05,0.02,0.02,0.02,0.01,0.02,0.01,0.05,0.02,0.01,1.6,0.24,0.7,0.4,1,0.1,0.2,0.04,1.6,0.5,0.8,0.3,0.4
Liliaceae,NoData,,Liliaceae,Liliaceae,Unknown,family,,,4,0.02,0.12,0.12,0.06,0.06,0.04,0.05,0.06,0.04,1.6,0.24,0.7,0.4,1,0.1,0.2,0.04,1.6,0.5,0.8,0.3,0.4
Limnobotrya,NoData,,TBD,TBD,TBD,genus,,LF CTCOG,4,0.02,0.12,0.12,0.06,0.06,0.04,0.05,0.06,0.04,1.6,0.24,0.7,0.4,1,0.1,0.2,0.04,1.6,0.5,0.8,0.3,0.4
Lindera,Oxydendrum,,Lindera,Lauraceae,Btr,genus,,,0.2,0.02,0.1,0.2,0.1,0.1,0.04,0.05,0.06,0.04,1.6,0.24,0.7,0.4,1,0.1,0.2,0.04,1.6,0.5,0.8,0.3,0.4
Lindera benzoin,Oxydendrum,northern spicebush,Lindera,Lauraceae,Btr,species,,,0.2,0.02,0.1,0.2,0.1,0.1,0.04,0.05,0.06,0.04,1.6,0.24,0.7,0.4,1,0.1,0.2,0.04,1.6,0.5,0.8,0.3,0.4
Linnaea,NoData,,Linnaea,TBD,Shrub,genus,from LFRDB,,4,0.02,0.12,0.12,0.06,0.06,0.04,0.05,0.06,0.04,1.6,0.24,0.7,0.4,1,0.1,0.2,0.04,1.6,0.5,0.8,0.3,0.4
Linociera,NoData,,Linociera,TBD,Unknown,genus,,,4,0.02,0.12,0.12,0.06,0.06,0.04,0.05,0.06,0.04,1.6,0.24,0.7,0.4,1,0.1,0.2,0.04,1.6,0.5,0.8,0.3,0.4
Linociera insignis,NoData,,Linociera,TBD,Unknown,species,,,4,0.02,0.12,0.12,0.06,0.06,0.04,0.05,0.06,0.04,1.6,0.24,0.7,0.4,1,0.1,0.2,0.04,1.6,0.5,0.8,0.3,0.4
Linospadix,NoData,,Linospadix,Arecaceae,Unknown,genus,,,4,0.02,0.12,0.12,0.06,0.06,0.04,0.05,0.06,0.04,1.6,0.24,0.7,0.4,1,0.1,0.2,0.04,1.6,0.5,0.8,0.3,0.4
Linospadix monostachyos,NoData,,Linospadix,Arecaceae,Unknown,species,,,4,0.02,0.12,0.12,0.06,0.06,0.04,0.05,0.06,0.04,1.6,0.24,0.7,0.4,1,0.1,0.2,0.04,1.6,0.5,0.8,0.3,0.4
Linum,NoData,,TBD,TBD,Crop,genus,,LF CTCOG,4,0.02,0.12,0.12,0.06,0.06,0.04,0.05,0.06,0.04,1.6,0.24,0.7,0.4,1,0.1,0.2,0.04,1.6,0.5,0.8,0.3,0.4
Linum usitatissimum,NoData,Flaxseed,TBD,TBD,Crop,species,,,4,0.02,0.12,0.12,0.06,0.06,0.04,0.05,0.06,0.04,1.6,0.24,0.7,0.4,1,0.1,0.2,0.04,1.6,0.5,0.8,0.3,0.4
Lippia,Lippia,lippia,Lippia,Verbenaceae,Shrub,genus,,,0.2,0.02,0.2,0.2,0.1,0.1,0.04,0.05,0.06,0.04,1.6,0.24,0.7,0.4,1,0.1,0.2,0.04,1.6,0.5,0.8,0.3,0.4
Liquidambar,Liquidambar,sweetgum,Liquidambar,Hamamelidaceae,Btr,genus,,,30,0.02,0.6,0.1,0.3,0.5,0.1,0.05,0.2,0.05,1.6,0.24,0.7,0.4,1,0.1,0.2,0.04,1.6,0.5,0.8,0.3,0.4
Liquidambar formosana,Liquidambar,sweetgum,Liquidambar,Hamamelidaceae,Btr,species,,,30,0.02,0.6,0.1,0.3,0.5,0.1,0.05,0.2,0.05,1.6,0.24,0.7,0.4,1,0.1,0.2,0.04,1.6,0.5,0.8,0.3,0.4
Liquidambar orientalis,Liquidambar,Oriental sweetgum,Liquidambar,Hamamelidaceae,Unknown,species,,,30,0.02,0.6,0.1,0.3,0.5,0.1,0.05,0.2,0.05,1.6,0.24,0.7,0.4,1,0.1,0.2,0.04,1.6,0.5,0.8,0.3,0.4
Liquidambar styraciflua,Liquidambar,sweetgum,Liquidambar,Hamamelidaceae,Btr,species,,,30,0.02,0.6,0.1,0.3,0.5,0.1,0.05,0.2,0.05,1.6,0.24,0.7,0.4,1,0.1,0.2,0.04,1.6,0.5,0.8,0.3,0.4
Liriodendron,Liriodendron,tuliptree,Liriodendron,Magnoliaceae,Btr,genus,,,0.2,0.02,0.02,0.05,0.02,0.2,0.04,0.05,0.01,0.005,1.6,0.24,0.7,0.4,1,0.1,0.2,0.04,1.6,0.5,0.8,0.3,0.4
Liriodendron chinense,Liriodendron,Chinese tuliptree,Liriodendron,Magnoliaceae,Unknown,species,,,0.2,0.02,0.02,0.05,0.02,0.2,0.04,0.05,0.01,0.005,1.6,0.24,0.7,0.4,1,0.1,0.2,0.04,1.6,0.5,0.8,0.3,0.4
Liriodendron tulipifera,Liriodendron,tuliptree,Liriodendron,Magnoliaceae,Btr,species,,,0.2,0.02,0.02,0.05,0.02,0.2,0.04,0.05,0.01,0.005,1.6,0.24,0.7,0.4,1,0.1,0.2,0.04,1.6,0.5,0.8,0.3,0.4
Litchi,NoData,,Litchi,Sapindaceae,Btr,genus,,,4,0.02,0.12,0.12,0.06,0.06,0.04,0.05,0.06,0.04,1.6,0.24,0.7,0.4,1,0.1,0.2,0.04,1.6,0.5,0.8,0.3,0.4
Litchi chinensis,NoData,lychee,Litchi,Sapindaceae,Btr,species,,,4,0.02,0.12,0.12,0.06,0.06,0.04,0.05,0.06,0.04,1.6,0.24,0.7,0.4,1,0.1,0.2,0.04,1.6,0.5,0.8,0.3,0.4
Lithocarpus,Notholithocarpus,,Lithocarpus,Fagaceae,Btr,genus,,,0.2,0.02,0.2,0.2,0.2,0.2,0.04,0.05,0.04,0.02,1.6,0.24,0.7,0.4,1,0.1,0.2,0.04,1.6,0.5,0.8,0.3,0.4
Lithocarpus chintungensis,Notholithocarpus,,Lithocarpus,Fagaceae,Unknown,species,,,0.2,0.02,0.2,0.2,0.2,0.2,0.04,0.05,0.04,0.02,1.6,0.24,0.7,0.4,1,0.1,0.2,0.04,1.6,0.5,0.8,0.3,0.4
Lithocarpus densiflora,Notholithocarpus,,Lithocarpus,Fagaceae,Unknown,species,,,0.2,0.02,0.2,0.2,0.2,0.2,0.04,0.05,0.04,0.02,1.6,0.24,0.7,0.4,1,0.1,0.2,0.04,1.6,0.5,0.8,0.3,0.4
Lithocarpus densiflorus,Notholithocarpus,tanoak,Lithocarpus,Fagaceae,Btr,species,,Now Notholithocarpus densiflorus,0.2,0.02,0.2,0.2,0.2,0.2,0.04,0.05,0.04,0.02,1.6,0.24,0.7,0.4,1,0.1,0.2,0.04,1.6,0.5,0.8,0.3,0.4
Lithocarpus edulis,Notholithocarpus,,Lithocarpus,Fagaceae,Btr,species,,,0.2,0.02,0.2,0.2,0.2,0.2,0.04,0.05,0.04,0.02,1.6,0.24,0.7,0.4,1,0.1,0.2,0.04,1.6,0.5,0.8,0.3,0.4
Lithocarpus fenestratus,Notholithocarpus,,Lithocarpus,Fagaceae,Unknown,species,,,0.2,0.02,0.2,0.2,0.2,0.2,0.04,0.05,0.04,0.02,1.6,0.24,0.7,0.4,1,0.1,0.2,0.04,1.6,0.5,0.8,0.3,0.4
Lithocarpus hypoviridis,Notholithocarpus,,Lithocarpus,Fagaceae,Unknown,species,,,0.2,0.02,0.2,0.2,0.2,0.2,0.04,0.05,0.04,0.02,1.6,0.24,0.7,0.4,1,0.1,0.2,0.04,1.6,0.5,0.8,0.3,0.4
Lithocarpus pachyphylloides,Notholithocarpus,,Lithocarpus,Fagaceae,Unknown,species,,,0.2,0.02,0.2,0.2,0.2,0.2,0.04,0.05,0.04,0.02,1.6,0.24,0.7,0.4,1,0.1,0.2,0.04,1.6,0.5,0.8,0.3,0.4
Lithocarpus truncatus,Notholithocarpus,,Lithocarpus,Fagaceae,Unknown,species,,,0.2,0.02,0.2,0.2,0.2,0.2,0.04,0.05,0.04,0.02,1.6,0.24,0.7,0.4,1,0.1,0.2,0.04,1.6,0.5,0.8,0.3,0.4
Lithocarpus xylocarpa,Notholithocarpus,,Lithocarpus,Fagaceae,Unknown,species,,,0.2,0.02,0.2,0.2,0.2,0.2,0.04,0.05,0.04,0.02,1.6,0.24,0.7,0.4,1,0.1,0.2,0.04,1.6,0.5,0.8,0.3,0.4
Lithocarpus yunnanensis,Notholithocarpus,,Lithocarpus,Fagaceae,Unknown,species,,,0.2,0.02,0.2,0.2,0.2,0.2,0.04,0.05,0.04,0.02,1.6,0.24,0.7,0.4,1,0.1,0.2,0.04,1.6,0.5,0.8,0.3,0.4
Lithospermum,NoData,,TBD,TBD,TBD,genus,,LF CTCOG,4,0.02,0.12,0.12,0.06,0.06,0.04,0.05,0.06,0.04,1.6,0.24,0.7,0.4,1,0.1,0.2,0.04,1.6,0.5,0.8,0.3,0.4
Litsea,NoData,,Litsea,Lauraceae,Unknown,genus,,,4,0.02,0.12,0.12,0.06,0.06,0.04,0.05,0.06,0.04,1.6,0.24,0.7,0.4,1,0.1,0.2,0.04,1.6,0.5,0.8,0.3,0.4
Litsea cubeba,NoData,litsea,Litsea,Lauraceae,Unknown,species,,,4,0.02,0.12,0.12,0.06,0.06,0.04,0.05,0.06,0.04,1.6,0.24,0.7,0.4,1,0.1,0.2,0.04,1.6,0.5,0.8,0.3,0.4
Litsea dilleniiefolia,NoData,,Litsea,Lauraceae,Unknown,species,,,4,0.02,0.12,0.12,0.06,0.06,0.04,0.05,0.06,0.04,1.6,0.24,0.7,0.4,1,0.1,0.2,0.04,1.6,0.5,0.8,0.3,0.4
Litsea elongata,NoData,,Litsea,Lauraceae,Unknown,species,,,4,0.02,0.12,0.12,0.06,0.06,0.04,0.05,0.06,0.04,1.6,0.24,0.7,0.4,1,0.1,0.2,0.04,1.6,0.5,0.8,0.3,0.4
Litsea euosma,NoData,,Litsea,Lauraceae,Unknown,species,,,4,0.02,0.12,0.12,0.06,0.06,0.04,0.05,0.06,0.04,1.6,0.24,0.7,0.4,1,0.1,0.2,0.04,1.6,0.5,0.8,0.3,0.4
Litsea glutinosa,NoData,,Litsea,Lauraceae,Unknown,species,,,4,0.02,0.12,0.12,0.06,0.06,0.04,0.05,0.06,0.04,1.6,0.24,0.7,0.4,1,0.1,0.2,0.04,1.6,0.5,0.8,0.3,0.4
Litsea monopetala,NoData,,Litsea,Lauraceae,Unknown,species,,,4,0.02,0.12,0.12,0.06,0.06,0.04,0.05,0.06,0.04,1.6,0.24,0.7,0.4,1,0.1,0.2,0.04,1.6,0.5,0.8,0.3,0.4
Litsea panamonja,NoData,,Litsea,Lauraceae,Unknown,species,,,4,0.02,0.12,0.12,0.06,0.06,0.04,0.05,0.06,0.04,1.6,0.24,0.7,0.4,1,0.1,0.2,0.04,1.6,0.5,0.8,0.3,0.4
Litsea pierrei,NoData,,Litsea,Lauraceae,Unknown,species,,,4,0.02,0.12,0.12,0.06,0.06,0.04,0.05,0.06,0.04,1.6,0.24,0.7,0.4,1,0.1,0.2,0.04,1.6,0.5,0.8,0.3,0.4
Livistona,NoData,livistona,Livistona,Arecaceae,Btr,genus,,,4,0.02,0.12,0.12,0.06,0.06,0.04,0.05,0.06,0.04,1.6,0.24,0.7,0.4,1,0.1,0.2,0.04,1.6,0.5,0.8,0.3,0.4
Livistona australis,NoData,livistona,Livistona,Arecaceae,Btr,species,,,4,0.02,0.12,0.12,0.06,0.06,0.04,0.05,0.06,0.04,1.6,0.24,0.7,0.4,1,0.1,0.2,0.04,1.6,0.5,0.8,0.3,0.4
Livistona chinensis,NoData,fountain palm,Livistona,Arecaceae,Btr,species,,,4,0.02,0.12,0.12,0.06,0.06,0.04,0.05,0.06,0.04,1.6,0.24,0.7,0.4,1,0.1,0.2,0.04,1.6,0.5,0.8,0.3,0.4
Livistona decipiens,NoData,livistona,Livistona,Arecaceae,Btr,species,,,4,0.02,0.12,0.12,0.06,0.06,0.04,0.05,0.06,0.04,1.6,0.24,0.7,0.4,1,0.1,0.2,0.04,1.6,0.5,0.8,0.3,0.4
Livistona saribus,NoData,,Livistona,Arecaceae,Unknown,species,,,4,0.02,0.12,0.12,0.06,0.06,0.04,0.05,0.06,0.04,1.6,0.24,0.7,0.4,1,0.1,0.2,0.04,1.6,0.5,0.8,0.3,0.4
Lolium,NoData,,Lolium,Poaceae,Herb,genus,,,4,0.02,0.12,0.12,0.06,0.06,0.04,0.05,0.06,0.04,1.6,0.24,0.7,0.4,1,0.1,0.2,0.04,1.6,0.5,0.8,0.3,0.4
Lolium arundinaceum,NoData,Fescue,TBD,TBD,TBD,species,,,4,0.02,0.12,0.12,0.06,0.06,0.04,0.05,0.06,0.04,1.6,0.24,0.7,0.4,1,0.1,0.2,0.04,1.6,0.5,0.8,0.3,0.4
Lolium perenne,NoData,perennial ryegrass,Lolium,Poaceae,Herb,species,,,4,0.02,0.12,0.12,0.06,0.06,0.04,0.05,0.06,0.04,1.6,0.24,0.7,0.4,1,0.1,0.2,0.04,1.6,0.5,0.8,0.3,0.4
Lomatia,NoData,,Lomatia,TBD,Unknown,genus,,,4,0.02,0.12,0.12,0.06,0.06,0.04,0.05,0.06,0.04,1.6,0.24,0.7,0.4,1,0.1,0.2,0.04,1.6,0.5,0.8,0.3,0.4
Lomatia fraxinifolia,NoData,,Lomatia,TBD,Unknown,species,,,4,0.02,0.12,0.12,0.06,0.06,0.04,0.05,0.06,0.04,1.6,0.24,0.7,0.4,1,0.1,0.2,0.04,1.6,0.5,0.8,0.3,0.4
Lonchocarpus,NoData,,Lonchocarpus,Fabaceae,Unknown,genus,,,4,0.02,0.12,0.12,0.06,0.06,0.04,0.05,0.06,0.04,1.6,0.24,0.7,0.4,1,0.1,0.2,0.04,1.6,0.5,0.8,0.3,0.4
Lonchocarpus capassa,NoData,,Lonchocarpus,Fabaceae,Unknown,species,,,4,0.02,0.12,0.12,0.06,0.06,0.04,0.05,0.06,0.04,1.6,0.24,0.7,0.4,1,0.1,0.2,0.04,1.6,0.5,0.8,0.3,0.4
Lonicera,NoData,,Lonicera,Caprifoliaceae,Shrub,genus,,,4,0.02,0.12,0.12,0.06,0.06,0.04,0.05,0.06,0.04,1.6,0.24,0.7,0.4,1,0.1,0.2,0.04,1.6,0.5,0.8,0.3,0.4
Lonicera canadensis,NoData,American fly honeysuckle,Lonicera,Caprifoliaceae,Shrub,species,,,4,0.02,0.12,0.12,0.06,0.06,0.04,0.05,0.06,0.04,1.6,0.24,0.7,0.4,1,0.1,0.2,0.04,1.6,0.5,0.8,0.3,0.4
Lonicera chrysantha,NoData,,Lonicera,Caprifoliaceae,Unknown,species,,,4,0.02,0.12,0.12,0.06,0.06,0.04,0.05,0.06,0.04,1.6,0.24,0.7,0.4,1,0.1,0.2,0.04,1.6,0.5,0.8,0.3,0.4
Lonicera edulis,NoData,,Lonicera,Caprifoliaceae,Unknown,species,,,4,0.02,0.12,0.12,0.06,0.06,0.04,0.05,0.06,0.04,1.6,0.24,0.7,0.4,1,0.1,0.2,0.04,1.6,0.5,0.8,0.3,0.4
Lophira,NoData,,Lophira,Ochnaceae,Btr,genus,,,4,0.02,0.12,0.12,0.06,0.06,0.04,0.05,0.06,0.04,1.6,0.24,0.7,0.4,1,0.1,0.2,0.04,1.6,0.5,0.8,0.3,0.4
Lophira alata,NoData,,Lophira,Ochnaceae,Unknown,species,,,4,0.02,0.12,0.12,0.06,0.06,0.04,0.05,0.06,0.04,1.6,0.24,0.7,0.4,1,0.1,0.2,0.04,1.6,0.5,0.8,0.3,0.4
Lophira lanceolata,NoData,,Lophira,Ochnaceae,Btr,species,,,4,0.02,0.12,0.12,0.06,0.06,0.04,0.05,0.06,0.04,1.6,0.24,0.7,0.4,1,0.1,0.2,0.04,1.6,0.5,0.8,0.3,0.4
Lophocereus,NoData,,Lophocereus,TBD,Shrub,genus,from LFRDB,,4,0.02,0.12,0.12,0.06,0.06,0.04,0.05,0.06,0.04,1.6,0.24,0.7,0.4,1,0.1,0.2,0.04,1.6,0.5,0.8,0.3,0.4
Lophostemon,Lophostemon,,Lophostemon,Myrtaceae,Btr,genus,,,20,0.02,0.5,0.2,0.05,0.03,0.02,0.05,0.09,0.01,1.6,0.24,0.7,0.4,1,0.1,0.2,0.04,1.6,0.5,0.8,0.3,0.4
Lophostemon confertus,Lophostemon,vinegartree,Lophostemon,Myrtaceae,Btr,species,,,20,0.02,0.5,0.2,0.05,0.03,0.02,0.05,0.09,0.01,1.6,0.24,0.7,0.4,1,0.1,0.2,0.04,1.6,0.5,0.8,0.3,0.4
Loropetalum,NoData,,Loropetalum,Hamamelidaceae,Btr,genus,,,4,0.02,0.12,0.12,0.06,0.06,0.04,0.05,0.06,0.04,1.6,0.24,0.7,0.4,1,0.1,0.2,0.04,1.6,0.5,0.8,0.3,0.4
Lotus,NoData,,Lotus,Fabaceae,Herb,genus,,,4,0.02,0.12,0.12,0.06,0.06,0.04,0.05,0.06,0.04,1.6,0.24,0.7,0.4,1,0.1,0.2,0.04,1.6,0.5,0.8,0.3,0.4
Lotus corniculatus,NoData,bird's-foot trefoil,Lotus,Fabaceae,Herb,species,,,4,0.02,0.12,0.12,0.06,0.06,0.04,0.05,0.06,0.04,1.6,0.24,0.7,0.4,1,0.1,0.2,0.04,1.6,0.5,0.8,0.3,0.4
Lotus pedunculatus,NoData,big trefoil,Lotus,Fabaceae,Herb,species,,,4,0.02,0.12,0.12,0.06,0.06,0.04,0.05,0.06,0.04,1.6,0.24,0.7,0.4,1,0.1,0.2,0.04,1.6,0.5,0.8,0.3,0.4
Luehea,NoData,,Luehea,Tiliaceae,Btr,genus,,,4,0.02,0.12,0.12,0.06,0.06,0.04,0.05,0.06,0.04,1.6,0.24,0.7,0.4,1,0.1,0.2,0.04,1.6,0.5,0.8,0.3,0.4
Luehea divaricata,NoData,,Luehea,Tiliaceae,Btr,species,,,4,0.02,0.12,0.12,0.06,0.06,0.04,0.05,0.06,0.04,1.6,0.24,0.7,0.4,1,0.1,0.2,0.04,1.6,0.5,0.8,0.3,0.4
Luetkea,NoData,,Luetkea,TBD,Shrub,genus,from LFRDB,,4,0.02,0.12,0.12,0.06,0.06,0.04,0.05,0.06,0.04,1.6,0.24,0.7,0.4,1,0.1,0.2,0.04,1.6,0.5,0.8,0.3,0.4
Luma,NoData,,Luma,Myrtaceae,Btr,genus,,,4,0.02,0.12,0.12,0.06,0.06,0.04,0.05,0.06,0.04,1.6,0.24,0.7,0.4,1,0.1,0.2,0.04,1.6,0.5,0.8,0.3,0.4
Luma apiculata,NoData,temu,Luma,Myrtaceae,Btr,species,,,4,0.02,0.12,0.12,0.06,0.06,0.04,0.05,0.06,0.04,1.6,0.24,0.7,0.4,1,0.1,0.2,0.04,1.6,0.5,0.8,0.3,0.4
Lunularia,NoData,,Lunularia,TBD,Unknown,genus,,,4,0.02,0.12,0.12,0.06,0.06,0.04,0.05,0.06,0.04,1.6,0.24,0.7,0.4,1,0.1,0.2,0.04,1.6,0.5,0.8,0.3,0.4
Lunularia cruciata,NoData,,Lunularia,TBD,Unknown,species,,,4,0.02,0.12,0.12,0.06,0.06,0.04,0.05,0.06,0.04,1.6,0.24,0.7,0.4,1,0.1,0.2,0.04,1.6,0.5,0.8,0.3,0.4
Lupinus,NoData,lupine,Lupinus,Fabaceae,Shrub,genus,,,4,0.02,0.12,0.12,0.06,0.06,0.04,0.05,0.06,0.04,1.6,0.24,0.7,0.4,1,0.1,0.2,0.04,1.6,0.5,0.8,0.3,0.4
Lupinus albicaulis,NoData,sicklekeel lupine,Lupinus,Fabaceae,Herb,species,,,4,0.02,0.12,0.12,0.06,0.06,0.04,0.05,0.06,0.04,1.6,0.24,0.7,0.4,1,0.1,0.2,0.04,1.6,0.5,0.8,0.3,0.4
Lycianthes,NoData,,Lycianthes,Solanaceae,Shrub,genus,,,4,0.02,0.12,0.12,0.06,0.06,0.04,0.05,0.06,0.04,1.6,0.24,0.7,0.4,1,0.1,0.2,0.04,1.6,0.5,0.8,0.3,0.4
Lycianthes rantonnettii,NoData,blue potatobush,Lycianthes,Solanaceae,Shrub,species,,,4,0.02,0.12,0.12,0.06,0.06,0.04,0.05,0.06,0.04,1.6,0.24,0.7,0.4,1,0.1,0.2,0.04,1.6,0.5,0.8,0.3,0.4
Lycidice,NoData,,Lycidice,TBD,Unknown,genus,,,4,0.02,0.12,0.12,0.06,0.06,0.04,0.05,0.06,0.04,1.6,0.24,0.7,0.4,1,0.1,0.2,0.04,1.6,0.5,0.8,0.3,0.4
Lycidice rhodoslegia,NoData,,Lycidice,TBD,Unknown,species,,,4,0.02,0.12,0.12,0.06,0.06,0.04,0.05,0.06,0.04,1.6,0.24,0.7,0.4,1,0.1,0.2,0.04,1.6,0.5,0.8,0.3,0.4
Lycium,Lycium,desert-thorn,Lycium,Solanaceae,Shrub,genus,,,0.2,0.02,0.4,0.4,0.05,0.4,0.04,0.05,0.06,0.04,1.6,0.24,0.7,0.4,1,0.1,0.2,0.04,1.6,0.5,0.8,0.3,0.4
Lycium andersonii,Lycium,water jacket,Lycium,Solanaceae,Shrub,species,,,0.2,0.02,0.4,0.4,0.05,0.4,0.04,0.05,0.06,0.04,1.6,0.24,0.7,0.4,1,0.1,0.2,0.04,1.6,0.5,0.8,0.3,0.4
Lycium cooperi,Lycium,peach thorn,Lycium,Solanaceae,Shrub,species,,,0.2,0.02,0.4,0.4,0.05,0.4,0.04,0.05,0.06,0.04,1.6,0.24,0.7,0.4,1,0.1,0.2,0.04,1.6,0.5,0.8,0.3,0.4
Lycium fremontii,Lycium,Fremont's desert-thorn,Lycium,Solanaceae,Shrub,species,,,0.2,0.02,0.4,0.4,0.05,0.4,0.04,0.05,0.06,0.04,1.6,0.24,0.7,0.4,1,0.1,0.2,0.04,1.6,0.5,0.8,0.3,0.4
Lycium pallidum,Lycium,pale desert-thorn,Lycium,Solanaceae,Shrub,species,,,0.2,0.02,0.4,0.4,0.05,0.4,0.04,0.05,0.06,0.04,1.6,0.24,0.7,0.4,1,0.1,0.2,0.04,1.6,0.5,0.8,0.3,0.4
Lycium torreyi,Lycium,Torrey wolfberry,Lycium,Solanaceae,Shrub,species,,,0.2,0.02,0.4,0.4,0.05,0.4,0.04,0.05,0.06,0.04,1.6,0.24,0.7,0.4,1,0.1,0.2,0.04,1.6,0.5,0.8,0.3,0.4
Lycopersicon,NoData,tomato,Lycopersicon,Solanaceae,Crop,genus,,,4,0.02,0.12,0.12,0.06,0.06,0.04,0.05,0.06,0.04,1.6,0.24,0.7,0.4,1,0.1,0.2,0.04,1.6,0.5,0.8,0.3,0.4
Lycopersicon esculatum,NoData,,Lycopersicon,Solanaceae,Unknown,species,,,4,0.02,0.12,0.12,0.06,0.06,0.04,0.05,0.06,0.04,1.6,0.24,0.7,0.4,1,0.1,0.2,0.04,1.6,0.5,0.8,0.3,0.4
Lycopersicon lycopersicon,NoData,,Lycopersicon,Solanaceae,Unknown,species,,,4,0.02,0.12,0.12,0.06,0.06,0.04,0.05,0.06,0.04,1.6,0.24,0.7,0.4,1,0.1,0.2,0.04,1.6,0.5,0.8,0.3,0.4
Lycopersicon lycopersicum,NoData,,Lycopersicon,Solanaceae,Unknown,species,,,4,0.02,0.12,0.12,0.06,0.06,0.04,0.05,0.06,0.04,1.6,0.24,0.7,0.4,1,0.1,0.2,0.04,1.6,0.5,0.8,0.3,0.4
Lycopus,NoData,,TBD,TBD,TBD,genus,,LF CTCOG,4,0.02,0.12,0.12,0.06,0.06,0.04,0.05,0.06,0.04,1.6,0.24,0.7,0.4,1,0.1,0.2,0.04,1.6,0.5,0.8,0.3,0.4
Lycurus,NoData,,TBD,TBD,TBD,genus,,LF CTCOG,4,0.02,0.12,0.12,0.06,0.06,0.04,0.05,0.06,0.04,1.6,0.24,0.7,0.4,1,0.1,0.2,0.04,1.6,0.5,0.8,0.3,0.4
Lymostachys,NoData,,TBD,TBD,TBD,genus,,LF CTCOG,4,0.02,0.12,0.12,0.06,0.06,0.04,0.05,0.06,0.04,1.6,0.24,0.7,0.4,1,0.1,0.2,0.04,1.6,0.5,0.8,0.3,0.4
Lyonia,NoData,,Lyonia,Ericaceae,Unknown,genus,,,4,0.02,0.12,0.12,0.06,0.06,0.04,0.05,0.06,0.04,1.6,0.24,0.7,0.4,1,0.1,0.2,0.04,1.6,0.5,0.8,0.3,0.4
Lyonia ovalifolia,NoData,,Lyonia,Ericaceae,Unknown,species,,,4,0.02,0.12,0.12,0.06,0.06,0.04,0.05,0.06,0.04,1.6,0.24,0.7,0.4,1,0.1,0.2,0.04,1.6,0.5,0.8,0.3,0.4
Lyonothamnus,NoData,,Lyonothamnus,Rosaceae,Btr,genus,,,4,0.02,0.12,0.12,0.06,0.06,0.04,0.05,0.06,0.04,1.6,0.24,0.7,0.4,1,0.1,0.2,0.04,1.6,0.5,0.8,0.3,0.4
Lyonothamnus floribundus,NoData,Catalina ironwood,Lyonothamnus,Rosaceae,Btr,species,,,4,0.02,0.12,0.12,0.06,0.06,0.04,0.05,0.06,0.04,1.6,0.24,0.7,0.4,1,0.1,0.2,0.04,1.6,0.5,0.8,0.3,0.4
Lysiloma,Fagus,false tamarind,Lysiloma,Fabaceae,Btr,genus,,,0.2,0.02,0.2,0.2,0.1,0.2,0.04,0.05,0.06,0.04,1.6,0.24,0.7,0.4,1,0.1,0.2,0.04,1.6,0.5,0.8,0.3,0.4
Lysiloma microphylla,NoData,,Lysiloma,Fabaceae,Btr,species,,,4,0.02,0.12,0.12,0.06,0.06,0.04,0.05,0.06,0.04,1.6,0.24,0.7,0.4,1,0.1,0.2,0.04,1.6,0.5,0.8,0.3,0.4
Lysiloma microphyllum,NoData,,Lysiloma,Fabaceae,Btr,species,,,4,0.02,0.12,0.12,0.06,0.06,0.04,0.05,0.06,0.04,1.6,0.24,0.7,0.4,1,0.1,0.2,0.04,1.6,0.5,0.8,0.3,0.4
Lysiloma watsonii,NoData,littleleaf false tamarind,Lysiloma,Fabaceae,Btr,species,,,4,0.02,0.12,0.12,0.06,0.06,0.04,0.05,0.06,0.04,1.6,0.24,0.7,0.4,1,0.1,0.2,0.04,1.6,0.5,0.8,0.3,0.4
Lythrum,NoData,,Lythrum,TBD,Shrub,genus,from LFRDB,,4,0.02,0.12,0.12,0.06,0.06,0.04,0.05,0.06,0.04,1.6,0.24,0.7,0.4,1,0.1,0.2,0.04,1.6,0.5,0.8,0.3,0.4
Maackia,NoData,,Maackia,Fabaceae,Unknown,genus,,,4,0.02,0.12,0.12,0.06,0.06,0.04,0.05,0.06,0.04,1.6,0.24,0.7,0.4,1,0.1,0.2,0.04,1.6,0.5,0.8,0.3,0.4
Maackia amurensis,NoData,Amur maackia,Maackia,Fabaceae,Unknown,species,,,4,0.02,0.12,0.12,0.06,0.06,0.04,0.05,0.06,0.04,1.6,0.24,0.7,0.4,1,0.1,0.2,0.04,1.6,0.5,0.8,0.3,0.4
Maackia chinensis,NoData,,Maackia,Fabaceae,Unknown,species,,,4,0.02,0.12,0.12,0.06,0.06,0.04,0.05,0.06,0.04,1.6,0.24,0.7,0.4,1,0.1,0.2,0.04,1.6,0.5,0.8,0.3,0.4
Mabea,NoData,,Mabea,TBD,Unknown,genus,,,4,0.02,0.12,0.12,0.06,0.06,0.04,0.05,0.06,0.04,1.6,0.24,0.7,0.4,1,0.1,0.2,0.04,1.6,0.5,0.8,0.3,0.4
Macadamia,NoData,,Macadamia,Proteaceae,Btr,genus,,,4,0.02,0.12,0.12,0.06,0.06,0.04,0.05,0.06,0.04,1.6,0.24,0.7,0.4,1,0.1,0.2,0.04,1.6,0.5,0.8,0.3,0.4
Macadamia integrifolia,NoData,macadamia nut,Macadamia,Proteaceae,Btr,species,,,4,0.02,0.12,0.12,0.06,0.06,0.04,0.05,0.06,0.04,1.6,0.24,0.7,0.4,1,0.1,0.2,0.04,1.6,0.5,0.8,0.3,0.4
Macadamia ternifolia,NoData,,Macadamia,Proteaceae,Unknown,species,,,4,0.02,0.12,0.12,0.06,0.06,0.04,0.05,0.06,0.04,1.6,0.24,0.7,0.4,1,0.1,0.2,0.04,1.6,0.5,0.8,0.3,0.4
Macadamia tetraphylla,NoData,macadamia nut,Macadamia,Proteaceae,Unknown,species,,,4,0.02,0.12,0.12,0.06,0.06,0.04,0.05,0.06,0.04,1.6,0.24,0.7,0.4,1,0.1,0.2,0.04,1.6,0.5,0.8,0.3,0.4
Macaranga,NoData,,Macaranga,Euphorbiaceae,Unknown,genus,,,4,0.02,0.12,0.12,0.06,0.06,0.04,0.05,0.06,0.04,1.6,0.24,0.7,0.4,1,0.1,0.2,0.04,1.6,0.5,0.8,0.3,0.4
Macaranga barteri,NoData,,Macaranga,Euphorbiaceae,Unknown,species,,,4,0.02,0.12,0.12,0.06,0.06,0.04,0.05,0.06,0.04,1.6,0.24,0.7,0.4,1,0.1,0.2,0.04,1.6,0.5,0.8,0.3,0.4
Macaranga triloba,NoData,,Macaranga,Euphorbiaceae,Unknown,species,,,4,0.02,0.12,0.12,0.06,0.06,0.04,0.05,0.06,0.04,1.6,0.24,0.7,0.4,1,0.1,0.2,0.04,1.6,0.5,0.8,0.3,0.4
Macaraunga,NoData,,Macaraunga,TBD,Unknown,genus,,,4,0.02,0.12,0.12,0.06,0.06,0.04,0.05,0.06,0.04,1.6,0.24,0.7,0.4,1,0.1,0.2,0.04,1.6,0.5,0.8,0.3,0.4
Macaraunga barbatus,NoData,,Macaraunga,TBD,Unknown,species,,,4,0.02,0.12,0.12,0.06,0.06,0.04,0.05,0.06,0.04,1.6,0.24,0.7,0.4,1,0.1,0.2,0.04,1.6,0.5,0.8,0.3,0.4
Macaraunga denticulata,NoData,,Macaraunga,TBD,Unknown,species,,,4,0.02,0.12,0.12,0.06,0.06,0.04,0.05,0.06,0.04,1.6,0.24,0.7,0.4,1,0.1,0.2,0.04,1.6,0.5,0.8,0.3,0.4
Macaraunga indica,NoData,,Macaraunga,TBD,Unknown,species,,,4,0.02,0.12,0.12,0.06,0.06,0.04,0.05,0.06,0.04,1.6,0.24,0.7,0.4,1,0.1,0.2,0.04,1.6,0.5,0.8,0.3,0.4
Macaraunga macrostachys,NoData,,Macaraunga,TBD,Unknown,species,,,4,0.02,0.12,0.12,0.06,0.06,0.04,0.05,0.06,0.04,1.6,0.24,0.7,0.4,1,0.1,0.2,0.04,1.6,0.5,0.8,0.3,0.4
Macaraunga paniculatus,NoData,,Macaraunga,TBD,Unknown,species,,,4,0.02,0.12,0.12,0.06,0.06,0.04,0.05,0.06,0.04,1.6,0.24,0.7,0.4,1,0.1,0.2,0.04,1.6,0.5,0.8,0.3,0.4
Macaraunga philipinensis,NoData,,Macaraunga,TBD,Unknown,species,,,4,0.02,0.12,0.12,0.06,0.06,0.04,0.05,0.06,0.04,1.6,0.24,0.7,0.4,1,0.1,0.2,0.04,1.6,0.5,0.8,0.3,0.4
Macaraunga triloba,NoData,,Macaraunga,TBD,Unknown,species,,,4,0.02,0.12,0.12,0.06,0.06,0.04,0.05,0.06,0.04,1.6,0.24,0.7,0.4,1,0.1,0.2,0.04,1.6,0.5,0.8,0.3,0.4
Macfadyena,NoData,,Macfadyena,Bignoniaceae,Shrub,genus,,,4,0.02,0.12,0.12,0.06,0.06,0.04,0.05,0.06,0.04,1.6,0.24,0.7,0.4,1,0.1,0.2,0.04,1.6,0.5,0.8,0.3,0.4
Macfadyena unguis-cati,NoData,catclawvine,Macfadyena,Bignoniaceae,Shrub,species,,,4,0.02,0.12,0.12,0.06,0.06,0.04,0.05,0.06,0.04,1.6,0.24,0.7,0.4,1,0.1,0.2,0.04,1.6,0.5,0.8,0.3,0.4
Mackaya,NoData,,Mackaya,TBD,Unknown,genus,,,4,0.02,0.12,0.12,0.06,0.06,0.04,0.05,0.06,0.04,1.6,0.24,0.7,0.4,1,0.1,0.2,0.04,1.6,0.5,0.8,0.3,0.4
Mackaya bella,NoData,,Mackaya,TBD,Unknown,species,,,4,0.02,0.12,0.12,0.06,0.06,0.04,0.05,0.06,0.04,1.6,0.24,0.7,0.4,1,0.1,0.2,0.04,1.6,0.5,0.8,0.3,0.4
Maclura,Yucca,,Maclura,Moraceae,Btr,genus,,,0.2,0.02,0.2,0.2,0.1,0.1,0.04,0.05,0.06,0.04,1.6,0.24,0.7,0.4,1,0.1,0.2,0.04,1.6,0.5,0.8,0.3,0.4
Maclura pomifera,Yucca,osage orange,Maclura,Moraceae,Btr,species,,,0.2,0.02,0.2,0.2,0.1,0.1,0.04,0.05,0.06,0.04,1.6,0.24,0.7,0.4,1,0.1,0.2,0.04,1.6,0.5,0.8,0.3,0.4
Maclura tinctoria,Yucca,fustictree,Maclura,Moraceae,Btr,species,,,0.2,0.02,0.2,0.2,0.1,0.1,0.04,0.05,0.06,0.04,1.6,0.24,0.7,0.4,1,0.1,0.2,0.04,1.6,0.5,0.8,0.3,0.4
Macrolobium,NoData,,Macrolobium,TBD,Unknown,genus,,,4,0.02,0.12,0.12,0.06,0.06,0.04,0.05,0.06,0.04,1.6,0.24,0.7,0.4,1,0.1,0.2,0.04,1.6,0.5,0.8,0.3,0.4
Macrolobium arenarium,NoData,,Macrolobium,TBD,Unknown,species,,,4,0.02,0.12,0.12,0.06,0.06,0.04,0.05,0.06,0.04,1.6,0.24,0.7,0.4,1,0.1,0.2,0.04,1.6,0.5,0.8,0.3,0.4
Macropanax,NoData,,Macropanax,TBD,Unknown,genus,,,4,0.02,0.12,0.12,0.06,0.06,0.04,0.05,0.06,0.04,1.6,0.24,0.7,0.4,1,0.1,0.2,0.04,1.6,0.5,0.8,0.3,0.4
Macropanax chienii,NoData,,Macropanax,TBD,Unknown,species,,,4,0.02,0.12,0.12,0.06,0.06,0.04,0.05,0.06,0.04,1.6,0.24,0.7,0.4,1,0.1,0.2,0.04,1.6,0.5,0.8,0.3,0.4
Macropanax dispermus,NoData,,Macropanax,TBD,Unknown,species,,,4,0.02,0.12,0.12,0.06,0.06,0.04,0.05,0.06,0.04,1.6,0.24,0.7,0.4,1,0.1,0.2,0.04,1.6,0.5,0.8,0.3,0.4
Macrosiphonia,NoData,,Macrosiphonia,TBD,Shrub,genus,from LFRDB,,4,0.02,0.12,0.12,0.06,0.06,0.04,0.05,0.06,0.04,1.6,0.24,0.7,0.4,1,0.1,0.2,0.04,1.6,0.5,0.8,0.3,0.4
Macrozamia,NoData,macrozamia,Macrozamia,Zamiaceae,Btr,genus,,,4,0.02,0.12,0.12,0.06,0.06,0.04,0.05,0.06,0.04,1.6,0.24,0.7,0.4,1,0.1,0.2,0.04,1.6,0.5,0.8,0.3,0.4
Maesopsis,NoData,,Maesopsis,Rhamnaceae,Btr,genus,,,4,0.02,0.12,0.12,0.06,0.06,0.04,0.05,0.06,0.04,1.6,0.24,0.7,0.4,1,0.1,0.2,0.04,1.6,0.5,0.8,0.3,0.4
Maesopsis eminii,NoData,umbrella-tree,Maesopsis,Rhamnaceae,Btr,species,,,4,0.02,0.12,0.12,0.06,0.06,0.04,0.05,0.06,0.04,1.6,0.24,0.7,0.4,1,0.1,0.2,0.04,1.6,0.5,0.8,0.3,0.4
Magnolia,Magnolia,magnolia,Magnolia,Magnoliaceae,Btr,genus,,,0.05,0.02,0.2,0.02,0.2,0.2,0.02,0.05,0.01,0.02,1.6,0.24,0.7,0.4,1,0.1,0.2,0.04,1.6,0.5,0.8,0.3,0.4
Magnolia acuminata,Magnolia,cucumber-tree,Magnolia,Magnoliaceae,Btr,species,,,0.05,0.02,0.2,0.02,0.2,0.2,0.02,0.05,0.01,0.02,1.6,0.24,0.7,0.4,1,0.1,0.2,0.04,1.6,0.5,0.8,0.3,0.4
Magnolia champaca,Magnolia,,Magnolia,Magnoliaceae,Btr,species,,,0.05,0.02,0.2,0.02,0.2,0.2,0.02,0.05,0.01,0.02,1.6,0.24,0.7,0.4,1,0.1,0.2,0.04,1.6,0.5,0.8,0.3,0.4
magnolia communis,Magnolia,,magnolia,Magnoliaceae,Unknown,species,,,0.05,0.02,0.2,0.02,0.2,0.2,0.02,0.05,0.01,0.02,1.6,0.24,0.7,0.4,1,0.1,0.2,0.04,1.6,0.5,0.8,0.3,0.4
Magnolia fraseri,Magnolia,mountain magnolia,Magnolia,Magnoliaceae,Btr,species,,,0.05,0.02,0.2,0.02,0.2,0.2,0.02,0.05,0.01,0.02,1.6,0.24,0.7,0.4,1,0.1,0.2,0.04,1.6,0.5,0.8,0.3,0.4
Magnolia grandiflora,Magnolia,southern magnolia,Magnolia,Magnoliaceae,Btr,species,,,0.05,0.02,0.2,0.02,0.2,0.2,0.02,0.05,0.01,0.02,1.6,0.24,0.7,0.4,1,0.1,0.2,0.04,1.6,0.5,0.8,0.3,0.4
Magnolia hodgsonii,Magnolia,,Magnolia,Magnoliaceae,Btr,species,,,0.05,0.02,0.2,0.02,0.2,0.2,0.02,0.05,0.01,0.02,1.6,0.24,0.7,0.4,1,0.1,0.2,0.04,1.6,0.5,0.8,0.3,0.4
Magnolia macrophylla,Magnolia,bigleaf magnolia,Magnolia,Magnoliaceae,Btr,species,,,0.05,0.02,0.2,0.02,0.2,0.2,0.02,0.05,0.01,0.02,1.6,0.24,0.7,0.4,1,0.1,0.2,0.04,1.6,0.5,0.8,0.3,0.4
Magnolia soulangeana,Magnolia,,Magnolia,Magnoliaceae,Unknown,species,,,0.05,0.02,0.2,0.02,0.2,0.2,0.02,0.05,0.01,0.02,1.6,0.24,0.7,0.4,1,0.1,0.2,0.04,1.6,0.5,0.8,0.3,0.4
Magnolia soulangiana,Magnolia,Chinese magnolia,Magnolia,Magnoliaceae,Btr,species,,,0.05,0.02,0.2,0.02,0.2,0.2,0.02,0.05,0.01,0.02,1.6,0.24,0.7,0.4,1,0.1,0.2,0.04,1.6,0.5,0.8,0.3,0.4
Magnolia stellata,Magnolia,star magnolia,Magnolia,Magnoliaceae,Btr,species,,,0.05,0.02,0.2,0.02,0.2,0.2,0.02,0.05,0.01,0.02,1.6,0.24,0.7,0.4,1,0.1,0.2,0.04,1.6,0.5,0.8,0.3,0.4
Magnolia virginiana,Magnolia,sweetbay,Magnolia,Magnoliaceae,Btr,species,,,0.05,0.02,0.2,0.02,0.2,0.2,0.02,0.05,0.01,0.02,1.6,0.24,0.7,0.4,1,0.1,0.2,0.04,1.6,0.5,0.8,0.3,0.4
Magnoliaceae,Magnolia,,Magnoliaceae,Magnoliaceae,Unknown,family,,,0.05,0.02,0.2,0.02,0.2,0.2,0.02,0.05,0.01,0.02,1.6,0.24,0.7,0.4,1,0.1,0.2,0.04,1.6,0.5,0.8,0.3,0.4
Mahonia,NoData,barberry,Mahonia,Berberidaceae,Shrub,genus,,,4,0.02,0.12,0.12,0.06,0.06,0.04,0.05,0.06,0.04,1.6,0.24,0.7,0.4,1,0.1,0.2,0.04,1.6,0.5,0.8,0.3,0.4
Mahonia aquifolium,NoData,hollyleaved barberry,Mahonia,Berberidaceae,Shrub,species,,,4,0.02,0.12,0.12,0.06,0.06,0.04,0.05,0.06,0.04,1.6,0.24,0.7,0.4,1,0.1,0.2,0.04,1.6,0.5,0.8,0.3,0.4
Mahonia converta,Arundo,,Mahonia,Berberidaceae,Unknown,species,,,8,0.02,0.4,0.4,0.2,0.2,0.04,0.05,0.06,0.04,1.6,0.24,0.7,0.4,1,0.1,0.2,0.04,1.6,0.5,0.8,0.3,0.4
Malacothamnus,NoData,,Malacothamnus,TBD,Shrub,genus,from LFRDB,,4,0.02,0.12,0.12,0.06,0.06,0.04,0.05,0.06,0.04,1.6,0.24,0.7,0.4,1,0.1,0.2,0.04,1.6,0.5,0.8,0.3,0.4
Malaleuca,NoData,,Malaleuca,TBD,Unknown,genus,,,4,0.02,0.12,0.12,0.06,0.06,0.04,0.05,0.06,0.04,1.6,0.24,0.7,0.4,1,0.1,0.2,0.04,1.6,0.5,0.8,0.3,0.4
Malaleuca leucadendron,NoData,,Malaleuca,TBD,Unknown,species,,,4,0.02,0.12,0.12,0.06,0.06,0.04,0.05,0.06,0.04,1.6,0.24,0.7,0.4,1,0.1,0.2,0.04,1.6,0.5,0.8,0.3,0.4
Malaleuca linariifolia,NoData,,Malaleuca,TBD,Unknown,species,,,4,0.02,0.12,0.12,0.06,0.06,0.04,0.05,0.06,0.04,1.6,0.24,0.7,0.4,1,0.1,0.2,0.04,1.6,0.5,0.8,0.3,0.4
Malaleuca quinquenervia,NoData,,Malaleuca,TBD,Unknown,species,,,4,0.02,0.12,0.12,0.06,0.06,0.04,0.05,0.06,0.04,1.6,0.24,0.7,0.4,1,0.1,0.2,0.04,1.6,0.5,0.8,0.3,0.4
Malephora,NoData,,Malephora,TBD,Shrub,genus,from LFRDB,,4,0.02,0.12,0.12,0.06,0.06,0.04,0.05,0.06,0.04,1.6,0.24,0.7,0.4,1,0.1,0.2,0.04,1.6,0.5,0.8,0.3,0.4
Mallotus,NoData,mallotus,Mallotus,Euphorbiaceae,Btr,genus,,,4,0.02,0.12,0.12,0.06,0.06,0.04,0.05,0.06,0.04,1.6,0.24,0.7,0.4,1,0.1,0.2,0.04,1.6,0.5,0.8,0.3,0.4
Mallotus oppositifolius,NoData,,Mallotus,Euphorbiaceae,Unknown,species,,,4,0.02,0.12,0.12,0.06,0.06,0.04,0.05,0.06,0.04,1.6,0.24,0.7,0.4,1,0.1,0.2,0.04,1.6,0.5,0.8,0.3,0.4
Mallotus paniculatis,NoData,,Mallotus,Euphorbiaceae,Unknown,species,,,4,0.02,0.12,0.12,0.06,0.06,0.04,0.05,0.06,0.04,1.6,0.24,0.7,0.4,1,0.1,0.2,0.04,1.6,0.5,0.8,0.3,0.4
Malosma,NoData,,Malosma,Anacardiaceae,Btr,genus,,,4,0.02,0.12,0.12,0.06,0.06,0.04,0.05,0.06,0.04,1.6,0.24,0.7,0.4,1,0.1,0.2,0.04,1.6,0.5,0.8,0.3,0.4
Malosma laurina,NoData,laurel sumac,Malosma,Anacardiaceae,Btr,species,,,4,0.02,0.12,0.12,0.06,0.06,0.04,0.05,0.06,0.04,1.6,0.24,0.7,0.4,1,0.1,0.2,0.04,1.6,0.5,0.8,0.3,0.4
Malouetia,NoData,,Malouetia,TBD,Unknown,genus,,,4,0.02,0.12,0.12,0.06,0.06,0.04,0.05,0.06,0.04,1.6,0.24,0.7,0.4,1,0.1,0.2,0.04,1.6,0.5,0.8,0.3,0.4
Malouetia heudelotii,NoData,,Malouetia,TBD,Unknown,species,,,4,0.02,0.12,0.12,0.06,0.06,0.04,0.05,0.06,0.04,1.6,0.24,0.7,0.4,1,0.1,0.2,0.04,1.6,0.5,0.8,0.3,0.4
Malpighiaceae,NoData,,Malpighiaceae,Malpighiaceae,Unknown,family,,,4,0.02,0.12,0.12,0.06,0.06,0.04,0.05,0.06,0.04,1.6,0.24,0.7,0.4,1,0.1,0.2,0.04,1.6,0.5,0.8,0.3,0.4
Malus,Malus,apple,Malus,Rosaceae,Btr,genus,,,0.2,0.02,0.05,0.4,0.05,0.05,0.04,0.05,0.06,0.04,1.6,0.24,0.7,0.4,1,0.1,0.2,0.04,1.6,0.5,0.8,0.3,0.4
Malus domestica,Malus,,Malus,Rosaceae,Unknown,species,,,0.2,0.02,0.05,0.4,0.05,0.05,0.04,0.05,0.06,0.04,1.6,0.24,0.7,0.4,1,0.1,0.2,0.04,1.6,0.5,0.8,0.3,0.4
Malus floribunda,Malus,Japanese flowering crab apple,Malus,Rosaceae,Btr,species,,,0.2,0.02,0.05,0.4,0.05,0.05,0.04,0.05,0.06,0.04,1.6,0.24,0.7,0.4,1,0.1,0.2,0.04,1.6,0.5,0.8,0.3,0.4
Malus ioensis,Malus,prairie crab apple,Malus,Rosaceae,Btr,species,,,0.2,0.02,0.05,0.4,0.05,0.05,0.04,0.05,0.06,0.04,1.6,0.24,0.7,0.4,1,0.1,0.2,0.04,1.6,0.5,0.8,0.3,0.4
Malus pumila,Malus,paradise apple,Malus,Rosaceae,Btr,species,,,0.2,0.02,0.05,0.4,0.05,0.05,0.04,0.05,0.06,0.04,1.6,0.24,0.7,0.4,1,0.1,0.2,0.04,1.6,0.5,0.8,0.3,0.4
Malus sylvestris,Malus,European crab apple,Malus,Rosaceae,Btr,species,,,0.2,0.02,0.05,0.4,0.05,0.05,0.04,0.05,0.06,0.04,1.6,0.24,0.7,0.4,1,0.1,0.2,0.04,1.6,0.5,0.8,0.3,0.4
Malva,NoData,,TBD,TBD,TBD,genus,,LF CTCOG,4,0.02,0.12,0.12,0.06,0.06,0.04,0.05,0.06,0.04,1.6,0.24,0.7,0.4,1,0.1,0.2,0.04,1.6,0.5,0.8,0.3,0.4
Malvaceae,NoData,,Malvaceae,Malvaceae,Unknown,family,,,4,0.02,0.12,0.12,0.06,0.06,0.04,0.05,0.06,0.04,1.6,0.24,0.7,0.4,1,0.1,0.2,0.04,1.6,0.5,0.8,0.3,0.4
Malvastrum,NoData,,Malvastrum,TBD,Shrub,genus,from LFRDB,,4,0.02,0.12,0.12,0.06,0.06,0.04,0.05,0.06,0.04,1.6,0.24,0.7,0.4,1,0.1,0.2,0.04,1.6,0.5,0.8,0.3,0.4
Malvaviscus,NoData,,Malvaviscus,Malvaceae,Shrub,genus,,,4,0.02,0.12,0.12,0.06,0.06,0.04,0.05,0.06,0.04,1.6,0.24,0.7,0.4,1,0.1,0.2,0.04,1.6,0.5,0.8,0.3,0.4
Malvaviscus arboreus,NoData,wax mallow,Malvaviscus,Malvaceae,Shrub,species,,,4,0.02,0.12,0.12,0.06,0.06,0.04,0.05,0.06,0.04,1.6,0.24,0.7,0.4,1,0.1,0.2,0.04,1.6,0.5,0.8,0.3,0.4
Malvella,NoData,,TBD,TBD,TBD,genus,,LF CTCOG,4,0.02,0.12,0.12,0.06,0.06,0.04,0.05,0.06,0.04,1.6,0.24,0.7,0.4,1,0.1,0.2,0.04,1.6,0.5,0.8,0.3,0.4
Mammillaria,NoData,,Mammillaria,TBD,Shrub,genus,from LFRDB,,4,0.02,0.12,0.12,0.06,0.06,0.04,0.05,0.06,0.04,1.6,0.24,0.7,0.4,1,0.1,0.2,0.04,1.6,0.5,0.8,0.3,0.4
Mangifera,Arundo,,Mangifera,Anacardiaceae,Btr,genus,,,8,0.02,0.4,0.4,0.2,0.2,0.04,0.05,0.06,0.04,1.6,0.24,0.7,0.4,1,0.1,0.2,0.04,1.6,0.5,0.8,0.3,0.4
Mangifera indica,Arundo,mango,Mangifera,Anacardiaceae,Btr,species,,,8,0.02,0.4,0.4,0.2,0.2,0.04,0.05,0.06,0.04,1.6,0.24,0.7,0.4,1,0.1,0.2,0.04,1.6,0.5,0.8,0.3,0.4
Mangifera sylvatica,Arundo,,Mangifera,Anacardiaceae,Unknown,species,,,8,0.02,0.4,0.4,0.2,0.2,0.04,0.05,0.06,0.04,1.6,0.24,0.7,0.4,1,0.1,0.2,0.04,1.6,0.5,0.8,0.3,0.4
Manglietia,NoData,,Manglietia,TBD,Unknown,genus,,,4,0.02,0.12,0.12,0.06,0.06,0.04,0.05,0.06,0.04,1.6,0.24,0.7,0.4,1,0.1,0.2,0.04,1.6,0.5,0.8,0.3,0.4
Manglietia insignis,NoData,,Manglietia,TBD,Unknown,species,,,4,0.02,0.12,0.12,0.06,0.06,0.04,0.05,0.06,0.04,1.6,0.24,0.7,0.4,1,0.1,0.2,0.04,1.6,0.5,0.8,0.3,0.4
Manglietia wangii,NoData,,Manglietia,TBD,Unknown,species,,,4,0.02,0.12,0.12,0.06,0.06,0.04,0.05,0.06,0.04,1.6,0.24,0.7,0.4,1,0.1,0.2,0.04,1.6,0.5,0.8,0.3,0.4
Manihot,NoData,,Manihot,Euphorbiaceae,Unknown,genus,,,4,0.02,0.12,0.12,0.06,0.06,0.04,0.05,0.06,0.04,1.6,0.24,0.7,0.4,1,0.1,0.2,0.04,1.6,0.5,0.8,0.3,0.4
Manihot ultissima,NoData,,Manihot,Euphorbiaceae,Unknown,species,,,4,0.02,0.12,0.12,0.06,0.06,0.04,0.05,0.06,0.04,1.6,0.24,0.7,0.4,1,0.1,0.2,0.04,1.6,0.5,0.8,0.3,0.4
Manilkara,NoData,,Manilkara,Sapotaceae,Unknown,genus,,,4,0.02,0.12,0.12,0.06,0.06,0.04,0.05,0.06,0.04,1.6,0.24,0.7,0.4,1,0.1,0.2,0.04,1.6,0.5,0.8,0.3,0.4
Manilkara amazonica,NoData,,Manilkara,Sapotaceae,Unknown,species,,,4,0.02,0.12,0.12,0.06,0.06,0.04,0.05,0.06,0.04,1.6,0.24,0.7,0.4,1,0.1,0.2,0.04,1.6,0.5,0.8,0.3,0.4
Manilkara bidentata,NoData,bulletwood,Manilkara,Sapotaceae,Btr,species,,,4,0.02,0.12,0.12,0.06,0.06,0.04,0.05,0.06,0.04,1.6,0.24,0.7,0.4,1,0.1,0.2,0.04,1.6,0.5,0.8,0.3,0.4
Manilkara fouilloyana,NoData,,Manilkara,Sapotaceae,Unknown,species,,,4,0.02,0.12,0.12,0.06,0.06,0.04,0.05,0.06,0.04,1.6,0.24,0.7,0.4,1,0.1,0.2,0.04,1.6,0.5,0.8,0.3,0.4
Manilkara letouzeyi,NoData,,Manilkara,Sapotaceae,Unknown,species,,,4,0.02,0.12,0.12,0.06,0.06,0.04,0.05,0.06,0.04,1.6,0.24,0.7,0.4,1,0.1,0.2,0.04,1.6,0.5,0.8,0.3,0.4
Manilkara mochisia,NoData,,Manilkara,Sapotaceae,Unknown,species,,,4,0.02,0.12,0.12,0.06,0.06,0.04,0.05,0.06,0.04,1.6,0.24,0.7,0.4,1,0.1,0.2,0.04,1.6,0.5,0.8,0.3,0.4
Manilkara zapota,NoData,sapodilla,Manilkara,Sapotaceae,Btr,species,,,4,0.02,0.12,0.12,0.06,0.06,0.04,0.05,0.06,0.04,1.6,0.24,0.7,0.4,1,0.1,0.2,0.04,1.6,0.5,0.8,0.3,0.4
Manniophyton,NoData,,Manniophyton,TBD,Unknown,genus,,,4,0.02,0.12,0.12,0.06,0.06,0.04,0.05,0.06,0.04,1.6,0.24,0.7,0.4,1,0.1,0.2,0.04,1.6,0.5,0.8,0.3,0.4
Manniophyton fulvum,NoData,,Manniophyton,TBD,Unknown,species,,,4,0.02,0.12,0.12,0.06,0.06,0.04,0.05,0.06,0.04,1.6,0.24,0.7,0.4,1,0.1,0.2,0.04,1.6,0.5,0.8,0.3,0.4
Mansonia,NoData,,Mansonia,TBD,Unknown,genus,,,4,0.02,0.12,0.12,0.06,0.06,0.04,0.05,0.06,0.04,1.6,0.24,0.7,0.4,1,0.1,0.2,0.04,1.6,0.5,0.8,0.3,0.4
Mansonia altissima,NoData,,Mansonia,TBD,Unknown,species,,,4,0.02,0.12,0.12,0.06,0.06,0.04,0.05,0.06,0.04,1.6,0.24,0.7,0.4,1,0.1,0.2,0.04,1.6,0.5,0.8,0.3,0.4
Marantochloa,NoData,,Marantochloa,Marantaceae,Unknown,genus,,,4,0.02,0.12,0.12,0.06,0.06,0.04,0.05,0.06,0.04,1.6,0.24,0.7,0.4,1,0.1,0.2,0.04,1.6,0.5,0.8,0.3,0.4
Marantochloa mannii,NoData,,Marantochloa,Marantaceae,Unknown,species,,,4,0.02,0.12,0.12,0.06,0.06,0.04,0.05,0.06,0.04,1.6,0.24,0.7,0.4,1,0.1,0.2,0.04,1.6,0.5,0.8,0.3,0.4
Marchantia,NoData,,Marchantia,TBD,Unknown,genus,,,4,0.02,0.12,0.12,0.06,0.06,0.04,0.05,0.06,0.04,1.6,0.24,0.7,0.4,1,0.1,0.2,0.04,1.6,0.5,0.8,0.3,0.4
Marchantia polymorpha,NoData,,Marchantia,TBD,Unknown,species,,,4,0.02,0.12,0.12,0.06,0.06,0.04,0.05,0.06,0.04,1.6,0.24,0.7,0.4,1,0.1,0.2,0.04,1.6,0.5,0.8,0.3,0.4
Marila,NoData,,Marila,TBD,Unknown,genus,,,4,0.02,0.12,0.12,0.06,0.06,0.04,0.05,0.06,0.04,1.6,0.24,0.7,0.4,1,0.1,0.2,0.04,1.6,0.5,0.8,0.3,0.4
Marila laxiflora,NoData,,Marila,TBD,Unknown,species,,,4,0.02,0.12,0.12,0.06,0.06,0.04,0.05,0.06,0.04,1.6,0.24,0.7,0.4,1,0.1,0.2,0.04,1.6,0.5,0.8,0.3,0.4
Mariosousa,CLMPFT4,mimosoid clade of the subfamily Caesalpinioideae,Mariosousa,Fabaceae,Btr,genus,,,8,0.02,0.3,0.3,0.1,0.16,0.04,0.05,0.06,0.04,1.6,0.24,0.7,0.4,1,0.1,0.2,0.04,1.6,0.5,0.8,0.3,0.4
Markhamia,NoData,,Markhamia,Bignoniaceae,Unknown,genus,,,4,0.02,0.12,0.12,0.06,0.06,0.04,0.05,0.06,0.04,1.6,0.24,0.7,0.4,1,0.1,0.2,0.04,1.6,0.5,0.8,0.3,0.4
Markhamia lutea,NoData,siala,Markhamia,Bignoniaceae,Unknown,species,,,4,0.02,0.12,0.12,0.06,0.06,0.04,0.05,0.06,0.04,1.6,0.24,0.7,0.4,1,0.1,0.2,0.04,1.6,0.5,0.8,0.3,0.4
Markhamia tomentosa,NoData,,Markhamia,Bignoniaceae,Unknown,species,,,4,0.02,0.12,0.12,0.06,0.06,0.04,0.05,0.06,0.04,1.6,0.24,0.7,0.4,1,0.1,0.2,0.04,1.6,0.5,0.8,0.3,0.4
Markhamia zanzibarica,NoData,,Markhamia,Bignoniaceae,Unknown,species,,,4,0.02,0.12,0.12,0.06,0.06,0.04,0.05,0.06,0.04,1.6,0.24,0.7,0.4,1,0.1,0.2,0.04,1.6,0.5,0.8,0.3,0.4
Marrubium,NoData,,TBD,TBD,TBD,genus,,LF CTCOG,4,0.02,0.12,0.12,0.06,0.06,0.04,0.05,0.06,0.04,1.6,0.24,0.7,0.4,1,0.1,0.2,0.04,1.6,0.5,0.8,0.3,0.4
Marsilea,NoData,waterclover,Marsilea,Marsileaceae,Herb,genus,,,4,0.02,0.12,0.12,0.06,0.06,0.04,0.05,0.06,0.04,1.6,0.24,0.7,0.4,1,0.1,0.2,0.04,1.6,0.5,0.8,0.3,0.4
Martynia,NoData,,TBD,TBD,TBD,genus,,LF CTCOG,4,0.02,0.12,0.12,0.06,0.06,0.04,0.05,0.06,0.04,1.6,0.24,0.7,0.4,1,0.1,0.2,0.04,1.6,0.5,0.8,0.3,0.4
Mattuccia,NoData,,Mattuccia,TBD,Unknown,genus,,,4,0.02,0.12,0.12,0.06,0.06,0.04,0.05,0.06,0.04,1.6,0.24,0.7,0.4,1,0.1,0.2,0.04,1.6,0.5,0.8,0.3,0.4
Mattuccia struthiopteris,NoData,,Mattuccia,TBD,Unknown,species,,,4,0.02,0.12,0.12,0.06,0.06,0.04,0.05,0.06,0.04,1.6,0.24,0.7,0.4,1,0.1,0.2,0.04,1.6,0.5,0.8,0.3,0.4
Mayodendron,NoData,,Mayodendron,TBD,Unknown,genus,,,4,0.02,0.12,0.12,0.06,0.06,0.04,0.05,0.06,0.04,1.6,0.24,0.7,0.4,1,0.1,0.2,0.04,1.6,0.5,0.8,0.3,0.4
Mayodendron igneum,NoData,,Mayodendron,TBD,Unknown,species,,,4,0.02,0.12,0.12,0.06,0.06,0.04,0.05,0.06,0.04,1.6,0.24,0.7,0.4,1,0.1,0.2,0.04,1.6,0.5,0.8,0.3,0.4
Maytenus,NoData,,Maytenus,Celastraceae,Btr,genus,,,4,0.02,0.12,0.12,0.06,0.06,0.04,0.05,0.06,0.04,1.6,0.24,0.7,0.4,1,0.1,0.2,0.04,1.6,0.5,0.8,0.3,0.4
Maytenus boaria,NoData,mayten,Maytenus,Celastraceae,Btr,species,,,4,0.02,0.12,0.12,0.06,0.06,0.04,0.05,0.06,0.04,1.6,0.24,0.7,0.4,1,0.1,0.2,0.04,1.6,0.5,0.8,0.3,0.4
Maytenus heterophylla,NoData,,Maytenus,Celastraceae,Unknown,species,,,4,0.02,0.12,0.12,0.06,0.06,0.04,0.05,0.06,0.04,1.6,0.24,0.7,0.4,1,0.1,0.2,0.04,1.6,0.5,0.8,0.3,0.4
Maytenus hookeri,NoData,,Maytenus,Celastraceae,Unknown,species,,,4,0.02,0.12,0.12,0.06,0.06,0.04,0.05,0.06,0.04,1.6,0.24,0.7,0.4,1,0.1,0.2,0.04,1.6,0.5,0.8,0.3,0.4
Maytenus undata,NoData,,Maytenus,Celastraceae,Unknown,species,,,4,0.02,0.12,0.12,0.06,0.06,0.04,0.05,0.06,0.04,1.6,0.24,0.7,0.4,1,0.1,0.2,0.04,1.6,0.5,0.8,0.3,0.4
Medicago,NoData,alfalfa,Medicago,Fabaceae,Crop,genus,,,4,0.02,0.12,0.12,0.06,0.06,0.04,0.05,0.06,0.04,1.6,0.24,0.7,0.4,1,0.1,0.2,0.04,1.6,0.5,0.8,0.3,0.4
Medicago sativa,NoData,alfalfa,Medicago,Fabaceae,Crop,species,,,4,0.02,0.12,0.12,0.06,0.06,0.04,0.05,0.06,0.04,1.6,0.24,0.7,0.4,1,0.1,0.2,0.04,1.6,0.5,0.8,0.3,0.4
Megaphrynium,NoData,,Megaphrynium,TBD,Unknown,genus,,,4,0.02,0.12,0.12,0.06,0.06,0.04,0.05,0.06,0.04,1.6,0.24,0.7,0.4,1,0.1,0.2,0.04,1.6,0.5,0.8,0.3,0.4
Megaphrynium macrostachyeum,NoData,,Megaphrynium,TBD,Unknown,species,,,4,0.02,0.12,0.12,0.06,0.06,0.04,0.05,0.06,0.04,1.6,0.24,0.7,0.4,1,0.1,0.2,0.04,1.6,0.5,0.8,0.3,0.4
Megathyrsus,NoData,,TBD,TBD,TBD,genus,,LF CTCOG,4,0.02,0.12,0.12,0.06,0.06,0.04,0.05,0.06,0.04,1.6,0.24,0.7,0.4,1,0.1,0.2,0.04,1.6,0.5,0.8,0.3,0.4
Melaleuca,Melaleuca,melaleuca,Melaleuca,Myrtaceae,Btr,genus,,,20,0.02,0.4,0.2,0.1,0.4,0.04,0.05,0.06,0.04,1.6,0.24,0.7,0.4,1,0.1,0.2,0.04,1.6,0.5,0.8,0.3,0.4
Melaleuca armillaris,Melaleuca,,Melaleuca,Myrtaceae,Btr,species,,,20,0.02,0.4,0.2,0.1,0.4,0.04,0.05,0.06,0.04,1.6,0.24,0.7,0.4,1,0.1,0.2,0.04,1.6,0.5,0.8,0.3,0.4
Melaleuca citrina,Melaleuca,,Melaleuca,Myrtaceae,Btr,species,,,20,0.02,0.4,0.2,0.1,0.4,0.04,0.05,0.06,0.04,1.6,0.24,0.7,0.4,1,0.1,0.2,0.04,1.6,0.5,0.8,0.3,0.4
Melaleuca decora,Melaleuca,melaleuca,Melaleuca,Myrtaceae,Btr,species,,,20,0.02,0.4,0.2,0.1,0.4,0.04,0.05,0.06,0.04,1.6,0.24,0.7,0.4,1,0.1,0.2,0.04,1.6,0.5,0.8,0.3,0.4
Melaleuca decussata,Melaleuca,melaleuca,Melaleuca,Myrtaceae,Btr,species,,,20,0.02,0.4,0.2,0.1,0.4,0.04,0.05,0.06,0.04,1.6,0.24,0.7,0.4,1,0.1,0.2,0.04,1.6,0.5,0.8,0.3,0.4
Melaleuca ericifolia,Melaleuca,swamp paperbark,Melaleuca,Myrtaceae,Unknown,species,,,20,0.02,0.4,0.2,0.1,0.4,0.04,0.05,0.06,0.04,1.6,0.24,0.7,0.4,1,0.1,0.2,0.04,1.6,0.5,0.8,0.3,0.4
Melaleuca leucadendra,Melaleuca,,Melaleuca,Myrtaceae,Btr,species,,,20,0.02,0.4,0.2,0.1,0.4,0.04,0.05,0.06,0.04,1.6,0.24,0.7,0.4,1,0.1,0.2,0.04,1.6,0.5,0.8,0.3,0.4
Melaleuca linariifolia,Melaleuca,cajeput tree,Melaleuca,Myrtaceae,Btr,species,,,20,0.02,0.4,0.2,0.1,0.4,0.04,0.05,0.06,0.04,1.6,0.24,0.7,0.4,1,0.1,0.2,0.04,1.6,0.5,0.8,0.3,0.4
Melaleuca nesophila,Melaleuca,,Melaleuca,Myrtaceae,Unknown,species,,,20,0.02,0.4,0.2,0.1,0.4,0.04,0.05,0.06,0.04,1.6,0.24,0.7,0.4,1,0.1,0.2,0.04,1.6,0.5,0.8,0.3,0.4
Melaleuca quinquenervia,Melaleuca,punktree,Melaleuca,Myrtaceae,Btr,species,,,20,0.02,0.4,0.2,0.1,0.4,0.04,0.05,0.06,0.04,1.6,0.24,0.7,0.4,1,0.1,0.2,0.04,1.6,0.5,0.8,0.3,0.4
Melaleuca styphelioides,Melaleuca,prickly-leaf teatree,Melaleuca,Myrtaceae,Unknown,species,,,20,0.02,0.4,0.2,0.1,0.4,0.04,0.05,0.06,0.04,1.6,0.24,0.7,0.4,1,0.1,0.2,0.04,1.6,0.5,0.8,0.3,0.4
Melaleuca viminalis,Melaleuca,,Melaleuca,Myrtaceae,Btr,species,,,20,0.02,0.4,0.2,0.1,0.4,0.04,0.05,0.06,0.04,1.6,0.24,0.7,0.4,1,0.1,0.2,0.04,1.6,0.5,0.8,0.3,0.4
Melia,Lagerstroemia,melia,Melia,Meliaceae,Btr,genus,,,0.05,0.02,0.005,0.01,0.005,0.01,0.01,0.05,0.02,0.01,1.6,0.24,0.7,0.4,1,0.1,0.2,0.04,1.6,0.5,0.8,0.3,0.4
Melia azedarach,Lagerstroemia,Chinaberrytree,Melia,Meliaceae,Btr,species,,,0.05,0.02,0.005,0.01,0.005,0.01,0.01,0.05,0.02,0.01,1.6,0.24,0.7,0.4,1,0.1,0.2,0.04,1.6,0.5,0.8,0.3,0.4
Melia toosenden,Lagerstroemia,,Melia,Meliaceae,Unknown,species,,,0.05,0.02,0.005,0.01,0.005,0.01,0.01,0.05,0.02,0.01,1.6,0.24,0.7,0.4,1,0.1,0.2,0.04,1.6,0.5,0.8,0.3,0.4
Meliaceae,Lagerstroemia,,Meliaceae,Meliaceae,Unknown,family,,,0.05,0.02,0.005,0.01,0.005,0.01,0.01,0.05,0.02,0.01,1.6,0.24,0.7,0.4,1,0.1,0.2,0.04,1.6,0.5,0.8,0.3,0.4
Melilotus,NoData,,TBD,TBD,TBD,genus,,LF CTCOG,4,0.02,0.12,0.12,0.06,0.06,0.04,0.05,0.06,0.04,1.6,0.24,0.7,0.4,1,0.1,0.2,0.04,1.6,0.5,0.8,0.3,0.4
Meliosma,NoData,meliosma,Meliosma,Sabiaceae,Btr,genus,,,4,0.02,0.12,0.12,0.06,0.06,0.04,0.05,0.06,0.04,1.6,0.24,0.7,0.4,1,0.1,0.2,0.04,1.6,0.5,0.8,0.3,0.4
Melochia,NoData,,Melochia,TBD,Shrub,genus,from LFRDB,,4,0.02,0.12,0.12,0.06,0.06,0.04,0.05,0.06,0.04,1.6,0.24,0.7,0.4,1,0.1,0.2,0.04,1.6,0.5,0.8,0.3,0.4
Menodora,NoData,,Menodora,TBD,Shrub,genus,from LFRDB,,4,0.02,0.12,0.12,0.06,0.06,0.04,0.05,0.06,0.04,1.6,0.24,0.7,0.4,1,0.1,0.2,0.04,1.6,0.5,0.8,0.3,0.4
Mentha,NoData,mint,Mentha,Lamiaceae,Herb,genus,,,4,0.02,0.12,0.12,0.06,0.06,0.04,0.05,0.06,0.04,1.6,0.24,0.7,0.4,1,0.1,0.2,0.04,1.6,0.5,0.8,0.3,0.4
Mentzelia,NoData,,TBD,TBD,TBD,genus,,LF CTCOG,4,0.02,0.12,0.12,0.06,0.06,0.04,0.05,0.06,0.04,1.6,0.24,0.7,0.4,1,0.1,0.2,0.04,1.6,0.5,0.8,0.3,0.4
Menziesia,NoData,,Menziesia,TBD,Shrub,genus,from LFRDB,,4,0.02,0.12,0.12,0.06,0.06,0.04,0.05,0.06,0.04,1.6,0.24,0.7,0.4,1,0.1,0.2,0.04,1.6,0.5,0.8,0.3,0.4
Mesembryanthemum,NoData,,Mesembryanthemum,TBD,Shrub,genus,from LFRDB,,4,0.02,0.12,0.12,0.06,0.06,0.04,0.05,0.06,0.04,1.6,0.24,0.7,0.4,1,0.1,0.2,0.04,1.6,0.5,0.8,0.3,0.4
Metasequoia,NoData,dawn redwood,Metasequoia,Cupressaceae,Ntr,genus,,,4,0.02,0.12,0.12,0.06,0.06,0.04,0.05,0.06,0.04,1.6,0.24,0.7,0.4,1,0.1,0.2,0.04,1.6,0.5,0.8,0.3,0.4
Metasequoia glyptostroboides,NoData,dawn redwood,Metasequoia,Cupressaceae,Ntr,species,,,4,0.02,0.12,0.12,0.06,0.06,0.04,0.05,0.06,0.04,1.6,0.24,0.7,0.4,1,0.1,0.2,0.04,1.6,0.5,0.8,0.3,0.4
Metopium,Metopium toxiferum,,Metopium,Anacardiaceae,Btr,genus,,,0.6,0.02,0.4,0.2,0.2,0.1,0.04,0.05,0.06,0.04,1.6,0.24,0.7,0.4,1,0.1,0.2,0.04,1.6,0.5,0.8,0.3,0.4
Metopium toxiferum,Metopium toxiferum,Florida poisontree,Metopium,Anacardiaceae,Btr,species,,,0.6,0.02,0.4,0.2,0.2,0.1,0.04,0.05,0.06,0.04,1.6,0.24,0.7,0.4,1,0.1,0.2,0.04,1.6,0.5,0.8,0.3,0.4
Metrosideros,Metrosideros,,Metrosideros,Myrtaceae,Btr,genus,,,24,0.02,0.02,0.005,0.02,0.005,0.02,0.05,0.005,0.001,1.6,0.24,0.7,0.4,1,0.1,0.2,0.04,1.6,0.5,0.8,0.3,0.4
Metrosideros collina,Metrosideros,,Metrosideros,Myrtaceae,Btr,species,,,24,0.02,0.02,0.005,0.02,0.005,0.02,0.05,0.005,0.001,1.6,0.24,0.7,0.4,1,0.1,0.2,0.04,1.6,0.5,0.8,0.3,0.4
Metrosideros excelsa,Metrosideros,,Metrosideros,Myrtaceae,Unknown,species,,,24,0.02,0.02,0.005,0.02,0.005,0.02,0.05,0.005,0.001,1.6,0.24,0.7,0.4,1,0.1,0.2,0.04,1.6,0.5,0.8,0.3,0.4
Metrosideros excelsus,Metrosideros,,Metrosideros,Myrtaceae,Btr,species,,,24,0.02,0.02,0.005,0.02,0.005,0.02,0.05,0.005,0.001,1.6,0.24,0.7,0.4,1,0.1,0.2,0.04,1.6,0.5,0.8,0.3,0.4
Metrosideros kermadecensis,Metrosideros,,Metrosideros,Myrtaceae,Unknown,species,,,24,0.02,0.02,0.005,0.02,0.005,0.02,0.05,0.005,0.001,1.6,0.24,0.7,0.4,1,0.1,0.2,0.04,1.6,0.5,0.8,0.3,0.4
Michelia,NoData,,Michelia,Magnoliaceae,Unknown,genus,,,4,0.02,0.12,0.12,0.06,0.06,0.04,0.05,0.06,0.04,1.6,0.24,0.7,0.4,1,0.1,0.2,0.04,1.6,0.5,0.8,0.3,0.4
Michelia champaca,NoData,michelia,Michelia,Magnoliaceae,Unknown,species,,,4,0.02,0.12,0.12,0.06,0.06,0.04,0.05,0.06,0.04,1.6,0.24,0.7,0.4,1,0.1,0.2,0.04,1.6,0.5,0.8,0.3,0.4
Michelia doltsopa,NoData,sweet michelia,Michelia,Magnoliaceae,Unknown,species,,,4,0.02,0.12,0.12,0.06,0.06,0.04,0.05,0.06,0.04,1.6,0.24,0.7,0.4,1,0.1,0.2,0.04,1.6,0.5,0.8,0.3,0.4
Miconia,NoData,johnnyberry,Miconia,Melastomataceae,Btr,genus,,,4,0.02,0.12,0.12,0.06,0.06,0.04,0.05,0.06,0.04,1.6,0.24,0.7,0.4,1,0.1,0.2,0.04,1.6,0.5,0.8,0.3,0.4
Miconia impetiolaris,NoData,camasey de costilla,Miconia,Melastomataceae,Btr,species,,,4,0.02,0.12,0.12,0.06,0.06,0.04,0.05,0.06,0.04,1.6,0.24,0.7,0.4,1,0.1,0.2,0.04,1.6,0.5,0.8,0.3,0.4
Microbiota,NoData,,Microbiota,TBD,Shrub,genus,,,4,0.02,0.12,0.12,0.06,0.06,0.04,0.05,0.06,0.04,1.6,0.24,0.7,0.4,1,0.1,0.2,0.04,1.6,0.5,0.8,0.3,0.4
Microcos,NoData,,Microcos,TBD,Unknown,genus,,,4,0.02,0.12,0.12,0.06,0.06,0.04,0.05,0.06,0.04,1.6,0.24,0.7,0.4,1,0.1,0.2,0.04,1.6,0.5,0.8,0.3,0.4
Microcos nervosa,NoData,,Microcos,TBD,Unknown,species,,,4,0.02,0.12,0.12,0.06,0.06,0.04,0.05,0.06,0.04,1.6,0.24,0.7,0.4,1,0.1,0.2,0.04,1.6,0.5,0.8,0.3,0.4
Mikania,NoData,,Mikania,Asteraceae,Unknown,genus,,,4,0.02,0.12,0.12,0.06,0.06,0.04,0.05,0.06,0.04,1.6,0.24,0.7,0.4,1,0.1,0.2,0.04,1.6,0.5,0.8,0.3,0.4
Mikania leiostachya,NoData,,Mikania,Asteraceae,Unknown,species,,,4,0.02,0.12,0.12,0.06,0.06,0.04,0.05,0.06,0.04,1.6,0.24,0.7,0.4,1,0.1,0.2,0.04,1.6,0.5,0.8,0.3,0.4
Milletia,NoData,,Milletia,TBD,Unknown,genus,,,4,0.02,0.12,0.12,0.06,0.06,0.04,0.05,0.06,0.04,1.6,0.24,0.7,0.4,1,0.1,0.2,0.04,1.6,0.5,0.8,0.3,0.4
Milletia leptobotrya,NoData,,Milletia,TBD,Unknown,species,,,4,0.02,0.12,0.12,0.06,0.06,0.04,0.05,0.06,0.04,1.6,0.24,0.7,0.4,1,0.1,0.2,0.04,1.6,0.5,0.8,0.3,0.4
Milletia pulchra,NoData,,Milletia,TBD,Unknown,species,,,4,0.02,0.12,0.12,0.06,0.06,0.04,0.05,0.06,0.04,1.6,0.24,0.7,0.4,1,0.1,0.2,0.04,1.6,0.5,0.8,0.3,0.4
Millettia,NoData,,Millettia,Fabaceae,Btr,genus,,,4,0.02,0.12,0.12,0.06,0.06,0.04,0.05,0.06,0.04,1.6,0.24,0.7,0.4,1,0.1,0.2,0.04,1.6,0.5,0.8,0.3,0.4
Millettia sanagana,NoData,,Millettia,Fabaceae,Unknown,species,,,4,0.02,0.12,0.12,0.06,0.06,0.04,0.05,0.06,0.04,1.6,0.24,0.7,0.4,1,0.1,0.2,0.04,1.6,0.5,0.8,0.3,0.4
Mimosa,Fagus,,Mimosa,Fabaceae,Unknown,genus,,,0.2,0.02,0.2,0.2,0.1,0.2,0.04,0.05,0.06,0.04,1.6,0.24,0.7,0.4,1,0.1,0.2,0.04,1.6,0.5,0.8,0.3,0.4
Mimosa biuncifera,Fagus,,Mimosa,Fabaceae,Unknown,species,,,0.2,0.02,0.2,0.2,0.1,0.2,0.04,0.05,0.06,0.04,1.6,0.24,0.7,0.4,1,0.1,0.2,0.04,1.6,0.5,0.8,0.3,0.4
Mimosa borealis,Fagus,fragrant mimosa,Mimosa,Fabaceae,Shrub,species,,,0.2,0.02,0.2,0.2,0.1,0.2,0.04,0.05,0.06,0.04,1.6,0.24,0.7,0.4,1,0.1,0.2,0.04,1.6,0.5,0.8,0.3,0.4
Mimosa microphylla,Fagus,littleleaf sensitive-briar,Mimosa,Fabaceae,Shrub,species,,,0.2,0.02,0.2,0.2,0.1,0.2,0.04,0.05,0.06,0.04,1.6,0.24,0.7,0.4,1,0.1,0.2,0.04,1.6,0.5,0.8,0.3,0.4
Mimosa pudica,NoData,shameplant,Mimosa,Fabaceae,Herb,species,,,4,0.02,0.12,0.12,0.06,0.06,0.04,0.05,0.06,0.04,1.6,0.24,0.7,0.4,1,0.1,0.2,0.04,1.6,0.5,0.8,0.3,0.4
Mirabilis,NoData,,Mirabilis,TBD,Shrub,genus,from LFRDB,,4,0.02,0.12,0.12,0.06,0.06,0.04,0.05,0.06,0.04,1.6,0.24,0.7,0.4,1,0.1,0.2,0.04,1.6,0.5,0.8,0.3,0.4
Miscanthus,NoData,silvergrass,Miscanthus,Poaceae,Herb,genus,,,4,0.02,0.12,0.12,0.06,0.06,0.04,0.05,0.06,0.04,1.6,0.24,0.7,0.4,1,0.1,0.2,0.04,1.6,0.5,0.8,0.3,0.4
Miscanthus x giganteus,NoData,giant miscanthus,Miscanthus,Poaceae,Herb,species,,,4,0.02,0.12,0.12,0.06,0.06,0.04,0.05,0.06,0.04,1.6,0.24,0.7,0.4,1,0.1,0.2,0.04,1.6,0.5,0.8,0.3,0.4
Mitrephora,NoData,,Mitrephora,TBD,Unknown,genus,,,4,0.02,0.12,0.12,0.06,0.06,0.04,0.05,0.06,0.04,1.6,0.24,0.7,0.4,1,0.1,0.2,0.04,1.6,0.5,0.8,0.3,0.4
Mitrephora wangii,NoData,,Mitrephora,TBD,Unknown,species,,,4,0.02,0.12,0.12,0.06,0.06,0.04,0.05,0.06,0.04,1.6,0.24,0.7,0.4,1,0.1,0.2,0.04,1.6,0.5,0.8,0.3,0.4
Molina,NoData,,Molina,TBD,Shrub,genus,from LFRDB,,4,0.02,0.12,0.12,0.06,0.06,0.04,0.05,0.06,0.04,1.6,0.24,0.7,0.4,1,0.1,0.2,0.04,1.6,0.5,0.8,0.3,0.4
Molinia,NoData,,Molinia,Poaceae,Herb,genus,,,4,0.02,0.12,0.12,0.06,0.06,0.04,0.05,0.06,0.04,1.6,0.24,0.7,0.4,1,0.1,0.2,0.04,1.6,0.5,0.8,0.3,0.4
Molinia caerulea,NoData,purple moorgrass,Molinia,Poaceae,Herb,species,,,4,0.02,0.12,0.12,0.06,0.06,0.04,0.05,0.06,0.04,1.6,0.24,0.7,0.4,1,0.1,0.2,0.04,1.6,0.5,0.8,0.3,0.4
Mollugo,NoData,,TBD,TBD,TBD,genus,,LF CTCOG,4,0.02,0.12,0.12,0.06,0.06,0.04,0.05,0.06,0.04,1.6,0.24,0.7,0.4,1,0.1,0.2,0.04,1.6,0.5,0.8,0.3,0.4
Momisia,NoData,,Momisia,TBD,Shrub,genus,from LFRDB,,4,0.02,0.12,0.12,0.06,0.06,0.04,0.05,0.06,0.04,1.6,0.24,0.7,0.4,1,0.1,0.2,0.04,1.6,0.5,0.8,0.3,0.4
Monardella,NoData,,Monardella,TBD,Shrub,genus,from LFRDB,,4,0.02,0.12,0.12,0.06,0.06,0.04,0.05,0.06,0.04,1.6,0.24,0.7,0.4,1,0.1,0.2,0.04,1.6,0.5,0.8,0.3,0.4
Monilistus,Populus,,Populus,Salicaceae,Btr,genus,,LF CTCOG,30,0.02,0.2,0.2,0.05,0.02,0.01,0.05,0.04,0.02,1.6,0.24,0.7,0.4,1,0.1,0.2,0.04,1.6,0.5,0.8,0.3,0.4
Monodora,NoData,,Monodora,Annonaceae,Unknown,genus,,,4,0.02,0.12,0.12,0.06,0.06,0.04,0.05,0.06,0.04,1.6,0.24,0.7,0.4,1,0.1,0.2,0.04,1.6,0.5,0.8,0.3,0.4
Monodora myristica,NoData,calabash nutmeg,Monodora,Annonaceae,Unknown,species,,,4,0.02,0.12,0.12,0.06,0.06,0.04,0.05,0.06,0.04,1.6,0.24,0.7,0.4,1,0.1,0.2,0.04,1.6,0.5,0.8,0.3,0.4
Montanoa,NoData,,Montanoa,Asteraceae,Btr,genus,,,4,0.02,0.12,0.12,0.06,0.06,0.04,0.05,0.06,0.04,1.6,0.24,0.7,0.4,1,0.1,0.2,0.04,1.6,0.5,0.8,0.3,0.4
Montanoa arborescens,NoData,montanoa,Montanoa,Asteraceae,Btr,species,,,4,0.02,0.12,0.12,0.06,0.06,0.04,0.05,0.06,0.04,1.6,0.24,0.7,0.4,1,0.1,0.2,0.04,1.6,0.5,0.8,0.3,0.4
Moraceae,NoData,,Moraceae,Moraceae,Unknown,family,,,4,0.02,0.12,0.12,0.06,0.06,0.04,0.05,0.06,0.04,1.6,0.24,0.7,0.4,1,0.1,0.2,0.04,1.6,0.5,0.8,0.3,0.4
Morella,Yucca,,Morella,Myricaceae,Btr,genus,,,0.2,0.02,0.2,0.2,0.1,0.1,0.04,0.05,0.06,0.04,1.6,0.24,0.7,0.4,1,0.1,0.2,0.04,1.6,0.5,0.8,0.3,0.4
Morella californica,Yucca,California wax myrtle,Morella,Myricaceae,Btr,species,,,0.2,0.02,0.2,0.2,0.1,0.1,0.04,0.05,0.06,0.04,1.6,0.24,0.7,0.4,1,0.1,0.2,0.04,1.6,0.5,0.8,0.3,0.4
Morinda,NoData,,Morinda,Rubiaceae,Unknown,genus,,,4,0.02,0.12,0.12,0.06,0.06,0.04,0.05,0.06,0.04,1.6,0.24,0.7,0.4,1,0.1,0.2,0.04,1.6,0.5,0.8,0.3,0.4
Morinda angustifolia,NoData,,Morinda,Rubiaceae,Unknown,species,,,4,0.02,0.12,0.12,0.06,0.06,0.04,0.05,0.06,0.04,1.6,0.24,0.7,0.4,1,0.1,0.2,0.04,1.6,0.5,0.8,0.3,0.4
Morinda lucida,NoData,,Morinda,Rubiaceae,Unknown,species,,,4,0.02,0.12,0.12,0.06,0.06,0.04,0.05,0.06,0.04,1.6,0.24,0.7,0.4,1,0.1,0.2,0.04,1.6,0.5,0.8,0.3,0.4
Moringa,GFBtr,,Moringa,Moringaceae,Btr,genus,,,10,0.02,0.3,0.3,0.1,0.16,0.04,0.05,0.06,0.04,1.6,0.24,0.7,0.4,1,0.1,0.2,0.04,1.6,0.5,0.8,0.3,0.4
Mortonia,NoData,,Mortonia,TBD,Shrub,genus,from LFRDB,,4,0.02,0.12,0.12,0.06,0.06,0.04,0.05,0.06,0.04,1.6,0.24,0.7,0.4,1,0.1,0.2,0.04,1.6,0.5,0.8,0.3,0.4
Morus,Morus,mulberry,Morus,Moraceae,Btr,genus,,,0.2,0.02,0.1,0.1,0.05,0.1,0.04,0.05,0.06,0.04,1.6,0.24,0.7,0.4,1,0.1,0.2,0.04,1.6,0.5,0.8,0.3,0.4
Morus alba,Morus,white mulberry,Morus,Moraceae,Btr,species,,,0.2,0.02,0.1,0.1,0.05,0.1,0.04,0.05,0.06,0.04,1.6,0.24,0.7,0.4,1,0.1,0.2,0.04,1.6,0.5,0.8,0.3,0.4
Morus cathayana,Morus,,Morus,Moraceae,Unknown,species,,,0.2,0.02,0.1,0.1,0.05,0.1,0.04,0.05,0.06,0.04,1.6,0.24,0.7,0.4,1,0.1,0.2,0.04,1.6,0.5,0.8,0.3,0.4
Morus macroura,Morus,,Morus,Moraceae,Unknown,species,,,0.2,0.02,0.1,0.1,0.05,0.1,0.04,0.05,0.06,0.04,1.6,0.24,0.7,0.4,1,0.1,0.2,0.04,1.6,0.5,0.8,0.3,0.4
Morus nigra,Morus,black mulberry,Morus,Moraceae,Btr,species,,,0.2,0.02,0.1,0.1,0.05,0.1,0.04,0.05,0.06,0.04,1.6,0.24,0.7,0.4,1,0.1,0.2,0.04,1.6,0.5,0.8,0.3,0.4
Morus rubra,Morus,red mulberry,Morus,Moraceae,Btr,species,,,0.2,0.02,0.1,0.1,0.05,0.1,0.04,0.05,0.06,0.04,1.6,0.24,0.7,0.4,1,0.1,0.2,0.04,1.6,0.5,0.8,0.3,0.4
Mucuna,Arundo,mucuna,Mucuna,Fabaceae,Shrub,genus,,,8,0.02,0.4,0.4,0.2,0.2,0.04,0.05,0.06,0.04,1.6,0.24,0.7,0.4,1,0.1,0.2,0.04,1.6,0.5,0.8,0.3,0.4
Mucuna pruriens,Arundo,cowitch,Mucuna,Fabaceae,Shrub,species,,,8,0.02,0.4,0.4,0.2,0.2,0.04,0.05,0.06,0.04,1.6,0.24,0.7,0.4,1,0.1,0.2,0.04,1.6,0.5,0.8,0.3,0.4
Muhlenbergia,NoData,,TBD,TBD,TBD,genus,,LF CTCOG,4,0.02,0.12,0.12,0.06,0.06,0.04,0.05,0.06,0.04,1.6,0.24,0.7,0.4,1,0.1,0.2,0.04,1.6,0.5,0.8,0.3,0.4
Mundulea,NoData,,Mundulea,TBD,Unknown,genus,,,4,0.02,0.12,0.12,0.06,0.06,0.04,0.05,0.06,0.04,1.6,0.24,0.7,0.4,1,0.1,0.2,0.04,1.6,0.5,0.8,0.3,0.4
Mundulea sericea,NoData,,Mundulea,TBD,Unknown,species,,,4,0.02,0.12,0.12,0.06,0.06,0.04,0.05,0.06,0.04,1.6,0.24,0.7,0.4,1,0.1,0.2,0.04,1.6,0.5,0.8,0.3,0.4
Murraya,NoData,,Murraya,Rutaceae,Btr,genus,,,4,0.02,0.12,0.12,0.06,0.06,0.04,0.05,0.06,0.04,1.6,0.24,0.7,0.4,1,0.1,0.2,0.04,1.6,0.5,0.8,0.3,0.4
Murraya paniculata,NoData,murraya,Murraya,Rutaceae,Btr,species,,,4,0.02,0.12,0.12,0.06,0.06,0.04,0.05,0.06,0.04,1.6,0.24,0.7,0.4,1,0.1,0.2,0.04,1.6,0.5,0.8,0.3,0.4
Musa,NoData,banana,Musa,Musaceae,Btr,genus,,,4,0.02,0.12,0.12,0.06,0.06,0.04,0.05,0.06,0.04,1.6,0.24,0.7,0.4,1,0.1,0.2,0.04,1.6,0.5,0.8,0.3,0.4
Musa acuminata,NoData,edible banana,Musa,Musaceae,Btr,species,,,4,0.02,0.12,0.12,0.06,0.06,0.04,0.05,0.06,0.04,1.6,0.24,0.7,0.4,1,0.1,0.2,0.04,1.6,0.5,0.8,0.3,0.4
Musa ensete,NoData,,Musa,Musaceae,Unknown,species,,,4,0.02,0.12,0.12,0.06,0.06,0.04,0.05,0.06,0.04,1.6,0.24,0.7,0.4,1,0.1,0.2,0.04,1.6,0.5,0.8,0.3,0.4
Musa sapientum,NoData,,Musa,Musaceae,Unknown,species,,,4,0.02,0.12,0.12,0.06,0.06,0.04,0.05,0.06,0.04,1.6,0.24,0.7,0.4,1,0.1,0.2,0.04,1.6,0.5,0.8,0.3,0.4
Musa x paradisiaca,NoData,French plantain,Musa,Musaceae,Btr,species,,,4,0.02,0.12,0.12,0.06,0.06,0.04,0.05,0.06,0.04,1.6,0.24,0.7,0.4,1,0.1,0.2,0.04,1.6,0.5,0.8,0.3,0.4
Musanga,NoData,,Musanga,Moraceae,Unknown,genus,,,4,0.02,0.12,0.12,0.06,0.06,0.04,0.05,0.06,0.04,1.6,0.24,0.7,0.4,1,0.1,0.2,0.04,1.6,0.5,0.8,0.3,0.4
Musanga cecropioides,NoData,,Musanga,Moraceae,Unknown,species,,,4,0.02,0.12,0.12,0.06,0.06,0.04,0.05,0.06,0.04,1.6,0.24,0.7,0.4,1,0.1,0.2,0.04,1.6,0.5,0.8,0.3,0.4
Myoporum,NoData,,Myoporum,Myoporaceae,Btr,genus,,,4,0.02,0.12,0.12,0.06,0.06,0.04,0.05,0.06,0.04,1.6,0.24,0.7,0.4,1,0.1,0.2,0.04,1.6,0.5,0.8,0.3,0.4
Myoporum laetum,NoData,ngaio tree,Myoporum,Myoporaceae,Btr,species,,,4,0.02,0.12,0.12,0.06,0.06,0.04,0.05,0.06,0.04,1.6,0.24,0.7,0.4,1,0.1,0.2,0.04,1.6,0.5,0.8,0.3,0.4
Myrcia,NoData,rodwood,Myrcia,Myrtaceae,Btr,genus,,,4,0.02,0.12,0.12,0.06,0.06,0.04,0.05,0.06,0.04,1.6,0.24,0.7,0.4,1,0.1,0.2,0.04,1.6,0.5,0.8,0.3,0.4
Myrcia suruata,NoData,,Myrcia,Myrtaceae,Unknown,species,,,4,0.02,0.12,0.12,0.06,0.06,0.04,0.05,0.06,0.04,1.6,0.24,0.7,0.4,1,0.1,0.2,0.04,1.6,0.5,0.8,0.3,0.4
Myrianthus,NoData,,Myrianthus,TBD,Unknown,genus,,,4,0.02,0.12,0.12,0.06,0.06,0.04,0.05,0.06,0.04,1.6,0.24,0.7,0.4,1,0.1,0.2,0.04,1.6,0.5,0.8,0.3,0.4
Myrianthus arboreus,NoData,,Myrianthus,TBD,Unknown,species,,,4,0.02,0.12,0.12,0.06,0.06,0.04,0.05,0.06,0.04,1.6,0.24,0.7,0.4,1,0.1,0.2,0.04,1.6,0.5,0.8,0.3,0.4
Myrica,Myrica,sweetgale,Myrica,Myricaceae,Shrub,genus,,,8,0.02,0.2,0.2,0.1,0.1,0.04,0.05,0.06,0.04,1.6,0.24,0.7,0.4,1,0.1,0.2,0.04,1.6,0.5,0.8,0.3,0.4
Myrica aspleniifolia,Myrica,,Myrica,Myricaceae,Unknown,species,,,8,0.02,0.2,0.2,0.1,0.1,0.04,0.05,0.06,0.04,1.6,0.24,0.7,0.4,1,0.1,0.2,0.04,1.6,0.5,0.8,0.3,0.4
Myrica californica,Myrica,,Myrica,Myricaceae,Unknown,species,,,8,0.02,0.2,0.2,0.1,0.1,0.04,0.05,0.06,0.04,1.6,0.24,0.7,0.4,1,0.1,0.2,0.04,1.6,0.5,0.8,0.3,0.4
Myrica cerifera,Myrica,,Myrica,Myricaceae,Unknown,species,,,8,0.02,0.2,0.2,0.1,0.1,0.04,0.05,0.06,0.04,1.6,0.24,0.7,0.4,1,0.1,0.2,0.04,1.6,0.5,0.8,0.3,0.4
Myrica mexicana,Myrica,,Myrica,Myricaceae,Unknown,species,,,8,0.02,0.2,0.2,0.1,0.1,0.04,0.05,0.06,0.04,1.6,0.24,0.7,0.4,1,0.1,0.2,0.04,1.6,0.5,0.8,0.3,0.4
Myrica pensylvanica,Myrica,,Myrica,Myricaceae,Unknown,species,,,8,0.02,0.2,0.2,0.1,0.1,0.04,0.05,0.06,0.04,1.6,0.24,0.7,0.4,1,0.1,0.2,0.04,1.6,0.5,0.8,0.3,0.4
Myricaceae,NoData,,Myricaceae,Myricaceae,Unknown,family,,,4,0.02,0.12,0.12,0.06,0.06,0.04,0.05,0.06,0.04,1.6,0.24,0.7,0.4,1,0.1,0.2,0.04,1.6,0.5,0.8,0.3,0.4
Myristica,NoData,,Myristica,Myristicaceae,Btr,genus,,,4,0.02,0.12,0.12,0.06,0.06,0.04,0.05,0.06,0.04,1.6,0.24,0.7,0.4,1,0.1,0.2,0.04,1.6,0.5,0.8,0.3,0.4
Myristica fragrans,NoData,nutmeg,Myristica,Myristicaceae,Btr,species,,,4,0.02,0.12,0.12,0.06,0.06,0.04,0.05,0.06,0.04,1.6,0.24,0.7,0.4,1,0.1,0.2,0.04,1.6,0.5,0.8,0.3,0.4
Myristica yunnanensis,NoData,,Myristica,Myristicaceae,Unknown,species,,,4,0.02,0.12,0.12,0.06,0.06,0.04,0.05,0.06,0.04,1.6,0.24,0.7,0.4,1,0.1,0.2,0.04,1.6,0.5,0.8,0.3,0.4
Myrsine,NoData,,Myrsine,Myrsinaceae,Unknown,genus,,,4,0.02,0.12,0.12,0.06,0.06,0.04,0.05,0.06,0.04,1.6,0.24,0.7,0.4,1,0.1,0.2,0.04,1.6,0.5,0.8,0.3,0.4
Myrsine africana,NoData,,Myrsine,Myrsinaceae,Unknown,species,,,4,0.02,0.12,0.12,0.06,0.06,0.04,0.05,0.06,0.04,1.6,0.24,0.7,0.4,1,0.1,0.2,0.04,1.6,0.5,0.8,0.3,0.4
Myrtaceae,NoData,,Myrtaceae,Myrtaceae,Unknown,family,,,4,0.02,0.12,0.12,0.06,0.06,0.04,0.05,0.06,0.04,1.6,0.24,0.7,0.4,1,0.1,0.2,0.04,1.6,0.5,0.8,0.3,0.4
Myrtica,NoData,,Myrtica,TBD,Unknown,genus,,,4,0.02,0.12,0.12,0.06,0.06,0.04,0.05,0.06,0.04,1.6,0.24,0.7,0.4,1,0.1,0.2,0.04,1.6,0.5,0.8,0.3,0.4
Myrtica cerifera,NoData,,Myrtica,TBD,Unknown,species,,,4,0.02,0.12,0.12,0.06,0.06,0.04,0.05,0.06,0.04,1.6,0.24,0.7,0.4,1,0.1,0.2,0.04,1.6,0.5,0.8,0.3,0.4
Myrtus,NoData,myrtus,Myrtus,Myrtaceae,Unknown,genus,,,4,0.02,0.12,0.12,0.06,0.06,0.04,0.05,0.06,0.04,1.6,0.24,0.7,0.4,1,0.1,0.2,0.04,1.6,0.5,0.8,0.3,0.4
Myrtus communis,NoData,myrtle,Myrtus,Myrtaceae,Unknown,species,,,4,0.02,0.12,0.12,0.06,0.06,0.04,0.05,0.06,0.04,1.6,0.24,0.7,0.4,1,0.1,0.2,0.04,1.6,0.5,0.8,0.3,0.4
Myrtus pedunculata,NoData,,Myrtus,Myrtaceae,Unknown,species,,,4,0.02,0.12,0.12,0.06,0.06,0.04,0.05,0.06,0.04,1.6,0.24,0.7,0.4,1,0.1,0.2,0.04,1.6,0.5,0.8,0.3,0.4
Nageia,NoData,,Nageia,Podocarpaceae,Btr,genus,,,4,0.02,0.12,0.12,0.06,0.06,0.04,0.05,0.06,0.04,1.6,0.24,0.7,0.4,1,0.1,0.2,0.04,1.6,0.5,0.8,0.3,0.4
Nageia nagi,NoData,,Nageia,Podocarpaceae,Btr,species,,,4,0.02,0.12,0.12,0.06,0.06,0.04,0.05,0.06,0.04,1.6,0.24,0.7,0.4,1,0.1,0.2,0.04,1.6,0.5,0.8,0.3,0.4
Nandina,Arundo,nandina,Nandina,Berberidaceae,Shrub,genus,,,8,0.02,0.4,0.4,0.2,0.2,0.04,0.05,0.06,0.04,1.6,0.24,0.7,0.4,1,0.1,0.2,0.04,1.6,0.5,0.8,0.3,0.4
Nandina domestica,Arundo,sacred bamboo,Nandina,Berberidaceae,Shrub,species,,,8,0.02,0.4,0.4,0.2,0.2,0.04,0.05,0.06,0.04,1.6,0.24,0.7,0.4,1,0.1,0.2,0.04,1.6,0.5,0.8,0.3,0.4
Nardus,NoData,,Nardus,Poaceae,Herb,genus,,,4,0.02,0.12,0.12,0.06,0.06,0.04,0.05,0.06,0.04,1.6,0.24,0.7,0.4,1,0.1,0.2,0.04,1.6,0.5,0.8,0.3,0.4
Nardus stricta,NoData,matgrass,Nardus,Poaceae,Herb,species,,,4,0.02,0.12,0.12,0.06,0.06,0.04,0.05,0.06,0.04,1.6,0.24,0.7,0.4,1,0.1,0.2,0.04,1.6,0.5,0.8,0.3,0.4
Nassella,NoData,,TBD,TBD,TBD,genus,,LF CTCOG,4,0.02,0.12,0.12,0.06,0.06,0.04,0.05,0.06,0.04,1.6,0.24,0.7,0.4,1,0.1,0.2,0.04,1.6,0.5,0.8,0.3,0.4
Nasturtium,NoData,,TBD,TBD,TBD,genus,,LF CTCOG,4,0.02,0.12,0.12,0.06,0.06,0.04,0.05,0.06,0.04,1.6,0.24,0.7,0.4,1,0.1,0.2,0.04,1.6,0.5,0.8,0.3,0.4
Nauclea,NoData,,Nauclea,TBD,Unknown,genus,,,4,0.02,0.12,0.12,0.06,0.06,0.04,0.05,0.06,0.04,1.6,0.24,0.7,0.4,1,0.1,0.2,0.04,1.6,0.5,0.8,0.3,0.4
Nauclea diderrichii,NoData,,Nauclea,TBD,Unknown,species,,,4,0.02,0.12,0.12,0.06,0.06,0.04,0.05,0.06,0.04,1.6,0.24,0.7,0.4,1,0.1,0.2,0.04,1.6,0.5,0.8,0.3,0.4
Nauclea latifolia,NoData,,Nauclea,TBD,Unknown,species,,,4,0.02,0.12,0.12,0.06,0.06,0.04,0.05,0.06,0.04,1.6,0.24,0.7,0.4,1,0.1,0.2,0.04,1.6,0.5,0.8,0.3,0.4
Neckera,NoData,,Neckera,TBD,Unknown,genus,,,4,0.02,0.12,0.12,0.06,0.06,0.04,0.05,0.06,0.04,1.6,0.24,0.7,0.4,1,0.1,0.2,0.04,1.6,0.5,0.8,0.3,0.4
Neckera pennata,NoData,,Neckera,TBD,Unknown,species,,,4,0.02,0.12,0.12,0.06,0.06,0.04,0.05,0.06,0.04,1.6,0.24,0.7,0.4,1,0.1,0.2,0.04,1.6,0.5,0.8,0.3,0.4
Nectandra,NoData,,Nectandra,Lauraceae,Unknown,genus,,,4,0.02,0.12,0.12,0.06,0.06,0.04,0.05,0.06,0.04,1.6,0.24,0.7,0.4,1,0.1,0.2,0.04,1.6,0.5,0.8,0.3,0.4
Nectandra purpurescens,NoData,,Nectandra,Lauraceae,Unknown,species,,,4,0.02,0.12,0.12,0.06,0.06,0.04,0.05,0.06,0.04,1.6,0.24,0.7,0.4,1,0.1,0.2,0.04,1.6,0.5,0.8,0.3,0.4
Negundo,Acer,Synonym of Acer,Acer,Sapindaceae,Btr,genus,from LFRDB,,0.1,0.02,0.3,0.1,0.05,0.3,0.05,0.05,0.001,0.001,1.6,0.24,0.7,0.4,1,0.1,0.2,0.04,1.6,0.5,0.8,0.3,0.4
Neocinnamomum,NoData,,Neocinnamomum,TBD,Unknown,genus,,,4,0.02,0.12,0.12,0.06,0.06,0.04,0.05,0.06,0.04,1.6,0.24,0.7,0.4,1,0.1,0.2,0.04,1.6,0.5,0.8,0.3,0.4
Neocinnamomum caudatum,NoData,,Neocinnamomum,TBD,Unknown,species,,,4,0.02,0.12,0.12,0.06,0.06,0.04,0.05,0.06,0.04,1.6,0.24,0.7,0.4,1,0.1,0.2,0.04,1.6,0.5,0.8,0.3,0.4
Nepeta,NoData,,TBD,TBD,TBD,genus,,LF CTCOG,4,0.02,0.12,0.12,0.06,0.06,0.04,0.05,0.06,0.04,1.6,0.24,0.7,0.4,1,0.1,0.2,0.04,1.6,0.5,0.8,0.3,0.4
Nephelium,NoData,,Nephelium,Sapindaceae,Unknown,genus,,,4,0.02,0.12,0.12,0.06,0.06,0.04,0.05,0.06,0.04,1.6,0.24,0.7,0.4,1,0.1,0.2,0.04,1.6,0.5,0.8,0.3,0.4
Nephelium chryseum,NoData,,Nephelium,Sapindaceae,Unknown,species,,,4,0.02,0.12,0.12,0.06,0.06,0.04,0.05,0.06,0.04,1.6,0.24,0.7,0.4,1,0.1,0.2,0.04,1.6,0.5,0.8,0.3,0.4
Nephelium mutabile,NoData,pulasan,Nephelium,Sapindaceae,Unknown,species,,,4,0.02,0.12,0.12,0.06,0.06,0.04,0.05,0.06,0.04,1.6,0.24,0.7,0.4,1,0.1,0.2,0.04,1.6,0.5,0.8,0.3,0.4
Nephrolepsis,NoData,,Nephrolepsis,TBD,Unknown,genus,,,4,0.02,0.12,0.12,0.06,0.06,0.04,0.05,0.06,0.04,1.6,0.24,0.7,0.4,1,0.1,0.2,0.04,1.6,0.5,0.8,0.3,0.4
Nephrolepsis exaltata,NoData,,Nephrolepsis,TBD,Unknown,species,,,4,0.02,0.12,0.12,0.06,0.06,0.04,0.05,0.06,0.04,1.6,0.24,0.7,0.4,1,0.1,0.2,0.04,1.6,0.5,0.8,0.3,0.4
Nerium,NoData,,Nerium,Apocynaceae,Btr,genus,,,4,0.02,0.12,0.12,0.06,0.06,0.04,0.05,0.06,0.04,1.6,0.24,0.7,0.4,1,0.1,0.2,0.04,1.6,0.5,0.8,0.3,0.4
Nerium oleander,NoData,oleander,Nerium,Apocynaceae,Btr,species,,,4,0.02,0.12,0.12,0.06,0.06,0.04,0.05,0.06,0.04,1.6,0.24,0.7,0.4,1,0.1,0.2,0.04,1.6,0.5,0.8,0.3,0.4
Nestronia,NoData,,Nestronia,TBD,Shrub,genus,from LFRDB,,4,0.02,0.12,0.12,0.06,0.06,0.04,0.05,0.06,0.04,1.6,0.24,0.7,0.4,1,0.1,0.2,0.04,1.6,0.5,0.8,0.3,0.4
Newbouldia,NoData,,Newbouldia,TBD,Unknown,genus,,,4,0.02,0.12,0.12,0.06,0.06,0.04,0.05,0.06,0.04,1.6,0.24,0.7,0.4,1,0.1,0.2,0.04,1.6,0.5,0.8,0.3,0.4
Newbouldia laevis,NoData,,Newbouldia,TBD,Unknown,species,,,4,0.02,0.12,0.12,0.06,0.06,0.04,0.05,0.06,0.04,1.6,0.24,0.7,0.4,1,0.1,0.2,0.04,1.6,0.5,0.8,0.3,0.4
Nicotania,NoData,Tobacco,TBD,TBD,TBD,species,,,4,0.02,0.12,0.12,0.06,0.06,0.04,0.05,0.06,0.04,1.6,0.24,0.7,0.4,1,0.1,0.2,0.04,1.6,0.5,0.8,0.3,0.4
Nicotiana,NoData,tobacco,Nicotiana,Solanaceae,Btr,genus,,,4,0.02,0.12,0.12,0.06,0.06,0.04,0.05,0.06,0.04,1.6,0.24,0.7,0.4,1,0.1,0.2,0.04,1.6,0.5,0.8,0.3,0.4
Nicotiana glauca,NoData,tree tobacco,Nicotiana,Solanaceae,Btr,species,,,4,0.02,0.12,0.12,0.06,0.06,0.04,0.05,0.06,0.04,1.6,0.24,0.7,0.4,1,0.1,0.2,0.04,1.6,0.5,0.8,0.3,0.4
Nicotiana tabacum,NoData,cultivated tobacco,Nicotiana,Solanaceae,Crop,species,,,4,0.02,0.12,0.12,0.06,0.06,0.04,0.05,0.06,0.04,1.6,0.24,0.7,0.4,1,0.1,0.2,0.04,1.6,0.5,0.8,0.3,0.4
Nolina,NoData,beargrass,Nolina,Liliaceae,Btr,genus,,,4,0.02,0.12,0.12,0.06,0.06,0.04,0.05,0.06,0.04,1.6,0.24,0.7,0.4,1,0.1,0.2,0.04,1.6,0.5,0.8,0.3,0.4
Nolina bigelovii,NoData,Bigelow's nolina,Nolina,Liliaceae,Btr,species,,,4,0.02,0.12,0.12,0.06,0.06,0.04,0.05,0.06,0.04,1.6,0.24,0.7,0.4,1,0.1,0.2,0.04,1.6,0.5,0.8,0.3,0.4
Nolina longifolia,NoData,,Nolina,Liliaceae,Shrub,species,,,4,0.02,0.12,0.12,0.06,0.06,0.04,0.05,0.06,0.04,1.6,0.24,0.7,0.4,1,0.1,0.2,0.04,1.6,0.5,0.8,0.3,0.4
Nolina recurvata,NoData,,Nolina,Liliaceae,Shrub,species,,,4,0.02,0.12,0.12,0.06,0.06,0.04,0.05,0.06,0.04,1.6,0.24,0.7,0.4,1,0.1,0.2,0.04,1.6,0.5,0.8,0.3,0.4
Nothofagus,NoData,,Nothofagus,Betulaceae,Unknown,genus,,,4,0.02,0.12,0.12,0.06,0.06,0.04,0.05,0.06,0.04,1.6,0.24,0.7,0.4,1,0.1,0.2,0.04,1.6,0.5,0.8,0.3,0.4
Nothofagus antarctica,NoData,,Nothofagus,Betulaceae,Unknown,species,,,4,0.02,0.12,0.12,0.06,0.06,0.04,0.05,0.06,0.04,1.6,0.24,0.7,0.4,1,0.1,0.2,0.04,1.6,0.5,0.8,0.3,0.4
Nothofagus cliffortoides,NoData,,Nothofagus,Betulaceae,Unknown,species,,,4,0.02,0.12,0.12,0.06,0.06,0.04,0.05,0.06,0.04,1.6,0.24,0.7,0.4,1,0.1,0.2,0.04,1.6,0.5,0.8,0.3,0.4
Nothofagus dombeyi,NoData,coigue,Nothofagus,Betulaceae,Unknown,species,,,4,0.02,0.12,0.12,0.06,0.06,0.04,0.05,0.06,0.04,1.6,0.24,0.7,0.4,1,0.1,0.2,0.04,1.6,0.5,0.8,0.3,0.4
Nothofagus procera,NoData,,Nothofagus,Betulaceae,Unknown,species,,,4,0.02,0.12,0.12,0.06,0.06,0.04,0.05,0.06,0.04,1.6,0.24,0.7,0.4,1,0.1,0.2,0.04,1.6,0.5,0.8,0.3,0.4
Notholithocarpus,Notholithocarpus,tanoak,Notholithocarpus,Fagaceae,Btr,genus,,,0.2,0.02,0.2,0.2,0.2,0.2,0.04,0.05,0.04,0.02,1.6,0.24,0.7,0.4,1,0.1,0.2,0.04,1.6,0.5,0.8,0.3,0.4
Nuphar,NoData,,TBD,TBD,TBD,genus,,LF CTCOG,4,0.02,0.12,0.12,0.06,0.06,0.04,0.05,0.06,0.04,1.6,0.24,0.7,0.4,1,0.1,0.2,0.04,1.6,0.5,0.8,0.3,0.4
Nuttallia,NoData,,Nuttallia,TBD,Shrub,genus,from LFRDB,,4,0.02,0.12,0.12,0.06,0.06,0.04,0.05,0.06,0.04,1.6,0.24,0.7,0.4,1,0.1,0.2,0.04,1.6,0.5,0.8,0.3,0.4
Nyssa,Nyssa,tupelo,Nyssa,Cornaceae,Btr,genus,,,30,0.02,0.1,0.1,0.1,0.1,0.04,0.05,0.06,0.04,1.6,0.24,0.7,0.4,1,0.1,0.2,0.04,1.6,0.5,0.8,0.3,0.4
Nyssa aquatica,Nyssa,water tupelo,Nyssa,Nyssaceae,Btr,species,,,30,0.02,0.1,0.1,0.1,0.1,0.04,0.05,0.06,0.04,1.6,0.24,0.7,0.4,1,0.1,0.2,0.04,1.6,0.5,0.8,0.3,0.4
Nyssa ogeche,Nyssa,Ogeechee tupelo,Nyssa,Nyssaceae,Btr,species,,,30,0.02,0.1,0.1,0.1,0.1,0.04,0.05,0.06,0.04,1.6,0.24,0.7,0.4,1,0.1,0.2,0.04,1.6,0.5,0.8,0.3,0.4
Nyssa sylvatica,Nyssa,blackgum,Nyssa,Cornaceae,Btr,species,,,30,0.02,0.1,0.1,0.1,0.1,0.04,0.05,0.06,0.04,1.6,0.24,0.7,0.4,1,0.1,0.2,0.04,1.6,0.5,0.8,0.3,0.4
Nyssa sylvatica var. biflora,Nyssa,,Nyssa,Nyssaceae,Btr,species,,,30,0.02,0.1,0.1,0.1,0.1,0.04,0.05,0.06,0.04,1.6,0.24,0.7,0.4,1,0.1,0.2,0.04,1.6,0.5,0.8,0.3,0.4
Ochna,NoData,,Ochna,Ochnaceae,Unknown,genus,,,4,0.02,0.12,0.12,0.06,0.06,0.04,0.05,0.06,0.04,1.6,0.24,0.7,0.4,1,0.1,0.2,0.04,1.6,0.5,0.8,0.3,0.4
Ochna natalita,NoData,,Ochna,Ochnaceae,Unknown,species,,,4,0.02,0.12,0.12,0.06,0.06,0.04,0.05,0.06,0.04,1.6,0.24,0.7,0.4,1,0.1,0.2,0.04,1.6,0.5,0.8,0.3,0.4
Ochna pulchra,NoData,,Ochna,Ochnaceae,Unknown,species,,,4,0.02,0.12,0.12,0.06,0.06,0.04,0.05,0.06,0.04,1.6,0.24,0.7,0.4,1,0.1,0.2,0.04,1.6,0.5,0.8,0.3,0.4
Ocotea,NoData,sweetwood,Ocotea,Lauraceae,Btr,genus,,,4,0.02,0.12,0.12,0.06,0.06,0.04,0.05,0.06,0.04,1.6,0.24,0.7,0.4,1,0.1,0.2,0.04,1.6,0.5,0.8,0.3,0.4
Odostemon,NoData,,Odostemon,TBD,Shrub,genus,from LFRDB,,4,0.02,0.12,0.12,0.06,0.06,0.04,0.05,0.06,0.04,1.6,0.24,0.7,0.4,1,0.1,0.2,0.04,1.6,0.5,0.8,0.3,0.4
Oemleria,Oemleria cerasiformis,,Oemleria,Rosaceae,Btr,genus,,,0.6,0.02,0.2,0.2,0.1,0.1,0.04,0.05,0.06,0.04,1.6,0.24,0.7,0.4,1,0.1,0.2,0.04,1.6,0.5,0.8,0.3,0.4
Oemleria cerasiformis,Oemleria cerasiformis,Indian plum,Oemleria,Rosaceae,Btr,species,,,0.6,0.02,0.2,0.2,0.1,0.1,0.04,0.05,0.06,0.04,1.6,0.24,0.7,0.4,1,0.1,0.2,0.04,1.6,0.5,0.8,0.3,0.4
Oenocarpus,NoData,,Oenocarpus,TBD,Unknown,genus,,,4,0.02,0.12,0.12,0.06,0.06,0.04,0.05,0.06,0.04,1.6,0.24,0.7,0.4,1,0.1,0.2,0.04,1.6,0.5,0.8,0.3,0.4
Oenocarpus bataua,NoData,,Oenocarpus,TBD,Unknown,species,,,4,0.02,0.12,0.12,0.06,0.06,0.04,0.05,0.06,0.04,1.6,0.24,0.7,0.4,1,0.1,0.2,0.04,1.6,0.5,0.8,0.3,0.4
Oenothera,NoData,,TBD,TBD,TBD,genus,,LF CTCOG,4,0.02,0.12,0.12,0.06,0.06,0.04,0.05,0.06,0.04,1.6,0.24,0.7,0.4,1,0.1,0.2,0.04,1.6,0.5,0.8,0.3,0.4
Olea,Olea,olive,Olea,Oleaceae,Btr,genus,,,0.05,0.005,0.005,0.005,0.005,0.005,0.005,0.05,0.02,0.05,1.6,0.24,0.7,0.4,1,0.1,0.2,0.04,1.6,0.5,0.8,0.3,0.4
Olea europaea,Olea,olive,Olea,Oleaceae,Btr,species,,,0.05,0.005,0.005,0.005,0.005,0.005,0.005,0.05,0.02,0.05,1.6,0.24,0.7,0.4,1,0.1,0.2,0.04,1.6,0.5,0.8,0.3,0.4
Olea rosea,Olea,,Olea,Oleaceae,Unknown,species,,,0.05,0.005,0.005,0.005,0.005,0.005,0.005,0.05,0.02,0.05,1.6,0.24,0.7,0.4,1,0.1,0.2,0.04,1.6,0.5,0.8,0.3,0.4
Oleaceae,Olea,,Oleaceae,Oleaceae,Unknown,family,,,0.05,0.005,0.005,0.005,0.005,0.005,0.005,0.05,0.02,0.05,1.6,0.24,0.7,0.4,1,0.1,0.2,0.04,1.6,0.5,0.8,0.3,0.4
Olearia,NoData,,Olearia,Asteraceae,Unknown,genus,,,4,0.02,0.12,0.12,0.06,0.06,0.04,0.05,0.06,0.04,1.6,0.24,0.7,0.4,1,0.1,0.2,0.04,1.6,0.5,0.8,0.3,0.4
Olearia phlogopappa,NoData,,Olearia,Asteraceae,Unknown,species,,,4,0.02,0.12,0.12,0.06,0.06,0.04,0.05,0.06,0.04,1.6,0.24,0.7,0.4,1,0.1,0.2,0.04,1.6,0.5,0.8,0.3,0.4
Olmediella,NoData,,Olmediella,Salicaceae,Btr,genus,,,4,0.02,0.12,0.12,0.06,0.06,0.04,0.05,0.06,0.04,1.6,0.24,0.7,0.4,1,0.1,0.2,0.04,1.6,0.5,0.8,0.3,0.4
Olmediella betschleriana,NoData,,Olmediella,Salicaceae,Btr,species,,,4,0.02,0.12,0.12,0.06,0.06,0.04,0.05,0.06,0.04,1.6,0.24,0.7,0.4,1,0.1,0.2,0.04,1.6,0.5,0.8,0.3,0.4
Olneya,Robinia,olneya,Olneya,Fabaceae,Btr,genus,,,30,0.02,0.05,0.05,0.05,0.05,0.04,0.05,0.06,0.04,1.6,0.24,0.7,0.4,1,0.1,0.2,0.04,1.6,0.5,0.8,0.3,0.4
Olneya tesota,Robinia,desert ironwood,Olneya,Fabaceae,Btr,species,,,30,0.02,0.05,0.05,0.05,0.05,0.04,0.05,0.06,0.04,1.6,0.24,0.7,0.4,1,0.1,0.2,0.04,1.6,0.5,0.8,0.3,0.4
Oncoba,NoData,,Oncoba,Flacourtiaceae,Unknown,genus,,,4,0.02,0.12,0.12,0.06,0.06,0.04,0.05,0.06,0.04,1.6,0.24,0.7,0.4,1,0.1,0.2,0.04,1.6,0.5,0.8,0.3,0.4
Oncoba spinosa,NoData,,Oncoba,Flacourtiaceae,Unknown,species,,,4,0.02,0.12,0.12,0.06,0.06,0.04,0.05,0.06,0.04,1.6,0.24,0.7,0.4,1,0.1,0.2,0.04,1.6,0.5,0.8,0.3,0.4
Onosmodium,NoData,,TBD,TBD,TBD,genus,,LF CTCOG,4,0.02,0.12,0.12,0.06,0.06,0.04,0.05,0.06,0.04,1.6,0.24,0.7,0.4,1,0.1,0.2,0.04,1.6,0.5,0.8,0.3,0.4
Opuntia,NoData,,Opuntia,Cactaceae,Btr,genus,,,4,0.02,0.12,0.12,0.06,0.06,0.04,0.05,0.06,0.04,1.6,0.24,0.7,0.4,1,0.1,0.2,0.04,1.6,0.5,0.8,0.3,0.4
Opuntia basilaris,NoData,beavertail pricklypear,Opuntia,Cactaceae,Btr,species,,,4,0.02,0.12,0.12,0.06,0.06,0.04,0.05,0.06,0.04,1.6,0.24,0.7,0.4,1,0.1,0.2,0.04,1.6,0.5,0.8,0.3,0.4
Opuntia lindheimeri,NoData,,Opuntia,Cactaceae,Unknown,species,,,4,0.02,0.12,0.12,0.06,0.06,0.04,0.05,0.06,0.04,1.6,0.24,0.7,0.4,1,0.1,0.2,0.04,1.6,0.5,0.8,0.3,0.4
Opuntia microdasys,NoData,angel's-wings,Opuntia,Cactaceae,Shrub,species,,,4,0.02,0.12,0.12,0.06,0.06,0.04,0.05,0.06,0.04,1.6,0.24,0.7,0.4,1,0.1,0.2,0.04,1.6,0.5,0.8,0.3,0.4
Orchidaceae,NoData,,Orchidaceae,Orchidaceae,Unknown,family,,,4,0.02,0.12,0.12,0.06,0.06,0.04,0.05,0.06,0.04,1.6,0.24,0.7,0.4,1,0.1,0.2,0.04,1.6,0.5,0.8,0.3,0.4
Oreobatus,NoData,,TBD,TBD,TBD,genus,,LF CTCOG,4,0.02,0.12,0.12,0.06,0.06,0.04,0.05,0.06,0.04,1.6,0.24,0.7,0.4,1,0.1,0.2,0.04,1.6,0.5,0.8,0.3,0.4
Ormocarpum,NoData,,Ormocarpum,TBD,Unknown,genus,,,4,0.02,0.12,0.12,0.06,0.06,0.04,0.05,0.06,0.04,1.6,0.24,0.7,0.4,1,0.1,0.2,0.04,1.6,0.5,0.8,0.3,0.4
Ormocarpum trichocarpum,NoData,,Ormocarpum,TBD,Unknown,species,,,4,0.02,0.12,0.12,0.06,0.06,0.04,0.05,0.06,0.04,1.6,0.24,0.7,0.4,1,0.1,0.2,0.04,1.6,0.5,0.8,0.3,0.4
Ormosia,NoData,,Ormosia,Fabaceae,Unknown,genus,,,4,0.02,0.12,0.12,0.06,0.06,0.04,0.05,0.06,0.04,1.6,0.24,0.7,0.4,1,0.1,0.2,0.04,1.6,0.5,0.8,0.3,0.4
Ormosia pinnata,NoData,,Ormosia,Fabaceae,Unknown,species,,,4,0.02,0.12,0.12,0.06,0.06,0.04,0.05,0.06,0.04,1.6,0.24,0.7,0.4,1,0.1,0.2,0.04,1.6,0.5,0.8,0.3,0.4
Ornithostaphylos,NoData,,Ornithostaphylos,TBD,Shrub,genus,from LFRDB,,4,0.02,0.12,0.12,0.06,0.06,0.04,0.05,0.06,0.04,1.6,0.24,0.7,0.4,1,0.1,0.2,0.04,1.6,0.5,0.8,0.3,0.4
Oroxylum,NoData,,Oroxylum,TBD,Unknown,genus,,,4,0.02,0.12,0.12,0.06,0.06,0.04,0.05,0.06,0.04,1.6,0.24,0.7,0.4,1,0.1,0.2,0.04,1.6,0.5,0.8,0.3,0.4
Oroxylum indicum,NoData,,Oroxylum,TBD,Unknown,species,,,4,0.02,0.12,0.12,0.06,0.06,0.04,0.05,0.06,0.04,1.6,0.24,0.7,0.4,1,0.1,0.2,0.04,1.6,0.5,0.8,0.3,0.4
Oryza,NoDataLowIso,,Oryza,Poaceae,Crop,genus,,,0.2,0.02,0.2,0.2,0.2,0.2,0.04,0.05,0.04,0.02,1.6,0.24,0.7,0.4,1,0.1,0.2,0.04,1.6,0.5,0.8,0.3,0.4
Oryza sativa,NoDataLowIso,rice,Oryza,Poaceae,Crop,species,,,0.2,0.02,0.2,0.2,0.2,0.2,0.04,0.05,0.04,0.02,1.6,0.24,0.7,0.4,1,0.1,0.2,0.04,1.6,0.5,0.8,0.3,0.4
Oryzopsis,NoData,,TBD,TBD,TBD,genus,,LF CTCOG,4,0.02,0.12,0.12,0.06,0.06,0.04,0.05,0.06,0.04,1.6,0.24,0.7,0.4,1,0.1,0.2,0.04,1.6,0.5,0.8,0.3,0.4
Osmanthus,NoData,,Osmanthus,Oleaceae,Unknown,genus,,,4,0.02,0.12,0.12,0.06,0.06,0.04,0.05,0.06,0.04,1.6,0.24,0.7,0.4,1,0.1,0.2,0.04,1.6,0.5,0.8,0.3,0.4
Osmanthus fragrans,NoData,sweet osmanthus,Osmanthus,Oleaceae,Unknown,species,,,4,0.02,0.12,0.12,0.06,0.06,0.04,0.05,0.06,0.04,1.6,0.24,0.7,0.4,1,0.1,0.2,0.04,1.6,0.5,0.8,0.3,0.4
Osteospermum,NoData,,Osteospermum,Asteraceae,Herb,genus,,,4,0.02,0.12,0.12,0.06,0.06,0.04,0.05,0.06,0.04,1.6,0.24,0.7,0.4,1,0.1,0.2,0.04,1.6,0.5,0.8,0.3,0.4
Osteospermum fruticosum,NoData,shrubby daisybush,Osteospermum,Asteraceae,Herb,species,,,4,0.02,0.12,0.12,0.06,0.06,0.04,0.05,0.06,0.04,1.6,0.24,0.7,0.4,1,0.1,0.2,0.04,1.6,0.5,0.8,0.3,0.4
Ostrya,Yucca,,Ostrya,Betulaceae,Unknown,genus,,,0.2,0.02,0.2,0.2,0.1,0.1,0.04,0.05,0.06,0.04,1.6,0.24,0.7,0.4,1,0.1,0.2,0.04,1.6,0.5,0.8,0.3,0.4
Ostrya carpinifolia,Yucca,,Ostrya,Betulaceae,Unknown,species,,,0.2,0.02,0.2,0.2,0.1,0.1,0.04,0.05,0.06,0.04,1.6,0.24,0.7,0.4,1,0.1,0.2,0.04,1.6,0.5,0.8,0.3,0.4
Ostrya virginiana,Yucca,hophornbeam,Ostrya,Betulaceae,Btr,species,,,0.2,0.02,0.2,0.2,0.1,0.1,0.04,0.05,0.06,0.04,1.6,0.24,0.7,0.4,1,0.1,0.2,0.04,1.6,0.5,0.8,0.3,0.4
Ouratea,NoData,ouratea,Ouratea,Ochnaceae,Btr,genus,,,4,0.02,0.12,0.12,0.06,0.06,0.04,0.05,0.06,0.04,1.6,0.24,0.7,0.4,1,0.1,0.2,0.04,1.6,0.5,0.8,0.3,0.4
Oxydendrum,Oxydendrum,sourwood,Oxydendrum,Ericaceae,Btr,genus,,,0.2,0.02,0.1,0.2,0.1,0.1,0.04,0.05,0.06,0.04,1.6,0.24,0.7,0.4,1,0.1,0.2,0.04,1.6,0.5,0.8,0.3,0.4
Oxydendrum arboreum,Oxydendrum,sourwood,Oxydendrum,Ericaceae,Btr,species,,,0.2,0.02,0.1,0.2,0.1,0.1,0.04,0.05,0.06,0.04,1.6,0.24,0.7,0.4,1,0.1,0.2,0.04,1.6,0.5,0.8,0.3,0.4
Oxythenantera,NoData,,Oxythenantera,TBD,Unknown,genus,,,4,0.02,0.12,0.12,0.06,0.06,0.04,0.05,0.06,0.04,1.6,0.24,0.7,0.4,1,0.1,0.2,0.04,1.6,0.5,0.8,0.3,0.4
Oxythenantera abyssinica,NoData,,Oxythenantera,TBD,Unknown,species,,,4,0.02,0.12,0.12,0.06,0.06,0.04,0.05,0.06,0.04,1.6,0.24,0.7,0.4,1,0.1,0.2,0.04,1.6,0.5,0.8,0.3,0.4
Ozoroa,NoData,,Ozoroa,TBD,Unknown,genus,,,4,0.02,0.12,0.12,0.06,0.06,0.04,0.05,0.06,0.04,1.6,0.24,0.7,0.4,1,0.1,0.2,0.04,1.6,0.5,0.8,0.3,0.4
Ozoroa paniculosa,NoData,,Ozoroa,TBD,Unknown,species,,,4,0.02,0.12,0.12,0.06,0.06,0.04,0.05,0.06,0.04,1.6,0.24,0.7,0.4,1,0.1,0.2,0.04,1.6,0.5,0.8,0.3,0.4
Pachyelasma,NoData,,Pachyelasma,TBD,Unknown,genus,,,4,0.02,0.12,0.12,0.06,0.06,0.04,0.05,0.06,0.04,1.6,0.24,0.7,0.4,1,0.1,0.2,0.04,1.6,0.5,0.8,0.3,0.4
Pachyelasma tessmannii,NoData,,Pachyelasma,TBD,Unknown,species,,,4,0.02,0.12,0.12,0.06,0.06,0.04,0.05,0.06,0.04,1.6,0.24,0.7,0.4,1,0.1,0.2,0.04,1.6,0.5,0.8,0.3,0.4
Pachyra,NoData,,Pachyra,TBD,Unknown,genus,,,4,0.02,0.12,0.12,0.06,0.06,0.04,0.05,0.06,0.04,1.6,0.24,0.7,0.4,1,0.1,0.2,0.04,1.6,0.5,0.8,0.3,0.4
Pachyra insignis,NoData,,Pachyra,TBD,Unknown,species,,,4,0.02,0.12,0.12,0.06,0.06,0.04,0.05,0.06,0.04,1.6,0.24,0.7,0.4,1,0.1,0.2,0.04,1.6,0.5,0.8,0.3,0.4
Pachysandra,NoData,,Pachysandra,Buxaceae,Shrub,genus,,,4,0.02,0.12,0.12,0.06,0.06,0.04,0.05,0.06,0.04,1.6,0.24,0.7,0.4,1,0.1,0.2,0.04,1.6,0.5,0.8,0.3,0.4
Pachysandra terminalis,NoData,Japanese pachysandra,Pachysandra,Buxaceae,Shrub,species,,,4,0.02,0.12,0.12,0.06,0.06,0.04,0.05,0.06,0.04,1.6,0.24,0.7,0.4,1,0.1,0.2,0.04,1.6,0.5,0.8,0.3,0.4
Pachystigma,NoData,,Pachystigma,TBD,Unknown,genus,,,4,0.02,0.12,0.12,0.06,0.06,0.04,0.05,0.06,0.04,1.6,0.24,0.7,0.4,1,0.1,0.2,0.04,1.6,0.5,0.8,0.3,0.4
Pachystigma macrocalyx,NoData,,Pachystigma,TBD,Unknown,species,,,4,0.02,0.12,0.12,0.06,0.06,0.04,0.05,0.06,0.04,1.6,0.24,0.7,0.4,1,0.1,0.2,0.04,1.6,0.5,0.8,0.3,0.4
Pachystima,NoData,,Pachystima,TBD,Shrub,genus,from LFRDB,,4,0.02,0.12,0.12,0.06,0.06,0.04,0.05,0.06,0.04,1.6,0.24,0.7,0.4,1,0.1,0.2,0.04,1.6,0.5,0.8,0.3,0.4
Pagamea,NoData,,Pagamea,TBD,Unknown,genus,,,4,0.02,0.12,0.12,0.06,0.06,0.04,0.05,0.06,0.04,1.6,0.24,0.7,0.4,1,0.1,0.2,0.04,1.6,0.5,0.8,0.3,0.4
Pagamea duckei,NoData,,Pagamea,TBD,Unknown,species,,,4,0.02,0.12,0.12,0.06,0.06,0.04,0.05,0.06,0.04,1.6,0.24,0.7,0.4,1,0.1,0.2,0.04,1.6,0.5,0.8,0.3,0.4
Palisota,NoData,,Palisota,TBD,Unknown,genus,,,4,0.02,0.12,0.12,0.06,0.06,0.04,0.05,0.06,0.04,1.6,0.24,0.7,0.4,1,0.1,0.2,0.04,1.6,0.5,0.8,0.3,0.4
Palisota ambigua,NoData,,Palisota,TBD,Unknown,species,,,4,0.02,0.12,0.12,0.06,0.06,0.04,0.05,0.06,0.04,1.6,0.24,0.7,0.4,1,0.1,0.2,0.04,1.6,0.5,0.8,0.3,0.4
Pancovia,NoData,,Pancovia,TBD,Unknown,genus,,,4,0.02,0.12,0.12,0.06,0.06,0.04,0.05,0.06,0.04,1.6,0.24,0.7,0.4,1,0.1,0.2,0.04,1.6,0.5,0.8,0.3,0.4
Pancovia laurentii,NoData,,Pancovia,TBD,Unknown,species,,,4,0.02,0.12,0.12,0.06,0.06,0.04,0.05,0.06,0.04,1.6,0.24,0.7,0.4,1,0.1,0.2,0.04,1.6,0.5,0.8,0.3,0.4
Panda,NoData,,Panda,TBD,Unknown,genus,,,4,0.02,0.12,0.12,0.06,0.06,0.04,0.05,0.06,0.04,1.6,0.24,0.7,0.4,1,0.1,0.2,0.04,1.6,0.5,0.8,0.3,0.4
Panda oleosa,NoData,,Panda,TBD,Unknown,species,,,4,0.02,0.12,0.12,0.06,0.06,0.04,0.05,0.06,0.04,1.6,0.24,0.7,0.4,1,0.1,0.2,0.04,1.6,0.5,0.8,0.3,0.4
Pandanaceae,NoData,,Pandanaceae,Pandanaceae,Unknown,family,,,4,0.02,0.12,0.12,0.06,0.06,0.04,0.05,0.06,0.04,1.6,0.24,0.7,0.4,1,0.1,0.2,0.04,1.6,0.5,0.8,0.3,0.4
Panicum,NoData,panicgrass,Panicum,Poaceae,Herb,genus,,,4,0.02,0.12,0.12,0.06,0.06,0.04,0.05,0.06,0.04,1.6,0.24,0.7,0.4,1,0.1,0.2,0.04,1.6,0.5,0.8,0.3,0.4
Panicum virgatum,NoData,switchgrass,TBD,TBD,TBD,species,,,4,0.02,0.12,0.12,0.06,0.06,0.04,0.05,0.06,0.04,1.6,0.24,0.7,0.4,1,0.1,0.2,0.04,1.6,0.5,0.8,0.3,0.4
Pappea,NoData,,Pappea,TBD,Unknown,genus,,,4,0.02,0.12,0.12,0.06,0.06,0.04,0.05,0.06,0.04,1.6,0.24,0.7,0.4,1,0.1,0.2,0.04,1.6,0.5,0.8,0.3,0.4
Pappea capensis,NoData,,Pappea,TBD,Unknown,species,,,4,0.02,0.12,0.12,0.06,0.06,0.04,0.05,0.06,0.04,1.6,0.24,0.7,0.4,1,0.1,0.2,0.04,1.6,0.5,0.8,0.3,0.4
Paramichellia,NoData,,Paramichellia,TBD,Unknown,genus,,,4,0.02,0.12,0.12,0.06,0.06,0.04,0.05,0.06,0.04,1.6,0.24,0.7,0.4,1,0.1,0.2,0.04,1.6,0.5,0.8,0.3,0.4
Paramichellia baillonii,NoData,,Paramichellia,TBD,Unknown,species,,,4,0.02,0.12,0.12,0.06,0.06,0.04,0.05,0.06,0.04,1.6,0.24,0.7,0.4,1,0.1,0.2,0.04,1.6,0.5,0.8,0.3,0.4
Paraserianthes,NoData,,Paraserianthes,Fabaceae,Btr,genus,,,4,0.02,0.12,0.12,0.06,0.06,0.04,0.05,0.06,0.04,1.6,0.24,0.7,0.4,1,0.1,0.2,0.04,1.6,0.5,0.8,0.3,0.4
Paraserianthes lophantha,NoData,plume albizia,Paraserianthes,Fabaceae,Btr,species,,,4,0.02,0.12,0.12,0.06,0.06,0.04,0.05,0.06,0.04,1.6,0.24,0.7,0.4,1,0.1,0.2,0.04,1.6,0.5,0.8,0.3,0.4
Parietaria,NoData,,TBD,TBD,TBD,genus,,LF CTCOG,4,0.02,0.12,0.12,0.06,0.06,0.04,0.05,0.06,0.04,1.6,0.24,0.7,0.4,1,0.1,0.2,0.04,1.6,0.5,0.8,0.3,0.4
Parinari,NoData,,Parinari,TBD,Unknown,genus,,,4,0.02,0.12,0.12,0.06,0.06,0.04,0.05,0.06,0.04,1.6,0.24,0.7,0.4,1,0.1,0.2,0.04,1.6,0.5,0.8,0.3,0.4
Parinari cunatellifolia,NoData,,Parinari,TBD,Unknown,species,,,4,0.02,0.12,0.12,0.06,0.06,0.04,0.05,0.06,0.04,1.6,0.24,0.7,0.4,1,0.1,0.2,0.04,1.6,0.5,0.8,0.3,0.4
Parinari excelsa,NoData,,Parinari,TBD,Unknown,species,,,4,0.02,0.12,0.12,0.06,0.06,0.04,0.05,0.06,0.04,1.6,0.24,0.7,0.4,1,0.1,0.2,0.04,1.6,0.5,0.8,0.3,0.4
Parkia,NoData,parkia,Parkia,Fabaceae,Unknown,genus,,,4,0.02,0.12,0.12,0.06,0.06,0.04,0.05,0.06,0.04,1.6,0.24,0.7,0.4,1,0.1,0.2,0.04,1.6,0.5,0.8,0.3,0.4
Parkia biglobosa,NoData,,Parkia,Fabaceae,Unknown,species,,,4,0.02,0.12,0.12,0.06,0.06,0.04,0.05,0.06,0.04,1.6,0.24,0.7,0.4,1,0.1,0.2,0.04,1.6,0.5,0.8,0.3,0.4
Parkinsonia,Robinia,paloverde,Parkinsonia,Fabaceae,Btr,genus,,,30,0.02,0.05,0.05,0.05,0.05,0.04,0.05,0.06,0.04,1.6,0.24,0.7,0.4,1,0.1,0.2,0.04,1.6,0.5,0.8,0.3,0.4
Parkinsonia aculeata,Robinia,Jerusalem thorn,Parkinsonia,Fabaceae,Btr,species,,,30,0.02,0.05,0.05,0.05,0.05,0.04,0.05,0.06,0.04,1.6,0.24,0.7,0.4,1,0.1,0.2,0.04,1.6,0.5,0.8,0.3,0.4
Parkinsonia florida,Robinia,blue paloverde,Parkinsonia,Fabaceae,Btr,species,,,30,0.02,0.05,0.05,0.05,0.05,0.04,0.05,0.06,0.04,1.6,0.24,0.7,0.4,1,0.1,0.2,0.04,1.6,0.5,0.8,0.3,0.4
Parkinsonia microphylla,Robinia,yellow paloverde,Parkinsonia,Fabaceae,Btr,species,,,30,0.02,0.05,0.05,0.05,0.05,0.04,0.05,0.06,0.04,1.6,0.24,0.7,0.4,1,0.1,0.2,0.04,1.6,0.5,0.8,0.3,0.4
Parkinsonia praecox,Robinia,paloverde,Parkinsonia,Fabaceae,Btr,species,,,30,0.02,0.05,0.05,0.05,0.05,0.04,0.05,0.06,0.04,1.6,0.24,0.7,0.4,1,0.1,0.2,0.04,1.6,0.5,0.8,0.3,0.4
Parkinsonia x 'Desert Museum',Robinia,,Parkinsonia,Fabaceae,Btr,species,,,30,0.02,0.05,0.05,0.05,0.05,0.04,0.05,0.06,0.04,1.6,0.24,0.7,0.4,1,0.1,0.2,0.04,1.6,0.5,0.8,0.3,0.4
Paronychia,NoData,,TBD,TBD,TBD,genus,,LF CTCOG,4,0.02,0.12,0.12,0.06,0.06,0.04,0.05,0.06,0.04,1.6,0.24,0.7,0.4,1,0.1,0.2,0.04,1.6,0.5,0.8,0.3,0.4
Parrotia,NoData,,Parrotia,Hamamelidaceae,Unknown,genus,,,4,0.02,0.12,0.12,0.06,0.06,0.04,0.05,0.06,0.04,1.6,0.24,0.7,0.4,1,0.1,0.2,0.04,1.6,0.5,0.8,0.3,0.4
Parrotia persica,NoData,Persian ironwood,Parrotia,Hamamelidaceae,Unknown,species,,,4,0.02,0.12,0.12,0.06,0.06,0.04,0.05,0.06,0.04,1.6,0.24,0.7,0.4,1,0.1,0.2,0.04,1.6,0.5,0.8,0.3,0.4
Parrotiopsis,NoData,,Parrotiopsis,TBD,Unknown,genus,,,4,0.02,0.12,0.12,0.06,0.06,0.04,0.05,0.06,0.04,1.6,0.24,0.7,0.4,1,0.1,0.2,0.04,1.6,0.5,0.8,0.3,0.4
Parrotiopsis jacquemontiana,NoData,,Parrotiopsis,TBD,Unknown,species,,,4,0.02,0.12,0.12,0.06,0.06,0.04,0.05,0.06,0.04,1.6,0.24,0.7,0.4,1,0.1,0.2,0.04,1.6,0.5,0.8,0.3,0.4
Parryella,NoData,,Parryella,TBD,Shrub,genus,from LFRDB,,4,0.02,0.12,0.12,0.06,0.06,0.04,0.05,0.06,0.04,1.6,0.24,0.7,0.4,1,0.1,0.2,0.04,1.6,0.5,0.8,0.3,0.4
Parthenium,NoData,,TBD,TBD,TBD,genus,,LF CTCOG,4,0.02,0.12,0.12,0.06,0.06,0.04,0.05,0.06,0.04,1.6,0.24,0.7,0.4,1,0.1,0.2,0.04,1.6,0.5,0.8,0.3,0.4
Parthenocissus,NoData,,TBD,TBD,TBD,genus,,LF CTCOG,4,0.02,0.12,0.12,0.06,0.06,0.04,0.05,0.06,0.04,1.6,0.24,0.7,0.4,1,0.1,0.2,0.04,1.6,0.5,0.8,0.3,0.4
Paspalum,NoData,,Paspalum,Poaceae,Herb,genus,,,4,0.02,0.12,0.12,0.06,0.06,0.04,0.05,0.06,0.04,1.6,0.24,0.7,0.4,1,0.1,0.2,0.04,1.6,0.5,0.8,0.3,0.4
Paspalum notatum,NoData,bahiagrass,Paspalum,Poaceae,Herb,species,,,4,0.02,0.12,0.12,0.06,0.06,0.04,0.05,0.06,0.04,1.6,0.24,0.7,0.4,1,0.1,0.2,0.04,1.6,0.5,0.8,0.3,0.4
Passiflora,NoData,,TBD,TBD,TBD,genus,,LF CTCOG,4,0.02,0.12,0.12,0.06,0.06,0.04,0.05,0.06,0.04,1.6,0.24,0.7,0.4,1,0.1,0.2,0.04,1.6,0.5,0.8,0.3,0.4
Paubrasilia,NoData,,Paubrasilia,Poaceae,Herb,genus,,,4,0.02,0.12,0.12,0.06,0.06,0.04,0.05,0.06,0.04,1.6,0.24,0.7,0.4,1,0.1,0.2,0.04,1.6,0.5,0.8,0.3,0.4
Paullinia,NoData,,Paullinia,Sapindaceae,Shrub,genus,,,4,0.02,0.12,0.12,0.06,0.06,0.04,0.05,0.06,0.04,1.6,0.24,0.7,0.4,1,0.1,0.2,0.04,1.6,0.5,0.8,0.3,0.4
Paullinia pinnata,NoData,bread and cheese,Paullinia,Sapindaceae,Shrub,species,,,4,0.02,0.12,0.12,0.06,0.06,0.04,0.05,0.06,0.04,1.6,0.24,0.7,0.4,1,0.1,0.2,0.04,1.6,0.5,0.8,0.3,0.4
Paulowinia,Yucca,,Paulownia,Scrophulariaceae,Btr,genus,,,0.2,0.02,0.2,0.2,0.1,0.1,0.04,0.05,0.06,0.04,1.6,0.24,0.7,0.4,1,0.1,0.2,0.04,1.6,0.5,0.8,0.3,0.4
Paulowinia kawakamii,Yucca,paulownia,Paulownia,Scrophulariaceae,Btr,species,,,0.2,0.02,0.2,0.2,0.1,0.1,0.04,0.05,0.06,0.04,1.6,0.24,0.7,0.4,1,0.1,0.2,0.04,1.6,0.5,0.8,0.3,0.4
Paulownia,Yucca,,Paulownia,Scrophulariaceae,Btr,genus,,,0.2,0.02,0.2,0.2,0.1,0.1,0.04,0.05,0.06,0.04,1.6,0.24,0.7,0.4,1,0.1,0.2,0.04,1.6,0.5,0.8,0.3,0.4
Paulownia tomentosa,Yucca,princesstree,Paulownia,Scrophulariaceae,Btr,species,,,0.2,0.02,0.2,0.2,0.1,0.1,0.04,0.05,0.06,0.04,1.6,0.24,0.7,0.4,1,0.1,0.2,0.04,1.6,0.5,0.8,0.3,0.4
Pauridiantha,NoData,,Pauridiantha,TBD,Unknown,genus,,,4,0.02,0.12,0.12,0.06,0.06,0.04,0.05,0.06,0.04,1.6,0.24,0.7,0.4,1,0.1,0.2,0.04,1.6,0.5,0.8,0.3,0.4
Pauridiantha dewevrei,NoData,,Pauridiantha,TBD,Unknown,species,,,4,0.02,0.12,0.12,0.06,0.06,0.04,0.05,0.06,0.04,1.6,0.24,0.7,0.4,1,0.1,0.2,0.04,1.6,0.5,0.8,0.3,0.4
Pavonia,NoData,,Pavonia,TBD,Shrub,genus,from LFRDB,,4,0.02,0.12,0.12,0.06,0.06,0.04,0.05,0.06,0.04,1.6,0.24,0.7,0.4,1,0.1,0.2,0.04,1.6,0.5,0.8,0.3,0.4
Pectis,NoData,,TBD,TBD,TBD,genus,,LF CTCOG,4,0.02,0.12,0.12,0.06,0.06,0.04,0.05,0.06,0.04,1.6,0.24,0.7,0.4,1,0.1,0.2,0.04,1.6,0.5,0.8,0.3,0.4
Pedicularis,NoData,,TBD,TBD,TBD,genus,,LF CTCOG,4,0.02,0.12,0.12,0.06,0.06,0.04,0.05,0.06,0.04,1.6,0.24,0.7,0.4,1,0.1,0.2,0.04,1.6,0.5,0.8,0.3,0.4
Pediocactus,NoData,,Pediocactus,TBD,Shrub,genus,from LFRDB,,4,0.02,0.12,0.12,0.06,0.06,0.04,0.05,0.06,0.04,1.6,0.24,0.7,0.4,1,0.1,0.2,0.04,1.6,0.5,0.8,0.3,0.4
Pediomelum,NoData,,TBD,TBD,TBD,genus,,LF CTCOG,4,0.02,0.12,0.12,0.06,0.06,0.04,0.05,0.06,0.04,1.6,0.24,0.7,0.4,1,0.1,0.2,0.04,1.6,0.5,0.8,0.3,0.4
Pellaea,NoData,,Pellaea,Pteridaceae,Unknown,genus,,,4,0.02,0.12,0.12,0.06,0.06,0.04,0.05,0.06,0.04,1.6,0.24,0.7,0.4,1,0.1,0.2,0.04,1.6,0.5,0.8,0.3,0.4
Pellaea rotundifolia,NoData,,Pellaea,Pteridaceae,Unknown,species,,,4,0.02,0.12,0.12,0.06,0.06,0.04,0.05,0.06,0.04,1.6,0.24,0.7,0.4,1,0.1,0.2,0.04,1.6,0.5,0.8,0.3,0.4
Peltophorum,NoData,,Peltophorum,Fabaceae,Unknown,genus,,,4,0.02,0.12,0.12,0.06,0.06,0.04,0.05,0.06,0.04,1.6,0.24,0.7,0.4,1,0.1,0.2,0.04,1.6,0.5,0.8,0.3,0.4
Peltophorum africanum,NoData,,Peltophorum,Fabaceae,Unknown,species,,,4,0.02,0.12,0.12,0.06,0.06,0.04,0.05,0.06,0.04,1.6,0.24,0.7,0.4,1,0.1,0.2,0.04,1.6,0.5,0.8,0.3,0.4
Peniocereus,NoData,,Peniocereus,TBD,Shrub,genus,from LFRDB,,4,0.02,0.12,0.12,0.06,0.06,0.04,0.05,0.06,0.04,1.6,0.24,0.7,0.4,1,0.1,0.2,0.04,1.6,0.5,0.8,0.3,0.4
Penstemon,NoData,,TBD,TBD,TBD,genus,,LF CTCOG,4,0.02,0.12,0.12,0.06,0.06,0.04,0.05,0.06,0.04,1.6,0.24,0.7,0.4,1,0.1,0.2,0.04,1.6,0.5,0.8,0.3,0.4
Pentaclethra,NoData,,Pentaclethra,Fabaceae,Unknown,genus,,,4,0.02,0.12,0.12,0.06,0.06,0.04,0.05,0.06,0.04,1.6,0.24,0.7,0.4,1,0.1,0.2,0.04,1.6,0.5,0.8,0.3,0.4
Pentaclethra macroloba,NoData,,Pentaclethra,Fabaceae,Unknown,species,,,4,0.02,0.12,0.12,0.06,0.06,0.04,0.05,0.06,0.04,1.6,0.24,0.7,0.4,1,0.1,0.2,0.04,1.6,0.5,0.8,0.3,0.4
Pentaclethra macrophylla,NoData,oilbean tree,Pentaclethra,Fabaceae,Unknown,species,,,4,0.02,0.12,0.12,0.06,0.06,0.04,0.05,0.06,0.04,1.6,0.24,0.7,0.4,1,0.1,0.2,0.04,1.6,0.5,0.8,0.3,0.4
Pera,NoData,,Pera,Euphorbiaceae,Unknown,genus,,,4,0.02,0.12,0.12,0.06,0.06,0.04,0.05,0.06,0.04,1.6,0.24,0.7,0.4,1,0.1,0.2,0.04,1.6,0.5,0.8,0.3,0.4
Pera arborea,NoData,,Pera,Euphorbiaceae,Unknown,species,,,4,0.02,0.12,0.12,0.06,0.06,0.04,0.05,0.06,0.04,1.6,0.24,0.7,0.4,1,0.1,0.2,0.04,1.6,0.5,0.8,0.3,0.4
Peraphyllum,NoData,,Peraphyllum,TBD,Shrub,genus,from LFRDB,,4,0.02,0.12,0.12,0.06,0.06,0.04,0.05,0.06,0.04,1.6,0.24,0.7,0.4,1,0.1,0.2,0.04,1.6,0.5,0.8,0.3,0.4
Perebea,NoData,,Perebea,TBD,Unknown,genus,,,4,0.02,0.12,0.12,0.06,0.06,0.04,0.05,0.06,0.04,1.6,0.24,0.7,0.4,1,0.1,0.2,0.04,1.6,0.5,0.8,0.3,0.4
Perebea xanthochyma,NoData,,Perebea,TBD,Unknown,species,,,4,0.02,0.12,0.12,0.06,0.06,0.04,0.05,0.06,0.04,1.6,0.24,0.7,0.4,1,0.1,0.2,0.04,1.6,0.5,0.8,0.3,0.4
Pericome,NoData,,Pericome,TBD,Shrub,genus,from LFRDB,,4,0.02,0.12,0.12,0.06,0.06,0.04,0.05,0.06,0.04,1.6,0.24,0.7,0.4,1,0.1,0.2,0.04,1.6,0.5,0.8,0.3,0.4
Pericopsis,NoData,,Pericopsis,Fabaceae,Unknown,genus,,,4,0.02,0.12,0.12,0.06,0.06,0.04,0.05,0.06,0.04,1.6,0.24,0.7,0.4,1,0.1,0.2,0.04,1.6,0.5,0.8,0.3,0.4
Pericopsis laxiflora,NoData,,Pericopsis,Fabaceae,Unknown,species,,,4,0.02,0.12,0.12,0.06,0.06,0.04,0.05,0.06,0.04,1.6,0.24,0.7,0.4,1,0.1,0.2,0.04,1.6,0.5,0.8,0.3,0.4
Peritossa,NoData,,Peritossa,TBD,Unknown,genus,,,4,0.02,0.12,0.12,0.06,0.06,0.04,0.05,0.06,0.04,1.6,0.24,0.7,0.4,1,0.1,0.2,0.04,1.6,0.5,0.8,0.3,0.4
Peritossa pruninosa,NoData,,Peritossa,TBD,Unknown,species,,,4,0.02,0.12,0.12,0.06,0.06,0.04,0.05,0.06,0.04,1.6,0.24,0.7,0.4,1,0.1,0.2,0.04,1.6,0.5,0.8,0.3,0.4
Perityle,NoData,,Perityle,TBD,Shrub,genus,from LFRDB,,4,0.02,0.12,0.12,0.06,0.06,0.04,0.05,0.06,0.04,1.6,0.24,0.7,0.4,1,0.1,0.2,0.04,1.6,0.5,0.8,0.3,0.4
Persea,Persea,bay,Persea,Lauraceae,Btr,genus,,,0.2,0.02,0.2,0.02,0.1,0.2,0.04,0.05,0.06,0.04,1.6,0.24,0.7,0.4,1,0.1,0.2,0.04,1.6,0.5,0.8,0.3,0.4
Persea americana,Persea,avocado,Persea,Lauraceae,Btr,species,,,0.2,0.02,0.2,0.02,0.1,0.2,0.04,0.05,0.06,0.04,1.6,0.24,0.7,0.4,1,0.1,0.2,0.04,1.6,0.5,0.8,0.3,0.4
Persea borbonia,Persea,redbay,Persea,Lauraceae,Btr,species,,,0.2,0.02,0.2,0.02,0.1,0.2,0.04,0.05,0.06,0.04,1.6,0.24,0.7,0.4,1,0.1,0.2,0.04,1.6,0.5,0.8,0.3,0.4
Persea indica,Persea,bay,Persea,Lauraceae,Btr,species,,,0.2,0.02,0.2,0.02,0.1,0.2,0.04,0.05,0.06,0.04,1.6,0.24,0.7,0.4,1,0.1,0.2,0.04,1.6,0.5,0.8,0.3,0.4
Persicaria,NoData,,TBD,TBD,TBD,genus,,LF CTCOG,4,0.02,0.12,0.12,0.06,0.06,0.04,0.05,0.06,0.04,1.6,0.24,0.7,0.4,1,0.1,0.2,0.04,1.6,0.5,0.8,0.3,0.4
Petalonyx,NoData,,Petalonyx,TBD,Shrub,genus,from LFRDB,,4,0.02,0.12,0.12,0.06,0.06,0.04,0.05,0.06,0.04,1.6,0.24,0.7,0.4,1,0.1,0.2,0.04,1.6,0.5,0.8,0.3,0.4
Petersianthus,NoData,,Petersianthus,TBD,Unknown,genus,,,4,0.02,0.12,0.12,0.06,0.06,0.04,0.05,0.06,0.04,1.6,0.24,0.7,0.4,1,0.1,0.2,0.04,1.6,0.5,0.8,0.3,0.4
Petersianthus macrocarpus,NoData,,Petersianthus,TBD,Unknown,species,,,4,0.02,0.12,0.12,0.06,0.06,0.04,0.05,0.06,0.04,1.6,0.24,0.7,0.4,1,0.1,0.2,0.04,1.6,0.5,0.8,0.3,0.4
Petrophytum,NoData,,Petrophytum,TBD,Shrub,genus,from LFRDB,,4,0.02,0.12,0.12,0.06,0.06,0.04,0.05,0.06,0.04,1.6,0.24,0.7,0.4,1,0.1,0.2,0.04,1.6,0.5,0.8,0.3,0.4
Petroselinum,NoData,parsley,Petroselinum,Apiaceae,Herb,genus,,,4,0.02,0.12,0.12,0.06,0.06,0.04,0.05,0.06,0.04,1.6,0.24,0.7,0.4,1,0.1,0.2,0.04,1.6,0.5,0.8,0.3,0.4
Peucephyllum,NoData,,Peucephyllum,TBD,Shrub,genus,from LFRDB,,4,0.02,0.12,0.12,0.06,0.06,0.04,0.05,0.06,0.04,1.6,0.24,0.7,0.4,1,0.1,0.2,0.04,1.6,0.5,0.8,0.3,0.4
Phacelia,NoData,,TBD,TBD,TBD,genus,,LF CTCOG,4,0.02,0.12,0.12,0.06,0.06,0.04,0.05,0.06,0.04,1.6,0.24,0.7,0.4,1,0.1,0.2,0.04,1.6,0.5,0.8,0.3,0.4
Phalaris,NoData,,TBD,TBD,TBD,genus,,LF CTCOG,4,0.02,0.12,0.12,0.06,0.06,0.04,0.05,0.06,0.04,1.6,0.24,0.7,0.4,1,0.1,0.2,0.04,1.6,0.5,0.8,0.3,0.4
Phaseolus,NoData,,Phaseolus,Fabaceae,c,genus,,,4,0.02,0.12,0.12,0.06,0.06,0.04,0.05,0.06,0.04,1.6,0.24,0.7,0.4,1,0.1,0.2,0.04,1.6,0.5,0.8,0.3,0.4
Phaseolus vulgaris,NoData,kidney bean,Phaseolus,Fabaceae,c,species,,,4,0.02,0.12,0.12,0.06,0.06,0.04,0.05,0.06,0.04,1.6,0.24,0.7,0.4,1,0.1,0.2,0.04,1.6,0.5,0.8,0.3,0.4
Phellodendron,NoData,,Phellodendron,Rutaceae,Btr,genus,,,4,0.02,0.12,0.12,0.06,0.06,0.04,0.05,0.06,0.04,1.6,0.24,0.7,0.4,1,0.1,0.2,0.04,1.6,0.5,0.8,0.3,0.4
Phellodendron amurense,NoData,Amur corktree,Phellodendron,Rutaceae,Btr,species,,,4,0.02,0.12,0.12,0.06,0.06,0.04,0.05,0.06,0.04,1.6,0.24,0.7,0.4,1,0.1,0.2,0.04,1.6,0.5,0.8,0.3,0.4
Philadelphus,NoData,,Philadelphus,TBD,Shrub,genus,from LFRDB,,4,0.02,0.12,0.12,0.06,0.06,0.04,0.05,0.06,0.04,1.6,0.24,0.7,0.4,1,0.1,0.2,0.04,1.6,0.5,0.8,0.3,0.4
Phillyrea,NoData,,Phillyrea,TBD,Unknown,genus,,,4,0.02,0.12,0.12,0.06,0.06,0.04,0.05,0.06,0.04,1.6,0.24,0.7,0.4,1,0.1,0.2,0.04,1.6,0.5,0.8,0.3,0.4
Phillyrea angustifolia,NoData,,Phillyrea,TBD,Unknown,species,,,4,0.02,0.12,0.12,0.06,0.06,0.04,0.05,0.06,0.04,1.6,0.24,0.7,0.4,1,0.1,0.2,0.04,1.6,0.5,0.8,0.3,0.4
Philodendron,NoData,,Philodendron,Arecaceae,herb,genus,,,4,0.02,0.12,0.12,0.06,0.06,0.04,0.05,0.06,0.04,1.6,0.24,0.7,0.4,1,0.1,0.2,0.04,1.6,0.5,0.8,0.3,0.4
Philonotis,NoData,,Philonotis,TBD,Unknown,genus,,,4,0.02,0.12,0.12,0.06,0.06,0.04,0.05,0.06,0.04,1.6,0.24,0.7,0.4,1,0.1,0.2,0.04,1.6,0.5,0.8,0.3,0.4
Philonotis fontanum,NoData,,Philonotis,TBD,Unknown,species,,,4,0.02,0.12,0.12,0.06,0.06,0.04,0.05,0.06,0.04,1.6,0.24,0.7,0.4,1,0.1,0.2,0.04,1.6,0.5,0.8,0.3,0.4
Phleum,NoData,,TBD,TBD,TBD,genus,,LF CTCOG,4,0.02,0.12,0.12,0.06,0.06,0.04,0.05,0.06,0.04,1.6,0.24,0.7,0.4,1,0.1,0.2,0.04,1.6,0.5,0.8,0.3,0.4
Phlogacanthus,NoData,,Phlogacanthus,TBD,Unknown,genus,,,4,0.02,0.12,0.12,0.06,0.06,0.04,0.05,0.06,0.04,1.6,0.24,0.7,0.4,1,0.1,0.2,0.04,1.6,0.5,0.8,0.3,0.4
Phlogacanthus curviflorus,NoData,,Phlogacanthus,TBD,Unknown,species,,,4,0.02,0.12,0.12,0.06,0.06,0.04,0.05,0.06,0.04,1.6,0.24,0.7,0.4,1,0.1,0.2,0.04,1.6,0.5,0.8,0.3,0.4
Phlox,NoData,,TBD,TBD,TBD,genus,,LF CTCOG,4,0.02,0.12,0.12,0.06,0.06,0.04,0.05,0.06,0.04,1.6,0.24,0.7,0.4,1,0.1,0.2,0.04,1.6,0.5,0.8,0.3,0.4
Phoebe,NoData,,Phoebe,Lauraceae,Btr,genus,,,4,0.02,0.12,0.12,0.06,0.06,0.04,0.05,0.06,0.04,1.6,0.24,0.7,0.4,1,0.1,0.2,0.04,1.6,0.5,0.8,0.3,0.4
Phoebe mexicana,NoData,,Phoebe,Lauraceae,Unknown,species,,,4,0.02,0.12,0.12,0.06,0.06,0.04,0.05,0.06,0.04,1.6,0.24,0.7,0.4,1,0.1,0.2,0.04,1.6,0.5,0.8,0.3,0.4
Phoenix,Phoenix canariensis,,Phoenix,Arecaceae,Btr,genus,,,8,0.02,0.2,0.2,0.05,0.1,0.04,0.05,0.06,0.04,1.6,0.24,0.7,0.4,1,0.1,0.2,0.04,1.6,0.5,0.8,0.3,0.4
Phoenix canariensis,Phoenix canariensis,Canary Island date palm,Phoenix,Arecaceae,Btr,species,,,8,0.02,0.2,0.2,0.05,0.1,0.04,0.05,0.06,0.04,1.6,0.24,0.7,0.4,1,0.1,0.2,0.04,1.6,0.5,0.8,0.3,0.4
Phoenix dactylifera,Phoenix canariensis,date palm,Phoenix,Arecaceae,Btr,species,,,8,0.02,0.2,0.2,0.05,0.1,0.04,0.05,0.06,0.04,1.6,0.24,0.7,0.4,1,0.1,0.2,0.04,1.6,0.5,0.8,0.3,0.4
Phoenix loureiroi,Phoenix canariensis,Loureir's date palm,Phoenix,Arecaceae,Unknown,species,,,8,0.02,0.2,0.2,0.05,0.1,0.04,0.05,0.06,0.04,1.6,0.24,0.7,0.4,1,0.1,0.2,0.04,1.6,0.5,0.8,0.3,0.4
Phoenix paludosa,Phoenix canariensis,,Phoenix,Arecaceae,Unknown,species,,,8,0.02,0.2,0.2,0.05,0.1,0.04,0.05,0.06,0.04,1.6,0.24,0.7,0.4,1,0.1,0.2,0.04,1.6,0.5,0.8,0.3,0.4
Phoenix reclinata,Phoenix canariensis,Senegal date palm,Phoenix,Arecaceae,Btr,species,,,8,0.02,0.2,0.2,0.05,0.1,0.04,0.05,0.06,0.04,1.6,0.24,0.7,0.4,1,0.1,0.2,0.04,1.6,0.5,0.8,0.3,0.4
Phoenix robelinii,Phoenix canariensis,,Phoenix,Arecaceae,Unknown,species,,,8,0.02,0.2,0.2,0.05,0.1,0.04,0.05,0.06,0.04,1.6,0.24,0.7,0.4,1,0.1,0.2,0.04,1.6,0.5,0.8,0.3,0.4
Phoenix roebelenii,Phoenix canariensis,pygmy date palm,Phoenix,Arecaceae,Unknown,species,,,8,0.02,0.2,0.2,0.05,0.1,0.04,0.05,0.06,0.04,1.6,0.24,0.7,0.4,1,0.1,0.2,0.04,1.6,0.5,0.8,0.3,0.4
Phoenix rupicola,Phoenix canariensis,,Phoenix,Arecaceae,Unknown,species,,,8,0.02,0.2,0.2,0.05,0.1,0.04,0.05,0.06,0.04,1.6,0.24,0.7,0.4,1,0.1,0.2,0.04,1.6,0.5,0.8,0.3,0.4
Phoenix sylvestris,Phoenix canariensis,wild date palm,Phoenix,Arecaceae,Unknown,species,,,8,0.02,0.2,0.2,0.05,0.1,0.04,0.05,0.06,0.04,1.6,0.24,0.7,0.4,1,0.1,0.2,0.04,1.6,0.5,0.8,0.3,0.4
Phoradendron,NoData,,Phoradendron,TBD,Shrub,genus,from LFRDB,,4,0.02,0.12,0.12,0.06,0.06,0.04,0.05,0.06,0.04,1.6,0.24,0.7,0.4,1,0.1,0.2,0.04,1.6,0.5,0.8,0.3,0.4
Photinia,NoData,,Photinia,Rosaceae,Btr,genus,,,4,0.02,0.12,0.12,0.06,0.06,0.04,0.05,0.06,0.04,1.6,0.24,0.7,0.4,1,0.1,0.2,0.04,1.6,0.5,0.8,0.3,0.4
Photinia serrulata,NoData,,Photinia,Rosaceae,Btr,species,,,4,0.02,0.12,0.12,0.06,0.06,0.04,0.05,0.06,0.04,1.6,0.24,0.7,0.4,1,0.1,0.2,0.04,1.6,0.5,0.8,0.3,0.4
Photiniaxfraseri,NoData,Fraser's photinia,Photinia,Rosaceae,Btr,genus,,,4,0.02,0.12,0.12,0.06,0.06,0.04,0.05,0.06,0.04,1.6,0.24,0.7,0.4,1,0.1,0.2,0.04,1.6,0.5,0.8,0.3,0.4
Photinia__raseri,NoData,Fraser's photinia,Photinia,Rosaceae,Btr,genus,,,4,0.02,0.12,0.12,0.06,0.06,0.04,0.05,0.06,0.04,1.6,0.24,0.7,0.4,1,0.1,0.2,0.04,1.6,0.5,0.8,0.3,0.4
Phragmanthera,NoData,,Phragmanthera,TBD,Unknown,genus,,,4,0.02,0.12,0.12,0.06,0.06,0.04,0.05,0.06,0.04,1.6,0.24,0.7,0.4,1,0.1,0.2,0.04,1.6,0.5,0.8,0.3,0.4
Phragmites,Phragmites australis,,Phragmites,Poaceae,Shrub,genus,,,12,0.02,0.4,0.4,0.2,0.2,0.04,0.05,0.06,0.04,1.6,0.24,0.7,0.4,1,0.1,0.2,0.04,1.6,0.5,0.8,0.3,0.4
Phragmites australis,Phragmites australis,common reed,Phragmites,Poaceae,Shrub,species,,,12,0.02,0.4,0.4,0.2,0.2,0.04,0.05,0.06,0.04,1.6,0.24,0.7,0.4,1,0.1,0.2,0.04,1.6,0.5,0.8,0.3,0.4
Phragmites mauritianum,Phragmites australis,,Phragmites,Poaceae,Unknown,species,,,12,0.02,0.4,0.4,0.2,0.2,0.04,0.05,0.06,0.04,1.6,0.24,0.7,0.4,1,0.1,0.2,0.04,1.6,0.5,0.8,0.3,0.4
Phyllanthus,Arundo,,Phyllanthus,Euphorbiaceae,Unknown,genus,,,8,0.02,0.4,0.4,0.2,0.2,0.04,0.05,0.06,0.04,1.6,0.24,0.7,0.4,1,0.1,0.2,0.04,1.6,0.5,0.8,0.3,0.4
Phyllanthus emblia,Arundo,,Phyllanthus,Euphorbiaceae,Unknown,species,,,8,0.02,0.4,0.4,0.2,0.2,0.04,0.05,0.06,0.04,1.6,0.24,0.7,0.4,1,0.1,0.2,0.04,1.6,0.5,0.8,0.3,0.4
Phyllanthus flexuosus,Arundo,,Phyllanthus,Euphorbiaceae,Unknown,species,,,8,0.02,0.4,0.4,0.2,0.2,0.04,0.05,0.06,0.04,1.6,0.24,0.7,0.4,1,0.1,0.2,0.04,1.6,0.5,0.8,0.3,0.4
Phyllodoce,NoData,,Phyllodoce,TBD,Shrub,genus,from LFRDB,,4,0.02,0.12,0.12,0.06,0.06,0.04,0.05,0.06,0.04,1.6,0.24,0.7,0.4,1,0.1,0.2,0.04,1.6,0.5,0.8,0.3,0.4
Phyllostachys,Arundo,,Phyllostachys,Poaceae,Shrub,genus,,,8,0.02,0.4,0.4,0.2,0.2,0.04,0.05,0.06,0.04,1.6,0.24,0.7,0.4,1,0.1,0.2,0.04,1.6,0.5,0.8,0.3,0.4
Phyllostachys aurea,Arundo,golden bamboo,Phyllostachys,Poaceae,Shrub,species,,,8,0.02,0.4,0.4,0.2,0.2,0.04,0.05,0.06,0.04,1.6,0.24,0.7,0.4,1,0.1,0.2,0.04,1.6,0.5,0.8,0.3,0.4
Phyllostachys dulcis,Arundo,sweetshoot bamboo,Phyllostachys,Poaceae,Shrub,species,,,8,0.02,0.4,0.4,0.2,0.2,0.04,0.05,0.06,0.04,1.6,0.24,0.7,0.4,1,0.1,0.2,0.04,1.6,0.5,0.8,0.3,0.4
Phyllostachys pubescens,Arundo,,Phyllostachys,Poaceae,Shrub,species,,,8,0.02,0.4,0.4,0.2,0.2,0.04,0.05,0.06,0.04,1.6,0.24,0.7,0.4,1,0.1,0.2,0.04,1.6,0.5,0.8,0.3,0.4
Phyllostachys viridis,Arundo,,Phyllostachys,Poaceae,Unknown,species,,,8,0.02,0.4,0.4,0.2,0.2,0.04,0.05,0.06,0.04,1.6,0.24,0.7,0.4,1,0.1,0.2,0.04,1.6,0.5,0.8,0.3,0.4
Phymosia,NoData,,TBD,TBD,TBD,genus,,LF CTCOG,4,0.02,0.12,0.12,0.06,0.06,0.04,0.05,0.06,0.04,1.6,0.24,0.7,0.4,1,0.1,0.2,0.04,1.6,0.5,0.8,0.3,0.4
Physocarpus,NoData,,TBD,TBD,TBD,genus,,LF CTCOG,4,0.02,0.12,0.12,0.06,0.06,0.04,0.05,0.06,0.04,1.6,0.24,0.7,0.4,1,0.1,0.2,0.04,1.6,0.5,0.8,0.3,0.4
Phytolacca,NoData,,Phytolacca,Phytolaccaceae,Unknown,genus,,,4,0.02,0.12,0.12,0.06,0.06,0.04,0.05,0.06,0.04,1.6,0.24,0.7,0.4,1,0.1,0.2,0.04,1.6,0.5,0.8,0.3,0.4
Phytolacca dioica,NoData,,Phytolacca,Phytolaccaceae,Unknown,species,,,4,0.02,0.12,0.12,0.06,0.06,0.04,0.05,0.06,0.04,1.6,0.24,0.7,0.4,1,0.1,0.2,0.04,1.6,0.5,0.8,0.3,0.4
Picea,PiceaIso,spruce,Picea,Pinaceae,Ntr,genus,,,8,0.02,0.3,0.3,0.2,0.4,0.04,0.05,0.1,0.06,1.6,0.24,0.7,0.4,1,0.1,0.2,0.04,1.6,0.5,0.8,0.3,0.4
Picea abies,Picea abies,Norway spruce,Picea_E,Pinaceae,Ntr,species,,,1.8,0.02,0.6,0.4,0.4,0.8,0.04,0.05,0.1,0.06,1.6,0.24,0.7,0.4,1,0.1,0.2,0.04,1.6,0.5,0.8,0.3,0.4
Picea alcoquiana,PiceaIso,,Picea_A,Pinaceae,Ntr,species,,,8,0.02,0.3,0.3,0.2,0.4,0.04,0.05,0.1,0.06,1.6,0.24,0.7,0.4,1,0.1,0.2,0.04,1.6,0.5,0.8,0.3,0.4
Picea asperata,PiceaIso,,Picea_A,Pinaceae,Ntr,species,,,8,0.02,0.3,0.3,0.2,0.4,0.04,0.05,0.1,0.06,1.6,0.24,0.7,0.4,1,0.1,0.2,0.04,1.6,0.5,0.8,0.3,0.4
Picea aurantiaca,PiceaIso,,Picea_A,Pinaceae,Ntr,species,,,8,0.02,0.3,0.3,0.2,0.4,0.04,0.05,0.1,0.06,1.6,0.24,0.7,0.4,1,0.1,0.2,0.04,1.6,0.5,0.8,0.3,0.4
Picea breweriana,Picea breweriana,Brewer spruce,Picea_N,Pinaceae,Ntr,species,,,8,0.02,0.2,0.4,0.1,0.2,0.04,0.05,0.1,0.06,1.6,0.24,0.7,0.4,1,0.1,0.2,0.04,1.6,0.5,0.8,0.3,0.4
Picea engelmanii,PiceaIso,,Picea_N,Pinaceae,Ntr,species,,,8,0.02,0.3,0.3,0.2,0.4,0.04,0.05,0.1,0.06,1.6,0.24,0.7,0.4,1,0.1,0.2,0.04,1.6,0.5,0.8,0.3,0.4
Picea engelmannii,PiceaIso,Engelmann spruce,Picea_N,Pinaceae,Ntr,species,,,8,0.02,0.3,0.3,0.2,0.4,0.04,0.05,0.1,0.06,1.6,0.24,0.7,0.4,1,0.1,0.2,0.04,1.6,0.5,0.8,0.3,0.4
Picea glauca,PiceaIso,white spruce,Picea_N,Pinaceae,Ntr,species,,,8,0.02,0.3,0.3,0.2,0.4,0.04,0.05,0.1,0.06,1.6,0.24,0.7,0.4,1,0.1,0.2,0.04,1.6,0.5,0.8,0.3,0.4
Picea koyamai,PiceaIso,,Picea_A,Pinaceae,Ntr,species,,,8,0.02,0.3,0.3,0.2,0.4,0.04,0.05,0.1,0.06,1.6,0.24,0.7,0.4,1,0.1,0.2,0.04,1.6,0.5,0.8,0.3,0.4
Picea likiangensis,PiceaIso,,Picea_A,Pinaceae,Ntr,species,,,8,0.02,0.3,0.3,0.2,0.4,0.04,0.05,0.1,0.06,1.6,0.24,0.7,0.4,1,0.1,0.2,0.04,1.6,0.5,0.8,0.3,0.4
Picea mariana,PiceaIso,black spruce,Picea_N,Pinaceae,Ntr,species,,,8,0.02,0.3,0.3,0.2,0.4,0.04,0.05,0.1,0.06,1.6,0.24,0.7,0.4,1,0.1,0.2,0.04,1.6,0.5,0.8,0.3,0.4
Picea meyeri,PiceaIso,,Picea_A,Pinaceae,Ntr,species,,,8,0.02,0.3,0.3,0.2,0.4,0.04,0.05,0.1,0.06,1.6,0.24,0.7,0.4,1,0.1,0.2,0.04,1.6,0.5,0.8,0.3,0.4
Picea montigena,PiceaIso,,Picea_A,Pinaceae,Ntr,species,,,8,0.02,0.3,0.3,0.2,0.4,0.04,0.05,0.1,0.06,1.6,0.24,0.7,0.4,1,0.1,0.2,0.04,1.6,0.5,0.8,0.3,0.4
Picea morrisonicola,PiceaIso,,Picea_A,Pinaceae,Ntr,species,,,8,0.02,0.3,0.3,0.2,0.4,0.04,0.05,0.1,0.06,1.6,0.24,0.7,0.4,1,0.1,0.2,0.04,1.6,0.5,0.8,0.3,0.4
Picea omorika,PiceaIso,Serbian spruce,Picea_A,Pinaceae,Ntr,species,,,8,0.02,0.3,0.3,0.2,0.4,0.04,0.05,0.1,0.06,1.6,0.24,0.7,0.4,1,0.1,0.2,0.04,1.6,0.5,0.8,0.3,0.4
Picea orientalis,PiceaIso,,Picea_A,Pinaceae,Ntr,species,,,8,0.02,0.3,0.3,0.2,0.4,0.04,0.05,0.1,0.06,1.6,0.24,0.7,0.4,1,0.1,0.2,0.04,1.6,0.5,0.8,0.3,0.4
Picea pungens,PiceaIso,blue spruce,Picea_N,Pinaceae,Ntr,species,,,8,0.02,0.3,0.3,0.2,0.4,0.04,0.05,0.1,0.06,1.6,0.24,0.7,0.4,1,0.1,0.2,0.04,1.6,0.5,0.8,0.3,0.4
Picea rubens,PiceaIso,red spruce,Picea_N,Pinaceae,Ntr,species,,,8,0.02,0.3,0.3,0.2,0.4,0.04,0.05,0.1,0.06,1.6,0.24,0.7,0.4,1,0.1,0.2,0.04,1.6,0.5,0.8,0.3,0.4
Picea sitchensis,PiceaIso,Sitka spruce,Picea_N,Pinaceae,Ntr,species,,,8,0.02,0.3,0.3,0.2,0.4,0.04,0.05,0.1,0.06,1.6,0.24,0.7,0.4,1,0.1,0.2,0.04,1.6,0.5,0.8,0.3,0.4
Picea smithiana,PiceaIso,morinda spruce,Picea_A,Pinaceae,Ntr,species,,,8,0.02,0.3,0.3,0.2,0.4,0.04,0.05,0.1,0.06,1.6,0.24,0.7,0.4,1,0.1,0.2,0.04,1.6,0.5,0.8,0.3,0.4
Pickeringia,NoData,,Pickeringia,TBD,Shrub,genus,from LFRDB,,4,0.02,0.12,0.12,0.06,0.06,0.04,0.05,0.06,0.04,1.6,0.24,0.7,0.4,1,0.1,0.2,0.04,1.6,0.5,0.8,0.3,0.4
Picralima,NoData,,Picralima,TBD,Unknown,genus,,,4,0.02,0.12,0.12,0.06,0.06,0.04,0.05,0.06,0.04,1.6,0.24,0.7,0.4,1,0.1,0.2,0.04,1.6,0.5,0.8,0.3,0.4
Picralima nitida,NoData,,Picralima,TBD,Unknown,species,,,4,0.02,0.12,0.12,0.06,0.06,0.04,0.05,0.06,0.04,1.6,0.24,0.7,0.4,1,0.1,0.2,0.04,1.6,0.5,0.8,0.3,0.4
Picrothamnus,NoData,,Picrothamnus,TBD,Shrub,genus,from LFRDB,,4,0.02,0.12,0.12,0.06,0.06,0.04,0.05,0.06,0.04,1.6,0.24,0.7,0.4,1,0.1,0.2,0.04,1.6,0.5,0.8,0.3,0.4
Pictetia,NoData,,Pictetia,Fabaceae,Unknown,genus,,,4,0.02,0.12,0.12,0.06,0.06,0.04,0.05,0.06,0.04,1.6,0.24,0.7,0.4,1,0.1,0.2,0.04,1.6,0.5,0.8,0.3,0.4
Pictetia aculete,NoData,,Pictetia,Fabaceae,Unknown,species,,,4,0.02,0.12,0.12,0.06,0.06,0.04,0.05,0.06,0.04,1.6,0.24,0.7,0.4,1,0.1,0.2,0.04,1.6,0.5,0.8,0.3,0.4
Pieris,NoData,,Pieris,Ericaceae,Btr,genus,,,4,0.02,0.12,0.12,0.06,0.06,0.04,0.05,0.06,0.04,1.6,0.24,0.7,0.4,1,0.1,0.2,0.04,1.6,0.5,0.8,0.3,0.4
Piliostigma,NoData,,Piliostigma,TBD,Unknown,genus,,,4,0.02,0.12,0.12,0.06,0.06,0.04,0.05,0.06,0.04,1.6,0.24,0.7,0.4,1,0.1,0.2,0.04,1.6,0.5,0.8,0.3,0.4
Piliostigma refuscens,NoData,,Piliostigma,TBD,Unknown,species,,,4,0.02,0.12,0.12,0.06,0.06,0.04,0.05,0.06,0.04,1.6,0.24,0.7,0.4,1,0.1,0.2,0.04,1.6,0.5,0.8,0.3,0.4
Piliostigma thonningii,NoData,,Piliostigma,TBD,Unknown,species,,,4,0.02,0.12,0.12,0.06,0.06,0.04,0.05,0.06,0.04,1.6,0.24,0.7,0.4,1,0.1,0.2,0.04,1.6,0.5,0.8,0.3,0.4
Pinaceae,PinusAustral,,Pinaceae,Pinaceae,Unknown,family,,,0.1,2,0.9,0.1,0.6,0.3,0.1,0.05,0.14,0.06,1.6,0.24,0.7,0.4,1,0.1,0.2,0.04,1.6,0.5,0.8,0.3,0.4
Pinus,PinusAustral,pine,Pinus,Pinaceae,Ntr,genus,,,0.1,2,0.9,0.1,0.6,0.3,0.1,0.05,0.14,0.06,1.6,0.24,0.7,0.4,1,0.1,0.2,0.04,1.6,0.5,0.8,0.3,0.4
Pinus albicaulis,PinusQuinque,whitebark pine,Pinus,Pinaceae,Ntr,species,,,0.1,0.3,0.9,0.1,0.6,0.3,0.1,0.05,0.14,0.06,1.6,0.24,0.7,0.4,1,0.1,0.2,0.04,1.6,0.5,0.8,0.3,0.4
Pinus aristata,PinusPinus,bristlecone pine,Pinus,Pinaceae,Ntr,species,,,0.1,0.02,0.9,0.1,0.6,0.3,0.1,0.05,0.14,0.06,1.6,0.24,0.7,0.4,1,0.1,0.2,0.04,1.6,0.5,0.8,0.3,0.4
Pinus armandii,PinusPinus,Armand pine,Pinus,Pinaceae,Ntr,species,,,0.1,0.02,0.9,0.1,0.6,0.3,0.1,0.05,0.14,0.06,1.6,0.24,0.7,0.4,1,0.1,0.2,0.04,1.6,0.5,0.8,0.3,0.4
Pinus attenuata,PinusAustral,knobcone pine,Pinus_MBO2,Pinaceae,Ntr,species,,,0.1,2,0.9,0.1,0.6,0.3,0.1,0.05,0.14,0.06,1.6,0.24,0.7,0.4,1,0.1,0.2,0.04,1.6,0.5,0.8,0.3,0.4
Pinus balfouriana,PinusPinus,foxtail pine,Pinus,Pinaceae,Ntr,species,,,0.1,0.02,0.9,0.1,0.6,0.3,0.1,0.05,0.14,0.06,1.6,0.24,0.7,0.4,1,0.1,0.2,0.04,1.6,0.5,0.8,0.3,0.4
Pinus banksiana,PinusTrifol,jack pine,Pinus_MBO1,Pinaceae,Ntr,species,,,0.1,12,0.9,0.1,0.6,0.3,0.1,0.05,0.14,0.06,1.6,0.24,0.7,0.4,1,0.1,0.2,0.04,1.6,0.5,0.8,0.3,0.4
Pinus brutia,PinusPinus,Calabrian pine,Pinus,Pinaceae,Ntr,species,,,0.1,0.02,0.9,0.1,0.6,0.3,0.1,0.05,0.14,0.06,1.6,0.24,0.7,0.4,1,0.1,0.2,0.04,1.6,0.5,0.8,0.3,0.4
Pinus brutia var. eldarica,PinusPinus,Afghan pine,Pinus,Pinaceae,Ntr,species,,,0.1,0.02,0.9,0.1,0.6,0.3,0.1,0.05,0.14,0.06,1.6,0.24,0.7,0.4,1,0.1,0.2,0.04,1.6,0.5,0.8,0.3,0.4
Pinus bungeana,PinusPinus,Bunge's pine,Pinus,Pinaceae,Ntr,species,,,0.1,0.02,0.9,0.1,0.6,0.3,0.1,0.05,0.14,0.06,1.6,0.24,0.7,0.4,1,0.1,0.2,0.04,1.6,0.5,0.8,0.3,0.4
Pinus canariensis,PinusPinus,Canary Island pine,Pinus,Pinaceae,Ntr,species,,,0.1,0.02,0.9,0.1,0.6,0.3,0.1,0.05,0.14,0.06,1.6,0.24,0.7,0.4,1,0.1,0.2,0.04,1.6,0.5,0.8,0.3,0.4
Pinus caribaea,PinusPinus,Caribbean pine,Pinus,Pinaceae,Ntr,species,,,0.1,0.02,0.9,0.1,0.6,0.3,0.1,0.05,0.14,0.06,1.6,0.24,0.7,0.4,1,0.1,0.2,0.04,1.6,0.5,0.8,0.3,0.4
Pinus cembroides,PinusQuinque,Mexican pinyon,Pinus,Pinaceae,Ntr,species,,,0.1,0.3,0.9,0.1,0.6,0.3,0.1,0.05,0.14,0.06,1.6,0.24,0.7,0.4,1,0.1,0.2,0.04,1.6,0.5,0.8,0.3,0.4
Pinus clausa,PinusAustral,sand pine,Pinus_MBO2,Pinaceae,Ntr,species,,,0.1,2,0.9,0.1,0.6,0.3,0.1,0.05,0.14,0.06,1.6,0.24,0.7,0.4,1,0.1,0.2,0.04,1.6,0.5,0.8,0.3,0.4
Pinus contorta,PinusTrifol,lodgepole pine,Pinus_MBO1,Pinaceae,Ntr,species,,,0.1,12,0.9,0.1,0.6,0.3,0.1,0.05,0.14,0.06,1.6,0.24,0.7,0.4,1,0.1,0.2,0.04,1.6,0.5,0.8,0.3,0.4
Pinus contorta var. contorta,PinusTrifol,beach pine,Pinus_MBO1,Pinaceae,Ntr,species,,,0.1,12,0.9,0.1,0.6,0.3,0.1,0.05,0.14,0.06,1.6,0.24,0.7,0.4,1,0.1,0.2,0.04,1.6,0.5,0.8,0.3,0.4
Pinus coulteri,PinusTrifol,Coulter pine,Pinus_MBO1,Pinaceae,Ntr,species,,,0.1,12,0.9,0.1,0.6,0.3,0.1,0.05,0.14,0.06,1.6,0.24,0.7,0.4,1,0.1,0.2,0.04,1.6,0.5,0.8,0.3,0.4
Pinus densiflora,PinusPinus,Japanese red pine,Pinus,Pinaceae,Ntr,species,,,0.1,0.02,0.9,0.1,0.6,0.3,0.1,0.05,0.14,0.06,1.6,0.24,0.7,0.4,1,0.1,0.2,0.04,1.6,0.5,0.8,0.3,0.4
Pinus discolor,PinusQuinque,border pinyon,Pinus,Pinaceae,Ntr,species,,,0.1,0.3,0.9,0.1,0.6,0.3,0.1,0.05,0.14,0.06,1.6,0.24,0.7,0.4,1,0.1,0.2,0.04,1.6,0.5,0.8,0.3,0.4
Pinus echinata,PinusPinus,shortleaf pine,Pinus,Pinaceae,Ntr,species,,,0.1,0.02,0.9,0.1,0.6,0.3,0.1,0.05,0.14,0.06,1.6,0.24,0.7,0.4,1,0.1,0.2,0.04,1.6,0.5,0.8,0.3,0.4
Pinus edulis,PinusPinus,twoneedle pinyon,Pinus,Pinaceae,Ntr,species,,,0.1,0.02,0.9,0.1,0.6,0.3,0.1,0.05,0.14,0.06,1.6,0.24,0.7,0.4,1,0.1,0.2,0.04,1.6,0.5,0.8,0.3,0.4
Pinus eldarica,PinusPinus,,Pinus,Pinaceae,Ntr,species,,,0.1,0.02,0.9,0.1,0.6,0.3,0.1,0.05,0.14,0.06,1.6,0.24,0.7,0.4,1,0.1,0.2,0.04,1.6,0.5,0.8,0.3,0.4
Pinus elliotii,PinusAustral,,Pinus_MBO2,Pinaceae,Unknown,species,,,0.1,2,0.9,0.1,0.6,0.3,0.1,0.05,0.14,0.06,1.6,0.24,0.7,0.4,1,0.1,0.2,0.04,1.6,0.5,0.8,0.3,0.4
Pinus elliottii,PinusAustral,slash pine,Pinus,Pinaceae,Ntr,species,,,0.1,2,0.9,0.1,0.6,0.3,0.1,0.05,0.14,0.06,1.6,0.24,0.7,0.4,1,0.1,0.2,0.04,1.6,0.5,0.8,0.3,0.4
Pinus elliottii var. densa,PinusAustral,Florida slash pine,Pinus,Pinaceae,Ntr,species,,,0.1,2,0.9,0.1,0.6,0.3,0.1,0.05,0.14,0.06,1.6,0.24,0.7,0.4,1,0.1,0.2,0.04,1.6,0.5,0.8,0.3,0.4
Pinus engelmannii,PinusPinus,Apache pine,Pinus,Pinaceae,Ntr,species,,,0.1,0.02,0.9,0.1,0.6,0.3,0.1,0.05,0.14,0.06,1.6,0.24,0.7,0.4,1,0.1,0.2,0.04,1.6,0.5,0.8,0.3,0.4
Pinus flexilis,PinusQuinque,limber pine,Pinus,Pinaceae,Ntr,species,,,0.1,0.3,0.9,0.1,0.6,0.3,0.1,0.05,0.14,0.06,1.6,0.24,0.7,0.4,1,0.1,0.2,0.04,1.6,0.5,0.8,0.3,0.4
Pinus glabra,PinusAustral,spruce pine,Pinus_MBO2,Pinaceae,Ntr,species,,,0.1,2,0.9,0.1,0.6,0.3,0.1,0.05,0.14,0.06,1.6,0.24,0.7,0.4,1,0.1,0.2,0.04,1.6,0.5,0.8,0.3,0.4
Pinus halepensis,PinusPinus,aleppo pine,Pinus,Pinaceae,Ntr,species,,,0.1,0.02,0.9,0.1,0.6,0.3,0.1,0.05,0.14,0.06,1.6,0.24,0.7,0.4,1,0.1,0.2,0.04,1.6,0.5,0.8,0.3,0.4
Pinus jeffreyi,PinusTrifol,Jeffrey pine,Pinus_MBO1,Pinaceae,Ntr,species,,,0.1,12,0.9,0.1,0.6,0.3,0.1,0.05,0.14,0.06,1.6,0.24,0.7,0.4,1,0.1,0.2,0.04,1.6,0.5,0.8,0.3,0.4
Pinus koraiensis,PinusPinus,Chinese pinenut,Pinus,Pinaceae,Ntr,species,,,0.1,0.02,0.9,0.1,0.6,0.3,0.1,0.05,0.14,0.06,1.6,0.24,0.7,0.4,1,0.1,0.2,0.04,1.6,0.5,0.8,0.3,0.4
Pinus kwangatungensis,PinusTrifol,,Pinus_MBO,Pinaceae,Ntr,species,,,0.1,12,0.9,0.1,0.6,0.3,0.1,0.05,0.14,0.06,1.6,0.24,0.7,0.4,1,0.1,0.2,0.04,1.6,0.5,0.8,0.3,0.4
Pinus lambertiana,PinusPinus,sugar pine,Pinus,Pinaceae,Ntr,species,,,0.1,0.02,0.9,0.1,0.6,0.3,0.1,0.05,0.14,0.06,1.6,0.24,0.7,0.4,1,0.1,0.2,0.04,1.6,0.5,0.8,0.3,0.4
Pinus leiophylla,PinusAustral,Chihuahuan pine,Pinus_MBO2,Pinaceae,Ntr,species,,,0.1,2,0.9,0.1,0.6,0.3,0.1,0.05,0.14,0.06,1.6,0.24,0.7,0.4,1,0.1,0.2,0.04,1.6,0.5,0.8,0.3,0.4
Pinus luchuensis,PinusPinus,,Pinus,Pinaceae,Ntr,species,,,0.1,0.02,0.9,0.1,0.6,0.3,0.1,0.05,0.14,0.06,1.6,0.24,0.7,0.4,1,0.1,0.2,0.04,1.6,0.5,0.8,0.3,0.4
Pinus massoniana,PinusPinus,Chinese red pine,Pinus,Pinaceae,Ntr,species,,,0.1,0.02,0.9,0.1,0.6,0.3,0.1,0.05,0.14,0.06,1.6,0.24,0.7,0.4,1,0.1,0.2,0.04,1.6,0.5,0.8,0.3,0.4
Pinus monophylla,PinusQuinque,singleleaf pinyon,Pinus,Pinaceae,Ntr,species,,,0.1,0.3,0.9,0.1,0.6,0.3,0.1,0.05,0.14,0.06,1.6,0.24,0.7,0.4,1,0.1,0.2,0.04,1.6,0.5,0.8,0.3,0.4
Pinus montezumae,PinusAustral,,Pinus_MBO2,Pinaceae,Ntr,species,,,0.1,2,0.9,0.1,0.6,0.3,0.1,0.05,0.14,0.06,1.6,0.24,0.7,0.4,1,0.1,0.2,0.04,1.6,0.5,0.8,0.3,0.4
Pinus monticola,PinusPinus,western white pine,Pinus,Pinaceae,Ntr,species,,,0.1,0.02,0.9,0.1,0.6,0.3,0.1,0.05,0.14,0.06,1.6,0.24,0.7,0.4,1,0.1,0.2,0.04,1.6,0.5,0.8,0.3,0.4
Pinus mugo,PinusPinus,mugo pine,Pinus,Pinaceae,Ntr,species,,,0.1,0.02,0.9,0.1,0.6,0.3,0.1,0.05,0.14,0.06,1.6,0.24,0.7,0.4,1,0.1,0.2,0.04,1.6,0.5,0.8,0.3,0.4
Pinus muricata,PinusTrifol,Bishop pine,Pinus_MBO1,Pinaceae,Ntr,species,,,0.1,12,0.9,0.1,0.6,0.3,0.1,0.05,0.14,0.06,1.6,0.24,0.7,0.4,1,0.1,0.2,0.04,1.6,0.5,0.8,0.3,0.4
Pinus murraybanksiana,PinusTrifol,,Pinus_MBO1,Pinaceae,Ntr,species,,,0.1,12,0.9,0.1,0.6,0.3,0.1,0.05,0.14,0.06,1.6,0.24,0.7,0.4,1,0.1,0.2,0.04,1.6,0.5,0.8,0.3,0.4
Pinus nigra,PinusPinus,Austrian pine,Pinus,Pinaceae,Ntr,species,,,0.1,0.02,0.9,0.1,0.6,0.3,0.1,0.05,0.14,0.06,1.6,0.24,0.7,0.4,1,0.1,0.2,0.04,1.6,0.5,0.8,0.3,0.4
Pinus palustris,PinusTrifol,longleaf pine,Pinus_MBO1,Pinaceae,Ntr,species,,,0.1,12,0.9,0.1,0.6,0.3,0.1,0.05,0.14,0.06,1.6,0.24,0.7,0.4,1,0.1,0.2,0.04,1.6,0.5,0.8,0.3,0.4
Pinus patula,PinusAustral,Mexican weeping pine,Pinus_MBO2,Pinaceae,Ntr,species,,,0.1,2,0.9,0.1,0.6,0.3,0.1,0.05,0.14,0.06,1.6,0.24,0.7,0.4,1,0.1,0.2,0.04,1.6,0.5,0.8,0.3,0.4
Pinus pinaster,PinusPinus,maritime pine,Pinus,Pinaceae,Ntr,species,,,0.1,0.02,0.9,0.1,0.6,0.3,0.1,0.05,0.14,0.06,1.6,0.24,0.7,0.4,1,0.1,0.2,0.04,1.6,0.5,0.8,0.3,0.4
Pinus pinea,PinusPinus,Italian stone pine,Pinus,Pinaceae,Ntr,species,,,0.1,0.02,0.9,0.1,0.6,0.3,0.1,0.05,0.14,0.06,1.6,0.24,0.7,0.4,1,0.1,0.2,0.04,1.6,0.5,0.8,0.3,0.4
Pinus ponderosa,PinusTrifol,ponderosa pine,Pinus_MBO1,Pinaceae,Ntr,species,,,0.1,12,0.9,0.1,0.6,0.3,0.1,0.05,0.14,0.06,1.6,0.24,0.7,0.4,1,0.1,0.2,0.04,1.6,0.5,0.8,0.3,0.4
Pinus ponderosa var. scopulorum,PinusTrifol,ponderosa pine,Pinus_MBO1,Pinaceae,Ntr,species,,,0.1,12,0.9,0.1,0.6,0.3,0.1,0.05,0.14,0.06,1.6,0.24,0.7,0.4,1,0.1,0.2,0.04,1.6,0.5,0.8,0.3,0.4
Pinus pseudostrobus,PinusAustral,,Pinus_MBO2,Pinaceae,Ntr,species,,,0.1,2,0.9,0.1,0.6,0.3,0.1,0.05,0.14,0.06,1.6,0.24,0.7,0.4,1,0.1,0.2,0.04,1.6,0.5,0.8,0.3,0.4
Pinus pungens,PinusAustral,Table Mountain pine,Pinus_MBO2,Pinaceae,Ntr,species,,,0.1,2,0.9,0.1,0.6,0.3,0.1,0.05,0.14,0.06,1.6,0.24,0.7,0.4,1,0.1,0.2,0.04,1.6,0.5,0.8,0.3,0.4
Pinus quadrifolia,PinusPinus,Parry pinyon,Pinus,Pinaceae,Ntr,species,,,0.1,0.02,0.9,0.1,0.6,0.3,0.1,0.05,0.14,0.06,1.6,0.24,0.7,0.4,1,0.1,0.2,0.04,1.6,0.5,0.8,0.3,0.4
Pinus radiata,PinusAustral,Monterey pine,Pinus_MBO2,Pinaceae,Ntr,species,,,0.1,2,0.9,0.1,0.6,0.3,0.1,0.05,0.14,0.06,1.6,0.24,0.7,0.4,1,0.1,0.2,0.04,1.6,0.5,0.8,0.3,0.4
Pinus resinosa,PinusPinus,red pine,Pinus,Pinaceae,Ntr,species,,,0.1,0.02,0.9,0.1,0.6,0.3,0.1,0.05,0.14,0.06,1.6,0.24,0.7,0.4,1,0.1,0.2,0.04,1.6,0.5,0.8,0.3,0.4
Pinus rigida,PinusAustral,pitch pine,Pinus_MBO2,Pinaceae,Ntr,species,,,0.1,2,0.9,0.1,0.6,0.3,0.1,0.05,0.14,0.06,1.6,0.24,0.7,0.4,1,0.1,0.2,0.04,1.6,0.5,0.8,0.3,0.4
Pinus roxburghii,PinusAustral,,Pinus_MBO2,Pinaceae,Ntr,species,,,0.1,2,0.9,0.1,0.6,0.3,0.1,0.05,0.14,0.06,1.6,0.24,0.7,0.4,1,0.1,0.2,0.04,1.6,0.5,0.8,0.3,0.4
Pinus sabiniana,PinusTrifol,California foothill pine,Pinus_MBO1,Pinaceae,Ntr,species,,,0.1,12,0.9,0.1,0.6,0.3,0.1,0.05,0.14,0.06,1.6,0.24,0.7,0.4,1,0.1,0.2,0.04,1.6,0.5,0.8,0.3,0.4
Pinus serotina,PinusAustral,pond pine,Pinus_MBO2,Pinaceae,Ntr,species,,,0.1,2,0.9,0.1,0.6,0.3,0.1,0.05,0.14,0.06,1.6,0.24,0.7,0.4,1,0.1,0.2,0.04,1.6,0.5,0.8,0.3,0.4
Pinus sibirica,PinusPinus,Siberian pine,Pinus,Pinaceae,Ntr,species,,,0.1,0.02,0.9,0.1,0.6,0.3,0.1,0.05,0.14,0.06,1.6,0.24,0.7,0.4,1,0.1,0.2,0.04,1.6,0.5,0.8,0.3,0.4
Pinus sondereggeria,PinusAustral,,Pinus_MBO2,Pinaceae,Ntr,species,,,0.1,2,0.9,0.1,0.6,0.3,0.1,0.05,0.14,0.06,1.6,0.24,0.7,0.4,1,0.1,0.2,0.04,1.6,0.5,0.8,0.3,0.4
Pinus strobiformis,PinusPinus,southwestern white pine,Pinus,Pinaceae,Ntr,species,,,0.1,0.02,0.9,0.1,0.6,0.3,0.1,0.05,0.14,0.06,1.6,0.24,0.7,0.4,1,0.1,0.2,0.04,1.6,0.5,0.8,0.3,0.4
Pinus strobus,PinusPinus,eastern white pine,Pinus,Pinaceae,Ntr,species,,,0.1,0.02,0.9,0.1,0.6,0.3,0.1,0.05,0.14,0.06,1.6,0.24,0.7,0.4,1,0.1,0.2,0.04,1.6,0.5,0.8,0.3,0.4
Pinus sylvestris,PinusPinus,Scots pine,Pinus,Pinaceae,Ntr,species,,,0.1,0.02,0.9,0.1,0.6,0.3,0.1,0.05,0.14,0.06,1.6,0.24,0.7,0.4,1,0.1,0.2,0.04,1.6,0.5,0.8,0.3,0.4
Pinus tabuliformis,PinusPinus,southern Chinese pine,Pinus,Pinaceae,Ntr,species,,,0.1,0.02,0.9,0.1,0.6,0.3,0.1,0.05,0.14,0.06,1.6,0.24,0.7,0.4,1,0.1,0.2,0.04,1.6,0.5,0.8,0.3,0.4
Pinus taeda,PinusAustral,loblolly pine,Pinus_MBO2,Pinaceae,Ntr,species,,,0.1,2,0.9,0.1,0.6,0.3,0.1,0.05,0.14,0.06,1.6,0.24,0.7,0.4,1,0.1,0.2,0.04,1.6,0.5,0.8,0.3,0.4
Pinus thunbergiana,PinusPinus,,Pinus,Pinaceae,Ntr,species,,,0.1,0.02,0.9,0.1,0.6,0.3,0.1,0.05,0.14,0.06,1.6,0.24,0.7,0.4,1,0.1,0.2,0.04,1.6,0.5,0.8,0.3,0.4
Pinus thunbergii,PinusPinus,Japanese black pine,Pinus,Pinaceae,Ntr,species,,,0.1,0.02,0.9,0.1,0.6,0.3,0.1,0.05,0.14,0.06,1.6,0.24,0.7,0.4,1,0.1,0.2,0.04,1.6,0.5,0.8,0.3,0.4
Pinus torreyana,PinusTrifol,Torrey pine,Pinus_MBO1,Pinaceae,Ntr,species,,,0.1,12,0.9,0.1,0.6,0.3,0.1,0.05,0.14,0.06,1.6,0.24,0.7,0.4,1,0.1,0.2,0.04,1.6,0.5,0.8,0.3,0.4
Pinus virginiana,PinusAustral,Virginia pine,Pinus_MBO2,Pinaceae,Ntr,species,,,0.1,2,0.9,0.1,0.6,0.3,0.1,0.05,0.14,0.06,1.6,0.24,0.7,0.4,1,0.1,0.2,0.04,1.6,0.5,0.8,0.3,0.4
Piper,NoData,,Piper,Piperaceae,Unknown,genus,,,4,0.02,0.12,0.12,0.06,0.06,0.04,0.05,0.06,0.04,1.6,0.24,0.7,0.4,1,0.1,0.2,0.04,1.6,0.5,0.8,0.3,0.4
Piper reticulatum,NoData,,Piper,Piperaceae,Unknown,species,,,4,0.02,0.12,0.12,0.06,0.06,0.04,0.05,0.06,0.04,1.6,0.24,0.7,0.4,1,0.1,0.2,0.04,1.6,0.5,0.8,0.3,0.4
Piptadeniastrum,NoData,,Piptadeniastrum,TBD,Unknown,genus,,,4,0.02,0.12,0.12,0.06,0.06,0.04,0.05,0.06,0.04,1.6,0.24,0.7,0.4,1,0.1,0.2,0.04,1.6,0.5,0.8,0.3,0.4
Piptadeniastrum africanum,NoData,,Piptadeniastrum,TBD,Unknown,species,,,4,0.02,0.12,0.12,0.06,0.06,0.04,0.05,0.06,0.04,1.6,0.24,0.7,0.4,1,0.1,0.2,0.04,1.6,0.5,0.8,0.3,0.4
Piptochaetium,NoData,,TBD,TBD,TBD,genus,,LF CTCOG,4,0.02,0.12,0.12,0.06,0.06,0.04,0.05,0.06,0.04,1.6,0.24,0.7,0.4,1,0.1,0.2,0.04,1.6,0.5,0.8,0.3,0.4
Pisonia,NoData,,Pisonia,Nyctaginaceae,Btr,genus,,,4,0.02,0.12,0.12,0.06,0.06,0.04,0.05,0.06,0.04,1.6,0.24,0.7,0.4,1,0.1,0.2,0.04,1.6,0.5,0.8,0.3,0.4
Pisonia albida,NoData,corcho bobo,Pisonia,Nyctaginaceae,Btr,species,,,4,0.02,0.12,0.12,0.06,0.06,0.04,0.05,0.06,0.04,1.6,0.24,0.7,0.4,1,0.1,0.2,0.04,1.6,0.5,0.8,0.3,0.4
Pistacia,Pistache,,Pistacia,Anacardiaceae,Btr,genus,,,0.05,0.02,0.15,3,0.4,0.4,0.05,0.05,0.1,0.05,1.6,0.24,0.7,0.4,1,0.1,0.2,0.04,1.6,0.5,0.8,0.3,0.4
Pistacia atlantica,Pistache,Mt. Atlas mastic tree,Pistacia,Anacardiaceae,Btr,species,,,0.05,0.02,0.15,3,0.4,0.4,0.05,0.05,0.1,0.05,1.6,0.24,0.7,0.4,1,0.1,0.2,0.04,1.6,0.5,0.8,0.3,0.4
Pistacia chinensis,Pistache,Chinese pistache,Pistacia,Anacardiaceae,Btr,species,,,0.05,0.02,0.15,3,0.4,0.4,0.05,0.05,0.1,0.05,1.6,0.24,0.7,0.4,1,0.1,0.2,0.04,1.6,0.5,0.8,0.3,0.4
Pistacia lentiscus,Pistache,mastic tree,Pistacia,Anacardiaceae,Unknown,species,,,0.05,0.02,0.15,3,0.4,0.4,0.05,0.05,0.1,0.05,1.6,0.24,0.7,0.4,1,0.1,0.2,0.04,1.6,0.5,0.8,0.3,0.4
Pistacia terebinthus,Pistache,Cyprus turpentine,Pistacia,Anacardiaceae,Unknown,species,,,0.05,0.02,0.15,3,0.4,0.4,0.05,0.05,0.1,0.05,1.6,0.24,0.7,0.4,1,0.1,0.2,0.04,1.6,0.5,0.8,0.3,0.4
Pistacia vera,Pistache,pistachio nut,Pistacia,Anacardiaceae,Unknown,species,,,0.05,0.02,0.15,3,0.4,0.4,0.05,0.05,0.1,0.05,1.6,0.24,0.7,0.4,1,0.1,0.2,0.04,1.6,0.5,0.8,0.3,0.4
Pisum,NoData,,Pisum,Fabaceae,Shrub,genus,,,4,0.02,0.12,0.12,0.06,0.06,0.04,0.05,0.06,0.04,1.6,0.24,0.7,0.4,1,0.1,0.2,0.04,1.6,0.5,0.8,0.3,0.4
Pisum sativum,NoData,garden pea,Pisum,Fabaceae,Shrub,species,,,4,0.02,0.12,0.12,0.06,0.06,0.04,0.05,0.06,0.04,1.6,0.24,0.7,0.4,1,0.1,0.2,0.04,1.6,0.5,0.8,0.3,0.4
Pithecellobium,NoData,blackbead,Pithecellobium,Fabaceae,Btr,genus,,,4,0.02,0.12,0.12,0.06,0.06,0.04,0.05,0.06,0.04,1.6,0.24,0.7,0.4,1,0.1,0.2,0.04,1.6,0.5,0.8,0.3,0.4
Pithecellobium cylpearia,NoData,,Pithecellobium,Fabaceae,Unknown,species,,,4,0.02,0.12,0.12,0.06,0.06,0.04,0.05,0.06,0.04,1.6,0.24,0.7,0.4,1,0.1,0.2,0.04,1.6,0.5,0.8,0.3,0.4
Pithecellobium dulce,NoData,monkeypod,Pithecellobium,Fabaceae,Btr,species,,,4,0.02,0.12,0.12,0.06,0.06,0.04,0.05,0.06,0.04,1.6,0.24,0.7,0.4,1,0.1,0.2,0.04,1.6,0.5,0.8,0.3,0.4
Pithecellobium flexicaule,Desmanthus,,Pithecellobium,Fabaceae,Btr,species,,,8,0.02,0.2,0.2,0.1,0.2,0.04,0.05,0.06,0.04,1.6,0.24,0.7,0.4,1,0.1,0.2,0.04,1.6,0.5,0.8,0.3,0.4
Pithecellobium longifolium,NoData,,Pithecellobium,Fabaceae,Unknown,species,,,4,0.02,0.12,0.12,0.06,0.06,0.04,0.05,0.06,0.04,1.6,0.24,0.7,0.4,1,0.1,0.2,0.04,1.6,0.5,0.8,0.3,0.4
Pittosporopsis,NoData,,Pittosporopsis,TBD,Unknown,genus,,,4,0.02,0.12,0.12,0.06,0.06,0.04,0.05,0.06,0.04,1.6,0.24,0.7,0.4,1,0.1,0.2,0.04,1.6,0.5,0.8,0.3,0.4
Pittosporopsis kerrii,NoData,,Pittosporopsis,TBD,Unknown,species,,,4,0.02,0.12,0.12,0.06,0.06,0.04,0.05,0.06,0.04,1.6,0.24,0.7,0.4,1,0.1,0.2,0.04,1.6,0.5,0.8,0.3,0.4
Pittosporum,NoDataLowIso,cheesewood,Pittosporum,Pittosporaceae,Btr,genus,,,0.2,0.02,0.2,0.2,0.2,0.2,0.04,0.05,0.04,0.02,1.6,0.24,0.7,0.4,1,0.1,0.2,0.04,1.6,0.5,0.8,0.3,0.4
Pittosporum crassifolium,NoDataLowIso,stiffleaf cheesewood,Pittosporum,Pittosporaceae,Btr,species,,,0.2,0.02,0.2,0.2,0.2,0.2,0.04,0.05,0.04,0.02,1.6,0.24,0.7,0.4,1,0.1,0.2,0.04,1.6,0.5,0.8,0.3,0.4
Pittosporum eugenioides,NoDataLowIso,cheesewood,Pittosporum,Pittosporaceae,Btr,species,,,0.2,0.02,0.2,0.2,0.2,0.2,0.04,0.05,0.04,0.02,1.6,0.24,0.7,0.4,1,0.1,0.2,0.04,1.6,0.5,0.8,0.3,0.4
Pittosporum floribundum,NoDataLowIso,cheesewood,Pittosporum,Pittosporaceae,Btr,species,,,0.2,0.02,0.2,0.2,0.2,0.2,0.04,0.05,0.04,0.02,1.6,0.24,0.7,0.4,1,0.1,0.2,0.04,1.6,0.5,0.8,0.3,0.4
Pittosporum phillyraeoides,NoDataLowIso,,Pittosporum,Pittosporaceae,Unknown,species,,,0.2,0.02,0.2,0.2,0.2,0.2,0.04,0.05,0.04,0.02,1.6,0.24,0.7,0.4,1,0.1,0.2,0.04,1.6,0.5,0.8,0.3,0.4
Pittosporum tenuifolium,NoDataLowIso,tawhiwhi,Pittosporum,Pittosporaceae,Btr,species,,,0.2,0.02,0.2,0.2,0.2,0.2,0.04,0.05,0.04,0.02,1.6,0.24,0.7,0.4,1,0.1,0.2,0.04,1.6,0.5,0.8,0.3,0.4
Pittosporum tobira,NoDataLowIso,Japanese cheesewood,Pittosporum,Pittosporaceae,Btr,species,,,0.2,0.02,0.2,0.2,0.2,0.2,0.04,0.05,0.04,0.02,1.6,0.24,0.7,0.4,1,0.1,0.2,0.04,1.6,0.5,0.8,0.3,0.4
Pittosporum undulatum,NoDataLowIso,Australian cheesewood,Pittosporum,Pittosporaceae,Btr,species,,,0.2,0.02,0.2,0.2,0.2,0.2,0.04,0.05,0.04,0.02,1.6,0.24,0.7,0.4,1,0.1,0.2,0.04,1.6,0.5,0.8,0.3,0.4
Pittosporum viridiflorum,NoDataLowIso,Cape cheesewood,Pittosporum,Pittosporaceae,Btr,species,,,0.2,0.02,0.2,0.2,0.2,0.2,0.04,0.05,0.04,0.02,1.6,0.24,0.7,0.4,1,0.1,0.2,0.04,1.6,0.5,0.8,0.3,0.4
Planera,NoData,Water Elm,Planera,Ulmaceae,Btr,genus,from LFRDB,,4,0.02,0.12,0.12,0.06,0.06,0.04,0.05,0.06,0.04,1.6,0.24,0.7,0.4,1,0.1,0.2,0.04,1.6,0.5,0.8,0.3,0.4
Planera aquatica,Planera aquatica,,Planera,Ulmaceae,Btr,genus,,,8,0.02,0.1,0.4,0.05,0.05,0.04,0.05,0.06,0.04,1.6,0.24,0.7,0.4,1,0.1,0.2,0.04,1.6,0.5,0.8,0.3,0.4
Plantago,NoData,,TBD,TBD,TBD,genus,,LF CTCOG,4,0.02,0.12,0.12,0.06,0.06,0.04,0.05,0.06,0.04,1.6,0.24,0.7,0.4,1,0.1,0.2,0.04,1.6,0.5,0.8,0.3,0.4
Platanaceae,Platanus,,Platanaceae,Platanaceae,Unknown,family,,,20,0.02,0.01,0.02,0.01,0.01,0.02,0.05,0.1,0.05,1.6,0.24,0.7,0.4,1,0.1,0.2,0.04,1.6,0.5,0.8,0.3,0.4
Platanus,Platanus,sycamore,Platanus,Platanaceae,Btr,genus,,,20,0.02,0.01,0.02,0.01,0.01,0.02,0.05,0.1,0.05,1.6,0.24,0.7,0.4,1,0.1,0.2,0.04,1.6,0.5,0.8,0.3,0.4
Platanus acerifolia,Platanus,,Platanus,Platanaceae,Btr,species,,,20,0.02,0.01,0.02,0.01,0.01,0.02,0.05,0.1,0.05,1.6,0.24,0.7,0.4,1,0.1,0.2,0.04,1.6,0.5,0.8,0.3,0.4
Platanus hybrida,Platanus,London planetree,Platanus,Platanaceae,Btr,species,,,20,0.02,0.01,0.02,0.01,0.01,0.02,0.05,0.1,0.05,1.6,0.24,0.7,0.4,1,0.1,0.2,0.04,1.6,0.5,0.8,0.3,0.4
Platanus mexicana,Platanus,Mexican sycamore,Platanus,Platanaceae,Btr,species,,,20,0.02,0.01,0.02,0.01,0.01,0.02,0.05,0.1,0.05,1.6,0.24,0.7,0.4,1,0.1,0.2,0.04,1.6,0.5,0.8,0.3,0.4
Platanus occidentalis,Platanus,American sycamore,Platanus,Platanaceae,Btr,species,,,20,0.02,0.01,0.02,0.01,0.01,0.02,0.05,0.1,0.05,1.6,0.24,0.7,0.4,1,0.1,0.2,0.04,1.6,0.5,0.8,0.3,0.4
Platanus orientalis,Platanus,Oriental planetree,Platanus,Platanaceae,Unknown,species,,,20,0.02,0.01,0.02,0.01,0.01,0.02,0.05,0.1,0.05,1.6,0.24,0.7,0.4,1,0.1,0.2,0.04,1.6,0.5,0.8,0.3,0.4
Platanus racemosa,Platanus,California sycamore,Platanus,Platanaceae,Btr,species,,,20,0.02,0.01,0.02,0.01,0.01,0.02,0.05,0.1,0.05,1.6,0.24,0.7,0.4,1,0.1,0.2,0.04,1.6,0.5,0.8,0.3,0.4
Platanus x hispanica,Platanus x hispanica,London planetree,Platanus,Platanaceae,Btr,species,,,16,0.02,0.01,0.02,0.01,0.01,0.02,0.05,0.1,0.05,1.6,0.24,0.7,0.4,1,0.1,0.2,0.04,1.6,0.5,0.8,0.3,0.4
Platycerium,NoData,,Platycerium,Polypodiaceae,Herb,genus,,,4,0.02,0.12,0.12,0.06,0.06,0.04,0.05,0.06,0.04,1.6,0.24,0.7,0.4,1,0.1,0.2,0.04,1.6,0.5,0.8,0.3,0.4
Platycerium bifurcatum,NoData,elkhorn fern,Platycerium,Polypodiaceae,Herb,species,,,4,0.02,0.12,0.12,0.06,0.06,0.04,0.05,0.06,0.04,1.6,0.24,0.7,0.4,1,0.1,0.2,0.04,1.6,0.5,0.8,0.3,0.4
Platycladus,NoData,,Platycladus,Cupressaceae,Ntr,genus,,,4,0.02,0.12,0.12,0.06,0.06,0.04,0.05,0.06,0.04,1.6,0.24,0.7,0.4,1,0.1,0.2,0.04,1.6,0.5,0.8,0.3,0.4
Platycladus orientalis,NoData,Oriental arborvitae,Platycladus,Cupressaceae,Ntr,species,,,4,0.02,0.12,0.12,0.06,0.06,0.04,0.05,0.06,0.04,1.6,0.24,0.7,0.4,1,0.1,0.2,0.04,1.6,0.5,0.8,0.3,0.4
Pleioblastus,NoData,,Pleioblastus,Poaceae,Unknown,genus,,,4,0.02,0.12,0.12,0.06,0.06,0.04,0.05,0.06,0.04,1.6,0.24,0.7,0.4,1,0.1,0.2,0.04,1.6,0.5,0.8,0.3,0.4
Pleioblastus distichus,NoData,,Pleioblastus,Poaceae,Unknown,species,,,4,0.02,0.12,0.12,0.06,0.06,0.04,0.05,0.06,0.04,1.6,0.24,0.7,0.4,1,0.1,0.2,0.04,1.6,0.5,0.8,0.3,0.4
Pleioblastus hindsii,NoData,,Pleioblastus,Poaceae,Shrub,species,,,4,0.02,0.12,0.12,0.06,0.06,0.04,0.05,0.06,0.04,1.6,0.24,0.7,0.4,1,0.1,0.2,0.04,1.6,0.5,0.8,0.3,0.4
Pleioblastus viridi-striata,NoData,,Pleioblastus,Poaceae,Unknown,species,,,4,0.02,0.12,0.12,0.06,0.06,0.04,0.05,0.06,0.04,1.6,0.24,0.7,0.4,1,0.1,0.2,0.04,1.6,0.5,0.8,0.3,0.4
Plerandra,NoData,,Plerandra,Araliaceae,Btr,genus,,,4,0.02,0.12,0.12,0.06,0.06,0.04,0.05,0.06,0.04,1.6,0.24,0.7,0.4,1,0.1,0.2,0.04,1.6,0.5,0.8,0.3,0.4
Plerandra elegantissima,NoData,,Plerandra,Araliaceae,Btr,species,,,4,0.02,0.12,0.12,0.06,0.06,0.04,0.05,0.06,0.04,1.6,0.24,0.7,0.4,1,0.1,0.2,0.04,1.6,0.5,0.8,0.3,0.4
Pleroma,NoData,,Pleroma,Melastomataceae,Shrub,genus,,,4,0.02,0.12,0.12,0.06,0.06,0.04,0.05,0.06,0.04,1.6,0.24,0.7,0.4,1,0.1,0.2,0.04,1.6,0.5,0.8,0.3,0.4
Pleurocoronis,NoData,,Pleurocoronis,TBD,Shrub,genus,from LFRDB,,4,0.02,0.12,0.12,0.06,0.06,0.04,0.05,0.06,0.04,1.6,0.24,0.7,0.4,1,0.1,0.2,0.04,1.6,0.5,0.8,0.3,0.4
Pleurozium,NoData,,Pleurozium,TBD,Unknown,genus,,,4,0.02,0.12,0.12,0.06,0.06,0.04,0.05,0.06,0.04,1.6,0.24,0.7,0.4,1,0.1,0.2,0.04,1.6,0.5,0.8,0.3,0.4
Pleurozium schreberi,NoData,,Pleurozium,TBD,Unknown,species,,,4,0.02,0.12,0.12,0.06,0.06,0.04,0.05,0.06,0.04,1.6,0.24,0.7,0.4,1,0.1,0.2,0.04,1.6,0.5,0.8,0.3,0.4
Plinia,NoData,,Plinia,Myrtaceae,Btr,genus,,,4,0.02,0.12,0.12,0.06,0.06,0.04,0.05,0.06,0.04,1.6,0.24,0.7,0.4,1,0.1,0.2,0.04,1.6,0.5,0.8,0.3,0.4
Plinia cauliflora,NoData,,Plinia,Myrtaceae,Btr,species,,,4,0.02,0.12,0.12,0.06,0.06,0.04,0.05,0.06,0.04,1.6,0.24,0.7,0.4,1,0.1,0.2,0.04,1.6,0.5,0.8,0.3,0.4
Pluchea,NoData,,TBD,TBD,TBD,genus,,LF CTCOG,4,0.02,0.12,0.12,0.06,0.06,0.04,0.05,0.06,0.04,1.6,0.24,0.7,0.4,1,0.1,0.2,0.04,1.6,0.5,0.8,0.3,0.4
Plumbago,NoData,,Plumbago,TBD,Shrub,genus,from LFRDB,,4,0.02,0.12,0.12,0.06,0.06,0.04,0.05,0.06,0.04,1.6,0.24,0.7,0.4,1,0.1,0.2,0.04,1.6,0.5,0.8,0.3,0.4
Plumeria,NoData,,Plumeria,Apocynaceae,Btr,genus,,,4,0.02,0.12,0.12,0.06,0.06,0.04,0.05,0.06,0.04,1.6,0.24,0.7,0.4,1,0.1,0.2,0.04,1.6,0.5,0.8,0.3,0.4
Plumeria alba,NoData,nosegaytree,Plumeria,Apocynaceae,Btr,species,,,4,0.02,0.12,0.12,0.06,0.06,0.04,0.05,0.06,0.04,1.6,0.24,0.7,0.4,1,0.1,0.2,0.04,1.6,0.5,0.8,0.3,0.4
Plumeria rubra,NoData,templetree,Plumeria,Apocynaceae,Btr,species,,,4,0.02,0.12,0.12,0.06,0.06,0.04,0.05,0.06,0.04,1.6,0.24,0.7,0.4,1,0.1,0.2,0.04,1.6,0.5,0.8,0.3,0.4
Poa,NoData,,TBD,TBD,TBD,genus,,LF CTCOG,4,0.02,0.12,0.12,0.06,0.06,0.04,0.05,0.06,0.04,1.6,0.24,0.7,0.4,1,0.1,0.2,0.04,1.6,0.5,0.8,0.3,0.4
Poaceae,NoData,,Poaceae,Unknown,Unknown,family,,,4,0.02,0.12,0.12,0.06,0.06,0.04,0.05,0.06,0.04,1.6,0.24,0.7,0.4,1,0.1,0.2,0.04,1.6,0.5,0.8,0.3,0.4
Podocarpaceae,NoData,,Podocarpaceae,Podocarpaceae,Unknown,family,,,4,0.02,0.12,0.12,0.06,0.06,0.04,0.05,0.06,0.04,1.6,0.24,0.7,0.4,1,0.1,0.2,0.04,1.6,0.5,0.8,0.3,0.4
Podocarpus,NoData,plum pine,Podocarpus,Podocarpaceae,Ntr,genus,,,4,0.02,0.12,0.12,0.06,0.06,0.04,0.05,0.06,0.04,1.6,0.24,0.7,0.4,1,0.1,0.2,0.04,1.6,0.5,0.8,0.3,0.4
Podocarpus gracilior,NoData,,Podocarpus,Podocarpaceae,Unknown,species,,,4,0.02,0.12,0.12,0.06,0.06,0.04,0.05,0.06,0.04,1.6,0.24,0.7,0.4,1,0.1,0.2,0.04,1.6,0.5,0.8,0.3,0.4
Podocarpus henkelii,NoData,,Podocarpus,Podocarpaceae,Ntr,species,,,4,0.02,0.12,0.12,0.06,0.06,0.04,0.05,0.06,0.04,1.6,0.24,0.7,0.4,1,0.1,0.2,0.04,1.6,0.5,0.8,0.3,0.4
Podocarpus macrophylla,NoData,,Podocarpus,Podocarpaceae,Unknown,species,,,4,0.02,0.12,0.12,0.06,0.06,0.04,0.05,0.06,0.04,1.6,0.24,0.7,0.4,1,0.1,0.2,0.04,1.6,0.5,0.8,0.3,0.4
Podocarpus macrophyllus,NoData,yew plum pine,Podocarpus,Podocarpaceae,Ntr,species,,,4,0.02,0.12,0.12,0.06,0.06,0.04,0.05,0.06,0.04,1.6,0.24,0.7,0.4,1,0.1,0.2,0.04,1.6,0.5,0.8,0.3,0.4
Podocarpus nagi,NoData,,Podocarpus,Podocarpaceae,Unknown,species,,,4,0.02,0.12,0.12,0.06,0.06,0.04,0.05,0.06,0.04,1.6,0.24,0.7,0.4,1,0.1,0.2,0.04,1.6,0.5,0.8,0.3,0.4
Podocarpus totara,NoData,totara,Podocarpus,Podocarpaceae,Ntr,species,,,4,0.02,0.12,0.12,0.06,0.06,0.04,0.05,0.06,0.04,1.6,0.24,0.7,0.4,1,0.1,0.2,0.04,1.6,0.5,0.8,0.3,0.4
Poecilanthe,NoData,,Poecilanthe,TBD,Unknown,genus,,,4,0.02,0.12,0.12,0.06,0.06,0.04,0.05,0.06,0.04,1.6,0.24,0.7,0.4,1,0.1,0.2,0.04,1.6,0.5,0.8,0.3,0.4
Poikilospermum,NoData,,Poikilospermum,TBD,Unknown,genus,,,4,0.02,0.12,0.12,0.06,0.06,0.04,0.05,0.06,0.04,1.6,0.24,0.7,0.4,1,0.1,0.2,0.04,1.6,0.5,0.8,0.3,0.4
Poikilospermum lanceolata,NoData,,Poikilospermum,TBD,Unknown,species,,,4,0.02,0.12,0.12,0.06,0.06,0.04,0.05,0.06,0.04,1.6,0.24,0.7,0.4,1,0.1,0.2,0.04,1.6,0.5,0.8,0.3,0.4
Polyalthia,NoData,,Polyalthia,TBD,Unknown,genus,,,4,0.02,0.12,0.12,0.06,0.06,0.04,0.05,0.06,0.04,1.6,0.24,0.7,0.4,1,0.1,0.2,0.04,1.6,0.5,0.8,0.3,0.4
Polyalthia cheliensis,NoData,,Polyalthia,TBD,Unknown,species,,,4,0.02,0.12,0.12,0.06,0.06,0.04,0.05,0.06,0.04,1.6,0.24,0.7,0.4,1,0.1,0.2,0.04,1.6,0.5,0.8,0.3,0.4
Polyalthia suaveolens,NoData,,Polyalthia,TBD,Unknown,species,,,4,0.02,0.12,0.12,0.06,0.06,0.04,0.05,0.06,0.04,1.6,0.24,0.7,0.4,1,0.1,0.2,0.04,1.6,0.5,0.8,0.3,0.4
Polygala,Myrica,polygala,Polygala,Polygalaceae,Btr,genus,,,8,0.02,0.2,0.2,0.1,0.1,0.04,0.05,0.06,0.04,1.6,0.24,0.7,0.4,1,0.1,0.2,0.04,1.6,0.5,0.8,0.3,0.4
Polygalaceae,NoData,,Polygalaceae,Polygalaceae,Unknown,family,,,4,0.02,0.12,0.12,0.06,0.06,0.04,0.05,0.06,0.04,1.6,0.24,0.7,0.4,1,0.1,0.2,0.04,1.6,0.5,0.8,0.3,0.4
Polygonaceae,NoData,,Polygonaceae,Unknown,Unknown,family,,,4,0.02,0.12,0.12,0.06,0.06,0.04,0.05,0.06,0.04,1.6,0.24,0.7,0.4,1,0.1,0.2,0.04,1.6,0.5,0.8,0.3,0.4
Polygonella,NoData,,Polygonella,TBD,Shrub,genus,from LFRDB,,4,0.02,0.12,0.12,0.06,0.06,0.04,0.05,0.06,0.04,1.6,0.24,0.7,0.4,1,0.1,0.2,0.04,1.6,0.5,0.8,0.3,0.4
Polygonum,NoData,,Polygonum,Polygonaceae,Unknown,genus,,,4,0.02,0.12,0.12,0.06,0.06,0.04,0.05,0.06,0.04,1.6,0.24,0.7,0.4,1,0.1,0.2,0.04,1.6,0.5,0.8,0.3,0.4
Polygonum schalinense,NoData,,Polygonum,Polygonaceae,Unknown,species,,,4,0.02,0.12,0.12,0.06,0.06,0.04,0.05,0.06,0.04,1.6,0.24,0.7,0.4,1,0.1,0.2,0.04,1.6,0.5,0.8,0.3,0.4
Polypappus,NoData,,Polypappus,TBD,Shrub,genus,from LFRDB,,4,0.02,0.12,0.12,0.06,0.06,0.04,0.05,0.06,0.04,1.6,0.24,0.7,0.4,1,0.1,0.2,0.04,1.6,0.5,0.8,0.3,0.4
Polypodium,NoData,,Polypodium,Polypodiaceae,Unknown,genus,,,4,0.02,0.12,0.12,0.06,0.06,0.04,0.05,0.06,0.04,1.6,0.24,0.7,0.4,1,0.1,0.2,0.04,1.6,0.5,0.8,0.3,0.4
Polypodium aureum,NoData,,Polypodium,Polypodiaceae,Unknown,species,,,4,0.02,0.12,0.12,0.06,0.06,0.04,0.05,0.06,0.04,1.6,0.24,0.7,0.4,1,0.1,0.2,0.04,1.6,0.5,0.8,0.3,0.4
Polypodium lucidum,NoData,,Polypodium,Polypodiaceae,Unknown,species,,,4,0.02,0.12,0.12,0.06,0.06,0.04,0.05,0.06,0.04,1.6,0.24,0.7,0.4,1,0.1,0.2,0.04,1.6,0.5,0.8,0.3,0.4
Polypodium polycarpon,NoData,,Polypodium,Polypodiaceae,Unknown,species,,,4,0.02,0.12,0.12,0.06,0.06,0.04,0.05,0.06,0.04,1.6,0.24,0.7,0.4,1,0.1,0.2,0.04,1.6,0.5,0.8,0.3,0.4
Polypodium punctatum,NoData,,Polypodium,Polypodiaceae,Unknown,species,,,4,0.02,0.12,0.12,0.06,0.06,0.04,0.05,0.06,0.04,1.6,0.24,0.7,0.4,1,0.1,0.2,0.04,1.6,0.5,0.8,0.3,0.4
Polytrichum,NoData,,Polytrichum,TBD,Unknown,genus,,,4,0.02,0.12,0.12,0.06,0.06,0.04,0.05,0.06,0.04,1.6,0.24,0.7,0.4,1,0.1,0.2,0.04,1.6,0.5,0.8,0.3,0.4
Polytrichum commune,NoData,,Polytrichum,TBD,Unknown,species,,,4,0.02,0.12,0.12,0.06,0.06,0.04,0.05,0.06,0.04,1.6,0.24,0.7,0.4,1,0.1,0.2,0.04,1.6,0.5,0.8,0.3,0.4
Polytrichum juniperinum,NoData,,Polytrichum,TBD,Unknown,species,,,4,0.02,0.12,0.12,0.06,0.06,0.04,0.05,0.06,0.04,1.6,0.24,0.7,0.4,1,0.1,0.2,0.04,1.6,0.5,0.8,0.3,0.4
Polytrichum piliferum,NoData,,Polytrichum,TBD,Unknown,species,,,4,0.02,0.12,0.12,0.06,0.06,0.04,0.05,0.06,0.04,1.6,0.24,0.7,0.4,1,0.1,0.2,0.04,1.6,0.5,0.8,0.3,0.4
Pometia,NoData,,Pometia,TBD,Unknown,genus,,,4,0.02,0.12,0.12,0.06,0.06,0.04,0.05,0.06,0.04,1.6,0.24,0.7,0.4,1,0.1,0.2,0.04,1.6,0.5,0.8,0.3,0.4
Pometia tomentosa,NoData,,Pometia,TBD,Unknown,species,,,4,0.02,0.12,0.12,0.06,0.06,0.04,0.05,0.06,0.04,1.6,0.24,0.7,0.4,1,0.1,0.2,0.04,1.6,0.5,0.8,0.3,0.4
Poncirus,Poncirus trifoliata,,Poncirus,Rutaceae,Unknown,genus,,,1.8,0.02,0.4,0.4,0.2,0.2,0.04,0.05,0.06,0.04,1.6,0.24,0.7,0.4,1,0.1,0.2,0.04,1.6,0.5,0.8,0.3,0.4
Poncirus trifoliata,Poncirus trifoliata,trifoliate orange,Poncirus,Rutaceae,Unknown,species,,,1.8,0.02,0.4,0.4,0.2,0.2,0.04,0.05,0.06,0.04,1.6,0.24,0.7,0.4,1,0.1,0.2,0.04,1.6,0.5,0.8,0.3,0.4
Populus,Populus,,Populus,Salicaceae,Btr,genus,,,30,0.02,0.2,0.2,0.05,0.02,0.01,0.05,0.04,0.02,1.6,0.24,0.7,0.4,1,0.1,0.2,0.04,1.6,0.5,0.8,0.3,0.4
Populus alba,Populus,white poplar,Populus,Salicaceae,Btr,species,,,30,0.02,0.2,0.2,0.05,0.02,0.01,0.05,0.04,0.02,1.6,0.24,0.7,0.4,1,0.1,0.2,0.04,1.6,0.5,0.8,0.3,0.4
Populus angustifolia,Populus,narrowleaf cottonwood,Populus,Salicaceae,Btr,species,,,30,0.02,0.2,0.2,0.05,0.02,0.01,0.05,0.04,0.02,1.6,0.24,0.7,0.4,1,0.1,0.2,0.04,1.6,0.5,0.8,0.3,0.4
Populus balsamifera,Populus,balsam poplar,Populus,Salicaceae,Btr,species,,,30,0.02,0.2,0.2,0.05,0.02,0.01,0.05,0.04,0.02,1.6,0.24,0.7,0.4,1,0.1,0.2,0.04,1.6,0.5,0.8,0.3,0.4
Populus balsamifera ssp. trichocarpa,Populus,black cottonwood,Populus,Salicaceae,Btr,species,,,30,0.02,0.2,0.2,0.05,0.02,0.01,0.05,0.04,0.02,1.6,0.24,0.7,0.4,1,0.1,0.2,0.04,1.6,0.5,0.8,0.3,0.4
Populus bonatii,Populus,,Populus,Salicaceae,Unknown,species,,,30,0.02,0.2,0.2,0.05,0.02,0.01,0.05,0.04,0.02,1.6,0.24,0.7,0.4,1,0.1,0.2,0.04,1.6,0.5,0.8,0.3,0.4
Populus davidiana,Populus,,Populus,Salicaceae,Unknown,species,,,30,0.02,0.2,0.2,0.05,0.02,0.01,0.05,0.04,0.02,1.6,0.24,0.7,0.4,1,0.1,0.2,0.04,1.6,0.5,0.8,0.3,0.4
Populus deltoides,Populus,eastern cottonwood,Populus,Salicaceae,Btr,species,,,30,0.02,0.2,0.2,0.05,0.02,0.01,0.05,0.04,0.02,1.6,0.24,0.7,0.4,1,0.1,0.2,0.04,1.6,0.5,0.8,0.3,0.4
Populus deltoides - nigra,Populus,,Populus,Salicaceae,Btr,species,,,30,0.02,0.2,0.2,0.05,0.02,0.01,0.05,0.04,0.02,1.6,0.24,0.7,0.4,1,0.1,0.2,0.04,1.6,0.5,0.8,0.3,0.4
Populus deltoides ssp. wislizeni,Populus,Rio Grande cottonwood,Populus,Salicaceae,Btr,species,,,30,0.02,0.2,0.2,0.05,0.02,0.01,0.05,0.04,0.02,1.6,0.24,0.7,0.4,1,0.1,0.2,0.04,1.6,0.5,0.8,0.3,0.4
Populus euramerica,Populus,,Populus,Salicaceae,Unknown,species,,,30,0.02,0.2,0.2,0.05,0.02,0.01,0.05,0.04,0.02,1.6,0.24,0.7,0.4,1,0.1,0.2,0.04,1.6,0.5,0.8,0.3,0.4
Populus fremontii,Populus,Fremont cottonwood,Populus,Salicaceae,Btr,species,,,30,0.02,0.2,0.2,0.05,0.02,0.01,0.05,0.04,0.02,1.6,0.24,0.7,0.4,1,0.1,0.2,0.04,1.6,0.5,0.8,0.3,0.4
Populus grandidentata,Populus,bigtooth aspen,Populus,Salicaceae,Btr,species,,,30,0.02,0.2,0.2,0.05,0.02,0.01,0.05,0.04,0.02,1.6,0.24,0.7,0.4,1,0.1,0.2,0.04,1.6,0.5,0.8,0.3,0.4
Populus heterophylla,Populus,swamp cottonwood,Populus,Salicaceae,Btr,species,,,30,0.02,0.2,0.2,0.05,0.02,0.01,0.05,0.04,0.02,1.6,0.24,0.7,0.4,1,0.1,0.2,0.04,1.6,0.5,0.8,0.3,0.4
Populus koreana,Populus,,Populus,Salicaceae,Unknown,species,,,30,0.02,0.2,0.2,0.05,0.02,0.01,0.05,0.04,0.02,1.6,0.24,0.7,0.4,1,0.1,0.2,0.04,1.6,0.5,0.8,0.3,0.4
Populus maximowiczii,Populus,Japanese poplar,Populus,Salicaceae,Unknown,species,,,30,0.02,0.2,0.2,0.05,0.02,0.01,0.05,0.04,0.02,1.6,0.24,0.7,0.4,1,0.1,0.2,0.04,1.6,0.5,0.8,0.3,0.4
Populus nigra,Populus,Lombardy poplar,Populus,Salicaceae,Btr,species,,,30,0.02,0.2,0.2,0.05,0.02,0.01,0.05,0.04,0.02,1.6,0.24,0.7,0.4,1,0.1,0.2,0.04,1.6,0.5,0.8,0.3,0.4
Populus simonii,Populus,Simon poplar,Populus,Salicaceae,Unknown,species,,,30,0.02,0.2,0.2,0.05,0.02,0.01,0.05,0.04,0.02,1.6,0.24,0.7,0.4,1,0.1,0.2,0.04,1.6,0.5,0.8,0.3,0.4
Populus szechuanica,Populus,,Populus,Salicaceae,Unknown,species,,,30,0.02,0.2,0.2,0.05,0.02,0.01,0.05,0.04,0.02,1.6,0.24,0.7,0.4,1,0.1,0.2,0.04,1.6,0.5,0.8,0.3,0.4
Populus tremula,Populus,European aspen,Populus,Salicaceae,Btr,species,,,30,0.02,0.2,0.2,0.05,0.02,0.01,0.05,0.04,0.02,1.6,0.24,0.7,0.4,1,0.1,0.2,0.04,1.6,0.5,0.8,0.3,0.4
Populus tremuloides,Populus,quaking aspen,Populus,Salicaceae,Btr,species,,,30,0.02,0.2,0.2,0.05,0.02,0.01,0.05,0.04,0.02,1.6,0.24,0.7,0.4,1,0.1,0.2,0.04,1.6,0.5,0.8,0.3,0.4
Populus trichocarpa,Populus,,Populus,Salicaceae,Unknown,species,,,30,0.02,0.2,0.2,0.05,0.02,0.01,0.05,0.04,0.02,1.6,0.24,0.7,0.4,1,0.1,0.2,0.04,1.6,0.5,0.8,0.3,0.4
Populus trichocarpa- deltoides,Populus,,Populus,Salicaceae,Btr,species,,,30,0.02,0.2,0.2,0.05,0.02,0.01,0.05,0.04,0.02,1.6,0.24,0.7,0.4,1,0.1,0.2,0.04,1.6,0.5,0.8,0.3,0.4
Populus trichocarpa- nigra,Populus,,Populus,Salicaceae,Btr,species,,,30,0.02,0.2,0.2,0.05,0.02,0.01,0.05,0.04,0.02,1.6,0.24,0.7,0.4,1,0.1,0.2,0.04,1.6,0.5,0.8,0.3,0.4
Populus ussuriensis,Populus,,Populus,Salicaceae,Unknown,species,,,30,0.02,0.2,0.2,0.05,0.02,0.01,0.05,0.04,0.02,1.6,0.24,0.7,0.4,1,0.1,0.2,0.04,1.6,0.5,0.8,0.3,0.4
Populus x canadensis,Populus,Carolina poplar,Populus,Salicaceae,Btr,species,,,30,0.02,0.2,0.2,0.05,0.02,0.01,0.05,0.04,0.02,1.6,0.24,0.7,0.4,1,0.1,0.2,0.04,1.6,0.5,0.8,0.3,0.4
Populus x canescens,Populus,gray poplar,Populus,Salicaceae,Btr,species,,,30,0.02,0.2,0.2,0.05,0.02,0.01,0.05,0.04,0.02,1.6,0.24,0.7,0.4,1,0.1,0.2,0.04,1.6,0.5,0.8,0.3,0.4
Porophyllum,NoData,,Porophyllum,TBD,Shrub,genus,from LFRDB,,4,0.02,0.12,0.12,0.06,0.06,0.04,0.05,0.06,0.04,1.6,0.24,0.7,0.4,1,0.1,0.2,0.04,1.6,0.5,0.8,0.3,0.4
Porterandia,NoData,,Porterandia,TBD,Unknown,genus,,,4,0.02,0.12,0.12,0.06,0.06,0.04,0.05,0.06,0.04,1.6,0.24,0.7,0.4,1,0.1,0.2,0.04,1.6,0.5,0.8,0.3,0.4
Porterandia cladantha,NoData,,Porterandia,TBD,Unknown,species,,,4,0.02,0.12,0.12,0.06,0.06,0.04,0.05,0.06,0.04,1.6,0.24,0.7,0.4,1,0.1,0.2,0.04,1.6,0.5,0.8,0.3,0.4
Portulaca,NoData,,TBD,TBD,TBD,genus,,LF CTCOG,4,0.02,0.12,0.12,0.06,0.06,0.04,0.05,0.06,0.04,1.6,0.24,0.7,0.4,1,0.1,0.2,0.04,1.6,0.5,0.8,0.3,0.4
Potentilla,NoData,,Potentilla,Rosaceae,Unknown,genus,,,4,0.02,0.12,0.12,0.06,0.06,0.04,0.05,0.06,0.04,1.6,0.24,0.7,0.4,1,0.1,0.2,0.04,1.6,0.5,0.8,0.3,0.4
Potentilla fruiticosa,NoData,,Potentilla,Rosaceae,Unknown,species,,,4,0.02,0.12,0.12,0.06,0.06,0.04,0.05,0.06,0.04,1.6,0.24,0.7,0.4,1,0.1,0.2,0.04,1.6,0.5,0.8,0.3,0.4
Poulsenia,NoData,,Poulsenia,TBD,Unknown,genus,,,4,0.02,0.12,0.12,0.06,0.06,0.04,0.05,0.06,0.04,1.6,0.24,0.7,0.4,1,0.1,0.2,0.04,1.6,0.5,0.8,0.3,0.4
Poulsenia armata,NoData,,Poulsenia,TBD,Unknown,species,,,4,0.02,0.12,0.12,0.06,0.06,0.04,0.05,0.06,0.04,1.6,0.24,0.7,0.4,1,0.1,0.2,0.04,1.6,0.5,0.8,0.3,0.4
Pourouma,NoData,,Pourouma,TBD,Unknown,genus,,,4,0.02,0.12,0.12,0.06,0.06,0.04,0.05,0.06,0.04,1.6,0.24,0.7,0.4,1,0.1,0.2,0.04,1.6,0.5,0.8,0.3,0.4
Pourouma aspera,NoData,,Pourouma,TBD,Unknown,species,,,4,0.02,0.12,0.12,0.06,0.06,0.04,0.05,0.06,0.04,1.6,0.24,0.7,0.4,1,0.1,0.2,0.04,1.6,0.5,0.8,0.3,0.4
Pouteria,NoData,pouteria,Pouteria,Sapotaceae,Btr,genus,,,4,0.02,0.12,0.12,0.06,0.06,0.04,0.05,0.06,0.04,1.6,0.24,0.7,0.4,1,0.1,0.2,0.04,1.6,0.5,0.8,0.3,0.4
Pouteria grandiflora,NoData,,Pouteria,Sapotaceae,Unknown,species,,,4,0.02,0.12,0.12,0.06,0.06,0.04,0.05,0.06,0.04,1.6,0.24,0.7,0.4,1,0.1,0.2,0.04,1.6,0.5,0.8,0.3,0.4
Premna,NoData,,Premna,Verbenaceae,Unknown,genus,,,4,0.02,0.12,0.12,0.06,0.06,0.04,0.05,0.06,0.04,1.6,0.24,0.7,0.4,1,0.1,0.2,0.04,1.6,0.5,0.8,0.3,0.4
Premna flavescens,NoData,,Premna,Verbenaceae,Unknown,species,,,4,0.02,0.12,0.12,0.06,0.06,0.04,0.05,0.06,0.04,1.6,0.24,0.7,0.4,1,0.1,0.2,0.04,1.6,0.5,0.8,0.3,0.4
Premna fulva,NoData,,Premna,Verbenaceae,Unknown,species,,,4,0.02,0.12,0.12,0.06,0.06,0.04,0.05,0.06,0.04,1.6,0.24,0.7,0.4,1,0.1,0.2,0.04,1.6,0.5,0.8,0.3,0.4
Prestoea,NoData,,Prestoea,Arecaceae,Unknown,genus,,,4,0.02,0.12,0.12,0.06,0.06,0.04,0.05,0.06,0.04,1.6,0.24,0.7,0.4,1,0.1,0.2,0.04,1.6,0.5,0.8,0.3,0.4
Prestoea decurrens,NoData,,Prestoea,Arecaceae,Unknown,species,,,4,0.02,0.12,0.12,0.06,0.06,0.04,0.05,0.06,0.04,1.6,0.24,0.7,0.4,1,0.1,0.2,0.04,1.6,0.5,0.8,0.3,0.4
Pritchardia,NoData,Archontophoenix,Pritchardia,Arecaceae,Btr,genus,from LFRDB,,4,0.02,0.12,0.12,0.06,0.06,0.04,0.05,0.06,0.04,1.6,0.24,0.7,0.4,1,0.1,0.2,0.04,1.6,0.5,0.8,0.3,0.4
Prosopis,Prosopis,mesquite,Prosopis,Fabaceae,Btr,genus,,,0.2,0.02,0.1,0.1,0.2,0.2,0.04,0.05,0.06,0.04,1.6,0.24,0.7,0.4,1,0.1,0.2,0.04,1.6,0.5,0.8,0.3,0.4
Prosopis africana,Prosopis,African mesquite,Prosopis,Fabaceae,Unknown,species,,,0.2,0.02,0.1,0.1,0.2,0.2,0.04,0.05,0.06,0.04,1.6,0.24,0.7,0.4,1,0.1,0.2,0.04,1.6,0.5,0.8,0.3,0.4
Prosopis alba,Prosopis,algarrobo blanco,Prosopis,Fabaceae,Unknown,species,,,0.2,0.02,0.1,0.1,0.2,0.2,0.04,0.05,0.06,0.04,1.6,0.24,0.7,0.4,1,0.1,0.2,0.04,1.6,0.5,0.8,0.3,0.4
Prosopis chilensis,Prosopis,algarrobo,Prosopis,Fabaceae,Unknown,species,,,0.2,0.02,0.1,0.1,0.2,0.2,0.04,0.05,0.06,0.04,1.6,0.24,0.7,0.4,1,0.1,0.2,0.04,1.6,0.5,0.8,0.3,0.4
Prosopis glandulosa,Prosopis,honey mesquite,Prosopis,Fabaceae,Btr,species,,,0.2,0.02,0.1,0.1,0.2,0.2,0.04,0.05,0.06,0.04,1.6,0.24,0.7,0.4,1,0.1,0.2,0.04,1.6,0.5,0.8,0.3,0.4
Prosopis juliflora,Prosopis,mesquite,Prosopis,Fabaceae,Btr,species,,,0.2,0.02,0.1,0.1,0.2,0.2,0.04,0.05,0.06,0.04,1.6,0.24,0.7,0.4,1,0.1,0.2,0.04,1.6,0.5,0.8,0.3,0.4
Prosopis pubescens,Prosopis pubescens,screwbean mesquite,Prosopis,Fabaceae,Btr,species,,,0.2,0.02,0.2,0.1,0.02,0.05,0.04,0.05,0.06,0.04,1.6,0.24,0.7,0.4,1,0.1,0.2,0.04,1.6,0.5,0.8,0.3,0.4
Prostanthera,NoData,,Prostanthera,TBD,Unknown,genus,,,4,0.02,0.12,0.12,0.06,0.06,0.04,0.05,0.06,0.04,1.6,0.24,0.7,0.4,1,0.1,0.2,0.04,1.6,0.5,0.8,0.3,0.4
Prostanthera denticulata,NoData,,Prostanthera,TBD,Unknown,species,,,4,0.02,0.12,0.12,0.06,0.06,0.04,0.05,0.06,0.04,1.6,0.24,0.7,0.4,1,0.1,0.2,0.04,1.6,0.5,0.8,0.3,0.4
Prostanthera rotundifolia,NoData,,Prostanthera,TBD,Unknown,species,,,4,0.02,0.12,0.12,0.06,0.06,0.04,0.05,0.06,0.04,1.6,0.24,0.7,0.4,1,0.1,0.2,0.04,1.6,0.5,0.8,0.3,0.4
Protea,NoData,,Protea,Proteaceae,Unknown,genus,,,4,0.02,0.12,0.12,0.06,0.06,0.04,0.05,0.06,0.04,1.6,0.24,0.7,0.4,1,0.1,0.2,0.04,1.6,0.5,0.8,0.3,0.4
Protea obtusifolia,NoData,,Protea,Proteaceae,Unknown,species,,,4,0.02,0.12,0.12,0.06,0.06,0.04,0.05,0.06,0.04,1.6,0.24,0.7,0.4,1,0.1,0.2,0.04,1.6,0.5,0.8,0.3,0.4
Protium,NoData,,Protium,Burseraceae,Btr,genus,,,4,0.02,0.12,0.12,0.06,0.06,0.04,0.05,0.06,0.04,1.6,0.24,0.7,0.4,1,0.1,0.2,0.04,1.6,0.5,0.8,0.3,0.4
Protium panamense,NoData,,Protium,Burseraceae,Unknown,species,,,4,0.02,0.12,0.12,0.06,0.06,0.04,0.05,0.06,0.04,1.6,0.24,0.7,0.4,1,0.1,0.2,0.04,1.6,0.5,0.8,0.3,0.4
Protium pittierii,NoData,,Protium,Burseraceae,Unknown,species,,,4,0.02,0.12,0.12,0.06,0.06,0.04,0.05,0.06,0.04,1.6,0.24,0.7,0.4,1,0.1,0.2,0.04,1.6,0.5,0.8,0.3,0.4
Prunus,Prunus,plum,Prunus,Rosaceae,Btr,genus,,,0.05,0.02,0.3,0.3,0.05,0.1,0.05,0.05,0.04,0.04,1.6,0.24,0.7,0.4,1,0.1,0.2,0.04,1.6,0.5,0.8,0.3,0.4
Prunus africana,Prunus,,Prunus,Rosaceae,Unknown,species,,,0.05,0.02,0.3,0.3,0.05,0.1,0.05,0.05,0.04,0.04,1.6,0.24,0.7,0.4,1,0.1,0.2,0.04,1.6,0.5,0.8,0.3,0.4
Prunus americana,Prunus,American plum,Prunus,Rosaceae,Btr,species,,,0.05,0.02,0.3,0.3,0.05,0.1,0.05,0.05,0.04,0.04,1.6,0.24,0.7,0.4,1,0.1,0.2,0.04,1.6,0.5,0.8,0.3,0.4
Prunus amygdalus,Prunus,Almond,Prunus,Rosaceae,Btr,species,,,0.05,0.02,0.3,0.3,0.05,0.1,0.05,0.05,0.04,0.04,1.6,0.24,0.7,0.4,1,0.1,0.2,0.04,1.6,0.5,0.8,0.3,0.4
Prunus andersonii,Prunus,desert peach,Prunus,Rosaceae,Shrub,species,,,0.05,0.02,0.3,0.3,0.05,0.1,0.05,0.05,0.04,0.04,1.6,0.24,0.7,0.4,1,0.1,0.2,0.04,1.6,0.5,0.8,0.3,0.4
Prunus angustifolia,Prunus,Chickasaw plum,Prunus,Rosaceae,Btr,species,,,0.05,0.02,0.3,0.3,0.05,0.1,0.05,0.05,0.04,0.04,1.6,0.24,0.7,0.4,1,0.1,0.2,0.04,1.6,0.5,0.8,0.3,0.4
Prunus armeniaca,Prunus,apricot,Prunus,Rosaceae,Btr,species,,,0.05,0.02,0.3,0.3,0.05,0.1,0.05,0.05,0.04,0.04,1.6,0.24,0.7,0.4,1,0.1,0.2,0.04,1.6,0.5,0.8,0.3,0.4
Prunus avium,Prunus,sweet cherry,Prunus,Rosaceae,Btr,species,,,0.05,0.02,0.3,0.3,0.05,0.1,0.05,0.05,0.04,0.04,1.6,0.24,0.7,0.4,1,0.1,0.2,0.04,1.6,0.5,0.8,0.3,0.4
Prunus blireiana,Prunus,,Prunus,Rosaceae,Btr,species,,,0.05,0.02,0.3,0.3,0.05,0.1,0.05,0.05,0.04,0.04,1.6,0.24,0.7,0.4,1,0.1,0.2,0.04,1.6,0.5,0.8,0.3,0.4
Prunus campanulata,Prunus,,Prunus,Rosaceae,Btr,species,,,0.05,0.02,0.3,0.3,0.05,0.1,0.05,0.05,0.04,0.04,1.6,0.24,0.7,0.4,1,0.1,0.2,0.04,1.6,0.5,0.8,0.3,0.4
Prunus caroliniana,Prunus,Carolina laurelcherry,Prunus,Rosaceae,Btr,species,,,0.05,0.02,0.3,0.3,0.05,0.1,0.05,0.05,0.04,0.04,1.6,0.24,0.7,0.4,1,0.1,0.2,0.04,1.6,0.5,0.8,0.3,0.4
Prunus cerasifera,Prunus,cherry plum,Prunus,Rosaceae,Btr,species,,,0.05,0.02,0.3,0.3,0.05,0.1,0.05,0.05,0.04,0.04,1.6,0.24,0.7,0.4,1,0.1,0.2,0.04,1.6,0.5,0.8,0.3,0.4
Prunus cerasoides,Prunus,,Prunus,Rosaceae,Unknown,species,,,0.05,0.02,0.3,0.3,0.05,0.1,0.05,0.05,0.04,0.04,1.6,0.24,0.7,0.4,1,0.1,0.2,0.04,1.6,0.5,0.8,0.3,0.4
Prunus cerasus,Prunus,sour cherry,Prunus,Rosaceae,Btr,species,,,0.05,0.02,0.3,0.3,0.05,0.1,0.05,0.05,0.04,0.04,1.6,0.24,0.7,0.4,1,0.1,0.2,0.04,1.6,0.5,0.8,0.3,0.4
Prunus coronaria,Prunus,,Prunus,Rosaceae,Unknown,species,,,0.05,0.02,0.3,0.3,0.05,0.1,0.05,0.05,0.04,0.04,1.6,0.24,0.7,0.4,1,0.1,0.2,0.04,1.6,0.5,0.8,0.3,0.4
Prunus domestica,Prunus,European plum,Prunus,Rosaceae,Btr,species,,,0.05,0.02,0.3,0.3,0.05,0.1,0.05,0.05,0.04,0.04,1.6,0.24,0.7,0.4,1,0.1,0.2,0.04,1.6,0.5,0.8,0.3,0.4
Prunus dulcis,Prunus,sweet almond,Prunus,Rosaceae,Btr,species,,,0.05,0.02,0.3,0.3,0.05,0.1,0.05,0.05,0.04,0.04,1.6,0.24,0.7,0.4,1,0.1,0.2,0.04,1.6,0.5,0.8,0.3,0.4
Prunus emarginata,Prunus,bitter cherry,Prunus,Rosaceae,Btr,species,,,0.05,0.02,0.3,0.3,0.05,0.1,0.05,0.05,0.04,0.04,1.6,0.24,0.7,0.4,1,0.1,0.2,0.04,1.6,0.5,0.8,0.3,0.4
Prunus fasciculata,Prunus,desert almond,Prunus,Rosaceae,Shrub,species,,,0.05,0.02,0.3,0.3,0.05,0.1,0.05,0.05,0.04,0.04,1.6,0.24,0.7,0.4,1,0.1,0.2,0.04,1.6,0.5,0.8,0.3,0.4
Prunus ilicifolia,Prunus,hollyleaf cherry,Prunus,Rosaceae,Btr,species,,,0.05,0.02,0.3,0.3,0.05,0.1,0.05,0.05,0.04,0.04,1.6,0.24,0.7,0.4,1,0.1,0.2,0.04,1.6,0.5,0.8,0.3,0.4
Prunus ilicifolia ssp. lyonii,Prunus,catalina cherry,Prunus,Rosaceae,Btr,species,,,0.05,0.02,0.3,0.3,0.05,0.1,0.05,0.05,0.04,0.04,1.6,0.24,0.7,0.4,1,0.1,0.2,0.04,1.6,0.5,0.8,0.3,0.4
Prunus kawakamii,Prunus,,Prunus,Rosaceae,Unknown,species,,,0.05,0.02,0.3,0.3,0.05,0.1,0.05,0.05,0.04,0.04,1.6,0.24,0.7,0.4,1,0.1,0.2,0.04,1.6,0.5,0.8,0.3,0.4
Prunus laurocerasus,Prunus,cherry laurel,Prunus,Rosaceae,Btr,species,,,0.05,0.02,0.3,0.3,0.05,0.1,0.05,0.05,0.04,0.04,1.6,0.24,0.7,0.4,1,0.1,0.2,0.04,1.6,0.5,0.8,0.3,0.4
Prunus lusitanica,Prunus,Portugal laurel,Prunus,Rosaceae,Btr,species,,,0.05,0.02,0.3,0.3,0.05,0.1,0.05,0.05,0.04,0.04,1.6,0.24,0.7,0.4,1,0.1,0.2,0.04,1.6,0.5,0.8,0.3,0.4
Prunus lyonii,Prunus,,Prunus,Rosaceae,Btr,species,,,0.05,0.02,0.3,0.3,0.05,0.1,0.05,0.05,0.04,0.04,1.6,0.24,0.7,0.4,1,0.1,0.2,0.04,1.6,0.5,0.8,0.3,0.4
Prunus maritima,Prunus,beach plum,Prunus,Rosaceae,Shrub,species,,,0.05,0.02,0.3,0.3,0.05,0.1,0.05,0.05,0.04,0.04,1.6,0.24,0.7,0.4,1,0.1,0.2,0.04,1.6,0.5,0.8,0.3,0.4
Prunus maximiwiczii,Prunus,,Prunus,Rosaceae,Unknown,species,,,0.05,0.02,0.3,0.3,0.05,0.1,0.05,0.05,0.04,0.04,1.6,0.24,0.7,0.4,1,0.1,0.2,0.04,1.6,0.5,0.8,0.3,0.4
Prunus mume,Prunus,Japanese apricot,Prunus,Rosaceae,Unknown,species,,,0.05,0.02,0.3,0.3,0.05,0.1,0.05,0.05,0.04,0.04,1.6,0.24,0.7,0.4,1,0.1,0.2,0.04,1.6,0.5,0.8,0.3,0.4
Prunus nigra,Prunus,Canadian plum,Prunus,Rosaceae,Btr,species,,,0.05,0.02,0.3,0.3,0.05,0.1,0.05,0.05,0.04,0.04,1.6,0.24,0.7,0.4,1,0.1,0.2,0.04,1.6,0.5,0.8,0.3,0.4
Prunus pensylvanica,Prunus,pin cherry,Prunus,Rosaceae,Btr,species,,,0.05,0.02,0.3,0.3,0.05,0.1,0.05,0.05,0.04,0.04,1.6,0.24,0.7,0.4,1,0.1,0.2,0.04,1.6,0.5,0.8,0.3,0.4
Prunus persica,Prunus,peach,Prunus,Rosaceae,Btr,species,,,0.05,0.02,0.3,0.3,0.05,0.1,0.05,0.05,0.04,0.04,1.6,0.24,0.7,0.4,1,0.1,0.2,0.04,1.6,0.5,0.8,0.3,0.4
Prunus salicina,Prunus,Japanese plum,Prunus,Rosaceae,Unknown,species,,,0.05,0.02,0.3,0.3,0.05,0.1,0.05,0.05,0.04,0.04,1.6,0.24,0.7,0.4,1,0.1,0.2,0.04,1.6,0.5,0.8,0.3,0.4
Prunus serotina,Prunus,black cherry,Prunus,Rosaceae,Btr,species,,,0.05,0.02,0.3,0.3,0.05,0.1,0.05,0.05,0.04,0.04,1.6,0.24,0.7,0.4,1,0.1,0.2,0.04,1.6,0.5,0.8,0.3,0.4
Prunus serrulata,Prunus,Japanese flowering cherry,Prunus,Rosaceae,Btr,species,,,0.05,0.02,0.3,0.3,0.05,0.1,0.05,0.05,0.04,0.04,1.6,0.24,0.7,0.4,1,0.1,0.2,0.04,1.6,0.5,0.8,0.3,0.4
Prunus spinosa,Prunus,blackthorn,Prunus,Rosaceae,Btr,species,,,0.05,0.02,0.3,0.3,0.05,0.1,0.05,0.05,0.04,0.04,1.6,0.24,0.7,0.4,1,0.1,0.2,0.04,1.6,0.5,0.8,0.3,0.4
Prunus subcordata,Prunus,Klamath plum,Prunus,Rosaceae,Btr,species,,,0.05,0.02,0.3,0.3,0.05,0.1,0.05,0.05,0.04,0.04,1.6,0.24,0.7,0.4,1,0.1,0.2,0.04,1.6,0.5,0.8,0.3,0.4
Prunus subhirtella,Prunus,winter-flowering cherry,Prunus,Rosaceae,Btr,species,,,0.05,0.02,0.3,0.3,0.05,0.1,0.05,0.05,0.04,0.04,1.6,0.24,0.7,0.4,1,0.1,0.2,0.04,1.6,0.5,0.8,0.3,0.4
Prunus virginiana,Prunus,chokecherry,Prunus,Rosaceae,Btr,species,,,0.05,0.02,0.3,0.3,0.05,0.1,0.05,0.05,0.04,0.04,1.6,0.24,0.7,0.4,1,0.1,0.2,0.04,1.6,0.5,0.8,0.3,0.4
Prunus virginiana var. demissa,Prunus,western chokecherry,Prunus,Rosaceae,Btr,species,,,0.05,0.02,0.3,0.3,0.05,0.1,0.05,0.05,0.04,0.04,1.6,0.24,0.7,0.4,1,0.1,0.2,0.04,1.6,0.5,0.8,0.3,0.4
Prunus x yedoensis,Prunus,,Prunus,Rosaceae,Btr,species,,,0.05,0.02,0.3,0.3,0.05,0.1,0.05,0.05,0.04,0.04,1.6,0.24,0.7,0.4,1,0.1,0.2,0.04,1.6,0.5,0.8,0.3,0.4
Psedera,NoData,,Psedera,TBD,Shrub,genus,from LFRDB,,4,0.02,0.12,0.12,0.06,0.06,0.04,0.05,0.06,0.04,1.6,0.24,0.7,0.4,1,0.1,0.2,0.04,1.6,0.5,0.8,0.3,0.4
Pseudobombax,NoData,,Pseudobombax,Bombacaceae,Unknown,genus,,,4,0.02,0.12,0.12,0.06,0.06,0.04,0.05,0.06,0.04,1.6,0.24,0.7,0.4,1,0.1,0.2,0.04,1.6,0.5,0.8,0.3,0.4
Pseudobombax ellipticum,NoData,,Pseudobombax,Bombacaceae,Unknown,species,,,4,0.02,0.12,0.12,0.06,0.06,0.04,0.05,0.06,0.04,1.6,0.24,0.7,0.4,1,0.1,0.2,0.04,1.6,0.5,0.8,0.3,0.4
Pseudobombax septenatum,NoData,,Pseudobombax,Bombacaceae,Unknown,species,,,4,0.02,0.12,0.12,0.06,0.06,0.04,0.05,0.06,0.04,1.6,0.24,0.7,0.4,1,0.1,0.2,0.04,1.6,0.5,0.8,0.3,0.4
Pseudoclappia,NoData,,Pseudoclappia,TBD,Shrub,genus,from LFRDB,,4,0.02,0.12,0.12,0.06,0.06,0.04,0.05,0.06,0.04,1.6,0.24,0.7,0.4,1,0.1,0.2,0.04,1.6,0.5,0.8,0.3,0.4
Pseudocydonia,NoData,,Pseudocydonia,Rosaceae,Btr,genus,,,4,0.02,0.12,0.12,0.06,0.06,0.04,0.05,0.06,0.04,1.6,0.24,0.7,0.4,1,0.1,0.2,0.04,1.6,0.5,0.8,0.3,0.4
Pseudolachnostylis,NoData,,Pseudolachnostylis,TBD,Unknown,genus,,,4,0.02,0.12,0.12,0.06,0.06,0.04,0.05,0.06,0.04,1.6,0.24,0.7,0.4,1,0.1,0.2,0.04,1.6,0.5,0.8,0.3,0.4
Pseudolachnostylis maprouneifolia,NoData,,Pseudolachnostylis,TBD,Unknown,species,,,4,0.02,0.12,0.12,0.06,0.06,0.04,0.05,0.06,0.04,1.6,0.24,0.7,0.4,1,0.1,0.2,0.04,1.6,0.5,0.8,0.3,0.4
Pseudospondias,NoData,,Pseudospondias,TBD,Unknown,genus,,,4,0.02,0.12,0.12,0.06,0.06,0.04,0.05,0.06,0.04,1.6,0.24,0.7,0.4,1,0.1,0.2,0.04,1.6,0.5,0.8,0.3,0.4
Pseudospondias microcarpa,NoData,,Pseudospondias,TBD,Unknown,species,,,4,0.02,0.12,0.12,0.06,0.06,0.04,0.05,0.06,0.04,1.6,0.24,0.7,0.4,1,0.1,0.2,0.04,1.6,0.5,0.8,0.3,0.4
Pseudotsuga,Pseudotsuga,Douglas-fir,Pseudotsuga,Pinaceae,Ntr,genus,,,0.2,0.3,0.2,0.2,0.05,0.2,0.02,0.05,0.04,0.04,1.6,0.24,0.7,0.4,1,0.1,0.2,0.04,1.6,0.5,0.8,0.3,0.4
Pseudotsuga macrocarpa,Pseudotsuga,bigcone Douglas-fir,Pseudotsuga,Pinaceae,Ntr,species,,,0.2,0.3,0.2,0.2,0.05,0.2,0.02,0.05,0.04,0.04,1.6,0.24,0.7,0.4,1,0.1,0.2,0.04,1.6,0.5,0.8,0.3,0.4
Pseudotsuga menziesii,Pseudotsuga,Douglas-fir,Pseudotsuga,Pinaceae,Ntr,species,,,0.2,0.3,0.2,0.2,0.05,0.2,0.02,0.05,0.04,0.04,1.6,0.24,0.7,0.4,1,0.1,0.2,0.04,1.6,0.5,0.8,0.3,0.4
Pseudotsuga menziesii var. glauca,Pseudotsuga,Rocky Mountain Douglas-fir,Pseudotsuga,Pinaceae,Ntr,species,,,0.2,0.3,0.2,0.2,0.05,0.2,0.02,0.05,0.04,0.04,1.6,0.24,0.7,0.4,1,0.1,0.2,0.04,1.6,0.5,0.8,0.3,0.4
Psidium,NoData,,Psidium,Myrtaceae,Btr,genus,,,4,0.02,0.12,0.12,0.06,0.06,0.04,0.05,0.06,0.04,1.6,0.24,0.7,0.4,1,0.1,0.2,0.04,1.6,0.5,0.8,0.3,0.4
Psidium cattleianum,NoData,strawberry guava,Psidium,Myrtaceae,Btr,species,,,4,0.02,0.12,0.12,0.06,0.06,0.04,0.05,0.06,0.04,1.6,0.24,0.7,0.4,1,0.1,0.2,0.04,1.6,0.5,0.8,0.3,0.4
Psidium guajava,NoData,guava,Psidium,Myrtaceae,Btr,species,,,4,0.02,0.12,0.12,0.06,0.06,0.04,0.05,0.06,0.04,1.6,0.24,0.7,0.4,1,0.1,0.2,0.04,1.6,0.5,0.8,0.3,0.4
Psilostrophe,NoData,,TBD,TBD,TBD,genus,,LF CTCOG,4,0.02,0.12,0.12,0.06,0.06,0.04,0.05,0.06,0.04,1.6,0.24,0.7,0.4,1,0.1,0.2,0.04,1.6,0.5,0.8,0.3,0.4
Psium,NoData,Peas,TBD,TBD,TBD,species,,,4,0.02,0.12,0.12,0.06,0.06,0.04,0.05,0.06,0.04,1.6,0.24,0.7,0.4,1,0.1,0.2,0.04,1.6,0.5,0.8,0.3,0.4
Psoralea,NoData,,TBD,TBD,TBD,genus,,LF CTCOG,4,0.02,0.12,0.12,0.06,0.06,0.04,0.05,0.06,0.04,1.6,0.24,0.7,0.4,1,0.1,0.2,0.04,1.6,0.5,0.8,0.3,0.4
Psorothamnus,NoData,,Psorothamnus,Fabaceae,Btr,genus,,,4,0.02,0.12,0.12,0.06,0.06,0.04,0.05,0.06,0.04,1.6,0.24,0.7,0.4,1,0.1,0.2,0.04,1.6,0.5,0.8,0.3,0.4
Psorothamnus spinosus,NoData,smoketree,Psorothamnus,Fabaceae,Btr,species,,,4,0.02,0.12,0.12,0.06,0.06,0.04,0.05,0.06,0.04,1.6,0.24,0.7,0.4,1,0.1,0.2,0.04,1.6,0.5,0.8,0.3,0.4
Psychotria,NoData,,Psychotria,TBD,Shrub,genus,from LFRDB,,4,0.02,0.12,0.12,0.06,0.06,0.04,0.05,0.06,0.04,1.6,0.24,0.7,0.4,1,0.1,0.2,0.04,1.6,0.5,0.8,0.3,0.4
Ptelea,NoData,,TBD,TBD,TBD,genus,,LF CTCOG,4,0.02,0.12,0.12,0.06,0.06,0.04,0.05,0.06,0.04,1.6,0.24,0.7,0.4,1,0.1,0.2,0.04,1.6,0.5,0.8,0.3,0.4
Pteridium,NoData,,Pteridium,Dennstaedtiaceae,Herb,genus,,,4,0.02,0.12,0.12,0.06,0.06,0.04,0.05,0.06,0.04,1.6,0.24,0.7,0.4,1,0.1,0.2,0.04,1.6,0.5,0.8,0.3,0.4
Pteridium aquilinum,NoData,western brackenfern,Pteridium,Dennstaedtiaceae,Herb,species,,,4,0.02,0.12,0.12,0.06,0.06,0.04,0.05,0.06,0.04,1.6,0.24,0.7,0.4,1,0.1,0.2,0.04,1.6,0.5,0.8,0.3,0.4
Pteris,NoData,,Pteris,Pteridaceae,Herb,genus,,,4,0.02,0.12,0.12,0.06,0.06,0.04,0.05,0.06,0.04,1.6,0.24,0.7,0.4,1,0.1,0.2,0.04,1.6,0.5,0.8,0.3,0.4
Pteris cretica,NoData,Cretan brake,Pteris,Pteridaceae,Herb,species,,,4,0.02,0.12,0.12,0.06,0.06,0.04,0.05,0.06,0.04,1.6,0.24,0.7,0.4,1,0.1,0.2,0.04,1.6,0.5,0.8,0.3,0.4
Pteris tremula,NoData,Australian brake,Pteris,Pteridaceae,Herb,species,,,4,0.02,0.12,0.12,0.06,0.06,0.04,0.05,0.06,0.04,1.6,0.24,0.7,0.4,1,0.1,0.2,0.04,1.6,0.5,0.8,0.3,0.4
Pterocarpus,NoData,pterocarpus,Pterocarpus,Fabaceae,Btr,genus,,,4,0.02,0.12,0.12,0.06,0.06,0.04,0.05,0.06,0.04,1.6,0.24,0.7,0.4,1,0.1,0.2,0.04,1.6,0.5,0.8,0.3,0.4
Pterocarpus luscens,NoData,,Pterocarpus,Fabaceae,Unknown,species,,,4,0.02,0.12,0.12,0.06,0.06,0.04,0.05,0.06,0.04,1.6,0.24,0.7,0.4,1,0.1,0.2,0.04,1.6,0.5,0.8,0.3,0.4
Pterocarpus officinalis,NoData,dragonsblood tree,Pterocarpus,Fabaceae,Btr,species,,,4,0.02,0.12,0.12,0.06,0.06,0.04,0.05,0.06,0.04,1.6,0.24,0.7,0.4,1,0.1,0.2,0.04,1.6,0.5,0.8,0.3,0.4
Pterocarpus rotundifolius,NoData,,Pterocarpus,Fabaceae,Unknown,species,,,4,0.02,0.12,0.12,0.06,0.06,0.04,0.05,0.06,0.04,1.6,0.24,0.7,0.4,1,0.1,0.2,0.04,1.6,0.5,0.8,0.3,0.4
Pterocarpus soyauxii,NoData,barwood,Pterocarpus,Fabaceae,Unknown,species,,,4,0.02,0.12,0.12,0.06,0.06,0.04,0.05,0.06,0.04,1.6,0.24,0.7,0.4,1,0.1,0.2,0.04,1.6,0.5,0.8,0.3,0.4
Pterocarya,NoData,,Pterocarya,Juglandaceae,Unknown,genus,,,4,0.02,0.12,0.12,0.06,0.06,0.04,0.05,0.06,0.04,1.6,0.24,0.7,0.4,1,0.1,0.2,0.04,1.6,0.5,0.8,0.3,0.4
Pterocarya fraxinifolia,NoData,,Pterocarya,Juglandaceae,Unknown,species,,,4,0.02,0.12,0.12,0.06,0.06,0.04,0.05,0.06,0.04,1.6,0.24,0.7,0.4,1,0.1,0.2,0.04,1.6,0.5,0.8,0.3,0.4
Pterocarya stenoptera,NoData,Chinese wingnut,Pterocarya,Juglandaceae,Btr,species,,,4,0.02,0.12,0.12,0.06,0.06,0.04,0.05,0.06,0.04,1.6,0.24,0.7,0.4,1,0.1,0.2,0.04,1.6,0.5,0.8,0.3,0.4
Pterocarya tonkinensis,NoData,,Pterocarya,Juglandaceae,Unknown,species,,,4,0.02,0.12,0.12,0.06,0.06,0.04,0.05,0.06,0.04,1.6,0.24,0.7,0.4,1,0.1,0.2,0.04,1.6,0.5,0.8,0.3,0.4
Pterygota,NoData,,Pterygota,TBD,Unknown,genus,,,4,0.02,0.12,0.12,0.06,0.06,0.04,0.05,0.06,0.04,1.6,0.24,0.7,0.4,1,0.1,0.2,0.04,1.6,0.5,0.8,0.3,0.4
Pterygota bequaertii,NoData,,Pterygota,TBD,Unknown,species,,,4,0.02,0.12,0.12,0.06,0.06,0.04,0.05,0.06,0.04,1.6,0.24,0.7,0.4,1,0.1,0.2,0.04,1.6,0.5,0.8,0.3,0.4
Ptilium,NoData,,Ptilium,TBD,Unknown,genus,,,4,0.02,0.12,0.12,0.06,0.06,0.04,0.05,0.06,0.04,1.6,0.24,0.7,0.4,1,0.1,0.2,0.04,1.6,0.5,0.8,0.3,0.4
Ptilium crista-castrensis,NoData,,Ptilium,TBD,Unknown,species,,,4,0.02,0.12,0.12,0.06,0.06,0.04,0.05,0.06,0.04,1.6,0.24,0.7,0.4,1,0.1,0.2,0.04,1.6,0.5,0.8,0.3,0.4
Ptilocalyx,NoData,,Ptilocalyx,TBD,Shrub,genus,from LFRDB,,4,0.02,0.12,0.12,0.06,0.06,0.04,0.05,0.06,0.04,1.6,0.24,0.7,0.4,1,0.1,0.2,0.04,1.6,0.5,0.8,0.3,0.4
Pueraria,Pueraria,kudzu,Pueraria,Fabaceae,Shrub,genus,,,30,0.02,0.4,0.4,0.2,0.2,0.04,0.05,0.06,0.04,1.6,0.24,0.7,0.4,1,0.1,0.2,0.04,1.6,0.5,0.8,0.3,0.4
Pueraria javanica,Pueraria,,Pueraria,Fabaceae,Unknown,species,,,30,0.02,0.4,0.4,0.2,0.2,0.04,0.05,0.06,0.04,1.6,0.24,0.7,0.4,1,0.1,0.2,0.04,1.6,0.5,0.8,0.3,0.4
Pueraria lobata,Pueraria,,Pueraria,Fabaceae,Unknown,species,,,30,0.02,0.4,0.4,0.2,0.2,0.04,0.05,0.06,0.04,1.6,0.24,0.7,0.4,1,0.1,0.2,0.04,1.6,0.5,0.8,0.3,0.4
Punica,NoData,,Punica,Punicaceae,Btr,genus,,,4,0.02,0.12,0.12,0.06,0.06,0.04,0.05,0.06,0.04,1.6,0.24,0.7,0.4,1,0.1,0.2,0.04,1.6,0.5,0.8,0.3,0.4
Punica granatum,NoData,pomegranate,Punica,Punicaceae,Btr,species,,,4,0.02,0.12,0.12,0.06,0.06,0.04,0.05,0.06,0.04,1.6,0.24,0.7,0.4,1,0.1,0.2,0.04,1.6,0.5,0.8,0.3,0.4
Purshia,NoData,,Purshia,Rosaceae,Shrub,genus,,,4,0.02,0.12,0.12,0.06,0.06,0.04,0.05,0.06,0.04,1.6,0.24,0.7,0.4,1,0.1,0.2,0.04,1.6,0.5,0.8,0.3,0.4
Purshia tridentata,NoData,antelope bitterbrush,Purshia,Rosaceae,Shrub,species,,,4,0.02,0.12,0.12,0.06,0.06,0.04,0.05,0.06,0.04,1.6,0.24,0.7,0.4,1,0.1,0.2,0.04,1.6,0.5,0.8,0.3,0.4
Pycnanthus,NoData,,Pycnanthus,TBD,Unknown,genus,,,4,0.02,0.12,0.12,0.06,0.06,0.04,0.05,0.06,0.04,1.6,0.24,0.7,0.4,1,0.1,0.2,0.04,1.6,0.5,0.8,0.3,0.4
Pycnanthus angolensis,NoData,,Pycnanthus,TBD,Unknown,species,,,4,0.02,0.12,0.12,0.06,0.06,0.04,0.05,0.06,0.04,1.6,0.24,0.7,0.4,1,0.1,0.2,0.04,1.6,0.5,0.8,0.3,0.4
Pyracantha,NoData,,Pyracantha,Rosaceae,Shrub,genus,,,4,0.02,0.12,0.12,0.06,0.06,0.04,0.05,0.06,0.04,1.6,0.24,0.7,0.4,1,0.1,0.2,0.04,1.6,0.5,0.8,0.3,0.4
Pyracantha coccinea,NoData,scarlet firethorn,Pyracantha,Rosaceae,Shrub,species,,,4,0.02,0.12,0.12,0.06,0.06,0.04,0.05,0.06,0.04,1.6,0.24,0.7,0.4,1,0.1,0.2,0.04,1.6,0.5,0.8,0.3,0.4
Pyrrosia,NoData,,Pyrrosia,TBD,Unknown,genus,,,4,0.02,0.12,0.12,0.06,0.06,0.04,0.05,0.06,0.04,1.6,0.24,0.7,0.4,1,0.1,0.2,0.04,1.6,0.5,0.8,0.3,0.4
Pyrrosia varia,NoData,,Pyrrosia,TBD,Unknown,species,,,4,0.02,0.12,0.12,0.06,0.06,0.04,0.05,0.06,0.04,1.6,0.24,0.7,0.4,1,0.1,0.2,0.04,1.6,0.5,0.8,0.3,0.4
Pyrularia,NoData,,Pyrularia,TBD,Shrub,genus,from LFRDB,,4,0.02,0.12,0.12,0.06,0.06,0.04,0.05,0.06,0.04,1.6,0.24,0.7,0.4,1,0.1,0.2,0.04,1.6,0.5,0.8,0.3,0.4
Pyrus,Pyrus,pear,Pyrus,Rosaceae,Btr,genus,,,0.01,0.02,0.02,0.05,0.01,0.01,0.1,0.05,0.001,0.001,1.6,0.24,0.7,0.4,1,0.1,0.2,0.04,1.6,0.5,0.8,0.3,0.4
Pyrus betulifolia,Pyrus,pear,Pyrus,Rosaceae,Btr,species,,,0.01,0.02,0.02,0.05,0.01,0.01,0.1,0.05,0.001,0.001,1.6,0.24,0.7,0.4,1,0.1,0.2,0.04,1.6,0.5,0.8,0.3,0.4
Pyrus calleryana,Pyrus,Callery pear,Pyrus,Rosaceae,Btr,species,,,0.01,0.02,0.02,0.05,0.01,0.01,0.1,0.05,0.001,0.001,1.6,0.24,0.7,0.4,1,0.1,0.2,0.04,1.6,0.5,0.8,0.3,0.4
Pyrus communis,Pyrus,common pear,Pyrus,Rosaceae,Btr,species,,,0.01,0.02,0.02,0.05,0.01,0.01,0.1,0.05,0.001,0.001,1.6,0.24,0.7,0.4,1,0.1,0.2,0.04,1.6,0.5,0.8,0.3,0.4
Pyrus coronaria,Pyrus,,Pyrus,Rosaceae,Unknown,species,,,0.01,0.02,0.02,0.05,0.01,0.01,0.1,0.05,0.001,0.001,1.6,0.24,0.7,0.4,1,0.1,0.2,0.04,1.6,0.5,0.8,0.3,0.4
Pyrus kawakamii,Pyrus,,Pyrus,Rosaceae,Unknown,species,,,0.01,0.02,0.02,0.05,0.01,0.01,0.1,0.05,0.001,0.001,1.6,0.24,0.7,0.4,1,0.1,0.2,0.04,1.6,0.5,0.8,0.3,0.4
Pyrus pyrifolia,Pyrus,Chinese pear,Pyrus,Rosaceae,Btr,species,,,0.01,0.02,0.02,0.05,0.01,0.01,0.1,0.05,0.001,0.001,1.6,0.24,0.7,0.4,1,0.1,0.2,0.04,1.6,0.5,0.8,0.3,0.4
Pyxidanthera,NoData,,Pyxidanthera,TBD,Shrub,genus,from LFRDB,,4,0.02,0.12,0.12,0.06,0.06,0.04,0.05,0.06,0.04,1.6,0.24,0.7,0.4,1,0.1,0.2,0.04,1.6,0.5,0.8,0.3,0.4
Quadrella,NoData,,Quadrella,TBD,Shrub,genus,from LFRDB,,4,0.02,0.12,0.12,0.06,0.06,0.04,0.05,0.06,0.04,1.6,0.24,0.7,0.4,1,0.1,0.2,0.04,1.6,0.5,0.8,0.3,0.4
Quamoclidion,NoData,,Quamoclidion,TBD,Shrub,genus,from LFRDB,,4,0.02,0.12,0.12,0.06,0.06,0.04,0.05,0.06,0.04,1.6,0.24,0.7,0.4,1,0.1,0.2,0.04,1.6,0.5,0.8,0.3,0.4
Quercus,QuercusQuercus,oak,Quercus,Fagaceae,Btr,genus,,,30,0.02,0.1,0.2,0.1,0.2,0.2,0.05,0.06,0.02,1.6,0.24,0.7,0.4,1,0.1,0.2,0.04,1.6,0.5,0.8,0.3,0.4
Quercus acutissima,QuercusCerris,sawtooth oak,Quercus_NT,Fagaceae,Btr,species,,,0.2,0.02,0.3,0.14,0.14,0.14,0.08,0.05,0.06,0.04,1.6,0.24,0.7,0.4,1,0.1,0.2,0.04,1.6,0.5,0.8,0.3,0.4
Quercus afares,QuercusIlex,,Quercus_MT,Fagaceae,Btr,species,,,0.2,0.02,2,0.8,1.2,1.2,0.8,0.05,0.2,0.1,1.6,0.24,0.7,0.4,1,0.1,0.2,0.04,1.6,0.5,0.8,0.3,0.4
Quercus agrifolia,QuercusQuercus,California live oak,Quercus_Iso,Fagaceae,Btr,species,,,30,0.02,0.1,0.2,0.1,0.2,0.2,0.05,0.06,0.02,1.6,0.24,0.7,0.4,1,0.1,0.2,0.04,1.6,0.5,0.8,0.3,0.4
Quercus alba,QuercusQuercus,white oak,Quercus_Iso,Fagaceae,Btr,species,,,30,0.02,0.1,0.2,0.1,0.2,0.2,0.05,0.06,0.02,1.6,0.24,0.7,0.4,1,0.1,0.2,0.04,1.6,0.5,0.8,0.3,0.4
Quercus alvordiana,QuercusQuercus,,Quercus,Fagaceae,Btr,species,,,30,0.02,0.1,0.2,0.1,0.2,0.2,0.05,0.06,0.02,1.6,0.24,0.7,0.4,1,0.1,0.2,0.04,1.6,0.5,0.8,0.3,0.4
Quercus aucheri,QuercusQuercus,,Quercus,Fagaceae,Btr,species,,,30,0.02,0.1,0.2,0.1,0.2,0.2,0.05,0.06,0.02,1.6,0.24,0.7,0.4,1,0.1,0.2,0.04,1.6,0.5,0.8,0.3,0.4
Quercus berberidifolia,QuercusQuercus,scrub oak,Quercus_Iso,Fagaceae,Btr,species,,,30,0.02,0.1,0.2,0.1,0.2,0.2,0.05,0.06,0.02,1.6,0.24,0.7,0.4,1,0.1,0.2,0.04,1.6,0.5,0.8,0.3,0.4
Quercus bicolor,QuercusQuercus,swamp white oak,Quercus_Iso,Fagaceae,Btr,species,,,30,0.02,0.1,0.2,0.1,0.2,0.2,0.05,0.06,0.02,1.6,0.24,0.7,0.4,1,0.1,0.2,0.04,1.6,0.5,0.8,0.3,0.4
Quercus borealis,QuercusQuercus,,Quercus_Iso,Fagaceae,Unknown,species,,,30,0.02,0.1,0.2,0.1,0.2,0.2,0.05,0.06,0.02,1.6,0.24,0.7,0.4,1,0.1,0.2,0.04,1.6,0.5,0.8,0.3,0.4
Quercus buckleyi,QuercusQuercus,,Quercus,Fagaceae,Btr,genus,,,30,0.02,0.1,0.2,0.1,0.2,0.2,0.05,0.06,0.02,1.6,0.24,0.7,0.4,1,0.1,0.2,0.04,1.6,0.5,0.8,0.3,0.4
Quercus bushii,QuercusQuercus,,Quercus,Fagaceae,Unknown,species,,,30,0.02,0.1,0.2,0.1,0.2,0.2,0.05,0.06,0.02,1.6,0.24,0.7,0.4,1,0.1,0.2,0.04,1.6,0.5,0.8,0.3,0.4
Quercus calliprinos,QuercusCerris,,Quercus_NT,Fagaceae,Unknown,species,,,0.2,0.02,0.3,0.14,0.14,0.14,0.08,0.05,0.06,0.04,1.6,0.24,0.7,0.4,1,0.1,0.2,0.04,1.6,0.5,0.8,0.3,0.4
Quercus canariensis,QuercusQuercus,,Quercus_Iso,Fagaceae,Unknown,species,,,30,0.02,0.1,0.2,0.1,0.2,0.2,0.05,0.06,0.02,1.6,0.24,0.7,0.4,1,0.1,0.2,0.04,1.6,0.5,0.8,0.3,0.4
Quercus castaneifolia,QuercusCerris,,Quercus_NT,Fagaceae,Unknown,species,,,0.2,0.02,0.3,0.14,0.14,0.14,0.08,0.05,0.06,0.04,1.6,0.24,0.7,0.4,1,0.1,0.2,0.04,1.6,0.5,0.8,0.3,0.4
Quercus cerris,QuercusCerris,European turkey oak,Quercus_NT,Fagaceae,Btr,species,,,0.2,0.02,0.3,0.14,0.14,0.14,0.08,0.05,0.06,0.04,1.6,0.24,0.7,0.4,1,0.1,0.2,0.04,1.6,0.5,0.8,0.3,0.4
Quercus chapmanii,QuercusQuercus,Chapman oak,Quercus_Iso,Fagaceae,Btr,species,,,30,0.02,0.1,0.2,0.1,0.2,0.2,0.05,0.06,0.02,1.6,0.24,0.7,0.4,1,0.1,0.2,0.04,1.6,0.5,0.8,0.3,0.4
Quercus chenii,QuercusQuercus,xiao ye li,Quercus,Fagaceae,Unknown,species,,,30,0.02,0.1,0.2,0.1,0.2,0.2,0.05,0.06,0.02,1.6,0.24,0.7,0.4,1,0.1,0.2,0.04,1.6,0.5,0.8,0.3,0.4
Quercus chrysolepis,QuercusQuercus,canyon live oak,Quercus_Iso,Fagaceae,Btr,species,,,30,0.02,0.1,0.2,0.1,0.2,0.2,0.05,0.06,0.02,1.6,0.24,0.7,0.4,1,0.1,0.2,0.04,1.6,0.5,0.8,0.3,0.4
Quercus coccifera,QuercusIlex,,Quercus_MT,Fagaceae,Unknown,species,,,0.2,0.02,2,0.8,1.2,1.2,0.8,0.05,0.2,0.1,1.6,0.24,0.7,0.4,1,0.1,0.2,0.04,1.6,0.5,0.8,0.3,0.4
Quercus coccinea,QuercusQuercus,scarlet oak,Quercus_Iso,Fagaceae,Btr,species,,,30,0.02,0.1,0.2,0.1,0.2,0.2,0.05,0.06,0.02,1.6,0.24,0.7,0.4,1,0.1,0.2,0.04,1.6,0.5,0.8,0.3,0.4
Quercus crispula,QuercusQuercus,,Quercus,Fagaceae,Btr,species,,,30,0.02,0.1,0.2,0.1,0.2,0.2,0.05,0.06,0.02,1.6,0.24,0.7,0.4,1,0.1,0.2,0.04,1.6,0.5,0.8,0.3,0.4
Quercus douglasii,QuercusQuercus,blue oak,Quercus_Iso,Fagaceae,Btr,species,,,30,0.02,0.1,0.2,0.1,0.2,0.2,0.05,0.06,0.02,1.6,0.24,0.7,0.4,1,0.1,0.2,0.04,1.6,0.5,0.8,0.3,0.4
Quercus dumosa,QuercusQuercus,coastal sage scrub oak,Quercus_Iso,Fagaceae,Btr,species,,,30,0.02,0.1,0.2,0.1,0.2,0.2,0.05,0.06,0.02,1.6,0.24,0.7,0.4,1,0.1,0.2,0.04,1.6,0.5,0.8,0.3,0.4
Quercus durandii,QuercusQuercus,,Quercus,Fagaceae,Btr,species,,,30,0.02,0.1,0.2,0.1,0.2,0.2,0.05,0.06,0.02,1.6,0.24,0.7,0.4,1,0.1,0.2,0.04,1.6,0.5,0.8,0.3,0.4
Quercus durandii var. breviloba,QuercusQuercus,,Quercus,Fagaceae,Btr,species,,,30,0.02,0.1,0.2,0.1,0.2,0.2,0.05,0.06,0.02,1.6,0.24,0.7,0.4,1,0.1,0.2,0.04,1.6,0.5,0.8,0.3,0.4
Quercus durata,QuercusQuercus,leather oak,Quercus_Iso,Fagaceae,Btr,species,,,30,0.02,0.1,0.2,0.1,0.2,0.2,0.05,0.06,0.02,1.6,0.24,0.7,0.4,1,0.1,0.2,0.04,1.6,0.5,0.8,0.3,0.4
Quercus ellipsoidalis,QuercusQuercus,northern pin oak,Quercus_Iso,Fagaceae,Btr,species,,,30,0.02,0.1,0.2,0.1,0.2,0.2,0.05,0.06,0.02,1.6,0.24,0.7,0.4,1,0.1,0.2,0.04,1.6,0.5,0.8,0.3,0.4
Quercus emoryi,QuercusQuercus,Emory oak,Quercus_Iso,Fagaceae,Btr,species,,,30,0.02,0.1,0.2,0.1,0.2,0.2,0.05,0.06,0.02,1.6,0.24,0.7,0.4,1,0.1,0.2,0.04,1.6,0.5,0.8,0.3,0.4
Quercus engelmanii,QuercusQuercus,,Quercus_Iso,Fagaceae,Unknown,species,,,30,0.02,0.1,0.2,0.1,0.2,0.2,0.05,0.06,0.02,1.6,0.24,0.7,0.4,1,0.1,0.2,0.04,1.6,0.5,0.8,0.3,0.4
Quercus engelmannii,QuercusQuercus,Engelmann oak,Quercus_Iso,Fagaceae,Btr,species,,,30,0.02,0.1,0.2,0.1,0.2,0.2,0.05,0.06,0.02,1.6,0.24,0.7,0.4,1,0.1,0.2,0.04,1.6,0.5,0.8,0.3,0.4
Quercus faginea,QuercusQuercus,,Quercus_Iso,Fagaceae,Unknown,species,,,30,0.02,0.1,0.2,0.1,0.2,0.2,0.05,0.06,0.02,1.6,0.24,0.7,0.4,1,0.1,0.2,0.04,1.6,0.5,0.8,0.3,0.4
Quercus falcata,QuercusQuercus,southern red oak,Quercus_Iso,Fagaceae,Btr,species,,,30,0.02,0.1,0.2,0.1,0.2,0.2,0.05,0.06,0.02,1.6,0.24,0.7,0.4,1,0.1,0.2,0.04,1.6,0.5,0.8,0.3,0.4
Quercus frainetto,QuercusQuercus,Italian oak,Quercus_Iso,Fagaceae,Unknown,species,,,30,0.02,0.1,0.2,0.1,0.2,0.2,0.05,0.06,0.02,1.6,0.24,0.7,0.4,1,0.1,0.2,0.04,1.6,0.5,0.8,0.3,0.4
Quercus fusiformis,QuercusQuercus,Texas live oak,Quercus_Iso,Fagaceae,Btr,species,,,30,0.02,0.1,0.2,0.1,0.2,0.2,0.05,0.06,0.02,1.6,0.24,0.7,0.4,1,0.1,0.2,0.04,1.6,0.5,0.8,0.3,0.4
Quercus gambelii,QuercusQuercus,Gambel oak,Quercus_Iso,Fagaceae,Btr,species,,,30,0.02,0.1,0.2,0.1,0.2,0.2,0.05,0.06,0.02,1.6,0.24,0.7,0.4,1,0.1,0.2,0.04,1.6,0.5,0.8,0.3,0.4
Quercus garryana,QuercusQuercus,Oregon white oak,Quercus_Iso,Fagaceae,Btr,species,,,30,0.02,0.1,0.2,0.1,0.2,0.2,0.05,0.06,0.02,1.6,0.24,0.7,0.4,1,0.1,0.2,0.04,1.6,0.5,0.8,0.3,0.4
Quercus garryana var. breweri,QuercusQuercus,,Quercus_Iso,Fagaceae,Btr,species,,,30,0.02,0.1,0.2,0.1,0.2,0.2,0.05,0.06,0.02,1.6,0.24,0.7,0.4,1,0.1,0.2,0.04,1.6,0.5,0.8,0.3,0.4
Quercus geminata,QuercusQuercus,sand live oak,Quercus_Iso,Fagaceae,Btr,species,,,30,0.02,0.1,0.2,0.1,0.2,0.2,0.05,0.06,0.02,1.6,0.24,0.7,0.4,1,0.1,0.2,0.04,1.6,0.5,0.8,0.3,0.4
Quercus glabra,QuercusQuercus,,Quercus,Fagaceae,Unknown,species,,,30,0.02,0.1,0.2,0.1,0.2,0.2,0.05,0.06,0.02,1.6,0.24,0.7,0.4,1,0.1,0.2,0.04,1.6,0.5,0.8,0.3,0.4
Quercus glandulifera,QuercusQuercus,,Quercus,Fagaceae,Unknown,species,,,30,0.02,0.1,0.2,0.1,0.2,0.2,0.05,0.06,0.02,1.6,0.24,0.7,0.4,1,0.1,0.2,0.04,1.6,0.5,0.8,0.3,0.4
Quercus glauca,QuercusQuercus,ring-cup oak,Quercus,Fagaceae,Unknown,species,,,30,0.02,0.1,0.2,0.1,0.2,0.2,0.05,0.06,0.02,1.6,0.24,0.7,0.4,1,0.1,0.2,0.04,1.6,0.5,0.8,0.3,0.4
Quercus grisea,QuercusQuercus,gray oak,Quercus_Iso,Fagaceae,Btr,species,,,30,0.02,0.1,0.2,0.1,0.2,0.2,0.05,0.06,0.02,1.6,0.24,0.7,0.4,1,0.1,0.2,0.04,1.6,0.5,0.8,0.3,0.4
Quercus havardii,QuercusQuercus,Havard oak,Quercus_Iso,Fagaceae,Btr,species,,,30,0.02,0.1,0.2,0.1,0.2,0.2,0.05,0.06,0.02,1.6,0.24,0.7,0.4,1,0.1,0.2,0.04,1.6,0.5,0.8,0.3,0.4
Quercus hypoleucoides,QuercusQuercus,silverleaf oak,Quercus_Iso,Fagaceae,Btr,species,,,30,0.02,0.1,0.2,0.1,0.2,0.2,0.05,0.06,0.02,1.6,0.24,0.7,0.4,1,0.1,0.2,0.04,1.6,0.5,0.8,0.3,0.4
Quercus ilex,QuercusIlex,holly oak,Quercus_MT,Fagaceae,Btr,species,,,0.2,0.02,2,0.8,1.2,1.2,0.8,0.05,0.2,0.1,1.6,0.24,0.7,0.4,1,0.1,0.2,0.04,1.6,0.5,0.8,0.3,0.4
Quercus ilicifolia,QuercusQuercus,bear oak,Quercus_Iso,Fagaceae,Btr,species,,,30,0.02,0.1,0.2,0.1,0.2,0.2,0.05,0.06,0.02,1.6,0.24,0.7,0.4,1,0.1,0.2,0.04,1.6,0.5,0.8,0.3,0.4
Quercus imbricaria,QuercusQuercus,shingle oak,Quercus_Iso,Fagaceae,Btr,species,,,30,0.02,0.1,0.2,0.1,0.2,0.2,0.05,0.06,0.02,1.6,0.24,0.7,0.4,1,0.1,0.2,0.04,1.6,0.5,0.8,0.3,0.4
Quercus incana,QuercusQuercus,bluejack oak,Quercus_Iso,Fagaceae,Btr,species,,,30,0.02,0.1,0.2,0.1,0.2,0.2,0.05,0.06,0.02,1.6,0.24,0.7,0.4,1,0.1,0.2,0.04,1.6,0.5,0.8,0.3,0.4
Quercus Iso,QuercusQuercus,isoprene emitting oak,Quercus,Fagaceae,Btr,genus,,,30,0.02,0.1,0.2,0.1,0.2,0.2,0.05,0.06,0.02,1.6,0.24,0.7,0.4,1,0.1,0.2,0.04,1.6,0.5,0.8,0.3,0.4
Quercus ithaburiensis,QuercusIlex,,Quercus_MT,Fagaceae,Unknown,species,,,0.2,0.02,2,0.8,1.2,1.2,0.8,0.05,0.2,0.1,1.6,0.24,0.7,0.4,1,0.1,0.2,0.04,1.6,0.5,0.8,0.3,0.4
Quercus kelloggii,QuercusQuercus,California black oak,Quercus_Iso,Fagaceae,Btr,species,,,30,0.02,0.1,0.2,0.1,0.2,0.2,0.05,0.06,0.02,1.6,0.24,0.7,0.4,1,0.1,0.2,0.04,1.6,0.5,0.8,0.3,0.4
Quercus laceyi,QuercusQuercus,,Quercus,Fagaceae,Btr,genus,,,30,0.02,0.1,0.2,0.1,0.2,0.2,0.05,0.06,0.02,1.6,0.24,0.7,0.4,1,0.1,0.2,0.04,1.6,0.5,0.8,0.3,0.4
Quercus laevis,QuercusQuercus,turkey oak,Quercus_Iso,Fagaceae,Btr,species,,,30,0.02,0.1,0.2,0.1,0.2,0.2,0.05,0.06,0.02,1.6,0.24,0.7,0.4,1,0.1,0.2,0.04,1.6,0.5,0.8,0.3,0.4
Quercus laurifolia,QuercusQuercus,laurel oak,Quercus_Iso,Fagaceae,Btr,species,,,30,0.02,0.1,0.2,0.1,0.2,0.2,0.05,0.06,0.02,1.6,0.24,0.7,0.4,1,0.1,0.2,0.04,1.6,0.5,0.8,0.3,0.4
Quercus liaotungensis,QuercusQuercus,,Quercus,Fagaceae,Unknown,species,,,30,0.02,0.1,0.2,0.1,0.2,0.2,0.05,0.06,0.02,1.6,0.24,0.7,0.4,1,0.1,0.2,0.04,1.6,0.5,0.8,0.3,0.4
Quercus libani,QuercusQuercus,,Quercus_Iso,Fagaceae,Unknown,species,,,30,0.02,0.1,0.2,0.1,0.2,0.2,0.05,0.06,0.02,1.6,0.24,0.7,0.4,1,0.1,0.2,0.04,1.6,0.5,0.8,0.3,0.4
Quercus lobata,QuercusQuercus,valley oak,Quercus_Iso,Fagaceae,Btr,species,,,30,0.02,0.1,0.2,0.1,0.2,0.2,0.05,0.06,0.02,1.6,0.24,0.7,0.4,1,0.1,0.2,0.04,1.6,0.5,0.8,0.3,0.4
Quercus lyrata,QuercusQuercus,overcup oak,Quercus_Iso,Fagaceae,Btr,species,,,30,0.02,0.1,0.2,0.1,0.2,0.2,0.05,0.06,0.02,1.6,0.24,0.7,0.4,1,0.1,0.2,0.04,1.6,0.5,0.8,0.3,0.4
Quercus macranthera,QuercusQuercus,Ispir oak,Quercus,Fagaceae,Btr,species,,,30,0.02,0.1,0.2,0.1,0.2,0.2,0.05,0.06,0.02,1.6,0.24,0.7,0.4,1,0.1,0.2,0.04,1.6,0.5,0.8,0.3,0.4
Quercus macrocarpa,QuercusQuercus,bur oak,Quercus_Iso,Fagaceae,Btr,species,,,30,0.02,0.1,0.2,0.1,0.2,0.2,0.05,0.06,0.02,1.6,0.24,0.7,0.4,1,0.1,0.2,0.04,1.6,0.5,0.8,0.3,0.4
Quercus macrolepis,QuercusCerris,Vallonea oak,Quercus_NT,Fagaceae,Unknown,species,,,0.2,0.02,0.3,0.14,0.14,0.14,0.08,0.05,0.06,0.04,1.6,0.24,0.7,0.4,1,0.1,0.2,0.04,1.6,0.5,0.8,0.3,0.4
Quercus marilandica,QuercusQuercus,blackjack oak,Quercus_Iso,Fagaceae,Btr,species,,,30,0.02,0.1,0.2,0.1,0.2,0.2,0.05,0.06,0.02,1.6,0.24,0.7,0.4,1,0.1,0.2,0.04,1.6,0.5,0.8,0.3,0.4
Quercus mexicana,QuercusQuercus,,Quercus_Iso,Fagaceae,Unknown,species,,,30,0.02,0.1,0.2,0.1,0.2,0.2,0.05,0.06,0.02,1.6,0.24,0.7,0.4,1,0.1,0.2,0.04,1.6,0.5,0.8,0.3,0.4
Quercus michauxii,QuercusQuercus,swamp chestnut oak,Quercus_Iso,Fagaceae,Btr,species,,,30,0.02,0.1,0.2,0.1,0.2,0.2,0.05,0.06,0.02,1.6,0.24,0.7,0.4,1,0.1,0.2,0.04,1.6,0.5,0.8,0.3,0.4
Quercus mongolica,QuercusQuercus,mongolian oak,Quercus_Iso,Fagaceae,Btr,species,,,30,0.02,0.1,0.2,0.1,0.2,0.2,0.05,0.06,0.02,1.6,0.24,0.7,0.4,1,0.1,0.2,0.04,1.6,0.5,0.8,0.3,0.4
Quercus morehus,QuercusQuercus,,Quercus,Fagaceae,Unknown,species,,,30,0.02,0.1,0.2,0.1,0.2,0.2,0.05,0.06,0.02,1.6,0.24,0.7,0.4,1,0.1,0.2,0.04,1.6,0.5,0.8,0.3,0.4
Quercus MT,QuercusIlex,High monoterpene emitting oak,Quercus,Fagaceae,Btr,genus,,,0.2,0.02,2,0.8,1.2,1.2,0.8,0.05,0.2,0.1,1.6,0.24,0.7,0.4,1,0.1,0.2,0.04,1.6,0.5,0.8,0.3,0.4
Quercus muehlenbergii,QuercusQuercus,chinkapin oak,Quercus_Iso,Fagaceae,Btr,species,,,30,0.02,0.1,0.2,0.1,0.2,0.2,0.05,0.06,0.02,1.6,0.24,0.7,0.4,1,0.1,0.2,0.04,1.6,0.5,0.8,0.3,0.4
Quercus myrsinaefolia,QuercusQuercus,,Quercus,Fagaceae,Btr,species,,,30,0.02,0.1,0.2,0.1,0.2,0.2,0.05,0.06,0.02,1.6,0.24,0.7,0.4,1,0.1,0.2,0.04,1.6,0.5,0.8,0.3,0.4
Quercus myrtiflora,QuercusQuercus,,Quercus,Fagaceae,Unknown,species,,,30,0.02,0.1,0.2,0.1,0.2,0.2,0.05,0.06,0.02,1.6,0.24,0.7,0.4,1,0.1,0.2,0.04,1.6,0.5,0.8,0.3,0.4
Quercus nigra,QuercusQuercus,water oak,Quercus_Iso,Fagaceae,Btr,species,,,30,0.02,0.1,0.2,0.1,0.2,0.2,0.05,0.06,0.02,1.6,0.24,0.7,0.4,1,0.1,0.2,0.04,1.6,0.5,0.8,0.3,0.4
Quercus nuttallii,QuercusQuercus,,Quercus_Iso,Fagaceae,Btr,species,,,30,0.02,0.1,0.2,0.1,0.2,0.2,0.05,0.06,0.02,1.6,0.24,0.7,0.4,1,0.1,0.2,0.04,1.6,0.5,0.8,0.3,0.4
Quercus oblongifolia,QuercusQuercus,Mexican blue oak,Quercus_Iso,Fagaceae,Btr,species,,,30,0.02,0.1,0.2,0.1,0.2,0.2,0.05,0.06,0.02,1.6,0.24,0.7,0.4,1,0.1,0.2,0.04,1.6,0.5,0.8,0.3,0.4
Quercus pagoda,QuercusQuercus,,Quercus,Fagaceae,Btr,genus,,,30,0.02,0.1,0.2,0.1,0.2,0.2,0.05,0.06,0.02,1.6,0.24,0.7,0.4,1,0.1,0.2,0.04,1.6,0.5,0.8,0.3,0.4
Quercus palmeri,QuercusQuercus,Palmer oak,Quercus_Iso,Fagaceae,Btr,species,,,30,0.02,0.1,0.2,0.1,0.2,0.2,0.05,0.06,0.02,1.6,0.24,0.7,0.4,1,0.1,0.2,0.04,1.6,0.5,0.8,0.3,0.4
Quercus palustris,QuercusQuercus,pin oak,Quercus_Iso,Fagaceae,Btr,species,,,30,0.02,0.1,0.2,0.1,0.2,0.2,0.05,0.06,0.02,1.6,0.24,0.7,0.4,1,0.1,0.2,0.04,1.6,0.5,0.8,0.3,0.4
Quercus petraea,QuercusQuercus,durmast oak,Quercus_Iso,Fagaceae,Unknown,species,,,30,0.02,0.1,0.2,0.1,0.2,0.2,0.05,0.06,0.02,1.6,0.24,0.7,0.4,1,0.1,0.2,0.04,1.6,0.5,0.8,0.3,0.4
Quercus phellos,QuercusQuercus,willow oak,Quercus_Iso,Fagaceae,Btr,species,,,30,0.02,0.1,0.2,0.1,0.2,0.2,0.05,0.06,0.02,1.6,0.24,0.7,0.4,1,0.1,0.2,0.04,1.6,0.5,0.8,0.3,0.4
Quercus phillyraeoides,QuercusQuercus,,Quercus,Fagaceae,Unknown,species,,,30,0.02,0.1,0.2,0.1,0.2,0.2,0.05,0.06,0.02,1.6,0.24,0.7,0.4,1,0.1,0.2,0.04,1.6,0.5,0.8,0.3,0.4
Quercus polymorpha,QuercusQuercus,,Quercus,Fagaceae,Btr,genus,,,30,0.02,0.1,0.2,0.1,0.2,0.2,0.05,0.06,0.02,1.6,0.24,0.7,0.4,1,0.1,0.2,0.04,1.6,0.5,0.8,0.3,0.4
Quercus prinus,QuercusQuercus,chestnut oak,Quercus_Iso,Fagaceae,Btr,species,,,30,0.02,0.1,0.2,0.1,0.2,0.2,0.05,0.06,0.02,1.6,0.24,0.7,0.4,1,0.1,0.2,0.04,1.6,0.5,0.8,0.3,0.4
Quercus pubescens,QuercusQuercus,,Quercus_Iso,Fagaceae,Unknown,species,,,30,0.02,0.1,0.2,0.1,0.2,0.2,0.05,0.06,0.02,1.6,0.24,0.7,0.4,1,0.1,0.2,0.04,1.6,0.5,0.8,0.3,0.4
Quercus pumila,QuercusQuercus,running oak,Quercus_Iso,Fagaceae,Shrub,species,,,30,0.02,0.1,0.2,0.1,0.2,0.2,0.05,0.06,0.02,1.6,0.24,0.7,0.4,1,0.1,0.2,0.04,1.6,0.5,0.8,0.3,0.4
Quercus pyrenaica,QuercusQuercus,,Quercus_Iso,Fagaceae,Unknown,species,,,30,0.02,0.1,0.2,0.1,0.2,0.2,0.05,0.06,0.02,1.6,0.24,0.7,0.4,1,0.1,0.2,0.04,1.6,0.5,0.8,0.3,0.4
Quercus robur,QuercusQuercus,English oak,Quercus_Iso,Fagaceae,Btr,species,,,30,0.02,0.1,0.2,0.1,0.2,0.2,0.05,0.06,0.02,1.6,0.24,0.7,0.4,1,0.1,0.2,0.04,1.6,0.5,0.8,0.3,0.4
Quercus rotundifolia,QuercusIlex,,Quercus_MT,Fagaceae,Unknown,species,,,0.2,0.02,2,0.8,1.2,1.2,0.8,0.05,0.2,0.1,1.6,0.24,0.7,0.4,1,0.1,0.2,0.04,1.6,0.5,0.8,0.3,0.4
Quercus rubra,QuercusQuercus,northern red oak,Quercus_Iso,Fagaceae,Btr,species,,,30,0.02,0.1,0.2,0.1,0.2,0.2,0.05,0.06,0.02,1.6,0.24,0.7,0.4,1,0.1,0.2,0.04,1.6,0.5,0.8,0.3,0.4
Quercus rudkinii,QuercusQuercus,,Quercus,Fagaceae,Unknown,species,,,30,0.02,0.1,0.2,0.1,0.2,0.2,0.05,0.06,0.02,1.6,0.24,0.7,0.4,1,0.1,0.2,0.04,1.6,0.5,0.8,0.3,0.4
Quercus rugosa,QuercusQuercus,netleaf oak,Quercus_Iso,Fagaceae,Btr,species,,,30,0.02,0.1,0.2,0.1,0.2,0.2,0.05,0.06,0.02,1.6,0.24,0.7,0.4,1,0.1,0.2,0.04,1.6,0.5,0.8,0.3,0.4
Quercus serrata,QuercusQuercus,bao li,Quercus_Iso,Fagaceae,Unknown,species,,,30,0.02,0.1,0.2,0.1,0.2,0.2,0.05,0.06,0.02,1.6,0.24,0.7,0.4,1,0.1,0.2,0.04,1.6,0.5,0.8,0.3,0.4
Quercus shumardii,QuercusQuercus,Shumard's oak,Quercus_Iso,Fagaceae,Btr,species,,,30,0.02,0.1,0.2,0.1,0.2,0.2,0.05,0.06,0.02,1.6,0.24,0.7,0.4,1,0.1,0.2,0.04,1.6,0.5,0.8,0.3,0.4
Quercus sinuata,QuercusQuercus,,Quercus,Fagaceae,Btr,genus,,,30,0.02,0.1,0.2,0.1,0.2,0.2,0.05,0.06,0.02,1.6,0.24,0.7,0.4,1,0.1,0.2,0.04,1.6,0.5,0.8,0.3,0.4
Quercus stellata,QuercusQuercus,post oak,Quercus_Iso,Fagaceae,Btr,species,,,30,0.02,0.1,0.2,0.1,0.2,0.2,0.05,0.06,0.02,1.6,0.24,0.7,0.4,1,0.1,0.2,0.04,1.6,0.5,0.8,0.3,0.4
Quercus stellato,QuercusQuercus,,Quercus_Iso,Fagaceae,Btr,species,,,30,0.02,0.1,0.2,0.1,0.2,0.2,0.05,0.06,0.02,1.6,0.24,0.7,0.4,1,0.1,0.2,0.04,1.6,0.5,0.8,0.3,0.4
Quercus suber,QuercusIlex,cork oak,Quercus_MT,Fagaceae,Btr,species,,,0.2,0.02,2,0.8,1.2,1.2,0.8,0.05,0.2,0.1,1.6,0.24,0.7,0.4,1,0.1,0.2,0.04,1.6,0.5,0.8,0.3,0.4
Quercus texana,QuercusQuercus,,Quercus,Fagaceae,Btr,genus,,,30,0.02,0.1,0.2,0.1,0.2,0.2,0.05,0.06,0.02,1.6,0.24,0.7,0.4,1,0.1,0.2,0.04,1.6,0.5,0.8,0.3,0.4
Quercus tomentella,QuercusQuercus,island live oak,Quercus,Fagaceae,Btr,species,,,30,0.02,0.1,0.2,0.1,0.2,0.2,0.05,0.06,0.02,1.6,0.24,0.7,0.4,1,0.1,0.2,0.04,1.6,0.5,0.8,0.3,0.4
Quercus trojana,QuercusCerris,,Quercus_NT,Fagaceae,Unknown,species,,,0.2,0.02,0.3,0.14,0.14,0.14,0.08,0.05,0.06,0.04,1.6,0.24,0.7,0.4,1,0.1,0.2,0.04,1.6,0.5,0.8,0.3,0.4
Quercus undulata,QuercusQuercus,,Quercus,Fagaceae,Btr,species,,,30,0.02,0.1,0.2,0.1,0.2,0.2,0.05,0.06,0.02,1.6,0.24,0.7,0.4,1,0.1,0.2,0.04,1.6,0.5,0.8,0.3,0.4
Quercus vacciniifolia,QuercusQuercus,huckleberry oak,Quercus_Iso,Fagaceae,Shrub,species,,,30,0.02,0.1,0.2,0.1,0.2,0.2,0.05,0.06,0.02,1.6,0.24,0.7,0.4,1,0.1,0.2,0.04,1.6,0.5,0.8,0.3,0.4
Quercus variabilis,QuercusCerris,Chinese cork oak,Quercus_NT,Fagaceae,Unknown,species,,,0.2,0.02,0.3,0.14,0.14,0.14,0.08,0.05,0.06,0.04,1.6,0.24,0.7,0.4,1,0.1,0.2,0.04,1.6,0.5,0.8,0.3,0.4
Quercus velutina,QuercusQuercus,black oak,Quercus_Iso,Fagaceae,Btr,species,,,30,0.02,0.1,0.2,0.1,0.2,0.2,0.05,0.06,0.02,1.6,0.24,0.7,0.4,1,0.1,0.2,0.04,1.6,0.5,0.8,0.3,0.4
Quercus virginiana,QuercusQuercus,live oak,Quercus_Iso,Fagaceae,Btr,species,,,30,0.02,0.1,0.2,0.1,0.2,0.2,0.05,0.06,0.02,1.6,0.24,0.7,0.4,1,0.1,0.2,0.04,1.6,0.5,0.8,0.3,0.4
Quercus vulcanica,QuercusQuercus,oak,Quercus,Fagaceae,Btr,species,,,30,0.02,0.1,0.2,0.1,0.2,0.2,0.05,0.06,0.02,1.6,0.24,0.7,0.4,1,0.1,0.2,0.04,1.6,0.5,0.8,0.3,0.4
Quercus wislizeni,QuercusQuercus,interior live oak,Quercus_Iso,Fagaceae,Btr,species,,,30,0.02,0.1,0.2,0.1,0.2,0.2,0.05,0.06,0.02,1.6,0.24,0.7,0.4,1,0.1,0.2,0.04,1.6,0.5,0.8,0.3,0.4
Quercus wislizenii,QuercusQuercus,,Quercus_Iso,Fagaceae,Btr,species,,,30,0.02,0.1,0.2,0.1,0.2,0.2,0.05,0.06,0.02,1.6,0.24,0.7,0.4,1,0.1,0.2,0.04,1.6,0.5,0.8,0.3,0.4
Quillaja,NoData,,Quillaja,Rosaceae,Unknown,genus,,,4,0.02,0.12,0.12,0.06,0.06,0.04,0.05,0.06,0.04,1.6,0.24,0.7,0.4,1,0.1,0.2,0.04,1.6,0.5,0.8,0.3,0.4
Quillaja saponaria,NoData,soapbark,Quillaja,Rosaceae,Unknown,species,,,4,0.02,0.12,0.12,0.06,0.06,0.04,0.05,0.06,0.04,1.6,0.24,0.7,0.4,1,0.1,0.2,0.04,1.6,0.5,0.8,0.3,0.4
Radermachera,NoData,,,Bignoniaceae,Btr,genus,,,4,0.02,0.12,0.12,0.06,0.06,0.04,0.05,0.06,0.04,1.6,0.24,0.7,0.4,1,0.1,0.2,0.04,1.6,0.5,0.8,0.3,0.4
Radermachera sinica,NoData,,Radermachera,Bignoniaceae,Btr,species,,,4,0.02,0.12,0.12,0.06,0.06,0.04,0.05,0.06,0.04,1.6,0.24,0.7,0.4,1,0.1,0.2,0.04,1.6,0.5,0.8,0.3,0.4
Rajania,NoData,,Rajania,TBD,Shrub,genus,from LFRDB,,4,0.02,0.12,0.12,0.06,0.06,0.04,0.05,0.06,0.04,1.6,0.24,0.7,0.4,1,0.1,0.2,0.04,1.6,0.5,0.8,0.3,0.4
Ramium,NoData,,Ramium,TBD,Shrub,genus,from LFRDB,,4,0.02,0.12,0.12,0.06,0.06,0.04,0.05,0.06,0.04,1.6,0.24,0.7,0.4,1,0.1,0.2,0.04,1.6,0.5,0.8,0.3,0.4
Ranunculus,NoData,,TBD,TBD,TBD,genus,,LF CTCOG,4,0.02,0.12,0.12,0.06,0.06,0.04,0.05,0.06,0.04,1.6,0.24,0.7,0.4,1,0.1,0.2,0.04,1.6,0.5,0.8,0.3,0.4
Rapanea,NoData,,Rapanea,TBD,Shrub,genus,from LFRDB,,4,0.02,0.12,0.12,0.06,0.06,0.04,0.05,0.06,0.04,1.6,0.24,0.7,0.4,1,0.1,0.2,0.04,1.6,0.5,0.8,0.3,0.4
Raphanus sativus,NoData,Radishes,TBD,TBD,TBD,species,,,4,0.02,0.12,0.12,0.06,0.06,0.04,0.05,0.06,0.04,1.6,0.24,0.7,0.4,1,0.1,0.2,0.04,1.6,0.5,0.8,0.3,0.4
Raphia,NoData,,Raphia,Arecaceae,Unknown,genus,,,4,0.02,0.12,0.12,0.06,0.06,0.04,0.05,0.06,0.04,1.6,0.24,0.7,0.4,1,0.1,0.2,0.04,1.6,0.5,0.8,0.3,0.4
Raphia farinifera,NoData,raffia palm,Raphia,Arecaceae,Unknown,species,,,4,0.02,0.12,0.12,0.06,0.06,0.04,0.05,0.06,0.04,1.6,0.24,0.7,0.4,1,0.1,0.2,0.04,1.6,0.5,0.8,0.3,0.4
Raphia vinifera,NoData,West African piassava palm,Raphia,Arecaceae,Unknown,species,,,4,0.02,0.12,0.12,0.06,0.06,0.04,0.05,0.06,0.04,1.6,0.24,0.7,0.4,1,0.1,0.2,0.04,1.6,0.5,0.8,0.3,0.4
Ratibida,NoData,,TBD,TBD,TBD,genus,,LF CTCOG,4,0.02,0.12,0.12,0.06,0.06,0.04,0.05,0.06,0.04,1.6,0.24,0.7,0.4,1,0.1,0.2,0.04,1.6,0.5,0.8,0.3,0.4
Rauvolfia,NoData,,Rauvolfia,Apocynaceae,Unknown,genus,,,4,0.02,0.12,0.12,0.06,0.06,0.04,0.05,0.06,0.04,1.6,0.24,0.7,0.4,1,0.1,0.2,0.04,1.6,0.5,0.8,0.3,0.4
Rauvolfia verticillata,NoData,,Rauvolfia,Apocynaceae,Unknown,species,,,4,0.02,0.12,0.12,0.06,0.06,0.04,0.05,0.06,0.04,1.6,0.24,0.7,0.4,1,0.1,0.2,0.04,1.6,0.5,0.8,0.3,0.4
Rauvolfia vomitoria,NoData,poison devil's-pepper,Rauvolfia,Apocynaceae,Btr,species,,,4,0.02,0.12,0.12,0.06,0.06,0.04,0.05,0.06,0.04,1.6,0.24,0.7,0.4,1,0.1,0.2,0.04,1.6,0.5,0.8,0.3,0.4
Ravenala,NoData,,Ravenala,Strelitziaceae,Btr,genus,,,4,0.02,0.12,0.12,0.06,0.06,0.04,0.05,0.06,0.04,1.6,0.24,0.7,0.4,1,0.1,0.2,0.04,1.6,0.5,0.8,0.3,0.4
Ravenala madagascariensis,NoData,traveler's tree,Ravenala,Strelitziaceae,Btr,species,,,4,0.02,0.12,0.12,0.06,0.06,0.04,0.05,0.06,0.04,1.6,0.24,0.7,0.4,1,0.1,0.2,0.04,1.6,0.5,0.8,0.3,0.4
Ravenea,NoData,,Ravenea,Arecaceae,Btr,genus,,,4,0.02,0.12,0.12,0.06,0.06,0.04,0.05,0.06,0.04,1.6,0.24,0.7,0.4,1,0.1,0.2,0.04,1.6,0.5,0.8,0.3,0.4
Ravenea rivularis,NoData,,Ravenea,Arecaceae,Btr,species,,,4,0.02,0.12,0.12,0.06,0.06,0.04,0.05,0.06,0.04,1.6,0.24,0.7,0.4,1,0.1,0.2,0.04,1.6,0.5,0.8,0.3,0.4
Rehsonia,NoData,,Rehsonia,TBD,Shrub,genus,from LFRDB,,4,0.02,0.12,0.12,0.06,0.06,0.04,0.05,0.06,0.04,1.6,0.24,0.7,0.4,1,0.1,0.2,0.04,1.6,0.5,0.8,0.3,0.4
Retinispora,Chamaecyparis,Synonym of Chamaecyparis,Chamaecyparis,Cupressaceae,Ntr,genus,from LFRDB,,0.2,0.02,0.4,0.2,0.02,0.05,0.04,0.05,0.1,0.06,1.6,0.24,0.7,0.4,1,0.1,0.2,0.04,1.6,0.5,0.8,0.3,0.4
Reynosia,NoData,,Reynosia,Rhamnaceae,Btr,genus,,,4,0.02,0.12,0.12,0.06,0.06,0.04,0.05,0.06,0.04,1.6,0.24,0.7,0.4,1,0.1,0.2,0.04,1.6,0.5,0.8,0.3,0.4
Reynosia guama,NoData,guama,Reynosia,Rhamnaceae,Btr,species,,,4,0.02,0.12,0.12,0.06,0.06,0.04,0.05,0.06,0.04,1.6,0.24,0.7,0.4,1,0.1,0.2,0.04,1.6,0.5,0.8,0.3,0.4
Reynosia mangle,NoData,,Reynosia,Rhamnaceae,Unknown,species,,,4,0.02,0.12,0.12,0.06,0.06,0.04,0.05,0.06,0.04,1.6,0.24,0.7,0.4,1,0.1,0.2,0.04,1.6,0.5,0.8,0.3,0.4
Rhamnaceae,NoData,,Rhamnaceae,Rhamnaceae,Unknown,family,,,4,0.02,0.12,0.12,0.06,0.06,0.04,0.05,0.06,0.04,1.6,0.24,0.7,0.4,1,0.1,0.2,0.04,1.6,0.5,0.8,0.3,0.4
Rhamnus,Rhamnus,buckthorn,Rhamnus,Rhamnaceae,Btr,genus,,,16,0.02,0.1,0.1,0.05,0.05,0.04,0.05,0.06,0.04,1.6,0.24,0.7,0.4,1,0.1,0.2,0.04,1.6,0.5,0.8,0.3,0.4
Rhamnus alaternus,Rhamnus,Italian buckthorn,Rhamnus,Rhamnaceae,Unknown,species,,,16,0.02,0.1,0.1,0.05,0.05,0.04,0.05,0.06,0.04,1.6,0.24,0.7,0.4,1,0.1,0.2,0.04,1.6,0.5,0.8,0.3,0.4
Rhamnus californica,Rhamnus,,Rhamnus,Rhamnaceae,Unknown,species,,,16,0.02,0.1,0.1,0.05,0.05,0.04,0.05,0.06,0.04,1.6,0.24,0.7,0.4,1,0.1,0.2,0.04,1.6,0.5,0.8,0.3,0.4
Rhamnus crocea,Rhamnus,redberry buckthorn,Rhamnus,Rhamnaceae,Btr,species,,,16,0.02,0.1,0.1,0.05,0.05,0.04,0.05,0.06,0.04,1.6,0.24,0.7,0.4,1,0.1,0.2,0.04,1.6,0.5,0.8,0.3,0.4
Rhamnus lycioides,Rhamnus,,Rhamnus,Rhamnaceae,Unknown,species,,,16,0.02,0.1,0.1,0.05,0.05,0.04,0.05,0.06,0.04,1.6,0.24,0.7,0.4,1,0.1,0.2,0.04,1.6,0.5,0.8,0.3,0.4
Rhamnus purshiana,Rhamnus,,Rhamnus,Rhamnaceae,Unknown,species,,,16,0.02,0.1,0.1,0.05,0.05,0.04,0.05,0.06,0.04,1.6,0.24,0.7,0.4,1,0.1,0.2,0.04,1.6,0.5,0.8,0.3,0.4
Rhaphiobotrya,GFBtr,EriobotryaX Rhaphiolepis hybrid,Rhaphiobotrya,Rosaceae,Btr,genus,,,10,0.02,0.3,0.3,0.1,0.16,0.04,0.05,0.06,0.04,1.6,0.24,0.7,0.4,1,0.1,0.2,0.04,1.6,0.5,0.8,0.3,0.4
Rhaphiolepis,NoData,,Rhaphiolepis,Rosaceae,Unknown,genus,,,4,0.02,0.12,0.12,0.06,0.06,0.04,0.05,0.06,0.04,1.6,0.24,0.7,0.4,1,0.1,0.2,0.04,1.6,0.5,0.8,0.3,0.4
Rhaphiolepis indica,NoData,,Rhaphiolepis,Rosaceae,Unknown,species,,,4,0.02,0.12,0.12,0.06,0.06,0.04,0.05,0.06,0.04,1.6,0.24,0.7,0.4,1,0.1,0.2,0.04,1.6,0.5,0.8,0.3,0.4
Rhaphiolepis 'Majestic Beauty',NoData,,Rhaphiolepis,Rosaceae,Unknown,species,,,4,0.02,0.12,0.12,0.06,0.06,0.04,0.05,0.06,0.04,1.6,0.24,0.7,0.4,1,0.1,0.2,0.04,1.6,0.5,0.8,0.3,0.4
Rhapidophyllum,NoData,,Rhapidophyllum,Arecaceae,Shrub,genus,,,4,0.02,0.12,0.12,0.06,0.06,0.04,0.05,0.06,0.04,1.6,0.24,0.7,0.4,1,0.1,0.2,0.04,1.6,0.5,0.8,0.3,0.4
Rhapidophyllum hystrix,NoData,needle palm,Rhapidophyllum,Arecaceae,Shrub,species,,,4,0.02,0.12,0.12,0.06,0.06,0.04,0.05,0.06,0.04,1.6,0.24,0.7,0.4,1,0.1,0.2,0.04,1.6,0.5,0.8,0.3,0.4
Rhapis,NoData,,Rhapis,TBD,Unknown,genus,,,4,0.02,0.12,0.12,0.06,0.06,0.04,0.05,0.06,0.04,1.6,0.24,0.7,0.4,1,0.1,0.2,0.04,1.6,0.5,0.8,0.3,0.4
Rhapis humilis,NoData,,Rhapis,TBD,Unknown,species,,,4,0.02,0.12,0.12,0.06,0.06,0.04,0.05,0.06,0.04,1.6,0.24,0.7,0.4,1,0.1,0.2,0.04,1.6,0.5,0.8,0.3,0.4
Rhinotropis,NoData,,Rhinotropis,TBD,Shrub,genus,from LFRDB,,4,0.02,0.12,0.12,0.06,0.06,0.04,0.05,0.06,0.04,1.6,0.24,0.7,0.4,1,0.1,0.2,0.04,1.6,0.5,0.8,0.3,0.4
Rhizophora,NoData,,Rhizophora,Rhizophoraceae,Btr,genus,,,4,0.02,0.12,0.12,0.06,0.06,0.04,0.05,0.06,0.04,1.6,0.24,0.7,0.4,1,0.1,0.2,0.04,1.6,0.5,0.8,0.3,0.4
Rhizophora mangle,NoData,red mangrove,Rhizophora,Rhizophoraceae,Btr,species,,,4,0.02,0.12,0.12,0.06,0.06,0.04,0.05,0.06,0.04,1.6,0.24,0.7,0.4,1,0.1,0.2,0.04,1.6,0.5,0.8,0.3,0.4
Rhizophoraceae,NoData,,Rhizophoraceae,Rhizophoraceae,Unknown,family,,,4,0.02,0.12,0.12,0.06,0.06,0.04,0.05,0.06,0.04,1.6,0.24,0.7,0.4,1,0.1,0.2,0.04,1.6,0.5,0.8,0.3,0.4
Rhododendron,NoDataLowIso,,Rhododendron,Ericaceae,Unknown,genus,,,0.2,0.02,0.2,0.2,0.2,0.2,0.04,0.05,0.04,0.02,1.6,0.24,0.7,0.4,1,0.1,0.2,0.04,1.6,0.5,0.8,0.3,0.4
Rhododendron chrysanthum,NoDataLowIso,,Rhododendron,Ericaceae,Unknown,species,,,0.2,0.02,0.2,0.2,0.2,0.2,0.04,0.05,0.04,0.02,1.6,0.24,0.7,0.4,1,0.1,0.2,0.04,1.6,0.5,0.8,0.3,0.4
Rhododendron dahurica,NoDataLowIso,,Rhododendron,Ericaceae,Unknown,species,,,0.2,0.02,0.2,0.2,0.2,0.2,0.04,0.05,0.04,0.02,1.6,0.24,0.7,0.4,1,0.1,0.2,0.04,1.6,0.5,0.8,0.3,0.4
Rhododendron decorum,NoDataLowIso,,Rhododendron,Ericaceae,Unknown,species,,,0.2,0.02,0.2,0.2,0.2,0.2,0.04,0.05,0.04,0.02,1.6,0.24,0.7,0.4,1,0.1,0.2,0.04,1.6,0.5,0.8,0.3,0.4
Rhododendron delavayi,NoDataLowIso,,Rhododendron,Ericaceae,Unknown,species,,,0.2,0.02,0.2,0.2,0.2,0.2,0.04,0.05,0.04,0.02,1.6,0.24,0.7,0.4,1,0.1,0.2,0.04,1.6,0.5,0.8,0.3,0.4
Rhododendron irroratrum,NoDataLowIso,,Rhododendron,Ericaceae,Unknown,species,,,0.2,0.02,0.2,0.2,0.2,0.2,0.04,0.05,0.04,0.02,1.6,0.24,0.7,0.4,1,0.1,0.2,0.04,1.6,0.5,0.8,0.3,0.4
Rhododendron leptothrium,NoDataLowIso,,Rhododendron,Ericaceae,Unknown,species,,,0.2,0.02,0.2,0.2,0.2,0.2,0.04,0.05,0.04,0.02,1.6,0.24,0.7,0.4,1,0.1,0.2,0.04,1.6,0.5,0.8,0.3,0.4
Rhododendron maximum,NoDataLowIso,great laurel,Rhododendron,Ericaceae,Btr,species,,,0.2,0.02,0.2,0.2,0.2,0.2,0.04,0.05,0.04,0.02,1.6,0.24,0.7,0.4,1,0.1,0.2,0.04,1.6,0.5,0.8,0.3,0.4
Rhododendron racemosum,NoDataLowIso,,Rhododendron,Ericaceae,Unknown,species,,,0.2,0.02,0.2,0.2,0.2,0.2,0.04,0.05,0.04,0.02,1.6,0.24,0.7,0.4,1,0.1,0.2,0.04,1.6,0.5,0.8,0.3,0.4
Rhodora,NoData,,Rhodora,TBD,Shrub,genus,from LFRDB,,4,0.02,0.12,0.12,0.06,0.06,0.04,0.05,0.06,0.04,1.6,0.24,0.7,0.4,1,0.1,0.2,0.04,1.6,0.5,0.8,0.3,0.4
Rhodosphaera,NoData,,Rhodosphaera,Anacardiaceae,Btr,genus,,,4,0.02,0.12,0.12,0.06,0.06,0.04,0.05,0.06,0.04,1.6,0.24,0.7,0.4,1,0.1,0.2,0.04,1.6,0.5,0.8,0.3,0.4
Rhodosphaera rhodanthema,NoData,,Rhodosphaera,Anacardiaceae,Btr,species,,,4,0.02,0.12,0.12,0.06,0.06,0.04,0.05,0.06,0.04,1.6,0.24,0.7,0.4,1,0.1,0.2,0.04,1.6,0.5,0.8,0.3,0.4
Rhopalostylis,NoData,,Rhopalostylis,Arecaceae,Btr,genus,,,4,0.02,0.12,0.12,0.06,0.06,0.04,0.05,0.06,0.04,1.6,0.24,0.7,0.4,1,0.1,0.2,0.04,1.6,0.5,0.8,0.3,0.4
Rhopalostylis baueri,NoData,,Rhopalostylis,Arecaceae,Btr,species,,,4,0.02,0.12,0.12,0.06,0.06,0.04,0.05,0.06,0.04,1.6,0.24,0.7,0.4,1,0.1,0.2,0.04,1.6,0.5,0.8,0.3,0.4
Rhumohra,NoData,,Rhumohra,TBD,Unknown,genus,,,4,0.02,0.12,0.12,0.06,0.06,0.04,0.05,0.06,0.04,1.6,0.24,0.7,0.4,1,0.1,0.2,0.04,1.6,0.5,0.8,0.3,0.4
Rhumohra adiantiformis,NoData,,Rhumohra,TBD,Unknown,species,,,4,0.02,0.12,0.12,0.06,0.06,0.04,0.05,0.06,0.04,1.6,0.24,0.7,0.4,1,0.1,0.2,0.04,1.6,0.5,0.8,0.3,0.4
Rhus,Rhus,sumac,Rhus,Anacardiaceae,Btr,genus,,,0.2,0.02,0.6,0.2,0.4,0.1,0.04,0.05,0.06,0.04,1.6,0.24,0.7,0.4,1,0.1,0.2,0.04,1.6,0.5,0.8,0.3,0.4
Rhus aromatica,Rhus aromatica,fragrant sumac,Rhus,Anacardiaceae,Shrub,species,,,0.2,0.02,1.6,1,1.6,1.6,0.8,0.05,0.8,0.2,1.6,0.24,0.7,0.4,1,0.1,0.2,0.04,1.6,0.5,0.8,0.3,0.4
Rhus chinensis,Rhus,Chinese sumac,Rhus,Anacardiaceae,Unknown,species,,,0.2,0.02,0.6,0.2,0.4,0.1,0.04,0.05,0.06,0.04,1.6,0.24,0.7,0.4,1,0.1,0.2,0.04,1.6,0.5,0.8,0.3,0.4
Rhus choriophylla,Rhus,,Rhus,Anacardiaceae,Btr,species,,,0.2,0.02,0.6,0.2,0.4,0.1,0.04,0.05,0.06,0.04,1.6,0.24,0.7,0.4,1,0.1,0.2,0.04,1.6,0.5,0.8,0.3,0.4
Rhus copallinum,Rhus,winged sumac,Rhus,Anacardiaceae,Btr,species,,,0.2,0.02,0.6,0.2,0.4,0.1,0.04,0.05,0.06,0.04,1.6,0.24,0.7,0.4,1,0.1,0.2,0.04,1.6,0.5,0.8,0.3,0.4
Rhus glabra,Rhus,smooth sumac,Rhus,Anacardiaceae,Btr,species,,,0.2,0.02,0.6,0.2,0.4,0.1,0.04,0.05,0.06,0.04,1.6,0.24,0.7,0.4,1,0.1,0.2,0.04,1.6,0.5,0.8,0.3,0.4
Rhus gueinzii,Rhus,,Rhus,Anacardiaceae,Unknown,species,,,0.2,0.02,0.6,0.2,0.4,0.1,0.04,0.05,0.06,0.04,1.6,0.24,0.7,0.4,1,0.1,0.2,0.04,1.6,0.5,0.8,0.3,0.4
Rhus hirta,Rhus,,Rhus,Anacardiaceae,BTr,species,,,0.2,0.02,0.6,0.2,0.4,0.1,0.04,0.05,0.06,0.04,1.6,0.24,0.7,0.4,1,0.1,0.2,0.04,1.6,0.5,0.8,0.3,0.4
Rhus integrifolia,Rhus,lemonade sumac,Rhus,Anacardiaceae,Btr,species,,,0.2,0.02,0.6,0.2,0.4,0.1,0.04,0.05,0.06,0.04,1.6,0.24,0.7,0.4,1,0.1,0.2,0.04,1.6,0.5,0.8,0.3,0.4
Rhus lancea,Rhus,African sumac,Rhus,Anacardiaceae,Btr,species,,,0.2,0.02,0.6,0.2,0.4,0.1,0.04,0.05,0.06,0.04,1.6,0.24,0.7,0.4,1,0.1,0.2,0.04,1.6,0.5,0.8,0.3,0.4
Rhus lanceolata,Rhus,,Rhus,Anacardiaceae,Btr,species,,,0.2,0.02,0.6,0.2,0.4,0.1,0.04,0.05,0.06,0.04,1.6,0.24,0.7,0.4,1,0.1,0.2,0.04,1.6,0.5,0.8,0.3,0.4
Rhus laurina,Rhus,,Rhus,Anacardiaceae,Btr,species,,,0.2,0.02,0.6,0.2,0.4,0.1,0.04,0.05,0.06,0.04,1.6,0.24,0.7,0.4,1,0.1,0.2,0.04,1.6,0.5,0.8,0.3,0.4
Rhus leptodictya,Rhus,,Rhus,Anacardiaceae,Unknown,species,,,0.2,0.02,0.6,0.2,0.4,0.1,0.04,0.05,0.06,0.04,1.6,0.24,0.7,0.4,1,0.1,0.2,0.04,1.6,0.5,0.8,0.3,0.4
Rhus microphylla,Rhus,littleleaf sumac,Rhus,Anacardiaceae,Btr,species,,,0.2,0.02,0.6,0.2,0.4,0.1,0.04,0.05,0.06,0.04,1.6,0.24,0.7,0.4,1,0.1,0.2,0.04,1.6,0.5,0.8,0.3,0.4
Rhus pyroides,Rhus,,Rhus,Anacardiaceae,Unknown,species,,,0.2,0.02,0.6,0.2,0.4,0.1,0.04,0.05,0.06,0.04,1.6,0.24,0.7,0.4,1,0.1,0.2,0.04,1.6,0.5,0.8,0.3,0.4
Rhus typhina,Rhus,staghorn sumac,Rhus,Anacardiaceae,Btr,species,,,0.2,0.02,0.6,0.2,0.4,0.1,0.04,0.05,0.06,0.04,1.6,0.24,0.7,0.4,1,0.1,0.2,0.04,1.6,0.5,0.8,0.3,0.4
Rhusovata,Rhus,sumac,Rhus,Anacardiaceae,Btr,species,,,0.2,0.02,0.6,0.2,0.4,0.1,0.04,0.05,0.06,0.04,1.6,0.24,0.7,0.4,1,0.1,0.2,0.04,1.6,0.5,0.8,0.3,0.4
Rhus_vata,Rhus,sugar sumac,Rhus,Anacardiaceae,Btr,genus,,,0.2,0.02,0.6,0.2,0.4,0.1,0.04,0.05,0.06,0.04,1.6,0.24,0.7,0.4,1,0.1,0.2,0.04,1.6,0.5,0.8,0.3,0.4
Rhynchosida,NoData,,TBD,TBD,TBD,genus,,LF CTCOG,4,0.02,0.12,0.12,0.06,0.06,0.04,0.05,0.06,0.04,1.6,0.24,0.7,0.4,1,0.1,0.2,0.04,1.6,0.5,0.8,0.3,0.4
Ribes,NoData,,Ribes,Grossulariaceae,Shrub,genus,,,4,0.02,0.12,0.12,0.06,0.06,0.04,0.05,0.06,0.04,1.6,0.24,0.7,0.4,1,0.1,0.2,0.04,1.6,0.5,0.8,0.3,0.4
Ribes nigrum,NoData,European black currant,Ribes,Grossulariaceae,Shrub,species,,,4,0.02,0.12,0.12,0.06,0.06,0.04,0.05,0.06,0.04,1.6,0.24,0.7,0.4,1,0.1,0.2,0.04,1.6,0.5,0.8,0.3,0.4
Ricinodendron,NoData,,Ricinodendron,Euphorbiaceae,Unknown,genus,,,4,0.02,0.12,0.12,0.06,0.06,0.04,0.05,0.06,0.04,1.6,0.24,0.7,0.4,1,0.1,0.2,0.04,1.6,0.5,0.8,0.3,0.4
Ricinodendron heudelotii,NoData,,Ricinodendron,Euphorbiaceae,Unknown,species,,,4,0.02,0.12,0.12,0.06,0.06,0.04,0.05,0.06,0.04,1.6,0.24,0.7,0.4,1,0.1,0.2,0.04,1.6,0.5,0.8,0.3,0.4
Ricinus,NoData,,Ricinus,Euphorbiaceae,Btr,genus,,,4,0.02,0.12,0.12,0.06,0.06,0.04,0.05,0.06,0.04,1.6,0.24,0.7,0.4,1,0.1,0.2,0.04,1.6,0.5,0.8,0.3,0.4
Ricinus communis,NoData,castorbean,Ricinus,Euphorbiaceae,Btr,species,,,4,0.02,0.12,0.12,0.06,0.06,0.04,0.05,0.06,0.04,1.6,0.24,0.7,0.4,1,0.1,0.2,0.04,1.6,0.5,0.8,0.3,0.4
Riedlea,NoData,,Riedlea,TBD,Shrub,genus,from LFRDB,,4,0.02,0.12,0.12,0.06,0.06,0.04,0.05,0.06,0.04,1.6,0.24,0.7,0.4,1,0.1,0.2,0.04,1.6,0.5,0.8,0.3,0.4
Rinorea,NoData,,Rinorea,TBD,Unknown,genus,,,4,0.02,0.12,0.12,0.06,0.06,0.04,0.05,0.06,0.04,1.6,0.24,0.7,0.4,1,0.1,0.2,0.04,1.6,0.5,0.8,0.3,0.4
Rivina,NoData,,TBD,TBD,TBD,genus,,LF CTCOG,4,0.02,0.12,0.12,0.06,0.06,0.04,0.05,0.06,0.04,1.6,0.24,0.7,0.4,1,0.1,0.2,0.04,1.6,0.5,0.8,0.3,0.4
Robinia,Robinia,locust,Robinia,Fabaceae,Btr,genus,,,30,0.02,0.05,0.05,0.05,0.05,0.04,0.05,0.06,0.04,1.6,0.24,0.7,0.4,1,0.1,0.2,0.04,1.6,0.5,0.8,0.3,0.4
Robinia neomexicana,Robinia,New Mexico locust,Robinia,Fabaceae,Btr,species,,,30,0.02,0.05,0.05,0.05,0.05,0.04,0.05,0.06,0.04,1.6,0.24,0.7,0.4,1,0.1,0.2,0.04,1.6,0.5,0.8,0.3,0.4
Robinia pseudoacacia,Robinia,black locust,Robinia,Fabaceae,Btr,species,,,30,0.02,0.05,0.05,0.05,0.05,0.04,0.05,0.06,0.04,1.6,0.24,0.7,0.4,1,0.1,0.2,0.04,1.6,0.5,0.8,0.3,0.4
Robinia x ambigua,Robinia,,Robinia,Fabaceae,Btr,species,,,30,0.02,0.05,0.05,0.05,0.05,0.04,0.05,0.06,0.04,1.6,0.24,0.7,0.4,1,0.1,0.2,0.04,1.6,0.5,0.8,0.3,0.4
Rochefortia,NoData,,Rochefortia,Boraginaceae,Unknown,genus,,,4,0.02,0.12,0.12,0.06,0.06,0.04,0.05,0.06,0.04,1.6,0.24,0.7,0.4,1,0.1,0.2,0.04,1.6,0.5,0.8,0.3,0.4
Rochefortia acanthoplora,NoData,,Rochefortia,Boraginaceae,Unknown,species,,,4,0.02,0.12,0.12,0.06,0.06,0.04,0.05,0.06,0.04,1.6,0.24,0.7,0.4,1,0.1,0.2,0.04,1.6,0.5,0.8,0.3,0.4
Romneya,NoData,,Romneya,Papaveraceae,Shrub,genus,,,4,0.02,0.12,0.12,0.06,0.06,0.04,0.05,0.06,0.04,1.6,0.24,0.7,0.4,1,0.1,0.2,0.04,1.6,0.5,0.8,0.3,0.4
Romneya coulteri,NoData,Coulter's Matilija poppy,Romneya,Papaveraceae,Shrub,species,,,4,0.02,0.12,0.12,0.06,0.06,0.04,0.05,0.06,0.04,1.6,0.24,0.7,0.4,1,0.1,0.2,0.04,1.6,0.5,0.8,0.3,0.4
Romneya trichocalyx,NoData,bristly Matilija poppy,Romneya,Papaveraceae,Shrub,species,,,4,0.02,0.12,0.12,0.06,0.06,0.04,0.05,0.06,0.04,1.6,0.24,0.7,0.4,1,0.1,0.2,0.04,1.6,0.5,0.8,0.3,0.4
Rosa,NoDataLowIso,rose,Rosa,Rosaceae,Shrub,genus,,,0.2,0.02,0.2,0.2,0.2,0.2,0.04,0.05,0.04,0.02,1.6,0.24,0.7,0.4,1,0.1,0.2,0.04,1.6,0.5,0.8,0.3,0.4
Rosa acicularis,NoDataLowIso,prickly rose,Rosa,Rosaceae,Shrub,species,,,0.2,0.02,0.2,0.2,0.2,0.2,0.04,0.05,0.04,0.02,1.6,0.24,0.7,0.4,1,0.1,0.2,0.04,1.6,0.5,0.8,0.3,0.4
Rosa banksiae,NoDataLowIso,rose,Rosa,Rosaceae,Shrub,species,,,0.2,0.02,0.2,0.2,0.2,0.2,0.04,0.05,0.04,0.02,1.6,0.24,0.7,0.4,1,0.1,0.2,0.04,1.6,0.5,0.8,0.3,0.4
Rosa hybrida,NoDataLowIso,,Rosa,Rosaceae,Unknown,species,,,0.2,0.02,0.2,0.2,0.2,0.2,0.04,0.05,0.04,0.02,1.6,0.24,0.7,0.4,1,0.1,0.2,0.04,1.6,0.5,0.8,0.3,0.4
Rosa longicuspis,NoDataLowIso,,Rosa,Rosaceae,Unknown,species,,,0.2,0.02,0.2,0.2,0.2,0.2,0.04,0.05,0.04,0.02,1.6,0.24,0.7,0.4,1,0.1,0.2,0.04,1.6,0.5,0.8,0.3,0.4
Rosaceae,NoData,,Rosaceae,Rosaceae,Unknown,family,,,4,0.02,0.12,0.12,0.06,0.06,0.04,0.05,0.06,0.04,1.6,0.24,0.7,0.4,1,0.1,0.2,0.04,1.6,0.5,0.8,0.3,0.4
Rosmarinus,NoData,,Rosmarinus,Lamiaceae,Shrub,genus,,,4,0.02,0.12,0.12,0.06,0.06,0.04,0.05,0.06,0.04,1.6,0.24,0.7,0.4,1,0.1,0.2,0.04,1.6,0.5,0.8,0.3,0.4
Rosmarinus officinalis,NoData,rosemary,Rosmarinus,Lamiaceae,Shrub,species,,,4,0.02,0.12,0.12,0.06,0.06,0.04,0.05,0.06,0.04,1.6,0.24,0.7,0.4,1,0.1,0.2,0.04,1.6,0.5,0.8,0.3,0.4
Roystonea,NoData,,Roystonea,Arecaceae,Btr,genus,,,4,0.02,0.12,0.12,0.06,0.06,0.04,0.05,0.06,0.04,1.6,0.24,0.7,0.4,1,0.1,0.2,0.04,1.6,0.5,0.8,0.3,0.4
Roystonea elata,NoData,Florida royal palm,Roystonea,Arecaceae,Btr,species,,,4,0.02,0.12,0.12,0.06,0.06,0.04,0.05,0.06,0.04,1.6,0.24,0.7,0.4,1,0.1,0.2,0.04,1.6,0.5,0.8,0.3,0.4
Roystonea humilis,NoData,,Roystonea,Arecaceae,Unknown,species,,,4,0.02,0.12,0.12,0.06,0.06,0.04,0.05,0.06,0.04,1.6,0.24,0.7,0.4,1,0.1,0.2,0.04,1.6,0.5,0.8,0.3,0.4
Roystonea oleracea,NoData,royal palm,Roystonea,Arecaceae,Btr,species,,,4,0.02,0.12,0.12,0.06,0.06,0.04,0.05,0.06,0.04,1.6,0.24,0.7,0.4,1,0.1,0.2,0.04,1.6,0.5,0.8,0.3,0.4
Roystonea regia,NoData,royal palm,Roystonea,Arecaceae,Btr,species,,,4,0.02,0.12,0.12,0.06,0.06,0.04,0.05,0.06,0.04,1.6,0.24,0.7,0.4,1,0.1,0.2,0.04,1.6,0.5,0.8,0.3,0.4
Rubacer,NoData,,Rubacer,TBD,Shrub,genus,from LFRDB,,4,0.02,0.12,0.12,0.06,0.06,0.04,0.05,0.06,0.04,1.6,0.24,0.7,0.4,1,0.1,0.2,0.04,1.6,0.5,0.8,0.3,0.4
Rubiaceae,NoData,,Rubiaceae,Rubiaceae,Unknown,family,,,4,0.02,0.12,0.12,0.06,0.06,0.04,0.05,0.06,0.04,1.6,0.24,0.7,0.4,1,0.1,0.2,0.04,1.6,0.5,0.8,0.3,0.4
Rubus,NoData,blackberry,Rubus,Rosaceae,Shrub,genus,,,4,0.02,0.12,0.12,0.06,0.06,0.04,0.05,0.06,0.04,1.6,0.24,0.7,0.4,1,0.1,0.2,0.04,1.6,0.5,0.8,0.3,0.4
Rubus crataegifolius,NoData,,Rubus,Rosaceae,Unknown,species,,,4,0.02,0.12,0.12,0.06,0.06,0.04,0.05,0.06,0.04,1.6,0.24,0.7,0.4,1,0.1,0.2,0.04,1.6,0.5,0.8,0.3,0.4
Rubus fruticosus,NoData,shrubby blackberry,Rubus,Rosaceae,Shrub,species,,,4,0.02,0.12,0.12,0.06,0.06,0.04,0.05,0.06,0.04,1.6,0.24,0.7,0.4,1,0.1,0.2,0.04,1.6,0.5,0.8,0.3,0.4
Rubus ideaus,NoData,,Rubus,Rosaceae,Unknown,species,,,4,0.02,0.12,0.12,0.06,0.06,0.04,0.05,0.06,0.04,1.6,0.24,0.7,0.4,1,0.1,0.2,0.04,1.6,0.5,0.8,0.3,0.4
Rubus occidentalis,NoData,black raspberry,Rubus,Rosaceae,Shrub,species,,,4,0.02,0.12,0.12,0.06,0.06,0.04,0.05,0.06,0.04,1.6,0.24,0.7,0.4,1,0.1,0.2,0.04,1.6,0.5,0.8,0.3,0.4
Rubus parviflorus,NoData,thimbleberry,Rubus,Rosaceae,Shrub,species,,,4,0.02,0.12,0.12,0.06,0.06,0.04,0.05,0.06,0.04,1.6,0.24,0.7,0.4,1,0.1,0.2,0.04,1.6,0.5,0.8,0.3,0.4
Rubus ulmifolius,NoData,elmleaf blackberry,Rubus,Rosaceae,Shrub,species,,,4,0.02,0.12,0.12,0.06,0.06,0.04,0.05,0.06,0.04,1.6,0.24,0.7,0.4,1,0.1,0.2,0.04,1.6,0.5,0.8,0.3,0.4
Rubus ursinus,NoData,California blackberry,Rubus,Rosaceae,Shrub,species,,,4,0.02,0.12,0.12,0.06,0.06,0.04,0.05,0.06,0.04,1.6,0.24,0.7,0.4,1,0.1,0.2,0.04,1.6,0.5,0.8,0.3,0.4
Rudbeckia,NoData,,TBD,TBD,TBD,genus,,LF CTCOG,4,0.02,0.12,0.12,0.06,0.06,0.04,0.05,0.06,0.04,1.6,0.24,0.7,0.4,1,0.1,0.2,0.04,1.6,0.5,0.8,0.3,0.4
Ruellia,NoData,,TBD,TBD,TBD,genus,,LF CTCOG,4,0.02,0.12,0.12,0.06,0.06,0.04,0.05,0.06,0.04,1.6,0.24,0.7,0.4,1,0.1,0.2,0.04,1.6,0.5,0.8,0.3,0.4
Rufacer,Acer,Synonym of Acer,Acer,Sapindaceae,Btr,genus,from LFRDB,,0.1,0.02,0.3,0.1,0.05,0.3,0.05,0.05,0.001,0.001,1.6,0.24,0.7,0.4,1,0.1,0.2,0.04,1.6,0.5,0.8,0.3,0.4
Rumex,NoData,,TBD,TBD,TBD,genus,,LF CTCOG,4,0.02,0.12,0.12,0.06,0.06,0.04,0.05,0.06,0.04,1.6,0.24,0.7,0.4,1,0.1,0.2,0.04,1.6,0.5,0.8,0.3,0.4
Rutaceae,NoData,,Rutaceae,Rutaceae,Unknown,family,,,4,0.02,0.12,0.12,0.06,0.06,0.04,0.05,0.06,0.04,1.6,0.24,0.7,0.4,1,0.1,0.2,0.04,1.6,0.5,0.8,0.3,0.4
Sabal,Sabal,palmetto,Sabal,Arecaceae,Btr,genus,,,8,0.02,0.2,0.2,0.05,0.05,0.02,0.05,0.06,0.04,1.6,0.24,0.7,0.4,1,0.1,0.2,0.04,1.6,0.5,0.8,0.3,0.4
Sabal causiarum,Sabal,Puerto Rico palmetto,Sabal,Arecaceae,Btr,species,,,8,0.02,0.2,0.2,0.05,0.05,0.02,0.05,0.06,0.04,1.6,0.24,0.7,0.4,1,0.1,0.2,0.04,1.6,0.5,0.8,0.3,0.4
Sabal mexicana,Sabal,Rio Grande palmetto,Sabal,Arecaceae,Btr,species,,,8,0.02,0.2,0.2,0.05,0.05,0.02,0.05,0.06,0.04,1.6,0.24,0.7,0.4,1,0.1,0.2,0.04,1.6,0.5,0.8,0.3,0.4
Sabal minor,Sabal,dwarf palmetto,Sabal,Arecaceae,Btr,species,,,8,0.02,0.2,0.2,0.05,0.05,0.02,0.05,0.06,0.04,1.6,0.24,0.7,0.4,1,0.1,0.2,0.04,1.6,0.5,0.8,0.3,0.4
Sabal palmetto,Sabal,cabbage palmetto,Sabal,Arecaceae,Btr,species,,,8,0.02,0.2,0.2,0.05,0.05,0.02,0.05,0.06,0.04,1.6,0.24,0.7,0.4,1,0.1,0.2,0.04,1.6,0.5,0.8,0.3,0.4
Sabatia,NoData,,TBD,TBD,TBD,genus,,LF CTCOG,4,0.02,0.12,0.12,0.06,0.06,0.04,0.05,0.06,0.04,1.6,0.24,0.7,0.4,1,0.1,0.2,0.04,1.6,0.5,0.8,0.3,0.4
Sabina,Juniperus,Synonym of Juniperus,Juniperus,Cupressaceae,Ntr,genus,from LFRDB,,0.04,0.02,0.05,0.03,0.04,0.12,0.01,0.05,0.01,0.005,1.6,0.24,0.7,0.4,1,0.1,0.2,0.04,1.6,0.5,0.8,0.3,0.4
Saccharodendron,Acer,Synonym of Acer,Acer,Sapindaceae,Btr,genus,from LFRDB,,0.1,0.02,0.3,0.1,0.05,0.3,0.05,0.05,0.001,0.001,1.6,0.24,0.7,0.4,1,0.1,0.2,0.04,1.6,0.5,0.8,0.3,0.4
Saccharum,NoData,sugarcane,Saccharum,Poaceae,Herb,genus,,,4,0.02,0.12,0.12,0.06,0.06,0.04,0.05,0.06,0.04,1.6,0.24,0.7,0.4,1,0.1,0.2,0.04,1.6,0.5,0.8,0.3,0.4
Saccharum officinarum,NoData,sugarcane,TBD,TBD,TBD,species,,,4,0.02,0.12,0.12,0.06,0.06,0.04,0.05,0.06,0.04,1.6,0.24,0.7,0.4,1,0.1,0.2,0.04,1.6,0.5,0.8,0.3,0.4
Sageretia,NoData,,Sageretia,TBD,Shrub,genus,from LFRDB,,4,0.02,0.12,0.12,0.06,0.06,0.04,0.05,0.06,0.04,1.6,0.24,0.7,0.4,1,0.1,0.2,0.04,1.6,0.5,0.8,0.3,0.4
Salazaria,NoData,,Salazaria,TBD,Shrub,genus,from LFRDB,,4,0.02,0.12,0.12,0.06,0.06,0.04,0.05,0.06,0.04,1.6,0.24,0.7,0.4,1,0.1,0.2,0.04,1.6,0.5,0.8,0.3,0.4
Salicaceae,Salix,,Salicaceae,Salicaceae,Unknown,family,,,30,0.02,0.2,0.6,0.05,0.05,0.04,0.05,0.06,0.04,1.6,0.24,0.7,0.4,1,0.1,0.2,0.04,1.6,0.5,0.8,0.3,0.4
Salicornia,NoData,,TBD,TBD,TBD,genus,,LF CTCOG,4,0.02,0.12,0.12,0.06,0.06,0.04,0.05,0.06,0.04,1.6,0.24,0.7,0.4,1,0.1,0.2,0.04,1.6,0.5,0.8,0.3,0.4
Salix,Salix,willow,Salix,Salicaceae,Btr,genus,,,30,0.02,0.2,0.6,0.05,0.05,0.04,0.05,0.06,0.04,1.6,0.24,0.7,0.4,1,0.1,0.2,0.04,1.6,0.5,0.8,0.3,0.4
Salix alba,Salix,white willow,Salix,Salicaceae,Btr,species,,,30,0.02,0.2,0.6,0.05,0.05,0.04,0.05,0.06,0.04,1.6,0.24,0.7,0.4,1,0.1,0.2,0.04,1.6,0.5,0.8,0.3,0.4
Salix amygdaloides,Salix,peachleaf willow,Salix,Salicaceae,Btr,species,,,30,0.02,0.2,0.6,0.05,0.05,0.04,0.05,0.06,0.04,1.6,0.24,0.7,0.4,1,0.1,0.2,0.04,1.6,0.5,0.8,0.3,0.4
Salix arctica,Salix,arctic willow,Salix,Salicaceae,Shrub,species,,,30,0.02,0.2,0.6,0.05,0.05,0.04,0.05,0.06,0.04,1.6,0.24,0.7,0.4,1,0.1,0.2,0.04,1.6,0.5,0.8,0.3,0.4
Salix arctophila,Salix,northern willow,Salix,Salicaceae,Shrub,species,,,30,0.02,0.2,0.6,0.05,0.05,0.04,0.05,0.06,0.04,1.6,0.24,0.7,0.4,1,0.1,0.2,0.04,1.6,0.5,0.8,0.3,0.4
Salix atrocineria,Salix,,Salix,Salicaceae,Unknown,species,,,30,0.02,0.2,0.6,0.05,0.05,0.04,0.05,0.06,0.04,1.6,0.24,0.7,0.4,1,0.1,0.2,0.04,1.6,0.5,0.8,0.3,0.4
Salix babylonica,Salix,,Salix,Salicaceae,Unknown,species,,,30,0.02,0.2,0.6,0.05,0.05,0.04,0.05,0.06,0.04,1.6,0.24,0.7,0.4,1,0.1,0.2,0.04,1.6,0.5,0.8,0.3,0.4
Salix caprea,Salix,goat willow,Salix,Salicaceae,Shrub,species,,,30,0.02,0.2,0.6,0.05,0.05,0.04,0.05,0.06,0.04,1.6,0.24,0.7,0.4,1,0.1,0.2,0.04,1.6,0.5,0.8,0.3,0.4
Salix caroliniana,Salix,coastal plain willow,Salix,Salicaceae,Btr,species,,,30,0.02,0.2,0.6,0.05,0.05,0.04,0.05,0.06,0.04,1.6,0.24,0.7,0.4,1,0.1,0.2,0.04,1.6,0.5,0.8,0.3,0.4
salix chaenomeloides,Salix,,Salix,Salicaceae,Btr,species,,,30,0.02,0.2,0.6,0.05,0.05,0.04,0.05,0.06,0.04,1.6,0.24,0.7,0.4,1,0.1,0.2,0.04,1.6,0.5,0.8,0.3,0.4
Salix cinerea,Salix,large gray willow,Salix,Salicaceae,Btr,species,,,30,0.02,0.2,0.6,0.05,0.05,0.04,0.05,0.06,0.04,1.6,0.24,0.7,0.4,1,0.1,0.2,0.04,1.6,0.5,0.8,0.3,0.4
Salix commutata,Salix,undergreen willow,Salix,Salicaceae,Shrub,species,,,30,0.02,0.2,0.6,0.05,0.05,0.04,0.05,0.06,0.04,1.6,0.24,0.7,0.4,1,0.1,0.2,0.04,1.6,0.5,0.8,0.3,0.4
Salix discolor,Salix,pussy willow,Salix,Salicaceae,Btr,species,,,30,0.02,0.2,0.6,0.05,0.05,0.04,0.05,0.06,0.04,1.6,0.24,0.7,0.4,1,0.1,0.2,0.04,1.6,0.5,0.8,0.3,0.4
Salix exigua,Salix,narrowleaf willow,Salix,Salicaceae,Btr,species,,,30,0.02,0.2,0.6,0.05,0.05,0.04,0.05,0.06,0.04,1.6,0.24,0.7,0.4,1,0.1,0.2,0.04,1.6,0.5,0.8,0.3,0.4
Salix glauca,Salix,grayleaf willow,Salix,Salicaceae,Btr,species,,,30,0.02,0.2,0.6,0.05,0.05,0.04,0.05,0.06,0.04,1.6,0.24,0.7,0.4,1,0.1,0.2,0.04,1.6,0.5,0.8,0.3,0.4
Salix hindsiana,Salix,,Salix,Salicaceae,Unknown,species,,,30,0.02,0.2,0.6,0.05,0.05,0.04,0.05,0.06,0.04,1.6,0.24,0.7,0.4,1,0.1,0.2,0.04,1.6,0.5,0.8,0.3,0.4
Salix interior,Salix,sandbar willow,Salix,Salicaceae,Btr,species,,,30,0.02,0.2,0.6,0.05,0.05,0.04,0.05,0.06,0.04,1.6,0.24,0.7,0.4,1,0.1,0.2,0.04,1.6,0.5,0.8,0.3,0.4
Salix laevigata,Salix,red willow,Salix,Salicaceae,Shrub,species,,,30,0.02,0.2,0.6,0.05,0.05,0.04,0.05,0.06,0.04,1.6,0.24,0.7,0.4,1,0.1,0.2,0.04,1.6,0.5,0.8,0.3,0.4
Salix lasiandra,Salix,,Salix,Salicaceae,Unknown,species,,,30,0.02,0.2,0.6,0.05,0.05,0.04,0.05,0.06,0.04,1.6,0.24,0.7,0.4,1,0.1,0.2,0.04,1.6,0.5,0.8,0.3,0.4
Salix lasiolepis,Salix,arroyo willow,Salix,Salicaceae,Btr,species,,,30,0.02,0.2,0.6,0.05,0.05,0.04,0.05,0.06,0.04,1.6,0.24,0.7,0.4,1,0.1,0.2,0.04,1.6,0.5,0.8,0.3,0.4
Salix lutea,Salix,yellow willow,Salix,Salicaceae,Btr,species,,,30,0.02,0.2,0.6,0.05,0.05,0.04,0.05,0.06,0.04,1.6,0.24,0.7,0.4,1,0.1,0.2,0.04,1.6,0.5,0.8,0.3,0.4
Salix matsudana,Salix,corkscrew willow,Salix,Salicaceae,Shrub,species,,,30,0.02,0.2,0.6,0.05,0.05,0.04,0.05,0.06,0.04,1.6,0.24,0.7,0.4,1,0.1,0.2,0.04,1.6,0.5,0.8,0.3,0.4
Salix nigra,Salix,black willow,Salix,Salicaceae,Btr,species,,,30,0.02,0.2,0.6,0.05,0.05,0.04,0.05,0.06,0.04,1.6,0.24,0.7,0.4,1,0.1,0.2,0.04,1.6,0.5,0.8,0.3,0.4
Salix pedicellaris,Salix,bog willow,Salix,Salicaceae,Shrub,species,,,30,0.02,0.2,0.6,0.05,0.05,0.04,0.05,0.06,0.04,1.6,0.24,0.7,0.4,1,0.1,0.2,0.04,1.6,0.5,0.8,0.3,0.4
Salix pentandra,Salix,laurel willow,Salix,Salicaceae,Btr,species,,,30,0.02,0.2,0.6,0.05,0.05,0.04,0.05,0.06,0.04,1.6,0.24,0.7,0.4,1,0.1,0.2,0.04,1.6,0.5,0.8,0.3,0.4
Salix phylicifolia,Salix,,Salix,Salicaceae,Unknown,species,,,30,0.02,0.2,0.6,0.05,0.05,0.04,0.05,0.06,0.04,1.6,0.24,0.7,0.4,1,0.1,0.2,0.04,1.6,0.5,0.8,0.3,0.4
Salix pulchra,Salix,tealeaf willow,Salix,Salicaceae,Btr,species,,,30,0.02,0.2,0.6,0.05,0.05,0.04,0.05,0.06,0.04,1.6,0.24,0.7,0.4,1,0.1,0.2,0.04,1.6,0.5,0.8,0.3,0.4
Salix scouleriana,Salix,Scouler's willow,Salix,Salicaceae,Btr,species,,,30,0.02,0.2,0.6,0.05,0.05,0.04,0.05,0.06,0.04,1.6,0.24,0.7,0.4,1,0.1,0.2,0.04,1.6,0.5,0.8,0.3,0.4
Salix viminalis,Salix,basket willow,Salix,Salicaceae,Btr,species,,,30,0.02,0.2,0.6,0.05,0.05,0.04,0.05,0.06,0.04,1.6,0.24,0.7,0.4,1,0.1,0.2,0.04,1.6,0.5,0.8,0.3,0.4
Salsola,NoData,,TBD,TBD,TBD,genus,,LF CTCOG,4,0.02,0.12,0.12,0.06,0.06,0.04,0.05,0.06,0.04,1.6,0.24,0.7,0.4,1,0.1,0.2,0.04,1.6,0.5,0.8,0.3,0.4
Salvadora,NoData,,Salvadora,Salvadoraceae,Unknown,genus,,,4,0.02,0.12,0.12,0.06,0.06,0.04,0.05,0.06,0.04,1.6,0.24,0.7,0.4,1,0.1,0.2,0.04,1.6,0.5,0.8,0.3,0.4
Salvadora angustifolia,NoData,,Salvadora,Salvadoraceae,Unknown,species,,,4,0.02,0.12,0.12,0.06,0.06,0.04,0.05,0.06,0.04,1.6,0.24,0.7,0.4,1,0.1,0.2,0.04,1.6,0.5,0.8,0.3,0.4
Salvadora persica,NoData,,Salvadora,Salvadoraceae,Unknown,species,,,4,0.02,0.12,0.12,0.06,0.06,0.04,0.05,0.06,0.04,1.6,0.24,0.7,0.4,1,0.1,0.2,0.04,1.6,0.5,0.8,0.3,0.4
Salvia,NoData,sage,Salvia,Lamiaceae,Shrub,genus,,,4,0.02,0.12,0.12,0.06,0.06,0.04,0.05,0.06,0.04,1.6,0.24,0.7,0.4,1,0.1,0.2,0.04,1.6,0.5,0.8,0.3,0.4
Salvia ballotaeflora,NoData,,Salvia,Lamiaceae,Unknown,species,,,4,0.02,0.12,0.12,0.06,0.06,0.04,0.05,0.06,0.04,1.6,0.24,0.7,0.4,1,0.1,0.2,0.04,1.6,0.5,0.8,0.3,0.4
Salvia greggii,NoData,autumn sage,Salvia,Lamiaceae,Shrub,species,,,4,0.02,0.12,0.12,0.06,0.06,0.04,0.05,0.06,0.04,1.6,0.24,0.7,0.4,1,0.1,0.2,0.04,1.6,0.5,0.8,0.3,0.4
Salvia mellifera,NoData,black sage,Salvia,Lamiaceae,Shrub,species,,,4,0.02,0.12,0.12,0.06,0.06,0.04,0.05,0.06,0.04,1.6,0.24,0.7,0.4,1,0.1,0.2,0.04,1.6,0.5,0.8,0.3,0.4
Samanea,NoData,,Samanea,Fabaceae,Unknown,genus,,,4,0.02,0.12,0.12,0.06,0.06,0.04,0.05,0.06,0.04,1.6,0.24,0.7,0.4,1,0.1,0.2,0.04,1.6,0.5,0.8,0.3,0.4
Samanea saman,NoData,,Samanea,Fabaceae,Unknown,species,,,4,0.02,0.12,0.12,0.06,0.06,0.04,0.05,0.06,0.04,1.6,0.24,0.7,0.4,1,0.1,0.2,0.04,1.6,0.5,0.8,0.3,0.4
Sambucus,NoData,,Sambucus,Caprifoliaceae,Btr,genus,,,4,0.02,0.12,0.12,0.06,0.06,0.04,0.05,0.06,0.04,1.6,0.24,0.7,0.4,1,0.1,0.2,0.04,1.6,0.5,0.8,0.3,0.4
Sambucus caerulea var neomexicana,NoData,,Sambucus,Caprifoliaceae,Btr,species,,,4,0.02,0.12,0.12,0.06,0.06,0.04,0.05,0.06,0.04,1.6,0.24,0.7,0.4,1,0.1,0.2,0.04,1.6,0.5,0.8,0.3,0.4
Sambucus canadensis,NoData,,Sambucus,Caprifoliaceae,Unknown,species,,,4,0.02,0.12,0.12,0.06,0.06,0.04,0.05,0.06,0.04,1.6,0.24,0.7,0.4,1,0.1,0.2,0.04,1.6,0.5,0.8,0.3,0.4
Sambucus cerulea,NoData,elderberry,Sambucus,Caprifoliaceae,Btr,species,,,4,0.02,0.12,0.12,0.06,0.06,0.04,0.05,0.06,0.04,1.6,0.24,0.7,0.4,1,0.1,0.2,0.04,1.6,0.5,0.8,0.3,0.4
Sambucus nigra,NoData,black elderberry,Sambucus,Caprifoliaceae,Btr,species,,,4,0.02,0.12,0.12,0.06,0.06,0.04,0.05,0.06,0.04,1.6,0.24,0.7,0.4,1,0.1,0.2,0.04,1.6,0.5,0.8,0.3,0.4
Sambucus nigra ssp. cerulea,NoData,blue elderberry,Sambucus,Caprifoliaceae,Btr,species,,,4,0.02,0.12,0.12,0.06,0.06,0.04,0.05,0.06,0.04,1.6,0.24,0.7,0.4,1,0.1,0.2,0.04,1.6,0.5,0.8,0.3,0.4
Sambucus simponii,NoData,,Sambucus,Caprifoliaceae,Unknown,species,,,4,0.02,0.12,0.12,0.06,0.06,0.04,0.05,0.06,0.04,1.6,0.24,0.7,0.4,1,0.1,0.2,0.04,1.6,0.5,0.8,0.3,0.4
Samuela,NoData,,Samuela,TBD,Shrub,genus,from LFRDB,,4,0.02,0.12,0.12,0.06,0.06,0.04,0.05,0.06,0.04,1.6,0.24,0.7,0.4,1,0.1,0.2,0.04,1.6,0.5,0.8,0.3,0.4
Sanchezia,NoData,,Sanchezia,Acanthaceae,Unknown,genus,,,4,0.02,0.12,0.12,0.06,0.06,0.04,0.05,0.06,0.04,1.6,0.24,0.7,0.4,1,0.1,0.2,0.04,1.6,0.5,0.8,0.3,0.4
Sanchezia nobilis,NoData,,Sanchezia,Acanthaceae,Unknown,species,,,4,0.02,0.12,0.12,0.06,0.06,0.04,0.05,0.06,0.04,1.6,0.24,0.7,0.4,1,0.1,0.2,0.04,1.6,0.5,0.8,0.3,0.4
Sanicula,NoData,,TBD,TBD,TBD,genus,,LF CTCOG,4,0.02,0.12,0.12,0.06,0.06,0.04,0.05,0.06,0.04,1.6,0.24,0.7,0.4,1,0.1,0.2,0.04,1.6,0.5,0.8,0.3,0.4
Santiria,NoData,,Santiria,TBD,Unknown,genus,,,4,0.02,0.12,0.12,0.06,0.06,0.04,0.05,0.06,0.04,1.6,0.24,0.7,0.4,1,0.1,0.2,0.04,1.6,0.5,0.8,0.3,0.4
Santiria trimera,NoData,,Santiria,TBD,Unknown,species,,,4,0.02,0.12,0.12,0.06,0.06,0.04,0.05,0.06,0.04,1.6,0.24,0.7,0.4,1,0.1,0.2,0.04,1.6,0.5,0.8,0.3,0.4
Sapindaceae,NoData,,Sapindaceae,Sapindaceae,Unknown,family,,,4,0.02,0.12,0.12,0.06,0.06,0.04,0.05,0.06,0.04,1.6,0.24,0.7,0.4,1,0.1,0.2,0.04,1.6,0.5,0.8,0.3,0.4
Sapindus,Sapindus,,Sapindus,Sapindaceae,Btr,genus,,,0.2,0.02,0.05,0.2,0.02,0.02,0.04,0.05,0.06,0.04,1.6,0.24,0.7,0.4,1,0.1,0.2,0.04,1.6,0.5,0.8,0.3,0.4
Sapindus drummondii,Sapindus,,Sapindus,Sapindaceae,Btr,species,,,0.2,0.02,0.05,0.2,0.02,0.02,0.04,0.05,0.06,0.04,1.6,0.24,0.7,0.4,1,0.1,0.2,0.04,1.6,0.5,0.8,0.3,0.4
Sapindus mukorossi,Sapindus,Chinese soapberry,Sapindus,Sapindaceae,Btr,species,,,0.2,0.02,0.05,0.2,0.02,0.02,0.04,0.05,0.06,0.04,1.6,0.24,0.7,0.4,1,0.1,0.2,0.04,1.6,0.5,0.8,0.3,0.4
Sapindus saponaria,Sapindus,wingleaf soapberry,Sapindus,Sapindaceae,Btr,species,,,0.2,0.02,0.05,0.2,0.02,0.02,0.04,0.05,0.06,0.04,1.6,0.24,0.7,0.4,1,0.1,0.2,0.04,1.6,0.5,0.8,0.3,0.4
Sapium,Yucca,,Sapium,Euphorbiaceae,Unknown,genus,,,0.2,0.02,0.2,0.2,0.1,0.1,0.04,0.05,0.06,0.04,1.6,0.24,0.7,0.4,1,0.1,0.2,0.04,1.6,0.5,0.8,0.3,0.4
Sapium baccatum,Yucca,,Sapium,Euphorbiaceae,Unknown,species,,,0.2,0.02,0.2,0.2,0.1,0.1,0.04,0.05,0.06,0.04,1.6,0.24,0.7,0.4,1,0.1,0.2,0.04,1.6,0.5,0.8,0.3,0.4
Sapium eugeniaefolium,Yucca,,Sapium,Euphorbiaceae,Unknown,species,,,0.2,0.02,0.2,0.2,0.1,0.1,0.04,0.05,0.06,0.04,1.6,0.24,0.7,0.4,1,0.1,0.2,0.04,1.6,0.5,0.8,0.3,0.4
Sapium sebiferum,Yucca,,Sapium,Euphorbiaceae,Unknown,species,,,0.2,0.02,0.2,0.2,0.1,0.1,0.04,0.05,0.06,0.04,1.6,0.24,0.7,0.4,1,0.1,0.2,0.04,1.6,0.5,0.8,0.3,0.4
Sapotaceae,NoData,,Sapotaceae,Sapotaceae,Unknown,family,,,4,0.02,0.12,0.12,0.06,0.06,0.04,0.05,0.06,0.04,1.6,0.24,0.7,0.4,1,0.1,0.2,0.04,1.6,0.5,0.8,0.3,0.4
Saraca,NoData,,Saraca,TBD,Unknown,genus,,,4,0.02,0.12,0.12,0.06,0.06,0.04,0.05,0.06,0.04,1.6,0.24,0.7,0.4,1,0.1,0.2,0.04,1.6,0.5,0.8,0.3,0.4
Saraca declimata,NoData,,Saraca,TBD,Unknown,species,,,4,0.02,0.12,0.12,0.06,0.06,0.04,0.05,0.06,0.04,1.6,0.24,0.7,0.4,1,0.1,0.2,0.04,1.6,0.5,0.8,0.3,0.4
Sarcobatus,NoData,,TBD,TBD,TBD,genus,,LF CTCOG,4,0.02,0.12,0.12,0.06,0.06,0.04,0.05,0.06,0.04,1.6,0.24,0.7,0.4,1,0.1,0.2,0.04,1.6,0.5,0.8,0.3,0.4
Sarcostemma,NoData,,Sarcostemma,TBD,Shrub,genus,from LFRDB,,4,0.02,0.12,0.12,0.06,0.06,0.04,0.05,0.06,0.04,1.6,0.24,0.7,0.4,1,0.1,0.2,0.04,1.6,0.5,0.8,0.3,0.4
Sasa,NoData,,Sasa,Poaceae,Shrub,genus,,,4,0.02,0.12,0.12,0.06,0.06,0.04,0.05,0.06,0.04,1.6,0.24,0.7,0.4,1,0.1,0.2,0.04,1.6,0.5,0.8,0.3,0.4
Sasa palmata,NoData,broadleaf bamboo,Sasa,Poaceae,Shrub,species,,,4,0.02,0.12,0.12,0.06,0.06,0.04,0.05,0.06,0.04,1.6,0.24,0.7,0.4,1,0.1,0.2,0.04,1.6,0.5,0.8,0.3,0.4
Sassafras,Sassafras,Sassafras,Sassafras,Lauraceae,Btr,genus,,,0.2,0.02,0.02,0.02,0.05,0.05,0.04,0.05,0.06,0.04,1.6,0.24,0.7,0.4,1,0.1,0.2,0.04,1.6,0.5,0.8,0.3,0.4
Sassafras albidum,Sassafras,Sassafras,Sassafras,Lauraceae,Btr,species,,,0.2,0.02,0.02,0.02,0.05,0.05,0.04,0.05,0.06,0.04,1.6,0.24,0.7,0.4,1,0.1,0.2,0.04,1.6,0.5,0.8,0.3,0.4
Satureja,NoData,,Satureja,TBD,Shrub,genus,from LFRDB,,4,0.02,0.12,0.12,0.06,0.06,0.04,0.05,0.06,0.04,1.6,0.24,0.7,0.4,1,0.1,0.2,0.04,1.6,0.5,0.8,0.3,0.4
Saxifragaceae,NoData,,Saxifragaceae,Saxifragaceae,btr,family,,,4,0.02,0.12,0.12,0.06,0.06,0.04,0.05,0.06,0.04,1.6,0.24,0.7,0.4,1,0.1,0.2,0.04,1.6,0.5,0.8,0.3,0.4
Schaefferia,NoData,,TBD,TBD,TBD,genus,,LF CTCOG,4,0.02,0.12,0.12,0.06,0.06,0.04,0.05,0.06,0.04,1.6,0.24,0.7,0.4,1,0.1,0.2,0.04,1.6,0.5,0.8,0.3,0.4
Schedonnardus,NoData,,TBD,TBD,TBD,genus,,LF CTCOG,4,0.02,0.12,0.12,0.06,0.06,0.04,0.05,0.06,0.04,1.6,0.24,0.7,0.4,1,0.1,0.2,0.04,1.6,0.5,0.8,0.3,0.4
Schefflera,NoData,schefflera,Schefflera,Araliaceae,Btr,genus,,,4,0.02,0.12,0.12,0.06,0.06,0.04,0.05,0.06,0.04,1.6,0.24,0.7,0.4,1,0.1,0.2,0.04,1.6,0.5,0.8,0.3,0.4
Schefflera actinophylla,NoData,octopus tree,Schefflera,Araliaceae,Btr,species,,,4,0.02,0.12,0.12,0.06,0.06,0.04,0.05,0.06,0.04,1.6,0.24,0.7,0.4,1,0.1,0.2,0.04,1.6,0.5,0.8,0.3,0.4
Schefflera arboricola,NoData,schefflera,Schefflera,Araliaceae,Btr,species,,,4,0.02,0.12,0.12,0.06,0.06,0.04,0.05,0.06,0.04,1.6,0.24,0.7,0.4,1,0.1,0.2,0.04,1.6,0.5,0.8,0.3,0.4
Schefflera morototoni,NoData,,Schefflera,Araliaceae,Unknown,species,,,4,0.02,0.12,0.12,0.06,0.06,0.04,0.05,0.06,0.04,1.6,0.24,0.7,0.4,1,0.1,0.2,0.04,1.6,0.5,0.8,0.3,0.4
Schefflera pueckleri,NoData,,Schefflera,Araliaceae,Btr,species,,,4,0.02,0.12,0.12,0.06,0.06,0.04,0.05,0.06,0.04,1.6,0.24,0.7,0.4,1,0.1,0.2,0.04,1.6,0.5,0.8,0.3,0.4
Schima,NoData,,Schima,Theaceae,Unknown,genus,,,4,0.02,0.12,0.12,0.06,0.06,0.04,0.05,0.06,0.04,1.6,0.24,0.7,0.4,1,0.1,0.2,0.04,1.6,0.5,0.8,0.3,0.4
Schima argentea,NoData,,Schima,Theaceae,Unknown,species,,,4,0.02,0.12,0.12,0.06,0.06,0.04,0.05,0.06,0.04,1.6,0.24,0.7,0.4,1,0.1,0.2,0.04,1.6,0.5,0.8,0.3,0.4
Schima norohae,NoData,,Schima,Theaceae,Unknown,species,,,4,0.02,0.12,0.12,0.06,0.06,0.04,0.05,0.06,0.04,1.6,0.24,0.7,0.4,1,0.1,0.2,0.04,1.6,0.5,0.8,0.3,0.4
Schima wallichii,NoData,,Schima,Theaceae,Unknown,species,,,4,0.02,0.12,0.12,0.06,0.06,0.04,0.05,0.06,0.04,1.6,0.24,0.7,0.4,1,0.1,0.2,0.04,1.6,0.5,0.8,0.3,0.4
Schinus,Schinus,,Schinus,Anacardiaceae,Btr,genus,,,0.1,0.02,0.2,1,0.2,1.8,0.8,0.05,0.5,0.2,1.6,0.24,0.7,0.4,1,0.1,0.2,0.04,1.6,0.5,0.8,0.3,0.4
Schinus molle,Schinus,Peruvian peppertree,Schinus,Anacardiaceae,Btr,species,,,0.1,0.02,0.2,1,0.2,1.8,0.8,0.05,0.5,0.2,1.6,0.24,0.7,0.4,1,0.1,0.2,0.04,1.6,0.5,0.8,0.3,0.4
Schinus polygamus,Schinus,Hardee peppertree,Schinus,Anacardiaceae,Btr,species,,,0.1,0.02,0.2,1,0.2,1.8,0.8,0.05,0.5,0.2,1.6,0.24,0.7,0.4,1,0.1,0.2,0.04,1.6,0.5,0.8,0.3,0.4
Schinus terebinthifolius,NoData,Brazilian peppertree,Schinus,Anacardiaceae,Btr,species,,,4,0.02,0.12,0.12,0.06,0.06,0.04,0.05,0.06,0.04,1.6,0.24,0.7,0.4,1,0.1,0.2,0.04,1.6,0.5,0.8,0.3,0.4
Schisandra,NoData,,Schisandra,TBD,Shrub,genus,from LFRDB,,4,0.02,0.12,0.12,0.06,0.06,0.04,0.05,0.06,0.04,1.6,0.24,0.7,0.4,1,0.1,0.2,0.04,1.6,0.5,0.8,0.3,0.4
Schizachyrium,NoData,,Schizachyrium,Poaceae,Unknown,genus,,,4,0.02,0.12,0.12,0.06,0.06,0.04,0.05,0.06,0.04,1.6,0.24,0.7,0.4,1,0.1,0.2,0.04,1.6,0.5,0.8,0.3,0.4
Schizachyrium scop.,NoData,,Schizachyrium,Poaceae,Unknown,species,,,4,0.02,0.12,0.12,0.06,0.06,0.04,0.05,0.06,0.04,1.6,0.24,0.7,0.4,1,0.1,0.2,0.04,1.6,0.5,0.8,0.3,0.4
Schizococcus,NoData,,Schizococcus,TBD,Shrub,genus,from LFRDB,,4,0.02,0.12,0.12,0.06,0.06,0.04,0.05,0.06,0.04,1.6,0.24,0.7,0.4,1,0.1,0.2,0.04,1.6,0.5,0.8,0.3,0.4
Schizolobium,NoData,,Schizolobium,Fabaceae,Unknown,genus,,,4,0.02,0.12,0.12,0.06,0.06,0.04,0.05,0.06,0.04,1.6,0.24,0.7,0.4,1,0.1,0.2,0.04,1.6,0.5,0.8,0.3,0.4
Schizolobium amazonicum,NoData,,Schizolobium,Fabaceae,Unknown,species,,,4,0.02,0.12,0.12,0.06,0.06,0.04,0.05,0.06,0.04,1.6,0.24,0.7,0.4,1,0.1,0.2,0.04,1.6,0.5,0.8,0.3,0.4
Schizolobium parahyba,NoData,Brazilian firetree,Schizolobium,Fabaceae,Btr,species,,,4,0.02,0.12,0.12,0.06,0.06,0.04,0.05,0.06,0.04,1.6,0.24,0.7,0.4,1,0.1,0.2,0.04,1.6,0.5,0.8,0.3,0.4
Schizomussaenda,NoData,,Schizomussaenda,TBD,Unknown,genus,,,4,0.02,0.12,0.12,0.06,0.06,0.04,0.05,0.06,0.04,1.6,0.24,0.7,0.4,1,0.1,0.2,0.04,1.6,0.5,0.8,0.3,0.4
Schizomussaenda dehiscens,NoData,,Schizomussaenda,TBD,Unknown,species,,,4,0.02,0.12,0.12,0.06,0.06,0.04,0.05,0.06,0.04,1.6,0.24,0.7,0.4,1,0.1,0.2,0.04,1.6,0.5,0.8,0.3,0.4
Schmaltzia,NoData,,Schmaltzia,TBD,Shrub,genus,from LFRDB,,4,0.02,0.12,0.12,0.06,0.06,0.04,0.05,0.06,0.04,1.6,0.24,0.7,0.4,1,0.1,0.2,0.04,1.6,0.5,0.8,0.3,0.4
Schoenoplectus,NoData,,TBD,TBD,TBD,genus,,LF CTCOG,4,0.02,0.12,0.12,0.06,0.06,0.04,0.05,0.06,0.04,1.6,0.24,0.7,0.4,1,0.1,0.2,0.04,1.6,0.5,0.8,0.3,0.4
Schotia,NoData,,Schotia,TBD,Unknown,genus,,,4,0.02,0.12,0.12,0.06,0.06,0.04,0.05,0.06,0.04,1.6,0.24,0.7,0.4,1,0.1,0.2,0.04,1.6,0.5,0.8,0.3,0.4
Schotia brachypetala,NoData,,Schotia,TBD,Unknown,species,,,4,0.02,0.12,0.12,0.06,0.06,0.04,0.05,0.06,0.04,1.6,0.24,0.7,0.4,1,0.1,0.2,0.04,1.6,0.5,0.8,0.3,0.4
Schotia capitata,NoData,,Schotia,TBD,Unknown,species,,,4,0.02,0.12,0.12,0.06,0.06,0.04,0.05,0.06,0.04,1.6,0.24,0.7,0.4,1,0.1,0.2,0.04,1.6,0.5,0.8,0.3,0.4
Sciadopitys,NoData,,Sciadopitys,Sciadopityaceae,Ntr,genus,,,4,0.02,0.12,0.12,0.06,0.06,0.04,0.05,0.06,0.04,1.6,0.24,0.7,0.4,1,0.1,0.2,0.04,1.6,0.5,0.8,0.3,0.4
Sciadopitys verticillata,NoData,Japanese umbrella-pine,Sciadopitys,Sciadopityaceae,Ntr,species,,,4,0.02,0.12,0.12,0.06,0.06,0.04,0.05,0.06,0.04,1.6,0.24,0.7,0.4,1,0.1,0.2,0.04,1.6,0.5,0.8,0.3,0.4
Scirpus,NoData,,TBD,TBD,TBD,genus,,LF CTCOG,4,0.02,0.12,0.12,0.06,0.06,0.04,0.05,0.06,0.04,1.6,0.24,0.7,0.4,1,0.1,0.2,0.04,1.6,0.5,0.8,0.3,0.4
Scleria,NoData,,TBD,TBD,TBD,genus,,LF CTCOG,4,0.02,0.12,0.12,0.06,0.06,0.04,0.05,0.06,0.04,1.6,0.24,0.7,0.4,1,0.1,0.2,0.04,1.6,0.5,0.8,0.3,0.4
Sclerocactus,NoData,,Sclerocactus,TBD,Shrub,genus,from LFRDB,,4,0.02,0.12,0.12,0.06,0.06,0.04,0.05,0.06,0.04,1.6,0.24,0.7,0.4,1,0.1,0.2,0.04,1.6,0.5,0.8,0.3,0.4
Sclerocarya,NoData,,Sclerocarya,Anacardiaceae,Unknown,genus,,,4,0.02,0.12,0.12,0.06,0.06,0.04,0.05,0.06,0.04,1.6,0.24,0.7,0.4,1,0.1,0.2,0.04,1.6,0.5,0.8,0.3,0.4
Sclerocarya birrea,NoData,marula,Sclerocarya,Anacardiaceae,Unknown,species,,,4,0.02,0.12,0.12,0.06,0.06,0.04,0.05,0.06,0.04,1.6,0.24,0.7,0.4,1,0.1,0.2,0.04,1.6,0.5,0.8,0.3,0.4
Scleronema,NoData,,Scleronema,TBD,Unknown,genus,,,4,0.02,0.12,0.12,0.06,0.06,0.04,0.05,0.06,0.04,1.6,0.24,0.7,0.4,1,0.1,0.2,0.04,1.6,0.5,0.8,0.3,0.4
Scleronema micranthum,NoData,,Scleronema,TBD,Unknown,species,,,4,0.02,0.12,0.12,0.06,0.06,0.04,0.05,0.06,0.04,1.6,0.24,0.7,0.4,1,0.1,0.2,0.04,1.6,0.5,0.8,0.3,0.4
Scleropogon,NoData,,TBD,TBD,TBD,genus,,LF CTCOG,4,0.02,0.12,0.12,0.06,0.06,0.04,0.05,0.06,0.04,1.6,0.24,0.7,0.4,1,0.1,0.2,0.04,1.6,0.5,0.8,0.3,0.4
Scrophulariaceae,NoData,,Scrophulariaceae,Scrophulariaceae,Unknown,family,,,4,0.02,0.12,0.12,0.06,0.06,0.04,0.05,0.06,0.04,1.6,0.24,0.7,0.4,1,0.1,0.2,0.04,1.6,0.5,0.8,0.3,0.4
Scutellaria,NoData,,Scutellaria,TBD,Shrub,genus,from LFRDB,,4,0.02,0.12,0.12,0.06,0.06,0.04,0.05,0.06,0.04,1.6,0.24,0.7,0.4,1,0.1,0.2,0.04,1.6,0.5,0.8,0.3,0.4
Searsia,Searsia,,Searsia,Anacardiaceae,Btr,genus,BAAQMD,,24,0.02,0.005,0.05,0.005,0.005,0.01,0.05,0.001,0.001,1.6,0.24,0.7,0.4,1,0.1,0.2,0.04,1.6,0.5,0.8,0.3,0.4
Sebastiania,NoData,,Sebastiania,TBD,Shrub,genus,from LFRDB,,4,0.02,0.12,0.12,0.06,0.06,0.04,0.05,0.06,0.04,1.6,0.24,0.7,0.4,1,0.1,0.2,0.04,1.6,0.5,0.8,0.3,0.4
Secale,NoData,,Secale,Poaceae,Herb,genus,,,4,0.02,0.12,0.12,0.06,0.06,0.04,0.05,0.06,0.04,1.6,0.24,0.7,0.4,1,0.1,0.2,0.04,1.6,0.5,0.8,0.3,0.4
Secale cereale,NoData,cereal rye,Secale,Poaceae,Crop,species,,,4,0.02,0.12,0.12,0.06,0.06,0.04,0.05,0.06,0.04,1.6,0.24,0.7,0.4,1,0.1,0.2,0.04,1.6,0.5,0.8,0.3,0.4
Securinega,NoData,,Securinega,Euphorbiaceae,Btr,genus,,,4,0.02,0.12,0.12,0.06,0.06,0.04,0.05,0.06,0.04,1.6,0.24,0.7,0.4,1,0.1,0.2,0.04,1.6,0.5,0.8,0.3,0.4
Securinega virosa,NoData,,Securinega,Euphorbiaceae,Btr,species,,,4,0.02,0.12,0.12,0.06,0.06,0.04,0.05,0.06,0.04,1.6,0.24,0.7,0.4,1,0.1,0.2,0.04,1.6,0.5,0.8,0.3,0.4
Selaginella,NoData,,TBD,TBD,TBD,genus,,LF CTCOG,4,0.02,0.12,0.12,0.06,0.06,0.04,0.05,0.06,0.04,1.6,0.24,0.7,0.4,1,0.1,0.2,0.04,1.6,0.5,0.8,0.3,0.4
Selinocarpus,NoData,,Selinocarpus,TBD,Shrub,genus,from LFRDB,,4,0.02,0.12,0.12,0.06,0.06,0.04,0.05,0.06,0.04,1.6,0.24,0.7,0.4,1,0.1,0.2,0.04,1.6,0.5,0.8,0.3,0.4
Senecio,NoData,,Senecio,Asteraceae,Unknown,genus,,,4,0.02,0.12,0.12,0.06,0.06,0.04,0.05,0.06,0.04,1.6,0.24,0.7,0.4,1,0.1,0.2,0.04,1.6,0.5,0.8,0.3,0.4
Senecio mikanioides,NoData,,Senecio,Asteraceae,Unknown,species,,,4,0.02,0.12,0.12,0.06,0.06,0.04,0.05,0.06,0.04,1.6,0.24,0.7,0.4,1,0.1,0.2,0.04,1.6,0.5,0.8,0.3,0.4
Senecio vulgaris,NoData,old-man-in-the-Spring,Senecio,Asteraceae,Herb,species,,,4,0.02,0.12,0.12,0.06,0.06,0.04,0.05,0.06,0.04,1.6,0.24,0.7,0.4,1,0.1,0.2,0.04,1.6,0.5,0.8,0.3,0.4
Senegalia,Senegalia,Previously Acacias,Senegalia,Fabaceae,Btr,genus,,,12,0.02,0.05,0.05,0.05,0.05,0.04,0.05,0.06,0.04,1.6,0.24,0.7,0.4,1,0.1,0.2,0.04,1.6,0.5,0.8,0.3,0.4
SenegaliaIso,SenegaliaIso,Previously Acacias,SenegaliaIso,Fabaceae,Btr,genus,,,20,0.02,0.05,0.05,0.05,0.05,0.04,0.05,0.06,0.04,1.6,0.24,0.7,0.4,1,0.1,0.2,0.04,1.6,0.5,0.8,0.3,0.4
SenegaliaNoIso,SenegaliaNoIso,Previously Acacias,SenegaliaNoIso,Fabaceae,Btr,genus,,,0.2,0.02,0.05,0.05,0.05,0.05,0.04,0.05,0.06,0.04,1.6,0.24,0.7,0.4,1,0.1,0.2,0.04,1.6,0.5,0.8,0.3,0.4
Senna,NoData,,Senna,Fabaceae,Btr,genus,,,4,0.02,0.12,0.12,0.06,0.06,0.04,0.05,0.06,0.04,1.6,0.24,0.7,0.4,1,0.1,0.2,0.04,1.6,0.5,0.8,0.3,0.4
Senna corymbosa,NoData,Argentine senna,Senna,Fabaceae,Btr,species,,,4,0.02,0.12,0.12,0.06,0.06,0.04,0.05,0.06,0.04,1.6,0.24,0.7,0.4,1,0.1,0.2,0.04,1.6,0.5,0.8,0.3,0.4
Senna didymobotrya,NoData,African senna,Senna,Fabaceae,Shrub,species,,,4,0.02,0.12,0.12,0.06,0.06,0.04,0.05,0.06,0.04,1.6,0.24,0.7,0.4,1,0.1,0.2,0.04,1.6,0.5,0.8,0.3,0.4
Senna multiglandulosa,NoData,glandular senna,Senna,Fabaceae,Btr,species,,,4,0.02,0.12,0.12,0.06,0.06,0.04,0.05,0.06,0.04,1.6,0.24,0.7,0.4,1,0.1,0.2,0.04,1.6,0.5,0.8,0.3,0.4
Senna spectabilis,NoData,casia amarilla,Senna,Fabaceae,Btr,species,,,4,0.02,0.12,0.12,0.06,0.06,0.04,0.05,0.06,0.04,1.6,0.24,0.7,0.4,1,0.1,0.2,0.04,1.6,0.5,0.8,0.3,0.4
Sequoia,Sequoia,redwood,Sequoia,Cupressaceae,Ntr,genus,,,0.05,0.3,0.6,0.2,0.2,0.8,0.2,0.05,0.05,0.2,1.6,0.24,0.7,0.4,1,0.1,0.2,0.04,1.6,0.5,0.8,0.3,0.4
Sequoia sempervirens,Sequoia,redwood,Sequoia,Cupressaceae,Ntr,species,,,0.05,0.3,0.6,0.2,0.2,0.8,0.2,0.05,0.05,0.2,1.6,0.24,0.7,0.4,1,0.1,0.2,0.04,1.6,0.5,0.8,0.3,0.4
Sequoiadendron,Sequoia,,Sequoiadendron,Cupressaceae,Ntr,species,,,0.05,0.3,0.6,0.2,0.2,0.8,0.2,0.05,0.05,0.2,1.6,0.24,0.7,0.4,1,0.1,0.2,0.04,1.6,0.5,0.8,0.3,0.4
Sequoiadendron giganteum,Sequoia,giant sequoia,Sequoiadendron,Cupressaceae,Ntr,species,,,0.05,0.3,0.6,0.2,0.2,0.8,0.2,0.05,0.05,0.2,1.6,0.24,0.7,0.4,1,0.1,0.2,0.04,1.6,0.5,0.8,0.3,0.4
Serenoa,NoData,,Serenoa,Arecaceae,Btr,genus,,,4,0.02,0.12,0.12,0.06,0.06,0.04,0.05,0.06,0.04,1.6,0.24,0.7,0.4,1,0.1,0.2,0.04,1.6,0.5,0.8,0.3,0.4
Serenoa repens,NoData,saw palmetto,Serenoa,Arecaceae,Btr,species,,,4,0.02,0.12,0.12,0.06,0.06,0.04,0.05,0.06,0.04,1.6,0.24,0.7,0.4,1,0.1,0.2,0.04,1.6,0.5,0.8,0.3,0.4
Seriphidium,NoData,,Seriphidium,TBD,Shrub,genus,from LFRDB,,4,0.02,0.12,0.12,0.06,0.06,0.04,0.05,0.06,0.04,1.6,0.24,0.7,0.4,1,0.1,0.2,0.04,1.6,0.5,0.8,0.3,0.4
Serjania,NoData,,Serjania,Sapindaceae,Unknown,genus,,,4,0.02,0.12,0.12,0.06,0.06,0.04,0.05,0.06,0.04,1.6,0.24,0.7,0.4,1,0.1,0.2,0.04,1.6,0.5,0.8,0.3,0.4
Serjania mexicana,NoData,,Serjania,Sapindaceae,Unknown,species,,,4,0.02,0.12,0.12,0.06,0.06,0.04,0.05,0.06,0.04,1.6,0.24,0.7,0.4,1,0.1,0.2,0.04,1.6,0.5,0.8,0.3,0.4
Sesbania,NoData,,TBD,TBD,TBD,genus,,LF CTCOG,4,0.02,0.12,0.12,0.06,0.06,0.04,0.05,0.06,0.04,1.6,0.24,0.7,0.4,1,0.1,0.2,0.04,1.6,0.5,0.8,0.3,0.4
Setaria,NoData,,Setaria,Poaceae,Herb,genus,,,4,0.02,0.12,0.12,0.06,0.06,0.04,0.05,0.06,0.04,1.6,0.24,0.7,0.4,1,0.1,0.2,0.04,1.6,0.5,0.8,0.3,0.4
Setaria texana,NoData,Texas bristlegrass,Setaria,Poaceae,Herb,species,,,4,0.02,0.12,0.12,0.06,0.06,0.04,0.05,0.06,0.04,1.6,0.24,0.7,0.4,1,0.1,0.2,0.04,1.6,0.5,0.8,0.3,0.4
Severinia,NoData,,Severinia,TBD,Shrub,genus,from LFRDB,,4,0.02,0.12,0.12,0.06,0.06,0.04,0.05,0.06,0.04,1.6,0.24,0.7,0.4,1,0.1,0.2,0.04,1.6,0.5,0.8,0.3,0.4
Shepherdia,NoData,,Shepherdia,TBD,Shrub,genus,from LFRDB,,4,0.02,0.12,0.12,0.06,0.06,0.04,0.05,0.06,0.04,1.6,0.24,0.7,0.4,1,0.1,0.2,0.04,1.6,0.5,0.8,0.3,0.4
Shorea,NoData,,Shorea,Dipterocarpaceae,Unknown,genus,,,4,0.02,0.12,0.12,0.06,0.06,0.04,0.05,0.06,0.04,1.6,0.24,0.7,0.4,1,0.1,0.2,0.04,1.6,0.5,0.8,0.3,0.4
Shorea wangtanshuea,NoData,,Shorea,Dipterocarpaceae,Unknown,species,,,4,0.02,0.12,0.12,0.06,0.06,0.04,0.05,0.06,0.04,1.6,0.24,0.7,0.4,1,0.1,0.2,0.04,1.6,0.5,0.8,0.3,0.4
Sicyos,NoData,,Sicyos,TBD,Shrub,genus,from LFRDB,,4,0.02,0.12,0.12,0.06,0.06,0.04,0.05,0.06,0.04,1.6,0.24,0.7,0.4,1,0.1,0.2,0.04,1.6,0.5,0.8,0.3,0.4
Sida,NoData,,Sida,TBD,Shrub,genus,from LFRDB,,4,0.02,0.12,0.12,0.06,0.06,0.04,0.05,0.06,0.04,1.6,0.24,0.7,0.4,1,0.1,0.2,0.04,1.6,0.5,0.8,0.3,0.4
Sideroxylon,Myrica,,Sideroxylon,Sapotaceae,Btr,genus,,,8,0.02,0.2,0.2,0.1,0.1,0.04,0.05,0.06,0.04,1.6,0.24,0.7,0.4,1,0.1,0.2,0.04,1.6,0.5,0.8,0.3,0.4
Sideroxylon lanuginosum,Myrica,gum bully,Sideroxylon,Sapotaceae,Btr,species,,,8,0.02,0.2,0.2,0.1,0.1,0.04,0.05,0.06,0.04,1.6,0.24,0.7,0.4,1,0.1,0.2,0.04,1.6,0.5,0.8,0.3,0.4
Sideroxylon lanuginosum ssp. lanuginosum,Myrica,gum bully,Sideroxylon,Sapotaceae,Btr,species,,,8,0.02,0.2,0.2,0.1,0.1,0.04,0.05,0.06,0.04,1.6,0.24,0.7,0.4,1,0.1,0.2,0.04,1.6,0.5,0.8,0.3,0.4
Simarouba,NoData,,Simarouba,Simaroubaceae,Btr,genus,,,4,0.02,0.12,0.12,0.06,0.06,0.04,0.05,0.06,0.04,1.6,0.24,0.7,0.4,1,0.1,0.2,0.04,1.6,0.5,0.8,0.3,0.4
Simarouba amara,NoData,,Simarouba,Simaroubaceae,Btr,species,,,4,0.02,0.12,0.12,0.06,0.06,0.04,0.05,0.06,0.04,1.6,0.24,0.7,0.4,1,0.1,0.2,0.04,1.6,0.5,0.8,0.3,0.4
Simarouba glauca,Myrica,paradisetree,Simarouba,Simaroubaceae,Btr,species,,,8,0.02,0.2,0.2,0.1,0.1,0.04,0.05,0.06,0.04,1.6,0.24,0.7,0.4,1,0.1,0.2,0.04,1.6,0.5,0.8,0.3,0.4
Simaroubaceae,NoData,,Simaroubaceae,Simaroubaceae,Unknown,family,,,4,0.02,0.12,0.12,0.06,0.06,0.04,0.05,0.06,0.04,1.6,0.24,0.7,0.4,1,0.1,0.2,0.04,1.6,0.5,0.8,0.3,0.4
Simmondsia,Simmondsia chinensis,,Simmondsia,Simmondsiaceae,Shrub,genus,,,16,0.02,0.2,0.2,0.1,0.1,0.04,0.05,0.06,0.04,1.6,0.24,0.7,0.4,1,0.1,0.2,0.04,1.6,0.5,0.8,0.3,0.4
Simmondsia chinensis,Simmondsia chinensis,jojoba,Simmondsia,Simmondsiaceae,Shrub,species,,,16,0.02,0.2,0.2,0.1,0.1,0.04,0.05,0.06,0.04,1.6,0.24,0.7,0.4,1,0.1,0.2,0.04,1.6,0.5,0.8,0.3,0.4
Simmondsiaceae,Simmondsia chinensis,,Simmondsiaceae,Simmondsiaceae,Unknown,family,,,16,0.02,0.2,0.2,0.1,0.1,0.04,0.05,0.06,0.04,1.6,0.24,0.7,0.4,1,0.1,0.2,0.04,1.6,0.5,0.8,0.3,0.4
Simsia,NoData,,Simsia,TBD,Shrub,genus,from LFRDB,,4,0.02,0.12,0.12,0.06,0.06,0.04,0.05,0.06,0.04,1.6,0.24,0.7,0.4,1,0.1,0.2,0.04,1.6,0.5,0.8,0.3,0.4
Sinarundinaria,NoData,,Sinarundinaria,TBD,Unknown,genus,,,4,0.02,0.12,0.12,0.06,0.06,0.04,0.05,0.06,0.04,1.6,0.24,0.7,0.4,1,0.1,0.2,0.04,1.6,0.5,0.8,0.3,0.4
Sinarundinaria nitida,NoData,,Sinarundinaria,TBD,Unknown,species,,,4,0.02,0.12,0.12,0.06,0.06,0.04,0.05,0.06,0.04,1.6,0.24,0.7,0.4,1,0.1,0.2,0.04,1.6,0.5,0.8,0.3,0.4
Sindora,NoData,,Sindora,TBD,Unknown,genus,,,4,0.02,0.12,0.12,0.06,0.06,0.04,0.05,0.06,0.04,1.6,0.24,0.7,0.4,1,0.1,0.2,0.04,1.6,0.5,0.8,0.3,0.4
Sindora glabra,NoData,,Sindora,TBD,Unknown,species,,,4,0.02,0.12,0.12,0.06,0.06,0.04,0.05,0.06,0.04,1.6,0.24,0.7,0.4,1,0.1,0.2,0.04,1.6,0.5,0.8,0.3,0.4
Sinobambusa,NoData,,Sinobambusa,TBD,Unknown,genus,,,4,0.02,0.12,0.12,0.06,0.06,0.04,0.05,0.06,0.04,1.6,0.24,0.7,0.4,1,0.1,0.2,0.04,1.6,0.5,0.8,0.3,0.4
Sinobambusa tootsik,NoData,,Sinobambusa,TBD,Unknown,species,,,4,0.02,0.12,0.12,0.06,0.06,0.04,0.05,0.06,0.04,1.6,0.24,0.7,0.4,1,0.1,0.2,0.04,1.6,0.5,0.8,0.3,0.4
Siparuna,NoData,,Siparuna,TBD,Unknown,genus,,,4,0.02,0.12,0.12,0.06,0.06,0.04,0.05,0.06,0.04,1.6,0.24,0.7,0.4,1,0.1,0.2,0.04,1.6,0.5,0.8,0.3,0.4
Siparuna amazonica,NoData,,Siparuna,TBD,Unknown,species,,,4,0.02,0.12,0.12,0.06,0.06,0.04,0.05,0.06,0.04,1.6,0.24,0.7,0.4,1,0.1,0.2,0.04,1.6,0.5,0.8,0.3,0.4
Sladeniaceae,NoData,,Sladeniaceae,Sladeniaceae,Unknown,family,,,4,0.02,0.12,0.12,0.06,0.06,0.04,0.05,0.06,0.04,1.6,0.24,0.7,0.4,1,0.1,0.2,0.04,1.6,0.5,0.8,0.3,0.4
Smilacaceae,NoData,,Smilacaceae,Smilacaceae,Unknown,family,,,4,0.02,0.12,0.12,0.06,0.06,0.04,0.05,0.06,0.04,1.6,0.24,0.7,0.4,1,0.1,0.2,0.04,1.6,0.5,0.8,0.3,0.4
Smilax,Myrica,greenbrier,Smilax,Smilacaceae,Shrub,genus,,,8,0.02,0.2,0.2,0.1,0.1,0.04,0.05,0.06,0.04,1.6,0.24,0.7,0.4,1,0.1,0.2,0.04,1.6,0.5,0.8,0.3,0.4
Smilax glauca,Myrica,cat greenbrier,Smilax,Smilacaceae,Shrub,species,,,8,0.02,0.2,0.2,0.1,0.1,0.04,0.05,0.06,0.04,1.6,0.24,0.7,0.4,1,0.1,0.2,0.04,1.6,0.5,0.8,0.3,0.4
Smilax hispida,Myrica,greenbrier,Smilax,Smilacaceae,Shrub,species,,,8,0.02,0.2,0.2,0.1,0.1,0.04,0.05,0.06,0.04,1.6,0.24,0.7,0.4,1,0.1,0.2,0.04,1.6,0.5,0.8,0.3,0.4
Smilax rotundifolia,Myrica,roundleaf greenbrier,Smilax,Smilacaceae,Shrub,species,,,8,0.02,0.2,0.2,0.1,0.1,0.04,0.05,0.06,0.04,1.6,0.24,0.7,0.4,1,0.1,0.2,0.04,1.6,0.5,0.8,0.3,0.4
Smilax tamnoides,Myrica,bristly greenbrier,Smilax,Smilacaceae,Shrub,species,,,8,0.02,0.2,0.2,0.1,0.1,0.04,0.05,0.06,0.04,1.6,0.24,0.7,0.4,1,0.1,0.2,0.04,1.6,0.5,0.8,0.3,0.4
Socratea,NoData,,Socratea,Arecaceae,Btr,genus,,,4,0.02,0.12,0.12,0.06,0.06,0.04,0.05,0.06,0.04,1.6,0.24,0.7,0.4,1,0.1,0.2,0.04,1.6,0.5,0.8,0.3,0.4
Socratea exorrhiza,NoData,,Socratea,Arecaceae,Btr,species,,,4,0.02,0.12,0.12,0.06,0.06,0.04,0.05,0.06,0.04,1.6,0.24,0.7,0.4,1,0.1,0.2,0.04,1.6,0.5,0.8,0.3,0.4
Solanaceae,NoData,,Solanaceae,Solanaceae,Unknown,family,,,4,0.02,0.12,0.12,0.06,0.06,0.04,0.05,0.06,0.04,1.6,0.24,0.7,0.4,1,0.1,0.2,0.04,1.6,0.5,0.8,0.3,0.4
Solanum,NoDataLowIso,nightshade,Solanum,Solanaceae,Btr,genus,,,0.2,0.02,0.2,0.2,0.2,0.2,0.04,0.05,0.04,0.02,1.6,0.24,0.7,0.4,1,0.1,0.2,0.04,1.6,0.5,0.8,0.3,0.4
Solanum lycopersicum,NoDataLowIso,garden tomato,Solanum,Solanaceae,Crop,species,,,0.2,0.02,0.2,0.2,0.2,0.2,0.04,0.05,0.04,0.02,1.6,0.24,0.7,0.4,1,0.1,0.2,0.04,1.6,0.5,0.8,0.3,0.4
Solanum macranthum,NoDataLowIso,,Solanum,Solanaceae,Unknown,species,,,0.2,0.02,0.2,0.2,0.2,0.2,0.04,0.05,0.04,0.02,1.6,0.24,0.7,0.4,1,0.1,0.2,0.04,1.6,0.5,0.8,0.3,0.4
Solanum melongena,NoData,Eggplants,TBD,TBD,TBD,species,,,4,0.02,0.12,0.12,0.06,0.06,0.04,0.05,0.06,0.04,1.6,0.24,0.7,0.4,1,0.1,0.2,0.04,1.6,0.5,0.8,0.3,0.4
Solanum tuberosum,NoDataLowIso,Irish potato,Solanum,Solanaceae,Shrub,species,,,0.2,0.02,0.2,0.2,0.2,0.2,0.04,0.05,0.04,0.02,1.6,0.24,0.7,0.4,1,0.1,0.2,0.04,1.6,0.5,0.8,0.3,0.4
Solanum verbacifolium,NoDataLowIso,,Solanum,Solanaceae,Unknown,species,,,0.2,0.02,0.2,0.2,0.2,0.2,0.04,0.05,0.04,0.02,1.6,0.24,0.7,0.4,1,0.1,0.2,0.04,1.6,0.5,0.8,0.3,0.4
Solidago,NoData,,TBD,TBD,TBD,genus,,LF CTCOG,4,0.02,0.12,0.12,0.06,0.06,0.04,0.05,0.06,0.04,1.6,0.24,0.7,0.4,1,0.1,0.2,0.04,1.6,0.5,0.8,0.3,0.4
Sonchus,NoData,,TBD,TBD,TBD,genus,,LF CTCOG,4,0.02,0.12,0.12,0.06,0.06,0.04,0.05,0.06,0.04,1.6,0.24,0.7,0.4,1,0.1,0.2,0.04,1.6,0.5,0.8,0.3,0.4
Sophora,NoData,,Sophora,Fabaceae,Unknown,genus,,,4,0.02,0.12,0.12,0.06,0.06,0.04,0.05,0.06,0.04,1.6,0.24,0.7,0.4,1,0.1,0.2,0.04,1.6,0.5,0.8,0.3,0.4
Sophora affinis,NoData,,Sophora,Fabaceae,Unknown,species,,,4,0.02,0.12,0.12,0.06,0.06,0.04,0.05,0.06,0.04,1.6,0.24,0.7,0.4,1,0.1,0.2,0.04,1.6,0.5,0.8,0.3,0.4
Sophora japonica,NoData,,Sophora,Fabaceae,Unknown,species,,,4,0.02,0.12,0.12,0.06,0.06,0.04,0.05,0.06,0.04,1.6,0.24,0.7,0.4,1,0.1,0.2,0.04,1.6,0.5,0.8,0.3,0.4
Sophora secundiflora,NoData,mescal bean,Sophora,Fabaceae,Btr,species,,,4,0.02,0.12,0.12,0.06,0.06,0.04,0.05,0.06,0.04,1.6,0.24,0.7,0.4,1,0.1,0.2,0.04,1.6,0.5,0.8,0.3,0.4
Sorbus,Sorbus,mountain ash,Sorbus,Rosaceae,Btr,genus,,,0.2,0.02,0.05,0.05,0.02,0.05,0.04,0.05,0.06,0.04,1.6,0.24,0.7,0.4,1,0.1,0.2,0.04,1.6,0.5,0.8,0.3,0.4
Sorbus americana,Sorbus,American mountain ash,Sorbus,Rosaceae,Btr,species,,,0.2,0.02,0.05,0.05,0.02,0.05,0.04,0.05,0.06,0.04,1.6,0.24,0.7,0.4,1,0.1,0.2,0.04,1.6,0.5,0.8,0.3,0.4
Sorbus aucuparia,Sorbus,European mountain ash,Sorbus,Rosaceae,Btr,species,,,0.2,0.02,0.05,0.05,0.02,0.05,0.04,0.05,0.06,0.04,1.6,0.24,0.7,0.4,1,0.1,0.2,0.04,1.6,0.5,0.8,0.3,0.4
Sorbus aucuparius,Sorbus,,Sorbus,Rosaceae,Unknown,species,,,0.2,0.02,0.05,0.05,0.02,0.05,0.04,0.05,0.06,0.04,1.6,0.24,0.7,0.4,1,0.1,0.2,0.04,1.6,0.5,0.8,0.3,0.4
Sorbus ferruginea,Sorbus,,Sorbus,Rosaceae,Unknown,species,,,0.2,0.02,0.05,0.05,0.02,0.05,0.04,0.05,0.06,0.04,1.6,0.24,0.7,0.4,1,0.1,0.2,0.04,1.6,0.5,0.8,0.3,0.4
Sorbus pohuashanensis,Sorbus,,Sorbus,Rosaceae,Unknown,species,,,0.2,0.02,0.05,0.05,0.02,0.05,0.04,0.05,0.06,0.04,1.6,0.24,0.7,0.4,1,0.1,0.2,0.04,1.6,0.5,0.8,0.3,0.4
Sorbus pubescens,Sorbus,,Sorbus,Rosaceae,Unknown,species,,,0.2,0.02,0.05,0.05,0.02,0.05,0.04,0.05,0.06,0.04,1.6,0.24,0.7,0.4,1,0.1,0.2,0.04,1.6,0.5,0.8,0.3,0.4
Sorbus scopulina,Sorbus,Greene's mountain ash,Sorbus,Rosaceae,Btr,species,,,0.2,0.02,0.05,0.05,0.02,0.05,0.04,0.05,0.06,0.04,1.6,0.24,0.7,0.4,1,0.1,0.2,0.04,1.6,0.5,0.8,0.3,0.4
Sorbus sitchensis,Sorbus,western mountain ash,Sorbus,Rosaceae,Btr,species,,,0.2,0.02,0.05,0.05,0.02,0.05,0.04,0.05,0.06,0.04,1.6,0.24,0.7,0.4,1,0.1,0.2,0.04,1.6,0.5,0.8,0.3,0.4
Sorghum,NoDataLowIso,sorghum,Sorghum,Poaceae,Herb,genus,,,0.2,0.02,0.2,0.2,0.2,0.2,0.04,0.05,0.04,0.02,1.6,0.24,0.7,0.4,1,0.1,0.2,0.04,1.6,0.5,0.8,0.3,0.4
Sorghum bicolor,NoDataLowIso,sorghum,Sorghum,Poaceae,Crop,species,,,0.2,0.02,0.2,0.2,0.2,0.2,0.04,0.05,0.04,0.02,1.6,0.24,0.7,0.4,1,0.1,0.2,0.04,1.6,0.5,0.8,0.3,0.4
Sorghum vulga,NoDataLowIso,,Sorghum,Poaceae,Unknown,species,,,0.2,0.02,0.2,0.2,0.2,0.2,0.04,0.05,0.04,0.02,1.6,0.24,0.7,0.4,1,0.1,0.2,0.04,1.6,0.5,0.8,0.3,0.4
Sorghum vulgare,NoDataLowIso,,Sorghum,Poaceae,Unknown,species,,,0.2,0.02,0.2,0.2,0.2,0.2,0.04,0.05,0.04,0.02,1.6,0.24,0.7,0.4,1,0.1,0.2,0.04,1.6,0.5,0.8,0.3,0.4
Sparganium,NoData,,TBD,TBD,TBD,genus,,LF CTCOG,4,0.02,0.12,0.12,0.06,0.06,0.04,0.05,0.06,0.04,1.6,0.24,0.7,0.4,1,0.1,0.2,0.04,1.6,0.5,0.8,0.3,0.4
Spartina,NoData,,TBD,TBD,TBD,genus,,LF CTCOG,4,0.02,0.12,0.12,0.06,0.06,0.04,0.05,0.06,0.04,1.6,0.24,0.7,0.4,1,0.1,0.2,0.04,1.6,0.5,0.8,0.3,0.4
Spartium,NoData,,Spartium,Fabaceae,Shrub,genus,,,4,0.02,0.12,0.12,0.06,0.06,0.04,0.05,0.06,0.04,1.6,0.24,0.7,0.4,1,0.1,0.2,0.04,1.6,0.5,0.8,0.3,0.4
Spartium junceum,NoData,Spanish broom,Spartium,Fabaceae,Shrub,species,,,4,0.02,0.12,0.12,0.06,0.06,0.04,0.05,0.06,0.04,1.6,0.24,0.7,0.4,1,0.1,0.2,0.04,1.6,0.5,0.8,0.3,0.4
Spathiphyllum,NoData,,Spathiphyllum,TBD,Unknown,genus,,,4,0.02,0.12,0.12,0.06,0.06,0.04,0.05,0.06,0.04,1.6,0.24,0.7,0.4,1,0.1,0.2,0.04,1.6,0.5,0.8,0.3,0.4
Spathiphyllum patini,NoData,,Spathiphyllum,TBD,Unknown,species,,,4,0.02,0.12,0.12,0.06,0.06,0.04,0.05,0.06,0.04,1.6,0.24,0.7,0.4,1,0.1,0.2,0.04,1.6,0.5,0.8,0.3,0.4
Spathodea,NoData,,Spathodea,Bignoniaceae,Btr,genus,,,4,0.02,0.12,0.12,0.06,0.06,0.04,0.05,0.06,0.04,1.6,0.24,0.7,0.4,1,0.1,0.2,0.04,1.6,0.5,0.8,0.3,0.4
Spathodea campanulata,NoData,African tuliptree,Spathodea,Bignoniaceae,Btr,species,,,4,0.02,0.12,0.12,0.06,0.06,0.04,0.05,0.06,0.04,1.6,0.24,0.7,0.4,1,0.1,0.2,0.04,1.6,0.5,0.8,0.3,0.4
Sphaeralcea,NoData,,TBD,TBD,TBD,genus,,LF CTCOG,4,0.02,0.12,0.12,0.06,0.06,0.04,0.05,0.06,0.04,1.6,0.24,0.7,0.4,1,0.1,0.2,0.04,1.6,0.5,0.8,0.3,0.4
Sphaeropteris,NoData,,Sphaeropteris,Cyatheaceae,Btr,genus,,,4,0.02,0.12,0.12,0.06,0.06,0.04,0.05,0.06,0.04,1.6,0.24,0.7,0.4,1,0.1,0.2,0.04,1.6,0.5,0.8,0.3,0.4
Sphaeropteris cooperi,NoData,,Sphaeropteris,Cyatheaceae,Btr,species,,,4,0.02,0.12,0.12,0.06,0.06,0.04,0.05,0.06,0.04,1.6,0.24,0.7,0.4,1,0.1,0.2,0.04,1.6,0.5,0.8,0.3,0.4
Sphagnum,Sphagnum,moss,Sphagnum,Sphagnaceae,Shrub,genus,,,4,0.02,0.4,0.4,0.2,0.2,0.04,0.05,0.06,0.04,1.6,0.24,0.7,0.4,1,0.1,0.2,0.04,1.6,0.5,0.8,0.3,0.4
Sphagnum balticum,Sphagnum,moss,Sphagnum,Sphagnaceae,Shrub,species,,,4,0.02,0.4,0.4,0.2,0.2,0.04,0.05,0.06,0.04,1.6,0.24,0.7,0.4,1,0.1,0.2,0.04,1.6,0.5,0.8,0.3,0.4
Sphagnum capillifolium,Sphagnum,,Sphagnum,Sphagnaceae,Shrub,species,,,4,0.02,0.4,0.4,0.2,0.2,0.04,0.05,0.06,0.04,1.6,0.24,0.7,0.4,1,0.1,0.2,0.04,1.6,0.5,0.8,0.3,0.4
Sphagnum fuscum,Sphagnum,,Sphagnum,Sphagnaceae,Shrub,species,,,4,0.02,0.4,0.4,0.2,0.2,0.04,0.05,0.06,0.04,1.6,0.24,0.7,0.4,1,0.1,0.2,0.04,1.6,0.5,0.8,0.3,0.4
Sphagnum girgensohnii,Sphagnum,,Sphagnum,Sphagnaceae,Shrub,species,,,4,0.02,0.4,0.4,0.2,0.2,0.04,0.05,0.06,0.04,1.6,0.24,0.7,0.4,1,0.1,0.2,0.04,1.6,0.5,0.8,0.3,0.4
Sphagnum magellanicum,Sphagnum,moss,Sphagnum,Sphagnaceae,Shrub,species,,,4,0.02,0.4,0.4,0.2,0.2,0.04,0.05,0.06,0.04,1.6,0.24,0.7,0.4,1,0.1,0.2,0.04,1.6,0.5,0.8,0.3,0.4
Sphagnum rubbellum,Sphagnum,moss,Sphagnum,Sphagnaceae,Shrub,species,,,4,0.02,0.4,0.4,0.2,0.2,0.04,0.05,0.06,0.04,1.6,0.24,0.7,0.4,1,0.1,0.2,0.04,1.6,0.5,0.8,0.3,0.4
Spiraea,NoData,,Spiraea,Rosaceae,Shrub,genus,,,4,0.02,0.12,0.12,0.06,0.06,0.04,0.05,0.06,0.04,1.6,0.24,0.7,0.4,1,0.1,0.2,0.04,1.6,0.5,0.8,0.3,0.4
Spiraea japonica,NoData,Japanese meadowsweet,Spiraea,Rosaceae,Shrub,species,,,4,0.02,0.12,0.12,0.06,0.06,0.04,0.05,0.06,0.04,1.6,0.24,0.7,0.4,1,0.1,0.2,0.04,1.6,0.5,0.8,0.3,0.4
Spirostachys,NoData,,Spirostachys,TBD,Unknown,genus,,,4,0.02,0.12,0.12,0.06,0.06,0.04,0.05,0.06,0.04,1.6,0.24,0.7,0.4,1,0.1,0.2,0.04,1.6,0.5,0.8,0.3,0.4
Spirostachys africana,NoData,,Spirostachys,TBD,Unknown,species,,,4,0.02,0.12,0.12,0.06,0.06,0.04,0.05,0.06,0.04,1.6,0.24,0.7,0.4,1,0.1,0.2,0.04,1.6,0.5,0.8,0.3,0.4
Spondias,NoData,,Spondias,Anacardiaceae,Btr,genus,,,4,0.02,0.12,0.12,0.06,0.06,0.04,0.05,0.06,0.04,1.6,0.24,0.7,0.4,1,0.1,0.2,0.04,1.6,0.5,0.8,0.3,0.4
Spondias mombin,NoData,yellow mombin,Spondias,Anacardiaceae,Btr,species,,,4,0.02,0.12,0.12,0.06,0.06,0.04,0.05,0.06,0.04,1.6,0.24,0.7,0.4,1,0.1,0.2,0.04,1.6,0.5,0.8,0.3,0.4
Spondias pinnata,NoData,,Spondias,Anacardiaceae,Unknown,species,,,4,0.02,0.12,0.12,0.06,0.06,0.04,0.05,0.06,0.04,1.6,0.24,0.7,0.4,1,0.1,0.2,0.04,1.6,0.5,0.8,0.3,0.4
Spondisa,NoData,,Spondisa,TBD,Unknown,genus,,,4,0.02,0.12,0.12,0.06,0.06,0.04,0.05,0.06,0.04,1.6,0.24,0.7,0.4,1,0.1,0.2,0.04,1.6,0.5,0.8,0.3,0.4
Spondisa mombin,NoData,,Spondisa,TBD,Unknown,species,,,4,0.02,0.12,0.12,0.06,0.06,0.04,0.05,0.06,0.04,1.6,0.24,0.7,0.4,1,0.1,0.2,0.04,1.6,0.5,0.8,0.3,0.4
Sporobolus,NoData,,TBD,TBD,TBD,genus,,LF CTCOG,4,0.02,0.12,0.12,0.06,0.06,0.04,0.05,0.06,0.04,1.6,0.24,0.7,0.4,1,0.1,0.2,0.04,1.6,0.5,0.8,0.3,0.4
Stachydeoma,NoData,,Stachydeoma,TBD,Shrub,genus,from LFRDB,,4,0.02,0.12,0.12,0.06,0.06,0.04,0.05,0.06,0.04,1.6,0.24,0.7,0.4,1,0.1,0.2,0.04,1.6,0.5,0.8,0.3,0.4
Staphylea,NoData,,Staphylea,TBD,Shrub,genus,from LFRDB,,4,0.02,0.12,0.12,0.06,0.06,0.04,0.05,0.06,0.04,1.6,0.24,0.7,0.4,1,0.1,0.2,0.04,1.6,0.5,0.8,0.3,0.4
Staudtia,NoData,,Staudtia,TBD,Unknown,genus,,,4,0.02,0.12,0.12,0.06,0.06,0.04,0.05,0.06,0.04,1.6,0.24,0.7,0.4,1,0.1,0.2,0.04,1.6,0.5,0.8,0.3,0.4
Staudtia kamerunensis,NoData,,Staudtia,TBD,Unknown,species,,,4,0.02,0.12,0.12,0.06,0.06,0.04,0.05,0.06,0.04,1.6,0.24,0.7,0.4,1,0.1,0.2,0.04,1.6,0.5,0.8,0.3,0.4
Steganotaenia,NoData,,Steganotaenia,TBD,Unknown,genus,,,4,0.02,0.12,0.12,0.06,0.06,0.04,0.05,0.06,0.04,1.6,0.24,0.7,0.4,1,0.1,0.2,0.04,1.6,0.5,0.8,0.3,0.4
Steganotaenia araliacea,NoData,,Steganotaenia,TBD,Unknown,species,,,4,0.02,0.12,0.12,0.06,0.06,0.04,0.05,0.06,0.04,1.6,0.24,0.7,0.4,1,0.1,0.2,0.04,1.6,0.5,0.8,0.3,0.4
Stenocarpus,NoData,,Stenocarpus,Proteaceae,Unknown,genus,,,4,0.02,0.12,0.12,0.06,0.06,0.04,0.05,0.06,0.04,1.6,0.24,0.7,0.4,1,0.1,0.2,0.04,1.6,0.5,0.8,0.3,0.4
Stenocarpus sinatus,NoData,,Stenocarpus,Proteaceae,Unknown,species,,,4,0.02,0.12,0.12,0.06,0.06,0.04,0.05,0.06,0.04,1.6,0.24,0.7,0.4,1,0.1,0.2,0.04,1.6,0.5,0.8,0.3,0.4
Stenocarpus sinuatus,NoData,,Stenocarpus,Proteaceae,Unknown,species,,,4,0.02,0.12,0.12,0.06,0.06,0.04,0.05,0.06,0.04,1.6,0.24,0.7,0.4,1,0.1,0.2,0.04,1.6,0.5,0.8,0.3,0.4
Stenocereus,NoData,,Stenocereus,TBD,Shrub,genus,from LFRDB,,4,0.02,0.12,0.12,0.06,0.06,0.04,0.05,0.06,0.04,1.6,0.24,0.7,0.4,1,0.1,0.2,0.04,1.6,0.5,0.8,0.3,0.4
Stenotopsis,NoData,,Stenotopsis,TBD,Shrub,genus,from LFRDB,,4,0.02,0.12,0.12,0.06,0.06,0.04,0.05,0.06,0.04,1.6,0.24,0.7,0.4,1,0.1,0.2,0.04,1.6,0.5,0.8,0.3,0.4
Sterculia,NoData,,Sterculia,Sterculiaceae,Unknown,genus,,,4,0.02,0.12,0.12,0.06,0.06,0.04,0.05,0.06,0.04,1.6,0.24,0.7,0.4,1,0.1,0.2,0.04,1.6,0.5,0.8,0.3,0.4
Sterculia lanceolata,NoData,,Sterculia,Sterculiaceae,Unknown,species,,,4,0.02,0.12,0.12,0.06,0.06,0.04,0.05,0.06,0.04,1.6,0.24,0.7,0.4,1,0.1,0.2,0.04,1.6,0.5,0.8,0.3,0.4
Sterculia murex,NoData,,Sterculia,Sterculiaceae,Unknown,species,,,4,0.02,0.12,0.12,0.06,0.06,0.04,0.05,0.06,0.04,1.6,0.24,0.7,0.4,1,0.1,0.2,0.04,1.6,0.5,0.8,0.3,0.4
Sterculia rhinopetala,NoData,,Sterculia,Sterculiaceae,Unknown,species,,,4,0.02,0.12,0.12,0.06,0.06,0.04,0.05,0.06,0.04,1.6,0.24,0.7,0.4,1,0.1,0.2,0.04,1.6,0.5,0.8,0.3,0.4
Sterculia setigera,NoData,sterculia,Sterculia,Sterculiaceae,Unknown,species,,,4,0.02,0.12,0.12,0.06,0.06,0.04,0.05,0.06,0.04,1.6,0.24,0.7,0.4,1,0.1,0.2,0.04,1.6,0.5,0.8,0.3,0.4
Sterculia tragacantha,NoData,sterculia,Sterculia,Sterculiaceae,Unknown,species,,,4,0.02,0.12,0.12,0.06,0.06,0.04,0.05,0.06,0.04,1.6,0.24,0.7,0.4,1,0.1,0.2,0.04,1.6,0.5,0.8,0.3,0.4
Sterculiaceae,NoData,,Sterculiaceae,Sterculiaceae,Unknown,family,,,4,0.02,0.12,0.12,0.06,0.06,0.04,0.05,0.06,0.04,1.6,0.24,0.7,0.4,1,0.1,0.2,0.04,1.6,0.5,0.8,0.3,0.4
Stewartia,NoData,,Stewartia,TBD,Shrub,genus,from LFRDB,,4,0.02,0.12,0.12,0.06,0.06,0.04,0.05,0.06,0.04,1.6,0.24,0.7,0.4,1,0.1,0.2,0.04,1.6,0.5,0.8,0.3,0.4
Stigmaphyllon,NoData,,Stigmaphyllon,Malpighiaceae,Unknown,genus,,,4,0.02,0.12,0.12,0.06,0.06,0.04,0.05,0.06,0.04,1.6,0.24,0.7,0.4,1,0.1,0.2,0.04,1.6,0.5,0.8,0.3,0.4
Stigmaphyllon hypargyreum,NoData,,Stigmaphyllon,Malpighiaceae,Unknown,species,,,4,0.02,0.12,0.12,0.06,0.06,0.04,0.05,0.06,0.04,1.6,0.24,0.7,0.4,1,0.1,0.2,0.04,1.6,0.5,0.8,0.3,0.4
Stillingia,NoData,,TBD,TBD,TBD,genus,,LF CTCOG,4,0.02,0.12,0.12,0.06,0.06,0.04,0.05,0.06,0.04,1.6,0.24,0.7,0.4,1,0.1,0.2,0.04,1.6,0.5,0.8,0.3,0.4
Stipa,NoDataLowIso,,Stipa,Poaceae,Unknown,genus,,,0.2,0.02,0.2,0.2,0.2,0.2,0.04,0.05,0.04,0.02,1.6,0.24,0.7,0.4,1,0.1,0.2,0.04,1.6,0.5,0.8,0.3,0.4
Stipa leucotricha,NoDataLowIso,,Stipa,Poaceae,Unknown,species,,,0.2,0.02,0.2,0.2,0.2,0.2,0.04,0.05,0.04,0.02,1.6,0.24,0.7,0.4,1,0.1,0.2,0.04,1.6,0.5,0.8,0.3,0.4
Stipularia,NoData,,Stipularia,TBD,Unknown,genus,,,4,0.02,0.12,0.12,0.06,0.06,0.04,0.05,0.06,0.04,1.6,0.24,0.7,0.4,1,0.1,0.2,0.04,1.6,0.5,0.8,0.3,0.4
Stipularia africana,NoData,,Stipularia,TBD,Unknown,species,,,4,0.02,0.12,0.12,0.06,0.06,0.04,0.05,0.06,0.04,1.6,0.24,0.7,0.4,1,0.1,0.2,0.04,1.6,0.5,0.8,0.3,0.4
Streblus,NoData,,Streblus,Moraceae,Unknown,genus,,,4,0.02,0.12,0.12,0.06,0.06,0.04,0.05,0.06,0.04,1.6,0.24,0.7,0.4,1,0.1,0.2,0.04,1.6,0.5,0.8,0.3,0.4
Streblus asper,NoData,,Streblus,Moraceae,Unknown,species,,,4,0.02,0.12,0.12,0.06,0.06,0.04,0.05,0.06,0.04,1.6,0.24,0.7,0.4,1,0.1,0.2,0.04,1.6,0.5,0.8,0.3,0.4
Strelitzia,NoData,,Strelitzia,Strelitziaceae,Unknown,genus,,,4,0.02,0.12,0.12,0.06,0.06,0.04,0.05,0.06,0.04,1.6,0.24,0.7,0.4,1,0.1,0.2,0.04,1.6,0.5,0.8,0.3,0.4
Strelitzia nicolai,NoData,bird-of-paradise -tree,Strelitzia,Strelitziaceae,Unknown,species,,,4,0.02,0.12,0.12,0.06,0.06,0.04,0.05,0.06,0.04,1.6,0.24,0.7,0.4,1,0.1,0.2,0.04,1.6,0.5,0.8,0.3,0.4
Strobus,PinusPinus,Synonym of Pinus,Pinus,Pinaceae,Ntr,genus,from LFRDB,,0.1,0.02,0.9,0.1,0.6,0.3,0.1,0.05,0.14,0.06,1.6,0.24,0.7,0.4,1,0.1,0.2,0.04,1.6,0.5,0.8,0.3,0.4
Strombosia,NoData,,Strombosia,TBD,Unknown,genus,,,4,0.02,0.12,0.12,0.06,0.06,0.04,0.05,0.06,0.04,1.6,0.24,0.7,0.4,1,0.1,0.2,0.04,1.6,0.5,0.8,0.3,0.4
Strombosia grandifolia,NoData,,Strombosia,TBD,Unknown,species,,,4,0.02,0.12,0.12,0.06,0.06,0.04,0.05,0.06,0.04,1.6,0.24,0.7,0.4,1,0.1,0.2,0.04,1.6,0.5,0.8,0.3,0.4
Strychnos,NoData,,Strychnos,Loganiaceae,Unknown,genus,,,4,0.02,0.12,0.12,0.06,0.06,0.04,0.05,0.06,0.04,1.6,0.24,0.7,0.4,1,0.1,0.2,0.04,1.6,0.5,0.8,0.3,0.4
Strychnos innocua,NoData,,Strychnos,Loganiaceae,Unknown,species,,,4,0.02,0.12,0.12,0.06,0.06,0.04,0.05,0.06,0.04,1.6,0.24,0.7,0.4,1,0.1,0.2,0.04,1.6,0.5,0.8,0.3,0.4
Strychnos pungens,NoData,,Strychnos,Loganiaceae,Unknown,species,,,4,0.02,0.12,0.12,0.06,0.06,0.04,0.05,0.06,0.04,1.6,0.24,0.7,0.4,1,0.1,0.2,0.04,1.6,0.5,0.8,0.3,0.4
Strychnos spionosa,NoData,,Strychnos,Loganiaceae,Unknown,species,,,4,0.02,0.12,0.12,0.06,0.06,0.04,0.05,0.06,0.04,1.6,0.24,0.7,0.4,1,0.1,0.2,0.04,1.6,0.5,0.8,0.3,0.4
Stryphnodendron,NoData,,Stryphnodendron,Fabaceae,Unknown,genus,,,4,0.02,0.12,0.12,0.06,0.06,0.04,0.05,0.06,0.04,1.6,0.24,0.7,0.4,1,0.1,0.2,0.04,1.6,0.5,0.8,0.3,0.4
Stryphnodendron microstachyum,NoData,,Stryphnodendron,Fabaceae,Unknown,species,,,4,0.02,0.12,0.12,0.06,0.06,0.04,0.05,0.06,0.04,1.6,0.24,0.7,0.4,1,0.1,0.2,0.04,1.6,0.5,0.8,0.3,0.4
Styphnolobium,NoData,,Styphnolobium,Fabaceae,Btr,genus,,,4,0.02,0.12,0.12,0.06,0.06,0.04,0.05,0.06,0.04,1.6,0.24,0.7,0.4,1,0.1,0.2,0.04,1.6,0.5,0.8,0.3,0.4
Styphnolobium japonicum,NoData,Japanese pagoda tree,Styphnolobium,Fabaceae,Btr,species,,,4,0.02,0.12,0.12,0.06,0.06,0.04,0.05,0.06,0.04,1.6,0.24,0.7,0.4,1,0.1,0.2,0.04,1.6,0.5,0.8,0.3,0.4
Styracaceae,NoData,,Styracaceae,Styracaceae,Unknown,family,,,4,0.02,0.12,0.12,0.06,0.06,0.04,0.05,0.06,0.04,1.6,0.24,0.7,0.4,1,0.1,0.2,0.04,1.6,0.5,0.8,0.3,0.4
Styrax,NoData,,Styrax,Styracaceae,Unknown,genus,,,4,0.02,0.12,0.12,0.06,0.06,0.04,0.05,0.06,0.04,1.6,0.24,0.7,0.4,1,0.1,0.2,0.04,1.6,0.5,0.8,0.3,0.4
Styrax officinalis,NoData,,Styrax,Styracaceae,Unknown,species,,,4,0.02,0.12,0.12,0.06,0.06,0.04,0.05,0.06,0.04,1.6,0.24,0.7,0.4,1,0.1,0.2,0.04,1.6,0.5,0.8,0.3,0.4
Styrax perkinsiae,NoData,,Styrax,Styracaceae,Unknown,species,,,4,0.02,0.12,0.12,0.06,0.06,0.04,0.05,0.06,0.04,1.6,0.24,0.7,0.4,1,0.1,0.2,0.04,1.6,0.5,0.8,0.3,0.4
Suaeda,NoData,,TBD,TBD,TBD,genus,,LF CTCOG,4,0.02,0.12,0.12,0.06,0.06,0.04,0.05,0.06,0.04,1.6,0.24,0.7,0.4,1,0.1,0.2,0.04,1.6,0.5,0.8,0.3,0.4
Swartzia,NoData,,Swartzia,Fabaceae,Btr,genus,,,4,0.02,0.12,0.12,0.06,0.06,0.04,0.05,0.06,0.04,1.6,0.24,0.7,0.4,1,0.1,0.2,0.04,1.6,0.5,0.8,0.3,0.4
Swida,NoData,,Swida,TBD,Shrub,genus,from LFRDB,,4,0.02,0.12,0.12,0.06,0.06,0.04,0.05,0.06,0.04,1.6,0.24,0.7,0.4,1,0.1,0.2,0.04,1.6,0.5,0.8,0.3,0.4
Swietenia,Swietenia mahagoni,,Swietenia,Meliaceae,Btr,genus,,,12,0.02,0.2,0.2,0.1,0.1,0.04,0.05,0.06,0.04,1.6,0.24,0.7,0.4,1,0.1,0.2,0.04,1.6,0.5,0.8,0.3,0.4
Swietenia mahagoni,Swietenia mahagoni,West Indian mahogany,Swietenia,Meliaceae,Btr,species,,,12,0.02,0.2,0.2,0.1,0.1,0.04,0.05,0.06,0.04,1.6,0.24,0.7,0.4,1,0.1,0.2,0.04,1.6,0.5,0.8,0.3,0.4
Syagrus,Syagrus romanzoffiana,,Syagrus,Arecaceae,Btr,genus,,,24,0.02,0.02,0.01,0.01,0.01,0.05,0.05,0.1,0.2,1.6,0.24,0.7,0.4,1,0.1,0.2,0.04,1.6,0.5,0.8,0.3,0.4
Syagrus romanzoffiana,Syagrus romanzoffiana,queen palm,Syagrus,Arecaceae,Btr,species,,,24,0.02,0.02,0.01,0.01,0.01,0.05,0.05,0.1,0.2,1.6,0.24,0.7,0.4,1,0.1,0.2,0.04,1.6,0.5,0.8,0.3,0.4
Syagrus romanzoffianum,Syagrus romanzoffiana,,Syagrus,Arecaceae,Unknown,species,,,24,0.02,0.02,0.01,0.01,0.01,0.05,0.05,0.1,0.2,1.6,0.24,0.7,0.4,1,0.1,0.2,0.04,1.6,0.5,0.8,0.3,0.4
Symphonia,NoData,,Symphonia,Clusiaceae,Unknown,genus,,,4,0.02,0.12,0.12,0.06,0.06,0.04,0.05,0.06,0.04,1.6,0.24,0.7,0.4,1,0.1,0.2,0.04,1.6,0.5,0.8,0.3,0.4
Symphonia globulifera,NoData,,Symphonia,Clusiaceae,Unknown,species,,,4,0.02,0.12,0.12,0.06,0.06,0.04,0.05,0.06,0.04,1.6,0.24,0.7,0.4,1,0.1,0.2,0.04,1.6,0.5,0.8,0.3,0.4
Symphoricarpos,NoData,,TBD,TBD,TBD,genus,,LF CTCOG,4,0.02,0.12,0.12,0.06,0.06,0.04,0.05,0.06,0.04,1.6,0.24,0.7,0.4,1,0.1,0.2,0.04,1.6,0.5,0.8,0.3,0.4
Symphoricarpus,NoData,,Symphoricarpus,TBD,Unknown,genus,,,4,0.02,0.12,0.12,0.06,0.06,0.04,0.05,0.06,0.04,1.6,0.24,0.7,0.4,1,0.1,0.2,0.04,1.6,0.5,0.8,0.3,0.4
Symphoricarpus occidentalis,NoData,,Symphoricarpus,TBD,Unknown,species,,,4,0.02,0.12,0.12,0.06,0.06,0.04,0.05,0.06,0.04,1.6,0.24,0.7,0.4,1,0.1,0.2,0.04,1.6,0.5,0.8,0.3,0.4
Symphyotrichum,NoData,,TBD,TBD,TBD,genus,,LF CTCOG,4,0.02,0.12,0.12,0.06,0.06,0.04,0.05,0.06,0.04,1.6,0.24,0.7,0.4,1,0.1,0.2,0.04,1.6,0.5,0.8,0.3,0.4
Symplocos,NoData,,Symplocos,TBD,Shrub,genus,from LFRDB,,4,0.02,0.12,0.12,0.06,0.06,0.04,0.05,0.06,0.04,1.6,0.24,0.7,0.4,1,0.1,0.2,0.04,1.6,0.5,0.8,0.3,0.4
Syncarpia,NoData,,Syncarpia,Myrtaceae,Btr,genus,,,4,0.02,0.12,0.12,0.06,0.06,0.04,0.05,0.06,0.04,1.6,0.24,0.7,0.4,1,0.1,0.2,0.04,1.6,0.5,0.8,0.3,0.4
Syncarpia glomulifera,NoData,turpentine tree,Syncarpia,Myrtaceae,Btr,species,,,4,0.02,0.12,0.12,0.06,0.06,0.04,0.05,0.06,0.04,1.6,0.24,0.7,0.4,1,0.1,0.2,0.04,1.6,0.5,0.8,0.3,0.4
Syringa,NoData,,Syringa,Oleaceae,Btr,genus,,,4,0.02,0.12,0.12,0.06,0.06,0.04,0.05,0.06,0.04,1.6,0.24,0.7,0.4,1,0.1,0.2,0.04,1.6,0.5,0.8,0.3,0.4
Syringa reticulata,NoData,Japanese tree lilac,Syringa,Oleaceae,Btr,species,,,4,0.02,0.12,0.12,0.06,0.06,0.04,0.05,0.06,0.04,1.6,0.24,0.7,0.4,1,0.1,0.2,0.04,1.6,0.5,0.8,0.3,0.4
Syringa vulgaris,NoData,common lilac,Syringa,Oleaceae,Shrub,species,,,4,0.02,0.12,0.12,0.06,0.06,0.04,0.05,0.06,0.04,1.6,0.24,0.7,0.4,1,0.1,0.2,0.04,1.6,0.5,0.8,0.3,0.4
Syzygium,NoData,,Syzygium,Myrtaceae,Btr,genus,,,4,0.02,0.12,0.12,0.06,0.06,0.04,0.05,0.06,0.04,1.6,0.24,0.7,0.4,1,0.1,0.2,0.04,1.6,0.5,0.8,0.3,0.4
Syzygium australe,NoData,syzygium,Syzygium,Myrtaceae,Btr,species,,,4,0.02,0.12,0.12,0.06,0.06,0.04,0.05,0.06,0.04,1.6,0.24,0.7,0.4,1,0.1,0.2,0.04,1.6,0.5,0.8,0.3,0.4
Syzygium balsameum,NoData,,Syzygium,Myrtaceae,Unknown,species,,,4,0.02,0.12,0.12,0.06,0.06,0.04,0.05,0.06,0.04,1.6,0.24,0.7,0.4,1,0.1,0.2,0.04,1.6,0.5,0.8,0.3,0.4
Syzygium cordatum,NoData,,Syzygium,Myrtaceae,Unknown,species,,,4,0.02,0.12,0.12,0.06,0.06,0.04,0.05,0.06,0.04,1.6,0.24,0.7,0.4,1,0.1,0.2,0.04,1.6,0.5,0.8,0.3,0.4
Syzygium cumini,NoData,Java plum,Syzygium,Myrtaceae,Btr,species,,,4,0.02,0.12,0.12,0.06,0.06,0.04,0.05,0.06,0.04,1.6,0.24,0.7,0.4,1,0.1,0.2,0.04,1.6,0.5,0.8,0.3,0.4
Syzygium fluviatile,NoData,,Syzygium,Myrtaceae,Unknown,species,,,4,0.02,0.12,0.12,0.06,0.06,0.04,0.05,0.06,0.04,1.6,0.24,0.7,0.4,1,0.1,0.2,0.04,1.6,0.5,0.8,0.3,0.4
Syzygium forrestii,NoData,,Syzygium,Myrtaceae,Unknown,species,,,4,0.02,0.12,0.12,0.06,0.06,0.04,0.05,0.06,0.04,1.6,0.24,0.7,0.4,1,0.1,0.2,0.04,1.6,0.5,0.8,0.3,0.4
Syzygium guineense,NoData,,Syzygium,Myrtaceae,Unknown,species,,,4,0.02,0.12,0.12,0.06,0.06,0.04,0.05,0.06,0.04,1.6,0.24,0.7,0.4,1,0.1,0.2,0.04,1.6,0.5,0.8,0.3,0.4
Syzygium jambos,NoData,Malabar plum,Syzygium,Myrtaceae,Btr,species,,,4,0.02,0.12,0.12,0.06,0.06,0.04,0.05,0.06,0.04,1.6,0.24,0.7,0.4,1,0.1,0.2,0.04,1.6,0.5,0.8,0.3,0.4
Syzygium latilimbum,NoData,,Syzygium,Myrtaceae,Unknown,species,,,4,0.02,0.12,0.12,0.06,0.06,0.04,0.05,0.06,0.04,1.6,0.24,0.7,0.4,1,0.1,0.2,0.04,1.6,0.5,0.8,0.3,0.4
Syzygium malaccense,NoData,Malaysian apple,Syzygium,Myrtaceae,Btr,species,,,4,0.02,0.12,0.12,0.06,0.06,0.04,0.05,0.06,0.04,1.6,0.24,0.7,0.4,1,0.1,0.2,0.04,1.6,0.5,0.8,0.3,0.4
Syzygium oblatum,NoData,,Syzygium,Myrtaceae,Unknown,species,,,4,0.02,0.12,0.12,0.06,0.06,0.04,0.05,0.06,0.04,1.6,0.24,0.7,0.4,1,0.1,0.2,0.04,1.6,0.5,0.8,0.3,0.4
Syzygium paniculatum,NoData,brush cherry,Syzygium,Myrtaceae,Unknown,species,,,4,0.02,0.12,0.12,0.06,0.06,0.04,0.05,0.06,0.04,1.6,0.24,0.7,0.4,1,0.1,0.2,0.04,1.6,0.5,0.8,0.3,0.4
Syzygium polypetaloideum,NoData,,Syzygium,Myrtaceae,Unknown,species,,,4,0.02,0.12,0.12,0.06,0.06,0.04,0.05,0.06,0.04,1.6,0.24,0.7,0.4,1,0.1,0.2,0.04,1.6,0.5,0.8,0.3,0.4
Syzygium smithii,NoData,syzygium,Syzygium,Myrtaceae,Btr,species,,,4,0.02,0.12,0.12,0.06,0.06,0.04,0.05,0.06,0.04,1.6,0.24,0.7,0.4,1,0.1,0.2,0.04,1.6,0.5,0.8,0.3,0.4
Tabebuia,NoData,,Tabebuia,Bignoniaceae,Btr,genus,,,4,0.02,0.12,0.12,0.06,0.06,0.04,0.05,0.06,0.04,1.6,0.24,0.7,0.4,1,0.1,0.2,0.04,1.6,0.5,0.8,0.3,0.4
Tabebuia avellanadae,NoData,,Tabebuia,Bignoniaceae,Btr,species,,,4,0.02,0.12,0.12,0.06,0.06,0.04,0.05,0.06,0.04,1.6,0.24,0.7,0.4,1,0.1,0.2,0.04,1.6,0.5,0.8,0.3,0.4
Tabebuia heterophylla,NoData,white cedar,Tabebuia,Bignoniaceae,Btr,species,,,4,0.02,0.12,0.12,0.06,0.06,0.04,0.05,0.06,0.04,1.6,0.24,0.7,0.4,1,0.1,0.2,0.04,1.6,0.5,0.8,0.3,0.4
Tabebuia umbellata,NoData,,Tabebuia,Bignoniaceae,Btr,species,,,4,0.02,0.12,0.12,0.06,0.06,0.04,0.05,0.06,0.04,1.6,0.24,0.7,0.4,1,0.1,0.2,0.04,1.6,0.5,0.8,0.3,0.4
Tabernaemontana,NoData,,Tabernaemontana,Apocynaceae,Unknown,genus,,,4,0.02,0.12,0.12,0.06,0.06,0.04,0.05,0.06,0.04,1.6,0.24,0.7,0.4,1,0.1,0.2,0.04,1.6,0.5,0.8,0.3,0.4
Tabernaemontana crassa,NoData,,Tabernaemontana,Apocynaceae,Unknown,species,,,4,0.02,0.12,0.12,0.06,0.06,0.04,0.05,0.06,0.04,1.6,0.24,0.7,0.4,1,0.1,0.2,0.04,1.6,0.5,0.8,0.3,0.4
Tabernaemontana elegans,NoData,,Tabernaemontana,Apocynaceae,Unknown,species,,,4,0.02,0.12,0.12,0.06,0.06,0.04,0.05,0.06,0.04,1.6,0.24,0.7,0.4,1,0.1,0.2,0.04,1.6,0.5,0.8,0.3,0.4
Tabernaemontana penduliflora,NoData,,Tabernaemontana,Apocynaceae,Unknown,species,,,4,0.02,0.12,0.12,0.06,0.06,0.04,0.05,0.06,0.04,1.6,0.24,0.7,0.4,1,0.1,0.2,0.04,1.6,0.5,0.8,0.3,0.4
Taiwania,NoData,,Taiwania,Cupressaceae,Ntr,genus,,,4,0.02,0.12,0.12,0.06,0.06,0.04,0.05,0.06,0.04,1.6,0.24,0.7,0.4,1,0.1,0.2,0.04,1.6,0.5,0.8,0.3,0.4
Taiwania cryptomerioides,NoData,Taiwania,Taiwania,Cupressaceae,Ntr,species,,,4,0.02,0.12,0.12,0.06,0.06,0.04,0.05,0.06,0.04,1.6,0.24,0.7,0.4,1,0.1,0.2,0.04,1.6,0.5,0.8,0.3,0.4
Talauma,NoData,,Talauma,TBD,Unknown,genus,,,4,0.02,0.12,0.12,0.06,0.06,0.04,0.05,0.06,0.04,1.6,0.24,0.7,0.4,1,0.1,0.2,0.04,1.6,0.5,0.8,0.3,0.4
Talauma gitingensis,NoData,,Talauma,TBD,Unknown,species,,,4,0.02,0.12,0.12,0.06,0.06,0.04,0.05,0.06,0.04,1.6,0.24,0.7,0.4,1,0.1,0.2,0.04,1.6,0.5,0.8,0.3,0.4
Talinopsis,NoData,,Talinopsis,TBD,Shrub,genus,from LFRDB,,4,0.02,0.12,0.12,0.06,0.06,0.04,0.05,0.06,0.04,1.6,0.24,0.7,0.4,1,0.1,0.2,0.04,1.6,0.5,0.8,0.3,0.4
Talipariti,NoData,,Talipariti,Malvaceae,Btr,genus,,,4,0.02,0.12,0.12,0.06,0.06,0.04,0.05,0.06,0.04,1.6,0.24,0.7,0.4,1,0.1,0.2,0.04,1.6,0.5,0.8,0.3,0.4
Talipariti elatum,NoData,,Talipariti,Malvaceae,Btr,species,,,4,0.02,0.12,0.12,0.06,0.06,0.04,0.05,0.06,0.04,1.6,0.24,0.7,0.4,1,0.1,0.2,0.04,1.6,0.5,0.8,0.3,0.4
Tamala,Cinnamomum,Synonym of Cinnamomum,Cinnamomum,Lauraceae,Btr,genus,from LFRDB,,0.05,0.02,0.1,0.6,0.2,0.02,0.02,0.05,0.01,0.001,1.6,0.24,0.7,0.4,1,0.1,0.2,0.04,1.6,0.5,0.8,0.3,0.4
Tamaricaceae,Tamarix,,Tamaricaceae,Tamaricaceae,Unknown,family,,,0.2,0.02,0.05,0.1,0.05,0.05,0.04,0.05,0.06,0.04,1.6,0.24,0.7,0.4,1,0.1,0.2,0.04,1.6,0.5,0.8,0.3,0.4
Tamarix,Tamarix,tamarisk,Tamarix,Tamaricaceae,Btr,genus,,,0.2,0.02,0.05,0.1,0.05,0.05,0.04,0.05,0.06,0.04,1.6,0.24,0.7,0.4,1,0.1,0.2,0.04,1.6,0.5,0.8,0.3,0.4
Tamarix africana,Tamarix,African tamarisk,Tamarix,Tamaricaceae,Btr,species,,,0.2,0.02,0.05,0.1,0.05,0.05,0.04,0.05,0.06,0.04,1.6,0.24,0.7,0.4,1,0.1,0.2,0.04,1.6,0.5,0.8,0.3,0.4
Tamarix aphylla,Tamarix,Athel tamarisk,Tamarix,Tamaricaceae,Btr,species,,,0.2,0.02,0.05,0.1,0.05,0.05,0.04,0.05,0.06,0.04,1.6,0.24,0.7,0.4,1,0.1,0.2,0.04,1.6,0.5,0.8,0.3,0.4
Tamarix chinensis,Tamarix,five-stamen tamarisk,Tamarix,Tamaricaceae,Btr,species,,,0.2,0.02,0.05,0.1,0.05,0.05,0.04,0.05,0.06,0.04,1.6,0.24,0.7,0.4,1,0.1,0.2,0.04,1.6,0.5,0.8,0.3,0.4
Tamarix parviflora,Tamarix,smallflower tamarisk,Tamarix,Tamaricaceae,Btr,species,,,0.2,0.02,0.05,0.1,0.05,0.05,0.04,0.05,0.06,0.04,1.6,0.24,0.7,0.4,1,0.1,0.2,0.04,1.6,0.5,0.8,0.3,0.4
Tamarix ramosissima,Tamarix,saltcedar,Tamarix,Tamaricaceae,Btr,species,,,0.2,0.02,0.05,0.1,0.05,0.05,0.04,0.05,0.06,0.04,1.6,0.24,0.7,0.4,1,0.1,0.2,0.04,1.6,0.5,0.8,0.3,0.4
Tapinanthus,NoData,,Tapinanthus,TBD,Unknown,genus,,,4,0.02,0.12,0.12,0.06,0.06,0.04,0.05,0.06,0.04,1.6,0.24,0.7,0.4,1,0.1,0.2,0.04,1.6,0.5,0.8,0.3,0.4
Tapirira,NoData,,Tapirira,Anacardiaceae,Btr,genus,,,4,0.02,0.12,0.12,0.06,0.06,0.04,0.05,0.06,0.04,1.6,0.24,0.7,0.4,1,0.1,0.2,0.04,1.6,0.5,0.8,0.3,0.4
Tapirira guianensis,NoData,,Tapirira,Anacardiaceae,Btr,species,,,4,0.02,0.12,0.12,0.06,0.06,0.04,0.05,0.06,0.04,1.6,0.24,0.7,0.4,1,0.1,0.2,0.04,1.6,0.5,0.8,0.3,0.4
Taraxacum,NoData,,TBD,TBD,TBD,genus,,LF CTCOG,4,0.02,0.12,0.12,0.06,0.06,0.04,0.05,0.06,0.04,1.6,0.24,0.7,0.4,1,0.1,0.2,0.04,1.6,0.5,0.8,0.3,0.4
Taxaceae,NoData,,Taxaceae,Taxaceae,Unknown,family,,,4,0.02,0.12,0.12,0.06,0.06,0.04,0.05,0.06,0.04,1.6,0.24,0.7,0.4,1,0.1,0.2,0.04,1.6,0.5,0.8,0.3,0.4
Taxodium,Taxodium,bald cypress,Taxodium,Cupressaceae,Ntr,genus,,,0.2,0.02,0.4,0.6,0.6,0.6,0.04,0.05,0.1,0.06,1.6,0.24,0.7,0.4,1,0.1,0.2,0.04,1.6,0.5,0.8,0.3,0.4
Taxodium distichum,Taxodium,bald cypress,Taxodium,Cupressaceae,Ntr,species,,,0.2,0.02,0.4,0.6,0.6,0.6,0.04,0.05,0.1,0.06,1.6,0.24,0.7,0.4,1,0.1,0.2,0.04,1.6,0.5,0.8,0.3,0.4
Taxodium huegelii,Taxodium,,Taxodium,Cupressaceae,Ntr,species,,,0.2,0.02,0.4,0.6,0.6,0.6,0.04,0.05,0.1,0.06,1.6,0.24,0.7,0.4,1,0.1,0.2,0.04,1.6,0.5,0.8,0.3,0.4
Taxodium mucronatum,Taxodium,Montezuma bald cypress,Taxodium,Cupressaceae,Ntr,species,,,0.2,0.02,0.4,0.6,0.6,0.6,0.04,0.05,0.1,0.06,1.6,0.24,0.7,0.4,1,0.1,0.2,0.04,1.6,0.5,0.8,0.3,0.4
Taxus,NoDataLowIso,yew,Taxus,Taxaceae,Ntr,genus,,,0.2,0.02,0.2,0.2,0.2,0.2,0.04,0.05,0.04,0.02,1.6,0.24,0.7,0.4,1,0.1,0.2,0.04,1.6,0.5,0.8,0.3,0.4
Taxus baccata,NoDataLowIso,English yew,Taxus,Taxaceae,Ntr,species,,,0.2,0.02,0.2,0.2,0.2,0.2,0.04,0.05,0.04,0.02,1.6,0.24,0.7,0.4,1,0.1,0.2,0.04,1.6,0.5,0.8,0.3,0.4
Taxus brevifolia,Taxus brevifolia,Pacific yew,Taxus,Taxaceae,Ntr,species,,,8,0.02,0.2,0.2,0.1,0.1,0.04,0.05,0.1,0.06,1.6,0.24,0.7,0.4,1,0.1,0.2,0.04,1.6,0.5,0.8,0.3,0.4
Taxus canadensis,Taxus brevifolia,Canada yew,Taxus,Taxaceae,Shrub,species,,,8,0.02,0.2,0.2,0.1,0.1,0.04,0.05,0.1,0.06,1.6,0.24,0.7,0.4,1,0.1,0.2,0.04,1.6,0.5,0.8,0.3,0.4
Tecoma,NoData,trumpetbush,Tecoma,Bignoniaceae,Btr,genus,,,4,0.02,0.12,0.12,0.06,0.06,0.04,0.05,0.06,0.04,1.6,0.24,0.7,0.4,1,0.1,0.2,0.04,1.6,0.5,0.8,0.3,0.4
Tecoma capensis,NoData,Cape honeysuckle,Tecoma,Bignoniaceae,Shrub,species,,,4,0.02,0.12,0.12,0.06,0.06,0.04,0.05,0.06,0.04,1.6,0.24,0.7,0.4,1,0.1,0.2,0.04,1.6,0.5,0.8,0.3,0.4
Tecoma stans,NoData,yellow trumpetbush,Tecoma,Bignoniaceae,Btr,species,,,4,0.02,0.12,0.12,0.06,0.06,0.04,0.05,0.06,0.04,1.6,0.24,0.7,0.4,1,0.1,0.2,0.04,1.6,0.5,0.8,0.3,0.4
Tecomaria,NoData,,Tecomaria,Bignoniaceae,Unknown,genus,,,4,0.02,0.12,0.12,0.06,0.06,0.04,0.05,0.06,0.04,1.6,0.24,0.7,0.4,1,0.1,0.2,0.04,1.6,0.5,0.8,0.3,0.4
Tecomaria capensis,NoData,,Tecomaria,Bignoniaceae,Unknown,species,,,4,0.02,0.12,0.12,0.06,0.06,0.04,0.05,0.06,0.04,1.6,0.24,0.7,0.4,1,0.1,0.2,0.04,1.6,0.5,0.8,0.3,0.4
Tectaria,NoData,,Tectaria,Dryopteridaceae,Herb,genus,,,4,0.02,0.12,0.12,0.06,0.06,0.04,0.05,0.06,0.04,1.6,0.24,0.7,0.4,1,0.1,0.2,0.04,1.6,0.5,0.8,0.3,0.4
Tectaria cicutaria,NoData,button fern,Tectaria,Dryopteridaceae,Herb,species,,,4,0.02,0.12,0.12,0.06,0.06,0.04,0.05,0.06,0.04,1.6,0.24,0.7,0.4,1,0.1,0.2,0.04,1.6,0.5,0.8,0.3,0.4
Teline,NoData,,Teline,TBD,Shrub,genus,from LFRDB,,4,0.02,0.12,0.12,0.06,0.06,0.04,0.05,0.06,0.04,1.6,0.24,0.7,0.4,1,0.1,0.2,0.04,1.6,0.5,0.8,0.3,0.4
Templetonia,NoData,,Templetonia,TBD,Unknown,genus,,,4,0.02,0.12,0.12,0.06,0.06,0.04,0.05,0.06,0.04,1.6,0.24,0.7,0.4,1,0.1,0.2,0.04,1.6,0.5,0.8,0.3,0.4
Templetonia retusa,NoData,,Templetonia,TBD,Unknown,species,,,4,0.02,0.12,0.12,0.06,0.06,0.04,0.05,0.06,0.04,1.6,0.24,0.7,0.4,1,0.1,0.2,0.04,1.6,0.5,0.8,0.3,0.4
Tephrosia,Desmanthus,,Tephrosia,Fabaceae,Shrub,genus,,,8,0.02,0.2,0.2,0.1,0.2,0.04,0.05,0.06,0.04,1.6,0.24,0.7,0.4,1,0.1,0.2,0.04,1.6,0.5,0.8,0.3,0.4
Tephrosia virginiana,Desmanthus,Virginia tephrosia,Tephrosia,Fabaceae,Shrub,species,,,8,0.02,0.2,0.2,0.1,0.2,0.04,0.05,0.06,0.04,1.6,0.24,0.7,0.4,1,0.1,0.2,0.04,1.6,0.5,0.8,0.3,0.4
Terminalia,NoData,tropical almond,Terminalia,Combretaceae,Btr,genus,,,4,0.02,0.12,0.12,0.06,0.06,0.04,0.05,0.06,0.04,1.6,0.24,0.7,0.4,1,0.1,0.2,0.04,1.6,0.5,0.8,0.3,0.4
Terminalia avicennioides,NoData,,Terminalia,Combretaceae,Unknown,species,,,4,0.02,0.12,0.12,0.06,0.06,0.04,0.05,0.06,0.04,1.6,0.24,0.7,0.4,1,0.1,0.2,0.04,1.6,0.5,0.8,0.3,0.4
Terminalia bellirica,NoData,myrobalan,Terminalia,Combretaceae,Unknown,species,,,4,0.02,0.12,0.12,0.06,0.06,0.04,0.05,0.06,0.04,1.6,0.24,0.7,0.4,1,0.1,0.2,0.04,1.6,0.5,0.8,0.3,0.4
Terminalia brachystemma,NoData,,Terminalia,Combretaceae,Unknown,species,,,4,0.02,0.12,0.12,0.06,0.06,0.04,0.05,0.06,0.04,1.6,0.24,0.7,0.4,1,0.1,0.2,0.04,1.6,0.5,0.8,0.3,0.4
Terminalia laxiflora,NoData,,Terminalia,Combretaceae,Unknown,species,,,4,0.02,0.12,0.12,0.06,0.06,0.04,0.05,0.06,0.04,1.6,0.24,0.7,0.4,1,0.1,0.2,0.04,1.6,0.5,0.8,0.3,0.4
Terminalia mantaly,NoData,,Terminalia,Combretaceae,Unknown,species,,,4,0.02,0.12,0.12,0.06,0.06,0.04,0.05,0.06,0.04,1.6,0.24,0.7,0.4,1,0.1,0.2,0.04,1.6,0.5,0.8,0.3,0.4
Terminalia prunoides,NoData,,Terminalia,Combretaceae,Unknown,species,,,4,0.02,0.12,0.12,0.06,0.06,0.04,0.05,0.06,0.04,1.6,0.24,0.7,0.4,1,0.1,0.2,0.04,1.6,0.5,0.8,0.3,0.4
Terminalia sericea,NoData,clusterleaf,Terminalia,Combretaceae,Unknown,species,,,4,0.02,0.12,0.12,0.06,0.06,0.04,0.05,0.06,0.04,1.6,0.24,0.7,0.4,1,0.1,0.2,0.04,1.6,0.5,0.8,0.3,0.4
Terminalia superba,NoData,superb terminalia,Terminalia,Combretaceae,Unknown,species,,,4,0.02,0.12,0.12,0.06,0.06,0.04,0.05,0.06,0.04,1.6,0.24,0.7,0.4,1,0.1,0.2,0.04,1.6,0.5,0.8,0.3,0.4
Terminia,NoData,,Terminia,TBD,Unknown,genus,,,4,0.02,0.12,0.12,0.06,0.06,0.04,0.05,0.06,0.04,1.6,0.24,0.7,0.4,1,0.1,0.2,0.04,1.6,0.5,0.8,0.3,0.4
Terminia myriocarpa,NoData,,Terminia,TBD,Unknown,species,,,4,0.02,0.12,0.12,0.06,0.06,0.04,0.05,0.06,0.04,1.6,0.24,0.7,0.4,1,0.1,0.2,0.04,1.6,0.5,0.8,0.3,0.4
Terminia prunoides,NoData,,Terminia,TBD,Unknown,species,,,4,0.02,0.12,0.12,0.06,0.06,0.04,0.05,0.06,0.04,1.6,0.24,0.7,0.4,1,0.1,0.2,0.04,1.6,0.5,0.8,0.3,0.4
Terminia sericea,NoData,,Terminia,TBD,Unknown,species,,,4,0.02,0.12,0.12,0.06,0.06,0.04,0.05,0.06,0.04,1.6,0.24,0.7,0.4,1,0.1,0.2,0.04,1.6,0.5,0.8,0.3,0.4
Terminia superba,NoData,,Terminia,TBD,Unknown,species,,,4,0.02,0.12,0.12,0.06,0.06,0.04,0.05,0.06,0.04,1.6,0.24,0.7,0.4,1,0.1,0.2,0.04,1.6,0.5,0.8,0.3,0.4
Ternstroemia,NoData,,Ternstroemia,Theaceae,Unknown,genus,,,4,0.02,0.12,0.12,0.06,0.06,0.04,0.05,0.06,0.04,1.6,0.24,0.7,0.4,1,0.1,0.2,0.04,1.6,0.5,0.8,0.3,0.4
Ternstroemia gymnanthera,NoData,,Ternstroemia,Theaceae,Unknown,species,,,4,0.02,0.12,0.12,0.06,0.06,0.04,0.05,0.06,0.04,1.6,0.24,0.7,0.4,1,0.1,0.2,0.04,1.6,0.5,0.8,0.3,0.4
Tetracoccus,NoData,,Tetracoccus,TBD,Shrub,genus,from LFRDB,,4,0.02,0.12,0.12,0.06,0.06,0.04,0.05,0.06,0.04,1.6,0.24,0.7,0.4,1,0.1,0.2,0.04,1.6,0.5,0.8,0.3,0.4
Tetradymia,NoData,,Tetradymia,TBD,Shrub,genus,from LFRDB,,4,0.02,0.12,0.12,0.06,0.06,0.04,0.05,0.06,0.04,1.6,0.24,0.7,0.4,1,0.1,0.2,0.04,1.6,0.5,0.8,0.3,0.4
Tetraneuris,NoData,,TBD,TBD,TBD,genus,,LF CTCOG,4,0.02,0.12,0.12,0.06,0.06,0.04,0.05,0.06,0.04,1.6,0.24,0.7,0.4,1,0.1,0.2,0.04,1.6,0.5,0.8,0.3,0.4
Tetrorchidium,NoData,,Tetrorchidium,TBD,Unknown,genus,,,4,0.02,0.12,0.12,0.06,0.06,0.04,0.05,0.06,0.04,1.6,0.24,0.7,0.4,1,0.1,0.2,0.04,1.6,0.5,0.8,0.3,0.4
Tetrorchidium didymostemon,NoData,,Tetrorchidium,TBD,Unknown,species,,,4,0.02,0.12,0.12,0.06,0.06,0.04,0.05,0.06,0.04,1.6,0.24,0.7,0.4,1,0.1,0.2,0.04,1.6,0.5,0.8,0.3,0.4
Teucrium,NoData,,TBD,TBD,TBD,genus,,LF CTCOG,4,0.02,0.12,0.12,0.06,0.06,0.04,0.05,0.06,0.04,1.6,0.24,0.7,0.4,1,0.1,0.2,0.04,1.6,0.5,0.8,0.3,0.4
Thalictrum,NoData,,TBD,TBD,TBD,genus,,LF CTCOG,4,0.02,0.12,0.12,0.06,0.06,0.04,0.05,0.06,0.04,1.6,0.24,0.7,0.4,1,0.1,0.2,0.04,1.6,0.5,0.8,0.3,0.4
Thamnosma,NoData,,Thamnosma,TBD,Shrub,genus,from LFRDB,,4,0.02,0.12,0.12,0.06,0.06,0.04,0.05,0.06,0.04,1.6,0.24,0.7,0.4,1,0.1,0.2,0.04,1.6,0.5,0.8,0.3,0.4
Theaceae,NoData,,Theaceae,Theaceae,Unknown,family,,,4,0.02,0.12,0.12,0.06,0.06,0.04,0.05,0.06,0.04,1.6,0.24,0.7,0.4,1,0.1,0.2,0.04,1.6,0.5,0.8,0.3,0.4
Thelesperma,NoData,,TBD,TBD,TBD,genus,,LF CTCOG,4,0.02,0.12,0.12,0.06,0.06,0.04,0.05,0.06,0.04,1.6,0.24,0.7,0.4,1,0.1,0.2,0.04,1.6,0.5,0.8,0.3,0.4
Thelypteris,NoData,maiden fern,Thelypteris,Thelypteridaceae,Herb,genus,,,4,0.02,0.12,0.12,0.06,0.06,0.04,0.05,0.06,0.04,1.6,0.24,0.7,0.4,1,0.1,0.2,0.04,1.6,0.5,0.8,0.3,0.4
Thelypteris decursive-pinnata,NoData,,Thelypteris,Thelypteridaceae,Unknown,species,,,4,0.02,0.12,0.12,0.06,0.06,0.04,0.05,0.06,0.04,1.6,0.24,0.7,0.4,1,0.1,0.2,0.04,1.6,0.5,0.8,0.3,0.4
Thelypteris dentata,NoData,downy maiden fern,Thelypteris,Thelypteridaceae,Herb,species,,,4,0.02,0.12,0.12,0.06,0.06,0.04,0.05,0.06,0.04,1.6,0.24,0.7,0.4,1,0.1,0.2,0.04,1.6,0.5,0.8,0.3,0.4
Thelypteris kunthii,NoData,Kunth's maiden fern,Thelypteris,Thelypteridaceae,Herb,species,,,4,0.02,0.12,0.12,0.06,0.06,0.04,0.05,0.06,0.04,1.6,0.24,0.7,0.4,1,0.1,0.2,0.04,1.6,0.5,0.8,0.3,0.4
Thelypteris plegopteri,NoData,,Thelypteris,Thelypteridaceae,Unknown,species,,,4,0.02,0.12,0.12,0.06,0.06,0.04,0.05,0.06,0.04,1.6,0.24,0.7,0.4,1,0.1,0.2,0.04,1.6,0.5,0.8,0.3,0.4
Theobroma,NoData,,Theobroma,Sterculiaceae,Btr,genus,,,4,0.02,0.12,0.12,0.06,0.06,0.04,0.05,0.06,0.04,1.6,0.24,0.7,0.4,1,0.1,0.2,0.04,1.6,0.5,0.8,0.3,0.4
Theobroma cacao,NoData,cacao,Theobroma,Sterculiaceae,Btr,species,,,4,0.02,0.12,0.12,0.06,0.06,0.04,0.05,0.06,0.04,1.6,0.24,0.7,0.4,1,0.1,0.2,0.04,1.6,0.5,0.8,0.3,0.4
Thermopsis,NoData,,TBD,TBD,TBD,genus,,LF CTCOG,4,0.02,0.12,0.12,0.06,0.06,0.04,0.05,0.06,0.04,1.6,0.24,0.7,0.4,1,0.1,0.2,0.04,1.6,0.5,0.8,0.3,0.4
Thevetia,NoData,,Thevetia,Apocynaceae,Btr,genus,,,4,0.02,0.12,0.12,0.06,0.06,0.04,0.05,0.06,0.04,1.6,0.24,0.7,0.4,1,0.1,0.2,0.04,1.6,0.5,0.8,0.3,0.4
Thevetia peruviana,NoData,luckynut,Thevetia,Apocynaceae,Btr,species,,,4,0.02,0.12,0.12,0.06,0.06,0.04,0.05,0.06,0.04,1.6,0.24,0.7,0.4,1,0.1,0.2,0.04,1.6,0.5,0.8,0.3,0.4
Thevetia thevetioides,NoData,thevetia,Thevetia,Apocynaceae,Unknown,species,,,4,0.02,0.12,0.12,0.06,0.06,0.04,0.05,0.06,0.04,1.6,0.24,0.7,0.4,1,0.1,0.2,0.04,1.6,0.5,0.8,0.3,0.4
Thlaspi,NoData,,TBD,TBD,TBD,genus,,LF CTCOG,4,0.02,0.12,0.12,0.06,0.06,0.04,0.05,0.06,0.04,1.6,0.24,0.7,0.4,1,0.1,0.2,0.04,1.6,0.5,0.8,0.3,0.4
Thomandersia,NoData,,Thomandersia,TBD,Unknown,genus,,,4,0.02,0.12,0.12,0.06,0.06,0.04,0.05,0.06,0.04,1.6,0.24,0.7,0.4,1,0.1,0.2,0.04,1.6,0.5,0.8,0.3,0.4
Thomandersia laurifolia,NoData,,Thomandersia,TBD,Unknown,species,,,4,0.02,0.12,0.12,0.06,0.06,0.04,0.05,0.06,0.04,1.6,0.24,0.7,0.4,1,0.1,0.2,0.04,1.6,0.5,0.8,0.3,0.4
Thouinia,NoData,,Thouinia,Sapindaceae,Unknown,genus,,,4,0.02,0.12,0.12,0.06,0.06,0.04,0.05,0.06,0.04,1.6,0.24,0.7,0.4,1,0.1,0.2,0.04,1.6,0.5,0.8,0.3,0.4
Thouinia portoricensis,NoData,,Thouinia,Sapindaceae,Unknown,species,,,4,0.02,0.12,0.12,0.06,0.06,0.04,0.05,0.06,0.04,1.6,0.24,0.7,0.4,1,0.1,0.2,0.04,1.6,0.5,0.8,0.3,0.4
Thrinax,Phoenix canariensis,thatch palm,Thrinax,Arecaceae,Btr,genus,,,8,0.02,0.2,0.2,0.05,0.1,0.04,0.05,0.06,0.04,1.6,0.24,0.7,0.4,1,0.1,0.2,0.04,1.6,0.5,0.8,0.3,0.4
Thrinax morrisii,NoData,Key thatch palm,Thrinax,Arecaceae,Btr,species,,,4,0.02,0.12,0.12,0.06,0.06,0.04,0.05,0.06,0.04,1.6,0.24,0.7,0.4,1,0.1,0.2,0.04,1.6,0.5,0.8,0.3,0.4
Thrinax radiata,Phoenix canariensis,,Thrinax,Arecaceae,Btr,genus,,,8,0.02,0.2,0.2,0.05,0.1,0.04,0.05,0.06,0.04,1.6,0.24,0.7,0.4,1,0.1,0.2,0.04,1.6,0.5,0.8,0.3,0.4
Thuja,Thuja,arborvitae,Thuja,Cupressaceae,Ntr,genus,,,0.2,0.02,0.2,0.1,0.2,0.2,0.04,0.05,0.1,0.06,1.6,0.24,0.7,0.4,1,0.1,0.2,0.04,1.6,0.5,0.8,0.3,0.4
Thuja occidentalis,Thuja,arborvitae,Thuja,Cupressaceae,Ntr,species,,,0.2,0.02,0.2,0.1,0.2,0.2,0.04,0.05,0.1,0.06,1.6,0.24,0.7,0.4,1,0.1,0.2,0.04,1.6,0.5,0.8,0.3,0.4
Thuja orientalis,Thuja,,Thuja,Cupressaceae,Unknown,species,,,0.2,0.02,0.2,0.1,0.2,0.2,0.04,0.05,0.1,0.06,1.6,0.24,0.7,0.4,1,0.1,0.2,0.04,1.6,0.5,0.8,0.3,0.4
Thuja plicata,Thuja,western redcedar,Thuja,Cupressaceae,Ntr,species,,,0.2,0.02,0.2,0.1,0.2,0.2,0.04,0.05,0.1,0.06,1.6,0.24,0.7,0.4,1,0.1,0.2,0.04,1.6,0.5,0.8,0.3,0.4
Thuja plicate,Thuja,,Thuja,Cupressaceae,Unknown,species,,,0.2,0.02,0.2,0.1,0.2,0.2,0.04,0.05,0.1,0.06,1.6,0.24,0.7,0.4,1,0.1,0.2,0.04,1.6,0.5,0.8,0.3,0.4
Thujopsis,NoData,,Thujopsis,Cupressaceae,Ntr,genus,,,4,0.02,0.12,0.12,0.06,0.06,0.04,0.05,0.06,0.04,1.6,0.24,0.7,0.4,1,0.1,0.2,0.04,1.6,0.5,0.8,0.3,0.4
Thujopsis dolabrata,NoData,Hiba,Thujopsis,Cupressaceae,Ntr,species,,,4,0.02,0.12,0.12,0.06,0.06,0.04,0.05,0.06,0.04,1.6,0.24,0.7,0.4,1,0.1,0.2,0.04,1.6,0.5,0.8,0.3,0.4
Thurberia,NoData,,Thurberia,TBD,Shrub,genus,from LFRDB,,4,0.02,0.12,0.12,0.06,0.06,0.04,0.05,0.06,0.04,1.6,0.24,0.7,0.4,1,0.1,0.2,0.04,1.6,0.5,0.8,0.3,0.4
Thymus,NoData,,Thymus,Lamiaceae,Shrub,genus,,,4,0.02,0.12,0.12,0.06,0.06,0.04,0.05,0.06,0.04,1.6,0.24,0.7,0.4,1,0.1,0.2,0.04,1.6,0.5,0.8,0.3,0.4
Thymus vulgaris,NoData,garden thyme,Thymus,Lamiaceae,Shrub,species,,,4,0.02,0.12,0.12,0.06,0.06,0.04,0.05,0.06,0.04,1.6,0.24,0.7,0.4,1,0.1,0.2,0.04,1.6,0.5,0.8,0.3,0.4
Thysanella,NoData,,Thysanella,TBD,Shrub,genus,from LFRDB,,4,0.02,0.12,0.12,0.06,0.06,0.04,0.05,0.06,0.04,1.6,0.24,0.7,0.4,1,0.1,0.2,0.04,1.6,0.5,0.8,0.3,0.4
Tibouchina,Nodata,,Tibouchina,Melastomataceae,Btr,genus,,,4,0.02,0.12,0.12,0.06,0.06,0.04,0.05,0.06,0.04,1.6,0.24,0.7,0.4,1,0.1,0.2,0.04,1.6,0.5,0.8,0.3,0.4
Tilia,Tilia,basswood,Tilia,Malvaceae,Btr,genus,,,0.2,0.02,0.2,0.2,0.05,0.05,0.04,0.05,0.06,0.04,1.6,0.24,0.7,0.4,1,0.1,0.2,0.04,1.6,0.5,0.8,0.3,0.4
Tilia americana,Tilia,American basswood,Tilia,Malvaceae,Btr,species,,,0.2,0.02,0.2,0.2,0.05,0.05,0.04,0.05,0.06,0.04,1.6,0.24,0.7,0.4,1,0.1,0.2,0.04,1.6,0.5,0.8,0.3,0.4
Tilia amurensis,Tilia,,Tilia,Malvaceae,Unknown,species,,,0.2,0.02,0.2,0.2,0.05,0.05,0.04,0.05,0.06,0.04,1.6,0.24,0.7,0.4,1,0.1,0.2,0.04,1.6,0.5,0.8,0.3,0.4
Tilia cordata,Tilia,littleleaf linden,Tilia,Malvaceae,Btr,species,,,0.2,0.02,0.2,0.2,0.05,0.05,0.04,0.05,0.06,0.04,1.6,0.24,0.7,0.4,1,0.1,0.2,0.04,1.6,0.5,0.8,0.3,0.4
Tilia heterophylla,Tilia,,Tilia,Malvaceae,Btr,species,,,0.2,0.02,0.2,0.2,0.05,0.05,0.04,0.05,0.06,0.04,1.6,0.24,0.7,0.4,1,0.1,0.2,0.04,1.6,0.5,0.8,0.3,0.4
Tilia mandshurica,Tilia,,Tilia,Malvaceae,Unknown,species,,,0.2,0.02,0.2,0.2,0.05,0.05,0.04,0.05,0.06,0.04,1.6,0.24,0.7,0.4,1,0.1,0.2,0.04,1.6,0.5,0.8,0.3,0.4
Tilia tomentosa,Tilia,,Tilia,Malvaceae,Btr,species,,,0.2,0.02,0.2,0.2,0.05,0.05,0.04,0.05,0.06,0.04,1.6,0.24,0.7,0.4,1,0.1,0.2,0.04,1.6,0.5,0.8,0.3,0.4
Tiliaceae,NoData,,Tiliaceae,Tiliaceae,Unknown,family,,,4,0.02,0.12,0.12,0.06,0.06,0.04,0.05,0.06,0.04,1.6,0.24,0.7,0.4,1,0.1,0.2,0.04,1.6,0.5,0.8,0.3,0.4
Tipuana,NoData,,Tipuana,Fabaceae,Unknown,genus,,,4,0.02,0.12,0.12,0.06,0.06,0.04,0.05,0.06,0.04,1.6,0.24,0.7,0.4,1,0.1,0.2,0.04,1.6,0.5,0.8,0.3,0.4
Tipuana tipu,NoData,tipa,Tipuana,Fabaceae,Unknown,species,,,4,0.02,0.12,0.12,0.06,0.06,0.04,0.05,0.06,0.04,1.6,0.24,0.7,0.4,1,0.1,0.2,0.04,1.6,0.5,0.8,0.3,0.4
Tiquilia,NoData,,TBD,TBD,TBD,genus,,LF CTCOG,4,0.02,0.12,0.12,0.06,0.06,0.04,0.05,0.06,0.04,1.6,0.24,0.7,0.4,1,0.1,0.2,0.04,1.6,0.5,0.8,0.3,0.4
Tiquiliopsis,NoData,,Tiquiliopsis,TBD,Shrub,genus,from LFRDB,,4,0.02,0.12,0.12,0.06,0.06,0.04,0.05,0.06,0.04,1.6,0.24,0.7,0.4,1,0.1,0.2,0.04,1.6,0.5,0.8,0.3,0.4
Tithymalopsis,NoData,,Tithymalopsis,TBD,Shrub,genus,from LFRDB,,4,0.02,0.12,0.12,0.06,0.06,0.04,0.05,0.06,0.04,1.6,0.24,0.7,0.4,1,0.1,0.2,0.04,1.6,0.5,0.8,0.3,0.4
Tocoyena,NoData,,Tocoyena,TBD,Unknown,genus,,,4,0.02,0.12,0.12,0.06,0.06,0.04,0.05,0.06,0.04,1.6,0.24,0.7,0.4,1,0.1,0.2,0.04,1.6,0.5,0.8,0.3,0.4
Tocoyena pittieri,NoData,,Tocoyena,TBD,Unknown,species,,,4,0.02,0.12,0.12,0.06,0.06,0.04,0.05,0.06,0.04,1.6,0.24,0.7,0.4,1,0.1,0.2,0.04,1.6,0.5,0.8,0.3,0.4
Tontelea,NoData,,Tontelea,Hyppocrateaceae,Shrub,genus,,,4,0.02,0.12,0.12,0.06,0.06,0.04,0.05,0.06,0.04,1.6,0.24,0.7,0.4,1,0.1,0.2,0.04,1.6,0.5,0.8,0.3,0.4
Tontelea richardi,NoData,,Tontelea,Hyppocrateaceae,Shrub,species,,,4,0.02,0.12,0.12,0.06,0.06,0.04,0.05,0.06,0.04,1.6,0.24,0.7,0.4,1,0.1,0.2,0.04,1.6,0.5,0.8,0.3,0.4
Toona,NoData,,Toona,Meliaceae,Btr,genus,,,4,0.02,0.12,0.12,0.06,0.06,0.04,0.05,0.06,0.04,1.6,0.24,0.7,0.4,1,0.1,0.2,0.04,1.6,0.5,0.8,0.3,0.4
Toona ciliata,NoData,Australian redcedar,Toona,Meliaceae,Btr,species,,,4,0.02,0.12,0.12,0.06,0.06,0.04,0.05,0.06,0.04,1.6,0.24,0.7,0.4,1,0.1,0.2,0.04,1.6,0.5,0.8,0.3,0.4
Torilis,NoData,,TBD,TBD,TBD,genus,,LF CTCOG,4,0.02,0.12,0.12,0.06,0.06,0.04,0.05,0.06,0.04,1.6,0.24,0.7,0.4,1,0.1,0.2,0.04,1.6,0.5,0.8,0.3,0.4
Torreya,Torreya californica,,Torreya,Taxaceae,Ntr,genus,,,0.2,0.02,0.2,0.2,0.1,0.1,0.04,0.05,0.1,0.06,1.6,0.24,0.7,0.4,1,0.1,0.2,0.04,1.6,0.5,0.8,0.3,0.4
Torreya californica,Torreya californica,California nutmeg,Torreya,Taxaceae,Ntr,species,,,0.2,0.02,0.2,0.2,0.1,0.1,0.04,0.05,0.1,0.06,1.6,0.24,0.7,0.4,1,0.1,0.2,0.04,1.6,0.5,0.8,0.3,0.4
Toumeya,NoData,,Toumeya,TBD,Shrub,genus,from LFRDB,,4,0.02,0.12,0.12,0.06,0.06,0.04,0.05,0.06,0.04,1.6,0.24,0.7,0.4,1,0.1,0.2,0.04,1.6,0.5,0.8,0.3,0.4
Toxicodendron,NoData,,Toxicodendron,Anacardiaceae,Unknown,genus,,,4,0.02,0.12,0.12,0.06,0.06,0.04,0.05,0.06,0.04,1.6,0.24,0.7,0.4,1,0.1,0.2,0.04,1.6,0.5,0.8,0.3,0.4
Toxicodendron succedaneum,NoData,wax tree,Toxicodendron,Anacardiaceae,Unknown,species,,,4,0.02,0.12,0.12,0.06,0.06,0.04,0.05,0.06,0.04,1.6,0.24,0.7,0.4,1,0.1,0.2,0.04,1.6,0.5,0.8,0.3,0.4
Toxylon,NoData,Synonym of Maclura,Maclura,Moraceae,Btr,genus,from LFRDB,,4,0.02,0.12,0.12,0.06,0.06,0.04,0.05,0.06,0.04,1.6,0.24,0.7,0.4,1,0.1,0.2,0.04,1.6,0.5,0.8,0.3,0.4
Trachelospermum,NoData,,Trachelospermum,Apocynaceae,Shrub,genus,,,4,0.02,0.12,0.12,0.06,0.06,0.04,0.05,0.06,0.04,1.6,0.24,0.7,0.4,1,0.1,0.2,0.04,1.6,0.5,0.8,0.3,0.4
Trachelospermum asiaticum var.liuliuens,NoData,trachelospermum,Trachelospermum,Apocynaceae,Shrub,species,,,4,0.02,0.12,0.12,0.06,0.06,0.04,0.05,0.06,0.04,1.6,0.24,0.7,0.4,1,0.1,0.2,0.04,1.6,0.5,0.8,0.3,0.4
Trachycarpus,NoData,,Trachycarpus,Arecaceae,Unknown,genus,,,4,0.02,0.12,0.12,0.06,0.06,0.04,0.05,0.06,0.04,1.6,0.24,0.7,0.4,1,0.1,0.2,0.04,1.6,0.5,0.8,0.3,0.4
Trachycarpus fortunei,NoData,Chinese windmill palm,Trachycarpus,Arecaceae,Unknown,species,,,4,0.02,0.12,0.12,0.06,0.06,0.04,0.05,0.06,0.04,1.6,0.24,0.7,0.4,1,0.1,0.2,0.04,1.6,0.5,0.8,0.3,0.4
Trachycarpus wagnerianus,NoData,,Trachycarpus,Arecaceae,Unknown,species,,,4,0.02,0.12,0.12,0.06,0.06,0.04,0.05,0.06,0.04,1.6,0.24,0.7,0.4,1,0.1,0.2,0.04,1.6,0.5,0.8,0.3,0.4
Tragia,NoData,,TBD,TBD,TBD,genus,,LF CTCOG,4,0.02,0.12,0.12,0.06,0.06,0.04,0.05,0.06,0.04,1.6,0.24,0.7,0.4,1,0.1,0.2,0.04,1.6,0.5,0.8,0.3,0.4
Trattinnickia,NoData,,Trattinnickia,TBD,Unknown,genus,,,4,0.02,0.12,0.12,0.06,0.06,0.04,0.05,0.06,0.04,1.6,0.24,0.7,0.4,1,0.1,0.2,0.04,1.6,0.5,0.8,0.3,0.4
Trattinnickia aspera,NoData,,Trattinnickia,TBD,Unknown,species,,,4,0.02,0.12,0.12,0.06,0.06,0.04,0.05,0.06,0.04,1.6,0.24,0.7,0.4,1,0.1,0.2,0.04,1.6,0.5,0.8,0.3,0.4
Treculia,NoData,,Treculia,Moraceae,Unknown,genus,,,4,0.02,0.12,0.12,0.06,0.06,0.04,0.05,0.06,0.04,1.6,0.24,0.7,0.4,1,0.1,0.2,0.04,1.6,0.5,0.8,0.3,0.4
Treculia africana,NoData,African breadfruit,Treculia,Moraceae,Unknown,species,,,4,0.02,0.12,0.12,0.06,0.06,0.04,0.05,0.06,0.04,1.6,0.24,0.7,0.4,1,0.1,0.2,0.04,1.6,0.5,0.8,0.3,0.4
Trema,NoData,,Trema,Ulmaceae,Unknown,genus,,,4,0.02,0.12,0.12,0.06,0.06,0.04,0.05,0.06,0.04,1.6,0.24,0.7,0.4,1,0.1,0.2,0.04,1.6,0.5,0.8,0.3,0.4
Trema guineensis,NoData,,Trema,Ulmaceae,Unknown,species,,,4,0.02,0.12,0.12,0.06,0.06,0.04,0.05,0.06,0.04,1.6,0.24,0.7,0.4,1,0.1,0.2,0.04,1.6,0.5,0.8,0.3,0.4
Trema micrantha,NoData,Jamaican nettletree,Trema,Ulmaceae,Btr,species,,,4,0.02,0.12,0.12,0.06,0.06,0.04,0.05,0.06,0.04,1.6,0.24,0.7,0.4,1,0.1,0.2,0.04,1.6,0.5,0.8,0.3,0.4
Trema orientalis,NoData,Oriental trema,Trema,Ulmaceae,Btr,species,,,4,0.02,0.12,0.12,0.06,0.06,0.04,0.05,0.06,0.04,1.6,0.24,0.7,0.4,1,0.1,0.2,0.04,1.6,0.5,0.8,0.3,0.4
Trevesia,NoData,,Trevesia,TBD,Unknown,genus,,,4,0.02,0.12,0.12,0.06,0.06,0.04,0.05,0.06,0.04,1.6,0.24,0.7,0.4,1,0.1,0.2,0.04,1.6,0.5,0.8,0.3,0.4
Trevesia palmata,NoData,,Trevesia,TBD,Unknown,species,,,4,0.02,0.12,0.12,0.06,0.06,0.04,0.05,0.06,0.04,1.6,0.24,0.7,0.4,1,0.1,0.2,0.04,1.6,0.5,0.8,0.3,0.4
Triadica,Triadica,Chinese tallow,Triadica,Euphorbiaceae,Btr,genus,,,0.2,0.02,0.05,0.05,0.05,0.05,0.04,0.05,0.06,0.04,1.6,0.24,0.7,0.4,1,0.1,0.2,0.04,1.6,0.5,0.8,0.3,0.4
Triadica sebifera,Triadica,Chinese tallow,Triadica,Euphorbiaceae,Btr,species,,,0.2,0.02,0.05,0.05,0.05,0.05,0.04,0.05,0.06,0.04,1.6,0.24,0.7,0.4,1,0.1,0.2,0.04,1.6,0.5,0.8,0.3,0.4
Trichilia,NoData,trichilia,Trichilia,Meliaceae,Btr,genus,,,4,0.02,0.12,0.12,0.06,0.06,0.04,0.05,0.06,0.04,1.6,0.24,0.7,0.4,1,0.1,0.2,0.04,1.6,0.5,0.8,0.3,0.4
Trichilia emetica,NoData,,Trichilia,Meliaceae,Unknown,species,,,4,0.02,0.12,0.12,0.06,0.06,0.04,0.05,0.06,0.04,1.6,0.24,0.7,0.4,1,0.1,0.2,0.04,1.6,0.5,0.8,0.3,0.4
Trichilia gilgiana,NoData,,Trichilia,Meliaceae,Unknown,species,,,4,0.02,0.12,0.12,0.06,0.06,0.04,0.05,0.06,0.04,1.6,0.24,0.7,0.4,1,0.1,0.2,0.04,1.6,0.5,0.8,0.3,0.4
Trichostema,NoData,,Trichostema,Lamiaceae,Shrub,genus,,,4,0.02,0.12,0.12,0.06,0.06,0.04,0.05,0.06,0.04,1.6,0.24,0.7,0.4,1,0.1,0.2,0.04,1.6,0.5,0.8,0.3,0.4
Trichostema lanatum,NoData,woolly bluecurls,Trichostema,Lamiaceae,Shrub,species,,,4,0.02,0.12,0.12,0.06,0.06,0.04,0.05,0.06,0.04,1.6,0.24,0.7,0.4,1,0.1,0.2,0.04,1.6,0.5,0.8,0.3,0.4
Trichostigma,NoData,,Trichostigma,Phytolaccaceae,Unknown,genus,,,4,0.02,0.12,0.12,0.06,0.06,0.04,0.05,0.06,0.04,1.6,0.24,0.7,0.4,1,0.1,0.2,0.04,1.6,0.5,0.8,0.3,0.4
Trichostigma octandra,NoData,,Trichostigma,Phytolaccaceae,Unknown,species,,,4,0.02,0.12,0.12,0.06,0.06,0.04,0.05,0.06,0.04,1.6,0.24,0.7,0.4,1,0.1,0.2,0.04,1.6,0.5,0.8,0.3,0.4
Tridens,NoData,,TBD,TBD,TBD,genus,,LF CTCOG,4,0.02,0.12,0.12,0.06,0.06,0.04,0.05,0.06,0.04,1.6,0.24,0.7,0.4,1,0.1,0.2,0.04,1.6,0.5,0.8,0.3,0.4
Trifolium,NoData,clover,Trifolium,Fabaceae,Shrub,genus,,,4,0.02,0.12,0.12,0.06,0.06,0.04,0.05,0.06,0.04,1.6,0.24,0.7,0.4,1,0.1,0.2,0.04,1.6,0.5,0.8,0.3,0.4
Trifolium pratense,NoData,red clover,Trifolium,Fabaceae,Herb,species,,,4,0.02,0.12,0.12,0.06,0.06,0.04,0.05,0.06,0.04,1.6,0.24,0.7,0.4,1,0.1,0.2,0.04,1.6,0.5,0.8,0.3,0.4
Trifolium repens,NoData,white clover,Trifolium,Fabaceae,Herb,species,,,4,0.02,0.12,0.12,0.06,0.06,0.04,0.05,0.06,0.04,1.6,0.24,0.7,0.4,1,0.1,0.2,0.04,1.6,0.5,0.8,0.3,0.4
Trigonostemon,NoData,,Trigonostemon,TBD,Unknown,genus,,,4,0.02,0.12,0.12,0.06,0.06,0.04,0.05,0.06,0.04,1.6,0.24,0.7,0.4,1,0.1,0.2,0.04,1.6,0.5,0.8,0.3,0.4
Trigonostemon thyrsoidium,NoData,,Trigonostemon,TBD,Unknown,species,,,4,0.02,0.12,0.12,0.06,0.06,0.04,0.05,0.06,0.04,1.6,0.24,0.7,0.4,1,0.1,0.2,0.04,1.6,0.5,0.8,0.3,0.4
Trilepisium,NoData,,Trilepisium,TBD,Unknown,genus,,,4,0.02,0.12,0.12,0.06,0.06,0.04,0.05,0.06,0.04,1.6,0.24,0.7,0.4,1,0.1,0.2,0.04,1.6,0.5,0.8,0.3,0.4
Trilepisium madagascariense,NoData,,Trilepisium,TBD,Unknown,species,,,4,0.02,0.12,0.12,0.06,0.06,0.04,0.05,0.06,0.04,1.6,0.24,0.7,0.4,1,0.1,0.2,0.04,1.6,0.5,0.8,0.3,0.4
Triplochiton,NoData,,Triplochiton,TBD,Unknown,genus,,,4,0.02,0.12,0.12,0.06,0.06,0.04,0.05,0.06,0.04,1.6,0.24,0.7,0.4,1,0.1,0.2,0.04,1.6,0.5,0.8,0.3,0.4
Triplochiton scleroxylon,NoData,,Triplochiton,TBD,Unknown,species,,,4,0.02,0.12,0.12,0.06,0.06,0.04,0.05,0.06,0.04,1.6,0.24,0.7,0.4,1,0.1,0.2,0.04,1.6,0.5,0.8,0.3,0.4
Tristania,NoData,,Tristania,Myrtaceae,Unknown,genus,,,4,0.02,0.12,0.12,0.06,0.06,0.04,0.05,0.06,0.04,1.6,0.24,0.7,0.4,1,0.1,0.2,0.04,1.6,0.5,0.8,0.3,0.4
Tristania conferta,NoData,,Tristania,Myrtaceae,Unknown,species,,,4,0.02,0.12,0.12,0.06,0.06,0.04,0.05,0.06,0.04,1.6,0.24,0.7,0.4,1,0.1,0.2,0.04,1.6,0.5,0.8,0.3,0.4
Tristania laurina,NoData,,Tristania,Myrtaceae,Unknown,species,,,4,0.02,0.12,0.12,0.06,0.06,0.04,0.05,0.06,0.04,1.6,0.24,0.7,0.4,1,0.1,0.2,0.04,1.6,0.5,0.8,0.3,0.4
Tristaniopsis,NoData,,Tristaniopsis,Myrtaceae,Unknown,genus,,,4,0.02,0.12,0.12,0.06,0.06,0.04,0.05,0.06,0.04,1.6,0.24,0.7,0.4,1,0.1,0.2,0.04,1.6,0.5,0.8,0.3,0.4
Tristaniopsis laurina,NoData,water-gum,Tristaniopsis,Myrtaceae,Unknown,species,,,4,0.02,0.12,0.12,0.06,0.06,0.04,0.05,0.06,0.04,1.6,0.24,0.7,0.4,1,0.1,0.2,0.04,1.6,0.5,0.8,0.3,0.4
Trithrinax,NoData,,Trithrinax,Arecaceae,Ntr,genus,,,4,0.02,0.12,0.12,0.06,0.06,0.04,0.05,0.06,0.04,1.6,0.24,0.7,0.4,1,0.1,0.2,0.04,1.6,0.5,0.8,0.3,0.4
Trithrinax acanthacoma,NoData,,Trithrinax,Arecaceae,Ntr,species,,,4,0.02,0.12,0.12,0.06,0.06,0.04,0.05,0.06,0.04,1.6,0.24,0.7,0.4,1,0.1,0.2,0.04,1.6,0.5,0.8,0.3,0.4
Trithrinax acanthocoma,NoData,,Trithrinax,TBD,Unknown,species,,,4,0.02,0.12,0.12,0.06,0.06,0.04,0.05,0.06,0.04,1.6,0.24,0.7,0.4,1,0.1,0.2,0.04,1.6,0.5,0.8,0.3,0.4
Triticum,NoData,wheat,Triticum,Poaceae,Crop,genus,,,4,0.02,0.12,0.12,0.06,0.06,0.04,0.05,0.06,0.04,1.6,0.24,0.7,0.4,1,0.1,0.2,0.04,1.6,0.5,0.8,0.3,0.4
Triticum aestivum,NoData,common wheat,Triticum,Poaceae,Crop,species,,,4,0.02,0.12,0.12,0.06,0.06,0.04,0.05,0.06,0.04,1.6,0.24,0.7,0.4,1,0.1,0.2,0.04,1.6,0.5,0.8,0.3,0.4
Triticum spelta,NoData,Spelt,TBD,TBD,Crop,species,,,4,0.02,0.12,0.12,0.06,0.06,0.04,0.05,0.06,0.04,1.6,0.24,0.7,0.4,1,0.1,0.2,0.04,1.6,0.5,0.8,0.3,0.4
Triticum turgidum,NoData,Durham wheat,TBD,TBD,Crop,species,,,4,0.02,0.12,0.12,0.06,0.06,0.04,0.05,0.06,0.04,1.6,0.24,0.7,0.4,1,0.1,0.2,0.04,1.6,0.5,0.8,0.3,0.4
Triticum XSecale,NoData,Tritical,TBD,TBD,Crop,species,,,4,0.02,0.12,0.12,0.06,0.06,0.04,0.05,0.06,0.04,1.6,0.24,0.7,0.4,1,0.1,0.2,0.04,1.6,0.5,0.8,0.3,0.4
Trixis,NoData,,Trixis,TBD,Shrub,genus,from LFRDB,,4,0.02,0.12,0.12,0.06,0.06,0.04,0.05,0.06,0.04,1.6,0.24,0.7,0.4,1,0.1,0.2,0.04,1.6,0.5,0.8,0.3,0.4
Tsuga,Tsuga,hemlock,Tsuga,Pinaceae,Ntr,genus,,,0.2,0.02,0.6,0.6,0.1,0.2,0.04,0.05,0.1,0.06,1.6,0.24,0.7,0.4,1,0.1,0.2,0.04,1.6,0.5,0.8,0.3,0.4
Tsuga canadensis,Tsuga,eastern hemlock,Tsuga,Pinaceae,Ntr,species,,,0.2,0.02,0.6,0.6,0.1,0.2,0.04,0.05,0.1,0.06,1.6,0.24,0.7,0.4,1,0.1,0.2,0.04,1.6,0.5,0.8,0.3,0.4
Tsuga caroliniana,Tsuga,Carolina hemlock,Tsuga,Pinaceae,Ntr,species,,,0.2,0.02,0.6,0.6,0.1,0.2,0.04,0.05,0.1,0.06,1.6,0.24,0.7,0.4,1,0.1,0.2,0.04,1.6,0.5,0.8,0.3,0.4
Tsuga heterophylla,Tsuga,western hemlock,Tsuga,Pinaceae,Ntr,species,,,0.2,0.02,0.6,0.6,0.1,0.2,0.04,0.05,0.1,0.06,1.6,0.24,0.7,0.4,1,0.1,0.2,0.04,1.6,0.5,0.8,0.3,0.4
Tsuga mertensiana,Tsuga,mountain hemlock,Tsuga,Pinaceae,Ntr,species,,,0.2,0.02,0.6,0.6,0.1,0.2,0.04,0.05,0.1,0.06,1.6,0.24,0.7,0.4,1,0.1,0.2,0.04,1.6,0.5,0.8,0.3,0.4
Tulipa,NoData,tulip,Tulipa,Liliaceae,Herb,genus,,,4,0.02,0.12,0.12,0.06,0.06,0.04,0.05,0.06,0.04,1.6,0.24,0.7,0.4,1,0.1,0.2,0.04,1.6,0.5,0.8,0.3,0.4
Tulipastrum,Magnolia,Subgenus of Magnolia,Magnolia,Magnoliaceae,Btr,genus,from LFRDB,,0.05,0.02,0.2,0.02,0.2,0.2,0.02,0.05,0.01,0.02,1.6,0.24,0.7,0.4,1,0.1,0.2,0.04,1.6,0.5,0.8,0.3,0.4
Tynnanthus,NoData,,Tynnanthus,TBD,Unknown,genus,,,4,0.02,0.12,0.12,0.06,0.06,0.04,0.05,0.06,0.04,1.6,0.24,0.7,0.4,1,0.1,0.2,0.04,1.6,0.5,0.8,0.3,0.4
Tynnanthus croatianus,NoData,,Tynnanthus,TBD,Unknown,species,,,4,0.02,0.12,0.12,0.06,0.06,0.04,0.05,0.06,0.04,1.6,0.24,0.7,0.4,1,0.1,0.2,0.04,1.6,0.5,0.8,0.3,0.4
Typha,NoData,,TBD,TBD,TBD,genus,,LF CTCOG,4,0.02,0.12,0.12,0.06,0.06,0.04,0.05,0.06,0.04,1.6,0.24,0.7,0.4,1,0.1,0.2,0.04,1.6,0.5,0.8,0.3,0.4
Tyria,NoData,,Tyria,TBD,Shrub,genus,from LFRDB,,4,0.02,0.12,0.12,0.06,0.06,0.04,0.05,0.06,0.04,1.6,0.24,0.7,0.4,1,0.1,0.2,0.04,1.6,0.5,0.8,0.3,0.4
Uapaca,NoData,,Uapaca,TBD,Unknown,genus,,,4,0.02,0.12,0.12,0.06,0.06,0.04,0.05,0.06,0.04,1.6,0.24,0.7,0.4,1,0.1,0.2,0.04,1.6,0.5,0.8,0.3,0.4
Uapaca heudelotii,NoData,,Uapaca,TBD,Unknown,species,,,4,0.02,0.12,0.12,0.06,0.06,0.04,0.05,0.06,0.04,1.6,0.24,0.7,0.4,1,0.1,0.2,0.04,1.6,0.5,0.8,0.3,0.4
Ulex,Arundo,,Ulex,Fabaceae,Shrub,genus,,,8,0.02,0.4,0.4,0.2,0.2,0.04,0.05,0.06,0.04,1.6,0.24,0.7,0.4,1,0.1,0.2,0.04,1.6,0.5,0.8,0.3,0.4
Ulex europaeus,Arundo,common gorse,Ulex,Fabaceae,Shrub,species,,,8,0.02,0.4,0.4,0.2,0.2,0.04,0.05,0.06,0.04,1.6,0.24,0.7,0.4,1,0.1,0.2,0.04,1.6,0.5,0.8,0.3,0.4
Ulex parviflorus,Arundo,,Ulex,Fabaceae,Unknown,species,,,8,0.02,0.4,0.4,0.2,0.2,0.04,0.05,0.06,0.04,1.6,0.24,0.7,0.4,1,0.1,0.2,0.04,1.6,0.5,0.8,0.3,0.4
Ulmaceae,Ulmus,,Ulmaceae,Ulmaceae,Unknown,family,,,0.05,0.02,0.05,0.2,0.05,0.2,0.04,0.05,0.06,0.04,1.6,0.24,0.7,0.4,1,0.1,0.2,0.04,1.6,0.5,0.8,0.3,0.4
Ulmus,Ulmus,elm,Ulmus,Ulmaceae,Btr,genus,,,0.05,0.02,0.05,0.2,0.05,0.2,0.04,0.05,0.06,0.04,1.6,0.24,0.7,0.4,1,0.1,0.2,0.04,1.6,0.5,0.8,0.3,0.4
Ulmus alata,Ulmus,winged elm,Ulmus,Ulmaceae,Btr,species,,,0.05,0.02,0.05,0.2,0.05,0.2,0.04,0.05,0.06,0.04,1.6,0.24,0.7,0.4,1,0.1,0.2,0.04,1.6,0.5,0.8,0.3,0.4
Ulmus americana,Ulmus,American elm,Ulmus,Ulmaceae,Btr,species,,,0.05,0.02,0.05,0.2,0.05,0.2,0.04,0.05,0.06,0.04,1.6,0.24,0.7,0.4,1,0.1,0.2,0.04,1.6,0.5,0.8,0.3,0.4
Ulmus campestris,Ulmus,,Ulmus,Ulmaceae,Unknown,species,,,0.05,0.02,0.05,0.2,0.05,0.2,0.04,0.05,0.06,0.04,1.6,0.24,0.7,0.4,1,0.1,0.2,0.04,1.6,0.5,0.8,0.3,0.4
Ulmus crassifolia,Ulmus,cedar elm,Ulmus,Ulmaceae,Btr,species,,,0.05,0.02,0.05,0.2,0.05,0.2,0.04,0.05,0.06,0.04,1.6,0.24,0.7,0.4,1,0.1,0.2,0.04,1.6,0.5,0.8,0.3,0.4
Ulmus japonica,Ulmus,,Ulmus,Ulmaceae,Unknown,species,,,0.05,0.02,0.05,0.2,0.05,0.2,0.04,0.05,0.06,0.04,1.6,0.24,0.7,0.4,1,0.1,0.2,0.04,1.6,0.5,0.8,0.3,0.4
Ulmus laciniata,Ulmus,,Ulmus,Ulmaceae,Unknown,species,,,0.05,0.02,0.05,0.2,0.05,0.2,0.04,0.05,0.06,0.04,1.6,0.24,0.7,0.4,1,0.1,0.2,0.04,1.6,0.5,0.8,0.3,0.4
Ulmus minor,Ulmus,elm,Ulmus,Ulmaceae,Btr,species,,,0.05,0.02,0.05,0.2,0.05,0.2,0.04,0.05,0.06,0.04,1.6,0.24,0.7,0.4,1,0.1,0.2,0.04,1.6,0.5,0.8,0.3,0.4
Ulmus parviflora,Ulmus,,Ulmus,Ulmaceae,Unknown,species,,,0.05,0.02,0.05,0.2,0.05,0.2,0.04,0.05,0.06,0.04,1.6,0.24,0.7,0.4,1,0.1,0.2,0.04,1.6,0.5,0.8,0.3,0.4
Ulmus parvifolia,Ulmus,Chinese elm,Ulmus,Ulmaceae,Btr,species,,,0.05,0.02,0.05,0.2,0.05,0.2,0.04,0.05,0.06,0.04,1.6,0.24,0.7,0.4,1,0.1,0.2,0.04,1.6,0.5,0.8,0.3,0.4
Ulmus procera,Ulmus,English elm,Ulmus,Ulmaceae,Btr,species,,,0.05,0.02,0.05,0.2,0.05,0.2,0.04,0.05,0.06,0.04,1.6,0.24,0.7,0.4,1,0.1,0.2,0.04,1.6,0.5,0.8,0.3,0.4
Ulmus propingua,Ulmus,,Ulmus,Ulmaceae,Unknown,species,,,0.05,0.02,0.05,0.2,0.05,0.2,0.04,0.05,0.06,0.04,1.6,0.24,0.7,0.4,1,0.1,0.2,0.04,1.6,0.5,0.8,0.3,0.4
Ulmus pumila,Ulmus,Siberian elm,Ulmus,Ulmaceae,Btr,species,,,0.05,0.02,0.05,0.2,0.05,0.2,0.04,0.05,0.06,0.04,1.6,0.24,0.7,0.4,1,0.1,0.2,0.04,1.6,0.5,0.8,0.3,0.4
Ulmus rubra,Ulmus,slippery elm,Ulmus,Ulmaceae,Btr,species,,,0.05,0.02,0.05,0.2,0.05,0.2,0.04,0.05,0.06,0.04,1.6,0.24,0.7,0.4,1,0.1,0.2,0.04,1.6,0.5,0.8,0.3,0.4
Ulmus serotina,Ulmus,September elm,Ulmus,Ulmaceae,Btr,species,,,0.05,0.02,0.05,0.2,0.05,0.2,0.04,0.05,0.06,0.04,1.6,0.24,0.7,0.4,1,0.1,0.2,0.04,1.6,0.5,0.8,0.3,0.4
Ulmus thomasii,Ulmus,rock elm,Ulmus,Ulmaceae,Btr,species,,,0.05,0.02,0.05,0.2,0.05,0.2,0.04,0.05,0.06,0.04,1.6,0.24,0.7,0.4,1,0.1,0.2,0.04,1.6,0.5,0.8,0.3,0.4
Umbelliferae,Yucca,,Umbelliferae,Umbelliferae,Unknown,family,,,0.2,0.02,0.2,0.2,0.1,0.1,0.04,0.05,0.06,0.04,1.6,0.24,0.7,0.4,1,0.1,0.2,0.04,1.6,0.5,0.8,0.3,0.4
Umbellularia,Yucca,,Umbellularia,Lauraceae,Btr,genus,,,0.2,0.02,0.2,0.2,0.1,0.1,0.04,0.05,0.06,0.04,1.6,0.24,0.7,0.4,1,0.1,0.2,0.04,1.6,0.5,0.8,0.3,0.4
Umbellularia californica,Yucca,California laurel,Umbellularia,Lauraceae,Btr,species,,,0.2,0.02,0.2,0.2,0.1,0.1,0.04,0.05,0.06,0.04,1.6,0.24,0.7,0.4,1,0.1,0.2,0.04,1.6,0.5,0.8,0.3,0.4
Ungnadia,Yucca,,Ungnadia,Sapindaceae,Btr,genus,,,0.2,0.02,0.2,0.2,0.1,0.1,0.04,0.05,0.06,0.04,1.6,0.24,0.7,0.4,1,0.1,0.2,0.04,1.6,0.5,0.8,0.3,0.4
Ungnadia speciosa,Yucca,,Ungnadia,Sapindaceae,Btr,species,,,0.2,0.02,0.2,0.2,0.1,0.1,0.04,0.05,0.06,0.04,1.6,0.24,0.7,0.4,1,0.1,0.2,0.04,1.6,0.5,0.8,0.3,0.4
Unknown,NoData,,generic tree,GF,Btr,GF,,,4,0.02,0.12,0.12,0.06,0.06,0.04,0.05,0.06,0.04,1.6,0.24,0.7,0.4,1,0.1,0.2,0.04,1.6,0.5,0.8,0.3,0.4
UNKNOWN Crop,NoData,,generic crop,GF,Unknown,GF,,,4,0.02,0.12,0.12,0.06,0.06,0.04,0.05,0.06,0.04,1.6,0.24,0.7,0.4,1,0.1,0.2,0.04,1.6,0.5,0.8,0.3,0.4
UNKNOWN Tree,NoData,,generic tree,GF,Btr,GF,,,4,0.02,0.12,0.12,0.06,0.06,0.04,0.05,0.06,0.04,1.6,0.24,0.7,0.4,1,0.1,0.2,0.04,1.6,0.5,0.8,0.3,0.4
UNKNOWN Umbellularia/Vaccinium,NoData,,generic shrub,GF,Unknown,GF,,,4,0.02,0.12,0.12,0.06,0.06,0.04,0.05,0.06,0.04,1.6,0.24,0.7,0.4,1,0.1,0.2,0.04,1.6,0.5,0.8,0.3,0.4
Urena,NoData,,Urena,Malvaceae,Shrub,genus,,,4,0.02,0.12,0.12,0.06,0.06,0.04,0.05,0.06,0.04,1.6,0.24,0.7,0.4,1,0.1,0.2,0.04,1.6,0.5,0.8,0.3,0.4
Urena lobata,NoData,Caesarweed,Urena,Malvaceae,Shrub,species,,,4,0.02,0.12,0.12,0.06,0.06,0.04,0.05,0.06,0.04,1.6,0.24,0.7,0.4,1,0.1,0.2,0.04,1.6,0.5,0.8,0.3,0.4
Urera,NoData,,Urera,Urticaceae,Btr,genus,,,4,0.02,0.12,0.12,0.06,0.06,0.04,0.05,0.06,0.04,1.6,0.24,0.7,0.4,1,0.1,0.2,0.04,1.6,0.5,0.8,0.3,0.4
Urera caracasana,NoData,flameberry,Urera,Urticaceae,Btr,species,,,4,0.02,0.12,0.12,0.06,0.06,0.04,0.05,0.06,0.04,1.6,0.24,0.7,0.4,1,0.1,0.2,0.04,1.6,0.5,0.8,0.3,0.4
Urtica,NoData,,Urtica,Urticaceae,Herb,genus,,,4,0.02,0.12,0.12,0.06,0.06,0.04,0.05,0.06,0.04,1.6,0.24,0.7,0.4,1,0.1,0.2,0.04,1.6,0.5,0.8,0.3,0.4
Urtica dioica,NoData,stinging nettle,Urtica,Urticaceae,Herb,species,,,4,0.02,0.12,0.12,0.06,0.06,0.04,0.05,0.06,0.04,1.6,0.24,0.7,0.4,1,0.1,0.2,0.04,1.6,0.5,0.8,0.3,0.4
Uva-Ursi,NoData,,Uva-Ursi,TBD,Shrub,genus,from LFRDB,,4,0.02,0.12,0.12,0.06,0.06,0.04,0.05,0.06,0.04,1.6,0.24,0.7,0.4,1,0.1,0.2,0.04,1.6,0.5,0.8,0.3,0.4
Vaccinium,GFHerb,blueberry,Vaccinium,Ericaceae,Shrub,genus,,,0.6,0.02,0.1,0.1,0.05,0.05,0.04,0.5,0.01,0.01,0.8,0.08,0.35,0.1,1,0.1,0.2,0.04,1.6,0.5,0.8,0.3,0.4
Vaccinium arboreum,GFHerb,blueberry,Vaccinium,Ericaceae,Shrub,genus,,,0.6,0.02,0.1,0.1,0.05,0.05,0.04,0.5,0.01,0.01,0.8,0.08,0.35,0.1,1,0.1,0.2,0.04,1.6,0.5,0.8,0.3,0.4
Vaccinium duclouxii,GFHerb,,Vaccinium,Ericaceae,Shrub,species,,,0.6,0.02,0.1,0.1,0.05,0.05,0.04,0.5,0.01,0.01,0.8,0.08,0.35,0.1,1,0.1,0.2,0.04,1.6,0.5,0.8,0.3,0.4
Vaccinium macrocarpon,GFHerb,Cranberry,Vaccinium,TBD,TBD,species,,,0.6,0.02,0.1,0.1,0.05,0.05,0.04,0.5,0.01,0.01,0.8,0.08,0.35,0.1,1,0.1,0.2,0.04,1.6,0.5,0.8,0.3,0.4
Vaccinium myrtillus,GFHerb,whortleberry,Vaccinium,Ericaceae,Shrub,species,,,0.6,0.02,0.1,0.1,0.05,0.05,0.04,0.5,0.01,0.01,0.8,0.08,0.35,0.1,1,0.1,0.2,0.04,1.6,0.5,0.8,0.3,0.4
Vaccinium uliginosum,GFHerb,bog blueberry,Vaccinium,Ericaceae,Shrub,species,,,0.6,0.02,0.1,0.1,0.05,0.05,0.04,0.5,0.01,0.01,0.8,0.08,0.35,0.1,1,0.1,0.2,0.04,1.6,0.5,0.8,0.3,0.4
Vaccinium vitis-idaea,GFHerb,lingonberry,Vaccinium,Ericaceae,Shrub,species,,,0.6,0.02,0.1,0.1,0.05,0.05,0.04,0.5,0.01,0.01,0.8,0.08,0.35,0.1,1,0.1,0.2,0.04,1.6,0.5,0.8,0.3,0.4
Vachellia,Vachellia,Previously Acacias,Vachellia,Fabaceae,Btr,genus,,,0.2,0.02,4,1,1,1,0.04,0.05,0.06,0.04,1.6,0.24,0.7,0.4,1,0.1,0.2,0.04,1.6,0.5,0.8,0.3,0.4
Vachellia farnesiana,NoData,,Vachellia,Fabaceae,Btr,species,,,4,0.02,0.12,0.12,0.06,0.06,0.04,0.05,0.06,0.04,1.6,0.24,0.7,0.4,1,0.1,0.2,0.04,1.6,0.5,0.8,0.3,0.4
Vanclevea,NoData,,Vanclevea,TBD,Shrub,genus,from LFRDB,,4,0.02,0.12,0.12,0.06,0.06,0.04,0.05,0.06,0.04,1.6,0.24,0.7,0.4,1,0.1,0.2,0.04,1.6,0.5,0.8,0.3,0.4
Vantanea,NoData,,Vantanea,TBD,Unknown,genus,,,4,0.02,0.12,0.12,0.06,0.06,0.04,0.05,0.06,0.04,1.6,0.24,0.7,0.4,1,0.1,0.2,0.04,1.6,0.5,0.8,0.3,0.4
Vantanea depleta,NoData,,Vantanea,TBD,Unknown,species,,,4,0.02,0.12,0.12,0.06,0.06,0.04,0.05,0.06,0.04,1.6,0.24,0.7,0.4,1,0.1,0.2,0.04,1.6,0.5,0.8,0.3,0.4
Vauquelinia,NoData,,Vauquelinia,TBD,Shrub,genus,from LFRDB,,4,0.02,0.12,0.12,0.06,0.06,0.04,0.05,0.06,0.04,1.6,0.24,0.7,0.4,1,0.1,0.2,0.04,1.6,0.5,0.8,0.3,0.4
Venegasia,NoData,,Venegasia,TBD,Shrub,genus,from LFRDB,,4,0.02,0.12,0.12,0.06,0.06,0.04,0.05,0.06,0.04,1.6,0.24,0.7,0.4,1,0.1,0.2,0.04,1.6,0.5,0.8,0.3,0.4
Verbascum,NoData,,TBD,TBD,TBD,genus,,LF CTCOG,4,0.02,0.12,0.12,0.06,0.06,0.04,0.05,0.06,0.04,1.6,0.24,0.7,0.4,1,0.1,0.2,0.04,1.6,0.5,0.8,0.3,0.4
Verbena,NoData,,Verbena,Verbenaceae,Unknown,genus,,,4,0.02,0.12,0.12,0.06,0.06,0.04,0.05,0.06,0.04,1.6,0.24,0.7,0.4,1,0.1,0.2,0.04,1.6,0.5,0.8,0.3,0.4
Verbenaceae,NoData,,Verbenaceae,Verbenaceae,Unknown,family,,,4,0.02,0.12,0.12,0.06,0.06,0.04,0.05,0.06,0.04,1.6,0.24,0.7,0.4,1,0.1,0.2,0.04,1.6,0.5,0.8,0.3,0.4
Verbesina,NoData,,TBD,TBD,TBD,genus,,LF CTCOG,4,0.02,0.12,0.12,0.06,0.06,0.04,0.05,0.06,0.04,1.6,0.24,0.7,0.4,1,0.1,0.2,0.04,1.6,0.5,0.8,0.3,0.4
Vernonia,Yucca,ironweed,Vernonia,Asteraceae,Shrub,genus,,,0.2,0.02,0.2,0.2,0.1,0.1,0.04,0.05,0.06,0.04,1.6,0.24,0.7,0.4,1,0.1,0.2,0.04,1.6,0.5,0.8,0.3,0.4
Vernonia colorata,NoData,,Vernonia,Asteraceae,Unknown,species,,,4,0.02,0.12,0.12,0.06,0.06,0.04,0.05,0.06,0.04,1.6,0.24,0.7,0.4,1,0.1,0.2,0.04,1.6,0.5,0.8,0.3,0.4
Vernonia titanophylla,NoData,,Vernonia,Asteraceae,Unknown,species,,,4,0.02,0.12,0.12,0.06,0.06,0.04,0.05,0.06,0.04,1.6,0.24,0.7,0.4,1,0.1,0.2,0.04,1.6,0.5,0.8,0.3,0.4
Viburnum,NoData,,Viburnum,Caprifoliaceae,Unknown,genus,,,4,0.02,0.12,0.12,0.06,0.06,0.04,0.05,0.06,0.04,1.6,0.24,0.7,0.4,1,0.1,0.2,0.04,1.6,0.5,0.8,0.3,0.4
Viburnum cylindricum,NoData,,Viburnum,Caprifoliaceae,Unknown,species,,,4,0.02,0.12,0.12,0.06,0.06,0.04,0.05,0.06,0.04,1.6,0.24,0.7,0.4,1,0.1,0.2,0.04,1.6,0.5,0.8,0.3,0.4
Viburnum japonicum,NoData,,Viburnum,Caprifoliaceae,Unknown,species,,,4,0.02,0.12,0.12,0.06,0.06,0.04,0.05,0.06,0.04,1.6,0.24,0.7,0.4,1,0.1,0.2,0.04,1.6,0.5,0.8,0.3,0.4
Viburnum plicatum,NoData,Japanese snowball,Viburnum,Caprifoliaceae,Shrub,species,,,4,0.02,0.12,0.12,0.06,0.06,0.04,0.05,0.06,0.04,1.6,0.24,0.7,0.4,1,0.1,0.2,0.04,1.6,0.5,0.8,0.3,0.4
Viburnum rufidulum,NoData,rusty blackhaw,Viburnum,Caprifoliaceae,Btr,species,,,4,0.02,0.12,0.12,0.06,0.06,0.04,0.05,0.06,0.04,1.6,0.24,0.7,0.4,1,0.1,0.2,0.04,1.6,0.5,0.8,0.3,0.4
Viburnum suspensum,NoData,viburnum,Viburnum,Caprifoliaceae,Shrub,species,,,4,0.02,0.12,0.12,0.06,0.06,0.04,0.05,0.06,0.04,1.6,0.24,0.7,0.4,1,0.1,0.2,0.04,1.6,0.5,0.8,0.3,0.4
Viburnum tinus,NoData,laurustinus,Viburnum,Caprifoliaceae,Shrub,species,,,4,0.02,0.12,0.12,0.06,0.06,0.04,0.05,0.06,0.04,1.6,0.24,0.7,0.4,1,0.1,0.2,0.04,1.6,0.5,0.8,0.3,0.4
Viburnum trilobum,NoData,,Viburnum,Caprifoliaceae,Unknown,species,,,4,0.02,0.12,0.12,0.06,0.06,0.04,0.05,0.06,0.04,1.6,0.24,0.7,0.4,1,0.1,0.2,0.04,1.6,0.5,0.8,0.3,0.4
Vicea,NoData,vetch,TBD,Fabaceae,TBD,species,,,4,0.02,0.12,0.12,0.06,0.06,0.04,0.05,0.06,0.04,1.6,0.24,0.7,0.4,1,0.1,0.2,0.04,1.6,0.5,0.8,0.3,0.4
Vicia,NoData,,Vicia,Fabaceae,Shrub,genus,,,4,0.02,0.12,0.12,0.06,0.06,0.04,0.05,0.06,0.04,1.6,0.24,0.7,0.4,1,0.1,0.2,0.04,1.6,0.5,0.8,0.3,0.4
Vicia faba,NoData,horsebean,Vicia,Fabaceae,Shrub,species,,,4,0.02,0.12,0.12,0.06,0.06,0.04,0.05,0.06,0.04,1.6,0.24,0.7,0.4,1,0.1,0.2,0.04,1.6,0.5,0.8,0.3,0.4
Vicia pannonica,NoData,Hungarian vetch,Vicia,Fabaceae,Shrub,species,,,4,0.02,0.12,0.12,0.06,0.06,0.04,0.05,0.06,0.04,1.6,0.24,0.7,0.4,1,0.1,0.2,0.04,1.6,0.5,0.8,0.3,0.4
Vigna,NoData,cowpea,Vigna,Fabaceae,Shrub,genus,,,4,0.02,0.12,0.12,0.06,0.06,0.04,0.05,0.06,0.04,1.6,0.24,0.7,0.4,1,0.1,0.2,0.04,1.6,0.5,0.8,0.3,0.4
Vigna unguiculata,NoData,blackeyed pea,Vigna,Fabaceae,Shrub,species,,,4,0.02,0.12,0.12,0.06,0.06,0.04,0.05,0.06,0.04,1.6,0.24,0.7,0.4,1,0.1,0.2,0.04,1.6,0.5,0.8,0.3,0.4
Viguiera,NoData,,TBD,TBD,TBD,genus,,LF CTCOG,4,0.02,0.12,0.12,0.06,0.06,0.04,0.05,0.06,0.04,1.6,0.24,0.7,0.4,1,0.1,0.2,0.04,1.6,0.5,0.8,0.3,0.4
Viorna,NoData,,Viorna,TBD,Shrub,genus,from LFRDB,,4,0.02,0.12,0.12,0.06,0.06,0.04,0.05,0.06,0.04,1.6,0.24,0.7,0.4,1,0.1,0.2,0.04,1.6,0.5,0.8,0.3,0.4
Virola,NoData,virola,Virola,Myristicaceae,Unknown,genus,,,4,0.02,0.12,0.12,0.06,0.06,0.04,0.05,0.06,0.04,1.6,0.24,0.7,0.4,1,0.1,0.2,0.04,1.6,0.5,0.8,0.3,0.4
Virola pavonis,NoData,,Virola,Myristicaceae,Unknown,species,,,4,0.02,0.12,0.12,0.06,0.06,0.04,0.05,0.06,0.04,1.6,0.24,0.7,0.4,1,0.1,0.2,0.04,1.6,0.5,0.8,0.3,0.4
Virola sebifera,NoData,virola,Virola,Myristicaceae,Unknown,species,,,4,0.02,0.12,0.12,0.06,0.06,0.04,0.05,0.06,0.04,1.6,0.24,0.7,0.4,1,0.1,0.2,0.04,1.6,0.5,0.8,0.3,0.4
Viscum,NoData,,Viscum,TBD,Shrub,genus,from LFRDB,,4,0.02,0.12,0.12,0.06,0.06,0.04,0.05,0.06,0.04,1.6,0.24,0.7,0.4,1,0.1,0.2,0.04,1.6,0.5,0.8,0.3,0.4
Vismia,NoData,,Vismia,TBD,Unknown,genus,,,4,0.02,0.12,0.12,0.06,0.06,0.04,0.05,0.06,0.04,1.6,0.24,0.7,0.4,1,0.1,0.2,0.04,1.6,0.5,0.8,0.3,0.4
Vismia guianensis,NoData,,Vismia,TBD,Unknown,species,,,4,0.02,0.12,0.12,0.06,0.06,0.04,0.05,0.06,0.04,1.6,0.24,0.7,0.4,1,0.1,0.2,0.04,1.6,0.5,0.8,0.3,0.4
Vismia japurensis,NoData,,Vismia,TBD,Unknown,species,,,4,0.02,0.12,0.12,0.06,0.06,0.04,0.05,0.06,0.04,1.6,0.24,0.7,0.4,1,0.1,0.2,0.04,1.6,0.5,0.8,0.3,0.4
Vitellaria,NoData,,Vitellaria,Sapotaceae,Unknown,genus,,,4,0.02,0.12,0.12,0.06,0.06,0.04,0.05,0.06,0.04,1.6,0.24,0.7,0.4,1,0.1,0.2,0.04,1.6,0.5,0.8,0.3,0.4
Vitellaria paradoxa,NoData,shea butter,Vitellaria,Sapotaceae,Unknown,species,,,4,0.02,0.12,0.12,0.06,0.06,0.04,0.05,0.06,0.04,1.6,0.24,0.7,0.4,1,0.1,0.2,0.04,1.6,0.5,0.8,0.3,0.4
Vitex,NoData,chastetree,Vitex,Verbenaceae,Btr,genus,,,4,0.02,0.12,0.12,0.06,0.06,0.04,0.05,0.06,0.04,1.6,0.24,0.7,0.4,1,0.1,0.2,0.04,1.6,0.5,0.8,0.3,0.4
Vitex agnus-castus,NoData,lilac chastetree,Vitex,Verbenaceae,Btr,species,,,4,0.02,0.12,0.12,0.06,0.06,0.04,0.05,0.06,0.04,1.6,0.24,0.7,0.4,1,0.1,0.2,0.04,1.6,0.5,0.8,0.3,0.4
Vitex doniana,NoData,,Vitex,Verbenaceae,Unknown,species,,,4,0.02,0.12,0.12,0.06,0.06,0.04,0.05,0.06,0.04,1.6,0.24,0.7,0.4,1,0.1,0.2,0.04,1.6,0.5,0.8,0.3,0.4
Vitex lucens,NoData,,Vitex,Verbenaceae,Btr,species,,,4,0.02,0.12,0.12,0.06,0.06,0.04,0.05,0.06,0.04,1.6,0.24,0.7,0.4,1,0.1,0.2,0.04,1.6,0.5,0.8,0.3,0.4
Vitex negundo,NoData,Chinese chastetree,Vitex,Verbenaceae,Btr,species,,,4,0.02,0.12,0.12,0.06,0.06,0.04,0.05,0.06,0.04,1.6,0.24,0.7,0.4,1,0.1,0.2,0.04,1.6,0.5,0.8,0.3,0.4
Vitex rehmanni,NoData,,Vitex,Verbenaceae,Unknown,species,,,4,0.02,0.12,0.12,0.06,0.06,0.04,0.05,0.06,0.04,1.6,0.24,0.7,0.4,1,0.1,0.2,0.04,1.6,0.5,0.8,0.3,0.4
Vitis,NoData,grape,Vitis,Vitaceae,Shrub,genus,,,4,0.02,0.12,0.12,0.06,0.06,0.04,0.05,0.06,0.04,1.6,0.24,0.7,0.4,1,0.1,0.2,0.04,1.6,0.5,0.8,0.3,0.4
Vitis coignetiae,NoData,,Vitis,Vitaceae,Unknown,species,,,4,0.02,0.12,0.12,0.06,0.06,0.04,0.05,0.06,0.04,1.6,0.24,0.7,0.4,1,0.1,0.2,0.04,1.6,0.5,0.8,0.3,0.4
Vitis tiliifolia,NoData,West Indian grape,Vitis,Vitaceae,Shrub,species,,,4,0.02,0.12,0.12,0.06,0.06,0.04,0.05,0.06,0.04,1.6,0.24,0.7,0.4,1,0.1,0.2,0.04,1.6,0.5,0.8,0.3,0.4
Vitis vinifera,NoData,wine grape,Vitis,Vitaceae,Shrub,species,,,4,0.02,0.12,0.12,0.06,0.06,0.04,0.05,0.06,0.04,1.6,0.24,0.7,0.4,1,0.1,0.2,0.04,1.6,0.5,0.8,0.3,0.4
Vochysia,NoData,,Vochysia,Vochysiaceae,Btr,genus,,,4,0.02,0.12,0.12,0.06,0.06,0.04,0.05,0.06,0.04,1.6,0.24,0.7,0.4,1,0.1,0.2,0.04,1.6,0.5,0.8,0.3,0.4
Vochysia ferruginea,NoData,,Vochysia,Vochysiaceae,Btr,species,,,4,0.02,0.12,0.12,0.06,0.06,0.04,0.05,0.06,0.04,1.6,0.24,0.7,0.4,1,0.1,0.2,0.04,1.6,0.5,0.8,0.3,0.4
Vulpia,NoData,,TBD,TBD,TBD,genus,,LF CTCOG,4,0.02,0.12,0.12,0.06,0.06,0.04,0.05,0.06,0.04,1.6,0.24,0.7,0.4,1,0.1,0.2,0.04,1.6,0.5,0.8,0.3,0.4
Wallia,Juglans,Synonym of Juglans,Juglans,Juglandaceae,Btr,genus,from LFRDB,,0.2,0.02,0.2,0.02,0.1,0.2,0.04,0.05,0.06,0.04,1.6,0.24,0.7,0.4,1,0.1,0.2,0.04,1.6,0.5,0.8,0.3,0.4
Wallichia,NoData,,Wallichia,TBD,Unknown,genus,,,4,0.02,0.12,0.12,0.06,0.06,0.04,0.05,0.06,0.04,1.6,0.24,0.7,0.4,1,0.1,0.2,0.04,1.6,0.5,0.8,0.3,0.4
Wallichia caryotoides,NoData,,Wallichia,TBD,Unknown,species,,,4,0.02,0.12,0.12,0.06,0.06,0.04,0.05,0.06,0.04,1.6,0.24,0.7,0.4,1,0.1,0.2,0.04,1.6,0.5,0.8,0.3,0.4
Wallichia densiflora,NoData,,Wallichia,TBD,Unknown,species,,,4,0.02,0.12,0.12,0.06,0.06,0.04,0.05,0.06,0.04,1.6,0.24,0.7,0.4,1,0.1,0.2,0.04,1.6,0.5,0.8,0.3,0.4
Warscewiczia,NoData,,Warscewiczia,TBD,Unknown,genus,,,4,0.02,0.12,0.12,0.06,0.06,0.04,0.05,0.06,0.04,1.6,0.24,0.7,0.4,1,0.1,0.2,0.04,1.6,0.5,0.8,0.3,0.4
Warscewiczia coccinea,NoData,,Warscewiczia,TBD,Unknown,species,,,4,0.02,0.12,0.12,0.06,0.06,0.04,0.05,0.06,0.04,1.6,0.24,0.7,0.4,1,0.1,0.2,0.04,1.6,0.5,0.8,0.3,0.4
Washingtonia,Sabal,fan palm,Washingtonia,Arecaceae,Btr,genus,,,8,0.02,0.2,0.2,0.05,0.05,0.02,0.05,0.06,0.04,1.6,0.24,0.7,0.4,1,0.1,0.2,0.04,1.6,0.5,0.8,0.3,0.4
Washingtonia filifera,Sabal,California fan palm,Washingtonia,Arecaceae,Btr,species,,,8,0.02,0.2,0.2,0.05,0.05,0.02,0.05,0.06,0.04,1.6,0.24,0.7,0.4,1,0.1,0.2,0.04,1.6,0.5,0.8,0.3,0.4
Washingtonia robusta,Sabal,Washington fan palm,Washingtonia,Arecaceae,Btr,species,,,8,0.02,0.2,0.2,0.05,0.05,0.02,0.05,0.06,0.04,1.6,0.24,0.7,0.4,1,0.1,0.2,0.04,1.6,0.5,0.8,0.3,0.4
Welfia,Sabal,,Welfia,Arecaceae,Unknown,genus,,,8,0.02,0.2,0.2,0.05,0.05,0.02,0.05,0.06,0.04,1.6,0.24,0.7,0.4,1,0.1,0.2,0.04,1.6,0.5,0.8,0.3,0.4
Welfia georgii,Sabal,,Welfia,Arecaceae,Unknown,species,,,8,0.02,0.2,0.2,0.05,0.05,0.02,0.05,0.06,0.04,1.6,0.24,0.7,0.4,1,0.1,0.2,0.04,1.6,0.5,0.8,0.3,0.4
Whipplea,NoData,,Whipplea,TBD,Shrub,genus,from LFRDB,,4,0.02,0.12,0.12,0.06,0.06,0.04,0.05,0.06,0.04,1.6,0.24,0.7,0.4,1,0.1,0.2,0.04,1.6,0.5,0.8,0.3,0.4
Wisteria,NoData,wisteria,Wisteria,Fabaceae,Shrub,genus,,,4,0.02,0.12,0.12,0.06,0.06,0.04,0.05,0.06,0.04,1.6,0.24,0.7,0.4,1,0.1,0.2,0.04,1.6,0.5,0.8,0.3,0.4
Wisteria floribunda,NoData,Japanese wisteria,Wisteria,Fabaceae,Shrub,species,,,4,0.02,0.12,0.12,0.06,0.06,0.04,0.05,0.06,0.04,1.6,0.24,0.7,0.4,1,0.1,0.2,0.04,1.6,0.5,0.8,0.3,0.4
Wisteria sinensis,NoData,Chinese wisteria,Wisteria,Fabaceae,Shrub,species,,,4,0.02,0.12,0.12,0.06,0.06,0.04,0.05,0.06,0.04,1.6,0.24,0.7,0.4,1,0.1,0.2,0.04,1.6,0.5,0.8,0.3,0.4
Wodyetia,NoData,,Wodyetia,Arecaceae,Btr,genus,,,4,0.02,0.12,0.12,0.06,0.06,0.04,0.05,0.06,0.04,1.6,0.24,0.7,0.4,1,0.1,0.2,0.04,1.6,0.5,0.8,0.3,0.4
Wodyetia bifurcata,NoData,,Wodyetia,Arecaceae,Btr,species,,,4,0.02,0.12,0.12,0.06,0.06,0.04,0.05,0.06,0.04,1.6,0.24,0.7,0.4,1,0.1,0.2,0.04,1.6,0.5,0.8,0.3,0.4
Woodfordia,NoData,,Woodfordia,TBD,Unknown,genus,,,4,0.02,0.12,0.12,0.06,0.06,0.04,0.05,0.06,0.04,1.6,0.24,0.7,0.4,1,0.1,0.2,0.04,1.6,0.5,0.8,0.3,0.4
Woodfordia fruticosa,NoData,,Woodfordia,TBD,Unknown,species,,,4,0.02,0.12,0.12,0.06,0.06,0.04,0.05,0.06,0.04,1.6,0.24,0.7,0.4,1,0.1,0.2,0.04,1.6,0.5,0.8,0.3,0.4
Wyethia,NoData,mule-ears,Wyethia,Asteraceae,Herb,genus,,,4,0.02,0.12,0.12,0.06,0.06,0.04,0.05,0.06,0.04,1.6,0.24,0.7,0.4,1,0.1,0.2,0.04,1.6,0.5,0.8,0.3,0.4
Xanthium,NoData,,TBD,TBD,TBD,genus,,LF CTCOG,4,0.02,0.12,0.12,0.06,0.06,0.04,0.05,0.06,0.04,1.6,0.24,0.7,0.4,1,0.1,0.2,0.04,1.6,0.5,0.8,0.3,0.4
Xanthocephalum,NoData,,Xanthocephalum,Asteraceae,Unknown,genus,,,4,0.02,0.12,0.12,0.06,0.06,0.04,0.05,0.06,0.04,1.6,0.24,0.7,0.4,1,0.1,0.2,0.04,1.6,0.5,0.8,0.3,0.4
Xanthocephalum dracuna,NoData,,Xanthocephalum,Asteraceae,Unknown,species,,,4,0.02,0.12,0.12,0.06,0.06,0.04,0.05,0.06,0.04,1.6,0.24,0.7,0.4,1,0.1,0.2,0.04,1.6,0.5,0.8,0.3,0.4
Xanthocercis,NoData,,Xanthocercis,TBD,Unknown,genus,,,4,0.02,0.12,0.12,0.06,0.06,0.04,0.05,0.06,0.04,1.6,0.24,0.7,0.4,1,0.1,0.2,0.04,1.6,0.5,0.8,0.3,0.4
Xanthocercis zambesiaca,NoData,,Xanthocercis,TBD,Unknown,species,,,4,0.02,0.12,0.12,0.06,0.06,0.04,0.05,0.06,0.04,1.6,0.24,0.7,0.4,1,0.1,0.2,0.04,1.6,0.5,0.8,0.3,0.4
Xanthocyparis,Chamaecyparis,Synonym of Chamaecyparis,Chamaecyparis,Cupressaceae,Ntr,genus,from LFRDB,,0.2,0.02,0.4,0.2,0.02,0.05,0.04,0.05,0.1,0.06,1.6,0.24,0.7,0.4,1,0.1,0.2,0.04,1.6,0.5,0.8,0.3,0.4
Xanthorhiza,NoData,,Xanthorhiza,TBD,Shrub,genus,from LFRDB,,4,0.02,0.12,0.12,0.06,0.06,0.04,0.05,0.06,0.04,1.6,0.24,0.7,0.4,1,0.1,0.2,0.04,1.6,0.5,0.8,0.3,0.4
Ximenia,NoData,,Ximenia,Olacaceae,Unknown,genus,,,4,0.02,0.12,0.12,0.06,0.06,0.04,0.05,0.06,0.04,1.6,0.24,0.7,0.4,1,0.1,0.2,0.04,1.6,0.5,0.8,0.3,0.4
Xolisma,NoData,,Xolisma,TBD,Shrub,genus,from LFRDB,,4,0.02,0.12,0.12,0.06,0.06,0.04,0.05,0.06,0.04,1.6,0.24,0.7,0.4,1,0.1,0.2,0.04,1.6,0.5,0.8,0.3,0.4
Xylia,NoData,,Xylia,Fabaceae,Unknown,genus,,,4,0.02,0.12,0.12,0.06,0.06,0.04,0.05,0.06,0.04,1.6,0.24,0.7,0.4,1,0.1,0.2,0.04,1.6,0.5,0.8,0.3,0.4
Xylia torreana,NoData,,Xylia,Fabaceae,Unknown,species,,,4,0.02,0.12,0.12,0.06,0.06,0.04,0.05,0.06,0.04,1.6,0.24,0.7,0.4,1,0.1,0.2,0.04,1.6,0.5,0.8,0.3,0.4
Xylococcus,NoData,,Xylococcus,TBD,Shrub,genus,from LFRDB,,4,0.02,0.12,0.12,0.06,0.06,0.04,0.05,0.06,0.04,1.6,0.24,0.7,0.4,1,0.1,0.2,0.04,1.6,0.5,0.8,0.3,0.4
Xylopia,NoData,,Xylopia,Annonaceae,Unknown,genus,,,4,0.02,0.12,0.12,0.06,0.06,0.04,0.05,0.06,0.04,1.6,0.24,0.7,0.4,1,0.1,0.2,0.04,1.6,0.5,0.8,0.3,0.4
Xylopia frutescens,NoData,pimientillo,Xylopia,Annonaceae,Unknown,species,,,4,0.02,0.12,0.12,0.06,0.06,0.04,0.05,0.06,0.04,1.6,0.24,0.7,0.4,1,0.1,0.2,0.04,1.6,0.5,0.8,0.3,0.4
Xylopia hypolampra,NoData,,Xylopia,Annonaceae,Unknown,species,,,4,0.02,0.12,0.12,0.06,0.06,0.04,0.05,0.06,0.04,1.6,0.24,0.7,0.4,1,0.1,0.2,0.04,1.6,0.5,0.8,0.3,0.4
Xylopia mildbraedii,NoData,,Xylopia,Annonaceae,Unknown,species,,,4,0.02,0.12,0.12,0.06,0.06,0.04,0.05,0.06,0.04,1.6,0.24,0.7,0.4,1,0.1,0.2,0.04,1.6,0.5,0.8,0.3,0.4
Xylorhiza,NoData,,Xylorhiza,TBD,Shrub,genus,from LFRDB,,4,0.02,0.12,0.12,0.06,0.06,0.04,0.05,0.06,0.04,1.6,0.24,0.7,0.4,1,0.1,0.2,0.04,1.6,0.5,0.8,0.3,0.4
Xylosma,NoData,xylosma,Xylosma,Flacourtiaceae,Btr,genus,,,4,0.02,0.12,0.12,0.06,0.06,0.04,0.05,0.06,0.04,1.6,0.24,0.7,0.4,1,0.1,0.2,0.04,1.6,0.5,0.8,0.3,0.4
Xylosma congestum,NoData,dense logwood,Xylosma,Flacourtiaceae,Btr,species,,,4,0.02,0.12,0.12,0.06,0.06,0.04,0.05,0.06,0.04,1.6,0.24,0.7,0.4,1,0.1,0.2,0.04,1.6,0.5,0.8,0.3,0.4
Xylosteon,NoData,,Xylosteon,TBD,Shrub,genus,from LFRDB,,4,0.02,0.12,0.12,0.06,0.06,0.04,0.05,0.06,0.04,1.6,0.24,0.7,0.4,1,0.1,0.2,0.04,1.6,0.5,0.8,0.3,0.4
Xylosteum,NoData,,Xylosteum,TBD,Shrub,genus,from LFRDB,,4,0.02,0.12,0.12,0.06,0.06,0.04,0.05,0.06,0.04,1.6,0.24,0.7,0.4,1,0.1,0.2,0.04,1.6,0.5,0.8,0.3,0.4
Xylothamia,NoData,,Xylothamia,TBD,Shrub,genus,from LFRDB,,4,0.02,0.12,0.12,0.06,0.06,0.04,0.05,0.06,0.04,1.6,0.24,0.7,0.4,1,0.1,0.2,0.04,1.6,0.5,0.8,0.3,0.4
Yucca,Yucca,yucca,Yucca,Agavaceae,Btr,genus,,,0.2,0.02,0.2,0.2,0.1,0.1,0.04,0.05,0.06,0.04,1.6,0.24,0.7,0.4,1,0.1,0.2,0.04,1.6,0.5,0.8,0.3,0.4
Yucca aloifolia,Yucca,aloe yucca,Yucca,Agavaceae,Btr,species,,,0.2,0.02,0.2,0.2,0.1,0.1,0.04,0.05,0.06,0.04,1.6,0.24,0.7,0.4,1,0.1,0.2,0.04,1.6,0.5,0.8,0.3,0.4
Yucca brevifolia,Yucca,Joshua tree,Yucca,Agavaceae,Btr,species,,,0.2,0.02,0.2,0.2,0.1,0.1,0.04,0.05,0.06,0.04,1.6,0.24,0.7,0.4,1,0.1,0.2,0.04,1.6,0.5,0.8,0.3,0.4
Yucca elephantipes,Yucca,yucca,Yucca,Agavaceae,Btr,species,,,0.2,0.02,0.2,0.2,0.1,0.1,0.04,0.05,0.06,0.04,1.6,0.24,0.7,0.4,1,0.1,0.2,0.04,1.6,0.5,0.8,0.3,0.4
Yucca gloriosa,Yucca,moundlily yucca,Yucca,Agavaceae,Btr,species,,,0.2,0.02,0.2,0.2,0.1,0.1,0.04,0.05,0.06,0.04,1.6,0.24,0.7,0.4,1,0.1,0.2,0.04,1.6,0.5,0.8,0.3,0.4
Yucca schidigera,Yucca,Mojave yucca,Yucca,Agavaceae,Btr,species,,,0.2,0.02,0.2,0.2,0.1,0.1,0.04,0.05,0.06,0.04,1.6,0.24,0.7,0.4,1,0.1,0.2,0.04,1.6,0.5,0.8,0.3,0.4
Zamia,NoData,,Zamia,Zamiaceae,Unknown,genus,,,4,0.02,0.12,0.12,0.06,0.06,0.04,0.05,0.06,0.04,1.6,0.24,0.7,0.4,1,0.1,0.2,0.04,1.6,0.5,0.8,0.3,0.4
Zamia floridana,NoData,,Zamia,Zamiaceae,Unknown,species,,,4,0.02,0.12,0.12,0.06,0.06,0.04,0.05,0.06,0.04,1.6,0.24,0.7,0.4,1,0.1,0.2,0.04,1.6,0.5,0.8,0.3,0.4
Zanthoxylum,NoData,,Zanthoxylum,Rutaceae,Btr,genus,,,4,0.02,0.12,0.12,0.06,0.06,0.04,0.05,0.06,0.04,1.6,0.24,0.7,0.4,1,0.1,0.2,0.04,1.6,0.5,0.8,0.3,0.4
Zanthoxylum clava-herculis,NoData,lime pricklyash,Zanthoxylum,Rutaceae,Btr,species,,,4,0.02,0.12,0.12,0.06,0.06,0.04,0.05,0.06,0.04,1.6,0.24,0.7,0.4,1,0.1,0.2,0.04,1.6,0.5,0.8,0.3,0.4
Zanthoxylum fagara,NoData,lime pricklyash,Zanthoxylum,Rutaceae,Btr,species,,,4,0.02,0.12,0.12,0.06,0.06,0.04,0.05,0.06,0.04,1.6,0.24,0.7,0.4,1,0.1,0.2,0.04,1.6,0.5,0.8,0.3,0.4
Zea,NoDataLowIso,,Zea,Poaceae,Crop,genus,,,0.2,0.02,0.2,0.2,0.2,0.2,0.04,0.05,0.04,0.02,1.6,0.24,0.7,0.4,1,0.1,0.2,0.04,1.6,0.5,0.8,0.3,0.4
Zea mays,NoDataLowIso,corn,Zea,Poaceae,Crop,species,,,0.2,0.02,0.2,0.2,0.2,0.2,0.04,0.05,0.04,0.02,1.6,0.24,0.7,0.4,1,0.1,0.2,0.04,1.6,0.5,0.8,0.3,0.4
Zelkova,Zelkova,,Zelkova,Ulmaceae,Btr,genus,,,0.01,0.02,0.005,0.005,0.005,0.005,0.005,0.05,0.005,0.005,1.6,0.24,0.7,0.4,1,0.1,0.2,0.04,1.6,0.5,0.8,0.3,0.4
Zelkova serrata,Zelkova,Japanese zelkova,Zelkova,Ulmaceae,Btr,species,,,0.01,0.02,0.005,0.005,0.005,0.005,0.005,0.05,0.005,0.005,1.6,0.24,0.7,0.4,1,0.1,0.2,0.04,1.6,0.5,0.8,0.3,0.4
Zenia,NoData,,Zenia,TBD,Unknown,genus,,,4,0.02,0.12,0.12,0.06,0.06,0.04,0.05,0.06,0.04,1.6,0.24,0.7,0.4,1,0.1,0.2,0.04,1.6,0.5,0.8,0.3,0.4
Zenia insignis,NoData,,Zenia,TBD,Unknown,species,,,4,0.02,0.12,0.12,0.06,0.06,0.04,0.05,0.06,0.04,1.6,0.24,0.7,0.4,1,0.1,0.2,0.04,1.6,0.5,0.8,0.3,0.4
Zenobia,NoData,,Zenobia,TBD,Shrub,genus,from LFRDB,,4,0.02,0.12,0.12,0.06,0.06,0.04,0.05,0.06,0.04,1.6,0.24,0.7,0.4,1,0.1,0.2,0.04,1.6,0.5,0.8,0.3,0.4
Zexmenia,NoData,,Zexmenia,TBD,Shrub,genus,from LFRDB,,4,0.02,0.12,0.12,0.06,0.06,0.04,0.05,0.06,0.04,1.6,0.24,0.7,0.4,1,0.1,0.2,0.04,1.6,0.5,0.8,0.3,0.4
Zinnia,NoData,,TBD,TBD,TBD,genus,,LF CTCOG,4,0.02,0.12,0.12,0.06,0.06,0.04,0.05,0.06,0.04,1.6,0.24,0.7,0.4,1,0.1,0.2,0.04,1.6,0.5,0.8,0.3,0.4
Zizania,NoData,,TBD,TBD,TBD,genus,,LF CTCOG,4,0.02,0.12,0.12,0.06,0.06,0.04,0.05,0.06,0.04,1.6,0.24,0.7,0.4,1,0.1,0.2,0.04,1.6,0.5,0.8,0.3,0.4
Ziziphus,Ziziphus jujuba,,Ziziphus,Rhamnaceae,Btr,genus,,,1.8,0.02,0.4,0.4,0.2,0.2,0.04,0.05,0.06,0.04,1.6,0.24,0.7,0.4,1,0.1,0.2,0.04,1.6,0.5,0.8,0.3,0.4
Ziziphus jujuba,Ziziphus jujuba,,Ziziphus,Rhamnaceae,Btr,species,,,1.8,0.02,0.4,0.4,0.2,0.2,0.04,0.05,0.06,0.04,1.6,0.24,0.7,0.4,1,0.1,0.2,0.04,1.6,0.5,0.8,0.3,0.4
Ziziphus mucronata,Ziziphus jujuba,,Ziziphus,Rhamnaceae,Unknown,species,,,1.8,0.02,0.4,0.4,0.2,0.2,0.04,0.05,0.06,0.04,1.6,0.24,0.7,0.4,1,0.1,0.2,0.04,1.6,0.5,0.8,0.3,0.4
Ziziphus obtusifolia,Ziziphus jujuba,lotebush,Ziziphus,Rhamnaceae,Btr,species,,,1.8,0.02,0.4,0.4,0.2,0.2,0.04,0.05,0.06,0.04,1.6,0.24,0.7,0.4,1,0.1,0.2,0.04,1.6,0.5,0.8,0.3,0.4
Ziziphus rivularis,Ziziphus jujuba,,Ziziphus,Rhamnaceae,Unknown,species,,,1.8,0.02,0.4,0.4,0.2,0.2,0.04,0.05,0.06,0.04,1.6,0.24,0.7,0.4,1,0.1,0.2,0.04,1.6,0.5,0.8,0.3,0.4
Zuckia,NoData,,Zuckia,TBD,Shrub,genus,from LFRDB,,4,0.02,0.12,0.12,0.06,0.06,0.04,0.05,0.06,0.04,1.6,0.24,0.7,0.4,1,0.1,0.2,0.04,1.6,0.5,0.8,0.3,0.4
Zuelania,NoData,,Zuelania,TBD,Unknown,genus,,,4,0.02,0.12,0.12,0.06,0.06,0.04,0.05,0.06,0.04,1.6,0.24,0.7,0.4,1,0.1,0.2,0.04,1.6,0.5,0.8,0.3,0.4
Zuelania guidonia,NoData,,Zuelania,TBD,Unknown,species,,,4,0.02,0.12,0.12,0.06,0.06,0.04,0.05,0.06,0.04,1.6,0.24,0.7,0.4,1,0.1,0.2,0.04,1.6,0.5,0.8,0.3,0.4
Zygophyllaceae,NoData,,Zygophyllaceae,Zygophyllaceae,Unknown,family,,,4,0.02,0.12,0.12,0.06,0.06,0.04,0.05,0.06,0.04,1.6,0.24,0.7,0.4,1,0.1,0.2,0.04,1.6,0.5,0.8,0.3,0.4