VegID,EmissionType,CommonName,GenusGroup,Family,GrowthForm,Type,References,Comment,EF1,EF2,EF3,EF4,EF5,EF6,EF7,EF8,EF9,EF10,EF11,EF12,EF13,EF14,EF15,EF16,EF17,EF18,EF19,LDF3,LDF4,LDF5,LDF6
Abelia,Nodata,,Abelia,Caprifoliaceae,Btr,genus,,,4,0.02,0.2,0.2,0.1,0.1,0.04,0.05,0.06,0.04,1.6,0.24,0.7,0.4,1,0.1,0.2,0.04,1.6,0.5,0.8,0.3,0.4
Abies,AbiesFraseri,fir,Abies,Pinaceae,Ntr,genus,,,1.8,0.02,0.4,0.2,0.1,0.4,0.2,0.05,0.04,0.01,1.6,0.24,0.7,0.4,1,0.1,0.2,0.04,1.6,0.5,0.8,0.3,0.4
Abies alba,AbiesAlba,silver fir,AbiesIso2,Pinaceae,Ntr,species,,,16,0.02,0.4,0.2,0.1,0.4,0.2,0.05,0.04,0.01,1.6,0.24,0.7,0.4,1,0.1,0.2,0.04,1.6,0.5,0.8,0.3,0.4
Abies amabilis,AbiesGrandis,Pacific silver fir,Abies,Pinaceae,Ntr,species,,,0.05,0.02,0.4,0.2,0.1,0.4,0.2,0.05,0.04,0.01,1.6,0.24,0.7,0.4,1,0.1,0.2,0.04,1.6,0.5,0.8,0.3,0.4
Abies balsamea,AbiesGrandis,balsam fir,Abies,Pinaceae,Ntr,species,,,0.05,0.02,0.4,0.2,0.1,0.4,0.2,0.05,0.04,0.01,1.6,0.24,0.7,0.4,1,0.1,0.2,0.04,1.6,0.5,0.8,0.3,0.4
Abies borisii-regis,AbiesAlba,fir,AbiesIso,Pinaceae,Ntr,species,,,16,0.02,0.4,0.2,0.1,0.4,0.2,0.05,0.04,0.01,1.6,0.24,0.7,0.4,1,0.1,0.2,0.04,1.6,0.5,0.8,0.3,0.4
Abies bornmulleriana,AbiesFraseri,Uludag fir,Abies,Pinaceae,Ntr,species,,,1.8,0.02,0.4,0.2,0.1,0.4,0.2,0.05,0.04,0.01,1.6,0.24,0.7,0.4,1,0.1,0.2,0.04,1.6,0.5,0.8,0.3,0.4
Abies bracteata,AbiesGrandis,bristlecone fir,Abies,Pinaceae,Ntr,species,,,0.05,0.02,0.4,0.2,0.1,0.4,0.2,0.05,0.04,0.01,1.6,0.24,0.7,0.4,1,0.1,0.2,0.04,1.6,0.5,0.8,0.3,0.4
Abies cephalonica,AbiesAlba,,AbiesIso,Pinaceae,Ntr,species,,,16,0.02,0.4,0.2,0.1,0.4,0.2,0.05,0.04,0.01,1.6,0.24,0.7,0.4,1,0.1,0.2,0.04,1.6,0.5,0.8,0.3,0.4
Abies cilicica,AbiesAlba,,AbiesIso,Pinaceae,Ntr,species,,,16,0.02,0.4,0.2,0.1,0.4,0.2,0.05,0.04,0.01,1.6,0.24,0.7,0.4,1,0.1,0.2,0.04,1.6,0.5,0.8,0.3,0.4
Abies concolor,AbiesGrandis,white fir,Abies,Pinaceae,Ntr,species,,,0.05,0.02,0.4,0.2,0.1,0.4,0.2,0.05,0.04,0.01,1.6,0.24,0.7,0.4,1,0.1,0.2,0.04,1.6,0.5,0.8,0.3,0.4
Abies equi-trojani,AbiesAlba,fir,AbiesIso,Pinaceae,Ntr,species,,,16,0.02,0.4,0.2,0.1,0.4,0.2,0.05,0.04,0.01,1.6,0.24,0.7,0.4,1,0.1,0.2,0.04,1.6,0.5,0.8,0.3,0.4
Abies fraseri,AbiesFraseri,Fraser fir,Abies,Pinaceae,Ntr,species,,,1.8,0.02,0.4,0.2,0.1,0.4,0.2,0.05,0.04,0.01,1.6,0.24,0.7,0.4,1,0.1,0.2,0.04,1.6,0.5,0.8,0.3,0.4
Abies grandis,AbiesGrandis,grand fir,Abies,Pinaceae,Ntr,species,,,0.05,0.02,0.4,0.2,0.1,0.4,0.2,0.05,0.04,0.01,1.6,0.24,0.7,0.4,1,0.1,0.2,0.04,1.6,0.5,0.8,0.3,0.4
Abies insignis,AbiesAlba,,AbiesIso,Pinaceae,Ntr,species,,,16,0.02,0.4,0.2,0.1,0.4,0.2,0.05,0.04,0.01,1.6,0.24,0.7,0.4,1,0.1,0.2,0.04,1.6,0.5,0.8,0.3,0.4
Abies lasiocarpa,AbiesGrandis,subalpine fir,Abies,Pinaceae,Ntr,species,,,0.05,0.02,0.4,0.2,0.1,0.4,0.2,0.05,0.04,0.01,1.6,0.24,0.7,0.4,1,0.1,0.2,0.04,1.6,0.5,0.8,0.3,0.4
Abies magnifica,AbiesGrandis,California red fir,Abies,Pinaceae,Ntr,species,,,0.05,0.02,0.4,0.2,0.1,0.4,0.2,0.05,0.04,0.01,1.6,0.24,0.7,0.4,1,0.1,0.2,0.04,1.6,0.5,0.8,0.3,0.4
Abies marocana,AbiesAlba,,AbiesIso,Pinaceae,Ntr,species,,,16,0.02,0.4,0.2,0.1,0.4,0.2,0.05,0.04,0.01,1.6,0.24,0.7,0.4,1,0.1,0.2,0.04,1.6,0.5,0.8,0.3,0.4
Abies nebrodensis,AbiesFraseri,,Abies,Pinaceae,Ntr,species,,,1.8,0.02,0.4,0.2,0.1,0.4,0.2,0.05,0.04,0.01,1.6,0.24,0.7,0.4,1,0.1,0.2,0.04,1.6,0.5,0.8,0.3,0.4
Abies nordmanniana,AbiesAlba,fir,AbiesIso,Pinaceae,Ntr,species,,,16,0.02,0.4,0.2,0.1,0.4,0.2,0.05,0.04,0.01,1.6,0.24,0.7,0.4,1,0.1,0.2,0.04,1.6,0.5,0.8,0.3,0.4
Abies numidica,AbiesAlba,,AbiesIso,Pinaceae,Ntr,species,,,16,0.02,0.4,0.2,0.1,0.4,0.2,0.05,0.04,0.01,1.6,0.24,0.7,0.4,1,0.1,0.2,0.04,1.6,0.5,0.8,0.3,0.4
Abies pardei,AbiesAlba,,AbiesIso,Pinaceae,Ntr,species,,,16,0.02,0.4,0.2,0.1,0.4,0.2,0.05,0.04,0.01,1.6,0.24,0.7,0.4,1,0.1,0.2,0.04,1.6,0.5,0.8,0.3,0.4
Abies pinsapo,AbiesGrandis,,AbiesIso,Pinaceae,Ntr,species,,,0.05,0.02,0.4,0.2,0.1,0.4,0.2,0.05,0.04,0.01,1.6,0.24,0.7,0.4,1,0.1,0.2,0.04,1.6,0.5,0.8,0.3,0.4
Abies procera,AbiesGrandis,noble fir,Abies,Pinaceae,Ntr,species,,,0.05,0.02,0.4,0.2,0.1,0.4,0.2,0.05,0.04,0.01,1.6,0.24,0.7,0.4,1,0.1,0.2,0.04,1.6,0.5,0.8,0.3,0.4
Abutilon,NoData,,Abutilon,Malvaceae,Btr,genus,,,4,0.02,0.2,0.2,0.1,0.1,0.04,0.05,0.06,0.04,1.6,0.24,0.7,0.4,1,0.1,0.2,0.04,1.6,0.5,0.8,0.3,0.4
Abutilon striatum,NoData,,Abutilon,Malvaceae,Btr,species,,,4,0.02,0.2,0.2,0.1,0.1,0.04,0.05,0.06,0.04,1.6,0.24,0.7,0.4,1,0.1,0.2,0.04,1.6,0.5,0.8,0.3,0.4
Acacia,Acacia,acacia,Acacia,Fabaceae,Btr,genus,,,4,0.02,0.4,0.1,0.1,0.1,0.04,0.05,0.06,0.04,1.6,0.24,0.7,0.4,1,0.1,0.2,0.04,1.6,0.5,0.8,0.3,0.4
Acacia amara,AcaciaAmara,,Acacia,Fabaceae,Btr,species,,,0.2,0.02,0.4,0.1,0.1,0.1,0.04,0.05,0.06,0.04,1.6,0.24,0.7,0.4,1,0.1,0.2,0.04,1.6,0.5,0.8,0.3,0.4
Acacia aneura,AcaciaAmara,mulga,Acacia,Fabaceae,Btr,species,,,0.2,0.02,0.4,0.1,0.1,0.1,0.04,0.05,0.06,0.04,1.6,0.24,0.7,0.4,1,0.1,0.2,0.04,1.6,0.5,0.8,0.3,0.4
Acacia auculaeformis,AcaciaAmara,,Acacia,Fabaceae,Btr,species,,,0.2,0.02,0.4,0.1,0.1,0.1,0.04,0.05,0.06,0.04,1.6,0.24,0.7,0.4,1,0.1,0.2,0.04,1.6,0.5,0.8,0.3,0.4
Acacia auriculiformis,AcaciaAmara,earleaf acacia,Acacia,Fabaceae,Btr,species,,,0.2,0.02,0.4,0.1,0.1,0.1,0.04,0.05,0.06,0.04,1.6,0.24,0.7,0.4,1,0.1,0.2,0.04,1.6,0.5,0.8,0.3,0.4
Acacia baileyana,AcaciaAmara,cootamundra wattle,Acacia,Fabaceae,Btr,species,,,0.2,0.02,0.4,0.1,0.1,0.1,0.04,0.05,0.06,0.04,1.6,0.24,0.7,0.4,1,0.1,0.2,0.04,1.6,0.5,0.8,0.3,0.4
Acacia berlandieri,AcaciaAmara,guajillo,Acacia,Fabaceae,Btr,species,,,0.2,0.02,0.4,0.1,0.1,0.1,0.04,0.05,0.06,0.04,1.6,0.24,0.7,0.4,1,0.1,0.2,0.04,1.6,0.5,0.8,0.3,0.4
Acacia borleae,AcaciaAmara,,Acacia,Fabaceae,Btr,species,,,0.2,0.02,0.4,0.1,0.1,0.1,0.04,0.05,0.06,0.04,1.6,0.24,0.7,0.4,1,0.1,0.2,0.04,1.6,0.5,0.8,0.3,0.4
Acacia burkei,AcaciaAmara,,Acacia,Fabaceae,Btr,species,,,0.2,0.02,0.4,0.1,0.1,0.1,0.04,0.05,0.06,0.04,1.6,0.24,0.7,0.4,1,0.1,0.2,0.04,1.6,0.5,0.8,0.3,0.4
Acacia caffra,AcaciaAmara,,Acacia,Fabaceae,Btr,species,,,0.2,0.02,0.4,0.1,0.1,0.1,0.04,0.05,0.06,0.04,1.6,0.24,0.7,0.4,1,0.1,0.2,0.04,1.6,0.5,0.8,0.3,0.4
Acacia cognata,AcaciaAmara,bower wattle,Acacia,Fabaceae,Btr,species,,,0.2,0.02,0.4,0.1,0.1,0.1,0.04,0.05,0.06,0.04,1.6,0.24,0.7,0.4,1,0.1,0.2,0.04,1.6,0.5,0.8,0.3,0.4
Acacia confusa,AcaciaAmara,small Philippine acacia,Acacia,Fabaceae,Btr,species,,,0.2,0.02,0.4,0.1,0.1,0.1,0.04,0.05,0.06,0.04,1.6,0.24,0.7,0.4,1,0.1,0.2,0.04,1.6,0.5,0.8,0.3,0.4
Acacia constricta,AcaciaAmara,whitethorn acacia,Acacia,Fabaceae,Btr,species,,,0.2,0.02,0.4,0.1,0.1,0.1,0.04,0.05,0.06,0.04,1.6,0.24,0.7,0.4,1,0.1,0.2,0.04,1.6,0.5,0.8,0.3,0.4
Acacia craspedocarpa,AcaciaAmara,,Acacia,Fabaceae,Btr,species,,,0.2,0.02,0.4,0.1,0.1,0.1,0.04,0.05,0.06,0.04,1.6,0.24,0.7,0.4,1,0.1,0.2,0.04,1.6,0.5,0.8,0.3,0.4
Acacia crassiramia,AcaciaAmara,,Acacia,Fabaceae,Btr,species,,,0.2,0.02,0.4,0.1,0.1,0.1,0.04,0.05,0.06,0.04,1.6,0.24,0.7,0.4,1,0.1,0.2,0.04,1.6,0.5,0.8,0.3,0.4
Acacia cultriformis,AcaciaAmara,knife acacia,Acacia,Fabaceae,Btr,species,,,0.2,0.02,0.4,0.1,0.1,0.1,0.04,0.05,0.06,0.04,1.6,0.24,0.7,0.4,1,0.1,0.2,0.04,1.6,0.5,0.8,0.3,0.4
Acacia cyanophylla,AcaciaAmara,,Acacia,Fabaceae,Unknown,species,,,0.2,0.02,0.4,0.1,0.1,0.1,0.04,0.05,0.06,0.04,1.6,0.24,0.7,0.4,1,0.1,0.2,0.04,1.6,0.5,0.8,0.3,0.4
Acacia cyclops,AcaciaAmara,coastal wattle,Acacia,Fabaceae,Shrub,species,,,0.2,0.02,0.4,0.1,0.1,0.1,0.04,0.05,0.06,0.04,1.6,0.24,0.7,0.4,1,0.1,0.2,0.04,1.6,0.5,0.8,0.3,0.4
Acacia dealbata,AcaciaAmara,silver wattle,Acacia,Fabaceae,Btr,species,,,0.2,0.02,0.4,0.1,0.1,0.1,0.04,0.05,0.06,0.04,1.6,0.24,0.7,0.4,1,0.1,0.2,0.04,1.6,0.5,0.8,0.3,0.4
Acacia decurrens,AcaciaAmara,green wattle,Acacia,Fabaceae,Btr,species,,,0.2,0.02,0.4,0.1,0.1,0.1,0.04,0.05,0.06,0.04,1.6,0.24,0.7,0.4,1,0.1,0.2,0.04,1.6,0.5,0.8,0.3,0.4
Acacia erioloba,Acacia erioloba,camelthorn,Acacia_MT,Fabaceae,Btr,species,,,0.2,0.02,4,1,1,1,0.04,0.05,0.06,0.04,1.6,0.24,0.7,0.4,1,0.1,0.2,0.04,1.6,0.5,0.8,0.3,0.4
Acacia farnesiana,AcaciaAmara,sweet acacia,Acacia,Fabaceae,Btr,species,,,0.2,0.02,0.4,0.1,0.1,0.1,0.04,0.05,0.06,0.04,1.6,0.24,0.7,0.4,1,0.1,0.2,0.04,1.6,0.5,0.8,0.3,0.4
Acacia floribunda,AcaciaAmara,,Acacia,Fabaceae,Btr,species,,,0.2,0.02,0.4,0.1,0.1,0.1,0.04,0.05,0.06,0.04,1.6,0.24,0.7,0.4,1,0.1,0.2,0.04,1.6,0.5,0.8,0.3,0.4
Acacia galpinii,AcaciaAmara,,Acacia,Fabaceae,Btr,species,,,0.2,0.02,0.4,0.1,0.1,0.1,0.04,0.05,0.06,0.04,1.6,0.24,0.7,0.4,1,0.1,0.2,0.04,1.6,0.5,0.8,0.3,0.4
Acacia greggii,AcaciaAmara,catclaw acacia,Acacia,Fabaceae,Btr,species,,,0.2,0.02,0.4,0.1,0.1,0.1,0.04,0.05,0.06,0.04,1.6,0.24,0.7,0.4,1,0.1,0.2,0.04,1.6,0.5,0.8,0.3,0.4
Acacia guachapele,AcaciaAmara,,Acacia,Fabaceae,Btr,species,,,0.2,0.02,0.4,0.1,0.1,0.1,0.04,0.05,0.06,0.04,1.6,0.24,0.7,0.4,1,0.1,0.2,0.04,1.6,0.5,0.8,0.3,0.4
Acacia harpophylla,AcaciaAmara,,Acacia,Fabaceae,Btr,species,,,0.2,0.02,0.4,0.1,0.1,0.1,0.04,0.05,0.06,0.04,1.6,0.24,0.7,0.4,1,0.1,0.2,0.04,1.6,0.5,0.8,0.3,0.4
Acacia holosericea,AcaciaAmara,candelabra wattle,Acacia,Fabaceae,Btr,species,,,0.2,0.02,0.4,0.1,0.1,0.1,0.04,0.05,0.06,0.04,1.6,0.24,0.7,0.4,1,0.1,0.2,0.04,1.6,0.5,0.8,0.3,0.4
Acacia intsia,AcaciaAmara,,Acacia,Fabaceae,Btr,species,,,0.2,0.02,0.4,0.1,0.1,0.1,0.04,0.05,0.06,0.04,1.6,0.24,0.7,0.4,1,0.1,0.2,0.04,1.6,0.5,0.8,0.3,0.4
Acacia julibrissin,AcaciaAmara,,Acacia,Fabaceae,Btr,species,,,0.2,0.02,0.4,0.1,0.1,0.1,0.04,0.05,0.06,0.04,1.6,0.24,0.7,0.4,1,0.1,0.2,0.04,1.6,0.5,0.8,0.3,0.4
Acacia karroo,AcaciaAmara,karroothorn,Acacia,Fabaceae,Btr,species,,,0.2,0.02,0.4,0.1,0.1,0.1,0.04,0.05,0.06,0.04,1.6,0.24,0.7,0.4,1,0.1,0.2,0.04,1.6,0.5,0.8,0.3,0.4
Acacia longifolia,AcaciaAmara,Sydney golden wattle,Acacia,Fabaceae,Btr,species,,,0.2,0.02,0.4,0.1,0.1,0.1,0.04,0.05,0.06,0.04,1.6,0.24,0.7,0.4,1,0.1,0.2,0.04,1.6,0.5,0.8,0.3,0.4
Acacia lucidior,AcaciaAmara,,Acacia,Fabaceae,Btr,species,,,0.2,0.02,0.4,0.1,0.1,0.1,0.04,0.05,0.06,0.04,1.6,0.24,0.7,0.4,1,0.1,0.2,0.04,1.6,0.5,0.8,0.3,0.4
Acacia mangium,AcaciaAmara,,Acacia,Fabaceae,Btr,species,,,0.2,0.02,0.4,0.1,0.1,0.1,0.04,0.05,0.06,0.04,1.6,0.24,0.7,0.4,1,0.1,0.2,0.04,1.6,0.5,0.8,0.3,0.4
Acacia melanoxylon,AcaciaAmara,blackwood,Acacia,Fabaceae,Btr,species,,,0.2,0.02,0.4,0.1,0.1,0.1,0.04,0.05,0.06,0.04,1.6,0.24,0.7,0.4,1,0.1,0.2,0.04,1.6,0.5,0.8,0.3,0.4
Acacia nigrescens,Acacia nigrescens,knobthorn,Acacia_ISO,Fabaceae,Btr,species,,,8,0.02,0.4,0.1,0.1,0.1,0.04,0.05,0.06,0.04,1.6,0.24,0.7,0.4,1,0.1,0.2,0.04,1.6,0.5,0.8,0.3,0.4
Acacia nilotica,AcaciaAmara,gum arabic tree,Acacia,Fabaceae,Btr,species,,,0.2,0.02,0.4,0.1,0.1,0.1,0.04,0.05,0.06,0.04,1.6,0.24,0.7,0.4,1,0.1,0.2,0.04,1.6,0.5,0.8,0.3,0.4
Acacia paradoxa,AcaciaAmara,paradox acacia,Acacia,Fabaceae,Shrub,species,,,0.2,0.02,0.4,0.1,0.1,0.1,0.04,0.05,0.06,0.04,1.6,0.24,0.7,0.4,1,0.1,0.2,0.04,1.6,0.5,0.8,0.3,0.4
Acacia pendula,AcaciaAmara,myall acacia,Acacia,Fabaceae,Btr,species,,,0.2,0.02,0.4,0.1,0.1,0.1,0.04,0.05,0.06,0.04,1.6,0.24,0.7,0.4,1,0.1,0.2,0.04,1.6,0.5,0.8,0.3,0.4
Acacia pennata,AcaciaAmara,,Acacia,Fabaceae,Btr,species,,,0.2,0.02,0.4,0.1,0.1,0.1,0.04,0.05,0.06,0.04,1.6,0.24,0.7,0.4,1,0.1,0.2,0.04,1.6,0.5,0.8,0.3,0.4
Acacia pentagona,AcaciaAmara,,Acacia,Fabaceae,Btr,species,,,0.2,0.02,0.4,0.1,0.1,0.1,0.04,0.05,0.06,0.04,1.6,0.24,0.7,0.4,1,0.1,0.2,0.04,1.6,0.5,0.8,0.3,0.4
Acacia podalyriaefolia,AcaciaAmara,,Acacia,Fabaceae,Btr,species,,,0.2,0.02,0.4,0.1,0.1,0.1,0.04,0.05,0.06,0.04,1.6,0.24,0.7,0.4,1,0.1,0.2,0.04,1.6,0.5,0.8,0.3,0.4
Acacia podalyriifolia,AcaciaAmara,pearl wattle,Acacia,Fabaceae,Btr,species,,,0.2,0.02,0.4,0.1,0.1,0.1,0.04,0.05,0.06,0.04,1.6,0.24,0.7,0.4,1,0.1,0.2,0.04,1.6,0.5,0.8,0.3,0.4
Acacia polyacantha,AcaciaAmara,catechu tree,Acacia,Fabaceae,Btr,species,,,0.2,0.02,0.4,0.1,0.1,0.1,0.04,0.05,0.06,0.04,1.6,0.24,0.7,0.4,1,0.1,0.2,0.04,1.6,0.5,0.8,0.3,0.4
Acacia pravissima,AcaciaAmara,wedge-leaf wattle,Acacia,Fabaceae,Btr,species,,,0.2,0.02,0.4,0.1,0.1,0.1,0.04,0.05,0.06,0.04,1.6,0.24,0.7,0.4,1,0.1,0.2,0.04,1.6,0.5,0.8,0.3,0.4
Acacia pycnantha,Acacia nigrescens,golden wattle,Acacia_ISO,Fabaceae,Btr,species,,,8,0.02,0.4,0.1,0.1,0.1,0.04,0.05,0.06,0.04,1.6,0.24,0.7,0.4,1,0.1,0.2,0.04,1.6,0.5,0.8,0.3,0.4
Acacia redolens,AcaciaAmara,bank catclaw,Acacia,Fabaceae,Shrub,species,,,0.2,0.02,0.4,0.1,0.1,0.1,0.04,0.05,0.06,0.04,1.6,0.24,0.7,0.4,1,0.1,0.2,0.04,1.6,0.5,0.8,0.3,0.4
Acacia retinodes,AcaciaAmara,water wattle,Acacia,Fabaceae,Btr,species,,,0.2,0.02,0.4,0.1,0.1,0.1,0.04,0.05,0.06,0.04,1.6,0.24,0.7,0.4,1,0.1,0.2,0.04,1.6,0.5,0.8,0.3,0.4
Acacia rigidula,AcaciaAmara,blackbrush acacia,Acacia,Fabaceae,Btr,species,,,0.2,0.02,0.4,0.1,0.1,0.1,0.04,0.05,0.06,0.04,1.6,0.24,0.7,0.4,1,0.1,0.2,0.04,1.6,0.5,0.8,0.3,0.4
Acacia robusta,AcaciaAmara,,Acacia,Fabaceae,Btr,species,,,0.2,0.02,0.4,0.1,0.1,0.1,0.04,0.05,0.06,0.04,1.6,0.24,0.7,0.4,1,0.1,0.2,0.04,1.6,0.5,0.8,0.3,0.4
Acacia rubusta,AcaciaAmara,,Acacia,Fabaceae,Btr,species,,,0.2,0.02,0.4,0.1,0.1,0.1,0.04,0.05,0.06,0.04,1.6,0.24,0.7,0.4,1,0.1,0.2,0.04,1.6,0.5,0.8,0.3,0.4
Acacia salicina,AcaciaAmara,cooba,Acacia,Fabaceae,Btr,species,,,0.2,0.02,0.4,0.1,0.1,0.1,0.04,0.05,0.06,0.04,1.6,0.24,0.7,0.4,1,0.1,0.2,0.04,1.6,0.5,0.8,0.3,0.4
Acacia saligna,AcaciaAmara,orange wattle,Acacia,Fabaceae,Btr,species,,,0.2,0.02,0.4,0.1,0.1,0.1,0.04,0.05,0.06,0.04,1.6,0.24,0.7,0.4,1,0.1,0.2,0.04,1.6,0.5,0.8,0.3,0.4
Acacia senegal,AcaciaAmara,gum arabic,Acacia,Fabaceae,Btr,species,,,0.2,0.02,0.4,0.1,0.1,0.1,0.04,0.05,0.06,0.04,1.6,0.24,0.7,0.4,1,0.1,0.2,0.04,1.6,0.5,0.8,0.3,0.4
Acacia sieberana,AcaciaAmara,,Acacia,Fabaceae,Btr,species,,,0.2,0.02,0.4,0.1,0.1,0.1,0.04,0.05,0.06,0.04,1.6,0.24,0.7,0.4,1,0.1,0.2,0.04,1.6,0.5,0.8,0.3,0.4
Acacia smallii,AcaciaAmara,,Acacia,Fabaceae,Btr,species,,,0.2,0.02,0.4,0.1,0.1,0.1,0.04,0.05,0.06,0.04,1.6,0.24,0.7,0.4,1,0.1,0.2,0.04,1.6,0.5,0.8,0.3,0.4
Acacia sophorae,AcaciaAmara,acacia,Acacia,Fabaceae,Btr,species,,,0.2,0.02,0.4,0.1,0.1,0.1,0.04,0.05,0.06,0.04,1.6,0.24,0.7,0.4,1,0.1,0.2,0.04,1.6,0.5,0.8,0.3,0.4
Acacia stenophylla,AcaciaAmara,Dalby myall,Acacia,Fabaceae,Btr,species,,,0.2,0.02,0.4,0.1,0.1,0.1,0.04,0.05,0.06,0.04,1.6,0.24,0.7,0.4,1,0.1,0.2,0.04,1.6,0.5,0.8,0.3,0.4
Acacia subporosa,AcaciaAmara,,Acacia,Fabaceae,Btr,species,,,0.2,0.02,0.4,0.1,0.1,0.1,0.04,0.05,0.06,0.04,1.6,0.24,0.7,0.4,1,0.1,0.2,0.04,1.6,0.5,0.8,0.3,0.4
Acacia tortilis,AcaciaAmara,umbrella thorn,Acacia,Fabaceae,Btr,species,,,0.2,0.02,0.4,0.1,0.1,0.1,0.04,0.05,0.06,0.04,1.6,0.24,0.7,0.4,1,0.1,0.2,0.04,1.6,0.5,0.8,0.3,0.4
Acacia willardiana,AcaciaAmara,,Acacia,Fabaceae,Btr,species,,,0.2,0.02,0.4,0.1,0.1,0.1,0.04,0.05,0.06,0.04,1.6,0.24,0.7,0.4,1,0.1,0.2,0.04,1.6,0.5,0.8,0.3,0.4
Acacia xanthoploea,AcaciaAmara,,Acacia,Fabaceae,Btr,species,,,0.2,0.02,0.4,0.1,0.1,0.1,0.04,0.05,0.06,0.04,1.6,0.24,0.7,0.4,1,0.1,0.2,0.04,1.6,0.5,0.8,0.3,0.4
Acacia zygia,AcaciaAmara,,Acacia,Fabaceae,Btr,species,,,0.2,0.02,0.4,0.1,0.1,0.1,0.04,0.05,0.06,0.04,1.6,0.24,0.7,0.4,1,0.1,0.2,0.04,1.6,0.5,0.8,0.3,0.4
Acalypha,NoData,,Acalypha,Euphorbiaceae,Herb,genus,,,4,0.02,0.2,0.2,0.1,0.1,0.04,0.05,0.06,0.04,1.6,0.24,0.7,0.4,1,0.1,0.2,0.04,1.6,0.5,0.8,0.3,0.4
Acalypha wilkesiana,NoData,common threeseed mercury,Acalypha,Euphorbiaceae,Herb,species,,,4,0.02,0.2,0.2,0.1,0.1,0.04,0.05,0.06,0.04,1.6,0.24,0.7,0.4,1,0.1,0.2,0.04,1.6,0.5,0.8,0.3,0.4
Acanthopanax,NoData,,Acanthopanax,Araliaceae,btr,genus,,,4,0.02,0.2,0.2,0.1,0.1,0.04,0.05,0.06,0.04,1.6,0.24,0.7,0.4,1,0.1,0.2,0.04,1.6,0.5,0.8,0.3,0.4
Acanthopanax evodiaefolius,NoData,,Acanthopanax,Araliaceae,btr,species,,,4,0.02,0.2,0.2,0.1,0.1,0.04,0.05,0.06,0.04,1.6,0.24,0.7,0.4,1,0.1,0.2,0.04,1.6,0.5,0.8,0.3,0.4
Acca,NoData,,Acca,Myrtaceae,Btr,genus,,,4,0.02,0.2,0.2,0.1,0.1,0.04,0.05,0.06,0.04,1.6,0.24,0.7,0.4,1,0.1,0.2,0.04,1.6,0.5,0.8,0.3,0.4
Acca sellowiana,,NoData,Acca,Myrtaceae,Btr,species,,,4,0.02,0.2,0.2,0.1,0.1,0.04,0.05,0.06,0.04,1.6,0.24,0.7,0.4,1,0.1,0.2,0.04,1.6,0.5,0.8,0.3,0.4
Acer,Acer,maple,Acer,Aceraceae,Btr,genus,,,0.2,0.02,2,0.2,0.2,0.6,0.4,0.05,0.005,0.001,1.6,0.24,0.7,0.4,1,0.1,0.2,0.04,1.6,0.5,0.8,0.3,0.4
Acer barbatum,Acer,southern sugar maple,Acer,Sapindaceae,Btr,species,,Previously included in Aceraceae family,0.2,0.02,2,0.2,0.2,0.6,0.4,0.05,0.005,0.001,1.6,0.24,0.7,0.4,1,0.1,0.2,0.04,1.6,0.5,0.8,0.3,0.4
Acer barbinerve,Acer,,Acer,Aceraceae,Btr,species,,,0.2,0.02,2,0.2,0.2,0.6,0.4,0.05,0.005,0.001,1.6,0.24,0.7,0.4,1,0.1,0.2,0.04,1.6,0.5,0.8,0.3,0.4
Acer buergerianum,Acer,trident maple,Acer,Aceraceae,Btr,species,,Previously included in Aceraceae family,0.2,0.02,2,0.2,0.2,0.6,0.4,0.05,0.005,0.001,1.6,0.24,0.7,0.4,1,0.1,0.2,0.04,1.6,0.5,0.8,0.3,0.4
Acer campestre,Acer,hedge maple,Acer,Aceraceae,Btr,species,,Previously included in Aceraceae family,0.2,0.02,2,0.2,0.2,0.6,0.4,0.05,0.005,0.001,1.6,0.24,0.7,0.4,1,0.1,0.2,0.04,1.6,0.5,0.8,0.3,0.4
Acer circinatum,Acer,vine maple,Acer,Sapindaceae,Btr,species,,Previously included in Aceraceae family,0.2,0.02,2,0.2,0.2,0.6,0.4,0.05,0.005,0.001,1.6,0.24,0.7,0.4,1,0.1,0.2,0.04,1.6,0.5,0.8,0.3,0.4
Acer floridanum,Acer,,Acer,Aceraceae,Btr,species,,,0.2,0.02,2,0.2,0.2,0.6,0.4,0.05,0.005,0.001,1.6,0.24,0.7,0.4,1,0.1,0.2,0.04,1.6,0.5,0.8,0.3,0.4
Acer glabrum,Acer,Rocky Mountain maple,Acer,Sapindaceae,Btr,species,,Previously included in Aceraceae family,0.2,0.02,2,0.2,0.2,0.6,0.4,0.05,0.005,0.001,1.6,0.24,0.7,0.4,1,0.1,0.2,0.04,1.6,0.5,0.8,0.3,0.4
Acer grandidentatum,Acer,bigtooth maple,Acer,Sapindaceae,Btr,species,,Previously included in Aceraceae family,0.2,0.02,2,0.2,0.2,0.6,0.4,0.05,0.005,0.001,1.6,0.24,0.7,0.4,1,0.1,0.2,0.04,1.6,0.5,0.8,0.3,0.4
Acer grandidentatum var. grandidentatum,Acer,bigtooth maple,Acer,Sapindaceae,Btr,species,,Previously included in Aceraceae family,0.2,0.02,2,0.2,0.2,0.6,0.4,0.05,0.005,0.001,1.6,0.24,0.7,0.4,1,0.1,0.2,0.04,1.6,0.5,0.8,0.3,0.4
Acer heptalobum,Acer,,Acer,Aceraceae,Btr,species,,,0.2,0.02,2,0.2,0.2,0.6,0.4,0.05,0.005,0.001,1.6,0.24,0.7,0.4,1,0.1,0.2,0.04,1.6,0.5,0.8,0.3,0.4
Acer leucoderme,Acer,chalk maple,Acer,Sapindaceae,Btr,species,,Previously included in Aceraceae family,0.2,0.02,2,0.2,0.2,0.6,0.4,0.05,0.005,0.001,1.6,0.24,0.7,0.4,1,0.1,0.2,0.04,1.6,0.5,0.8,0.3,0.4
Acer macrophyllum,Acer,bigleaf maple,Acer,Aceraceae,Btr,species,,Previously included in Aceraceae family,0.2,0.02,2,0.2,0.2,0.6,0.4,0.05,0.005,0.001,1.6,0.24,0.7,0.4,1,0.1,0.2,0.04,1.6,0.5,0.8,0.3,0.4
Acer mandshurica,Acer,,Acer,Aceraceae,Btr,species,,,0.2,0.02,2,0.2,0.2,0.6,0.4,0.05,0.005,0.001,1.6,0.24,0.7,0.4,1,0.1,0.2,0.04,1.6,0.5,0.8,0.3,0.4
Acer mono,Acer,Painted maple,Acer,Aceraceae,Btr,species,,,0.2,0.02,2,0.2,0.2,0.6,0.4,0.05,0.005,0.001,1.6,0.24,0.7,0.4,1,0.1,0.2,0.04,1.6,0.5,0.8,0.3,0.4
Acer monspessulanum,Acer,,Acer,Aceraceae,Unknown,species,,,0.2,0.02,2,0.2,0.2,0.6,0.4,0.05,0.005,0.001,1.6,0.24,0.7,0.4,1,0.1,0.2,0.04,1.6,0.5,0.8,0.3,0.4
Acer negundo,Acer,boxelder,Acer,Aceraceae,Btr,species,,Previously included in Aceraceae family,0.2,0.02,2,0.2,0.2,0.6,0.4,0.05,0.005,0.001,1.6,0.24,0.7,0.4,1,0.1,0.2,0.04,1.6,0.5,0.8,0.3,0.4
Acer nigrum,Acer,black maple,Acer,Sapindaceae,Btr,species,,Previously included in Aceraceae family,0.2,0.02,2,0.2,0.2,0.6,0.4,0.05,0.005,0.001,1.6,0.24,0.7,0.4,1,0.1,0.2,0.04,1.6,0.5,0.8,0.3,0.4
Acer oblongum,Acer,Himalayan maple,Acer,Aceraceae,Btr,species,,Previously included in Aceraceae family,0.2,0.02,2,0.2,0.2,0.6,0.4,0.05,0.005,0.001,1.6,0.24,0.7,0.4,1,0.1,0.2,0.04,1.6,0.5,0.8,0.3,0.4
Acer palmatum,Acer,Japanese maple,Acer,Aceraceae,Btr,species,,Previously included in Aceraceae family,0.2,0.02,2,0.2,0.2,0.6,0.4,0.05,0.005,0.001,1.6,0.24,0.7,0.4,1,0.1,0.2,0.04,1.6,0.5,0.8,0.3,0.4
Acer paxii,Acer,,Acer,Aceraceae,Btr,species,,Previously included in Aceraceae family,0.2,0.02,2,0.2,0.2,0.6,0.4,0.05,0.005,0.001,1.6,0.24,0.7,0.4,1,0.1,0.2,0.04,1.6,0.5,0.8,0.3,0.4
Acer pensylvanicum,Acer,striped maple,Acer,Sapindaceae,Btr,species,,Previously included in Aceraceae family,0.2,0.02,2,0.2,0.2,0.6,0.4,0.05,0.005,0.001,1.6,0.24,0.7,0.4,1,0.1,0.2,0.04,1.6,0.5,0.8,0.3,0.4
Acer platanoides,Acer,Norway maple,Acer,Aceraceae,Btr,species,,Previously included in Aceraceae family,0.2,0.02,2,0.2,0.2,0.6,0.4,0.05,0.005,0.001,1.6,0.24,0.7,0.4,1,0.1,0.2,0.04,1.6,0.5,0.8,0.3,0.4
Acer pseudoplatanus,Acer,sycamore maple,Acer,Aceraceae,Btr,species,,,0.2,0.02,2,0.2,0.2,0.6,0.4,0.05,0.005,0.001,1.6,0.24,0.7,0.4,1,0.1,0.2,0.04,1.6,0.5,0.8,0.3,0.4
Acer pseudo-sieboldiamum,Acer,,Acer,Aceraceae,Btr,species,,,0.2,0.02,2,0.2,0.2,0.6,0.4,0.05,0.005,0.001,1.6,0.24,0.7,0.4,1,0.1,0.2,0.04,1.6,0.5,0.8,0.3,0.4
Acer rubrum,Acer,red maple,Acer,Aceraceae,Btr,species,,Previously included in Aceraceae family,0.2,0.02,2,0.2,0.2,0.6,0.4,0.05,0.005,0.001,1.6,0.24,0.7,0.4,1,0.1,0.2,0.04,1.6,0.5,0.8,0.3,0.4
Acer saccharinum,Acer,silver maple,Acer,Aceraceae,Btr,species,,Previously included in Aceraceae family,0.2,0.02,2,0.2,0.2,0.6,0.4,0.05,0.005,0.001,1.6,0.24,0.7,0.4,1,0.1,0.2,0.04,1.6,0.5,0.8,0.3,0.4
Acer saccharum,Acer,sugar maple,Acer,Aceraceae,Btr,species,,Previously included in Aceraceae family,0.2,0.02,2,0.2,0.2,0.6,0.4,0.05,0.005,0.001,1.6,0.24,0.7,0.4,1,0.1,0.2,0.04,1.6,0.5,0.8,0.3,0.4
Acer speciosa,Acer,,Acer,Aceraceae,Btr,species,,,0.2,0.02,2,0.2,0.2,0.6,0.4,0.05,0.005,0.001,1.6,0.24,0.7,0.4,1,0.1,0.2,0.04,1.6,0.5,0.8,0.3,0.4
Acer spicatum,Acer,mountain maple,Acer,Sapindaceae,Btr,species,,Previously included in Aceraceae family,0.2,0.02,2,0.2,0.2,0.6,0.4,0.05,0.005,0.001,1.6,0.24,0.7,0.4,1,0.1,0.2,0.04,1.6,0.5,0.8,0.3,0.4
Acer tegmentosum,Acer,,Acer,Aceraceae,Btr,species,,,0.2,0.02,2,0.2,0.2,0.6,0.4,0.05,0.005,0.001,1.6,0.24,0.7,0.4,1,0.1,0.2,0.04,1.6,0.5,0.8,0.3,0.4
Acer triflorum,Acer,,Acer,Aceraceae,Btr,species,,,0.2,0.02,2,0.2,0.2,0.6,0.4,0.05,0.005,0.001,1.6,0.24,0.7,0.4,1,0.1,0.2,0.04,1.6,0.5,0.8,0.3,0.4
Acer ukurunduense,Acer,,Acer,Aceraceae,Btr,species,,,0.2,0.02,2,0.2,0.2,0.6,0.4,0.05,0.005,0.001,1.6,0.24,0.7,0.4,1,0.1,0.2,0.04,1.6,0.5,0.8,0.3,0.4
Acer x freemanii,Acer,Freeman maple,Acer,Aceraceae,Btr,species,,Previously included in Aceraceae family,0.2,0.02,2,0.2,0.2,0.6,0.4,0.05,0.005,0.001,1.6,0.24,0.7,0.4,1,0.1,0.2,0.04,1.6,0.5,0.8,0.3,0.4
Aceraceae,Acer,,Aceraceae,Aceraceae,Btr,family,,,0.2,0.02,2,0.2,0.2,0.6,0.4,0.05,0.005,0.001,1.6,0.24,0.7,0.4,1,0.1,0.2,0.04,1.6,0.5,0.8,0.3,0.4
Achillea,NoData,,Achillea,Asteraceae,Herb,genus,,,4,0.02,0.2,0.2,0.1,0.1,0.04,0.05,0.06,0.04,1.6,0.24,0.7,0.4,1,0.1,0.2,0.04,1.6,0.5,0.8,0.3,0.4
Achillea asiatica,NoData,,Achillea,Asteraceae,Herb,species,,,4,0.02,0.2,0.2,0.1,0.1,0.04,0.05,0.06,0.04,1.6,0.24,0.7,0.4,1,0.1,0.2,0.04,1.6,0.5,0.8,0.3,0.4
Achillea ptarmicoides,NoData,,Achillea,Asteraceae,Herb,species,,,4,0.02,0.2,0.2,0.1,0.1,0.04,0.05,0.06,0.04,1.6,0.24,0.7,0.4,1,0.1,0.2,0.04,1.6,0.5,0.8,0.3,0.4
Achnatherum,NoData,,Achnatherum,Poaceae,Herb,genus,,,4,0.02,0.2,0.2,0.1,0.1,0.04,0.05,0.06,0.04,1.6,0.24,0.7,0.4,1,0.1,0.2,0.04,1.6,0.5,0.8,0.3,0.4
Achnatherum sibiricum,NoData,,Achnatherum,Poaceae,Herb,species,,,4,0.02,0.2,0.2,0.1,0.1,0.04,0.05,0.06,0.04,1.6,0.24,0.7,0.4,1,0.1,0.2,0.04,1.6,0.5,0.8,0.3,0.4
Achnatherum splendens,NoData,,Achnatherum,Poaceae,Herb,species,,,4,0.02,0.2,0.2,0.1,0.1,0.04,0.05,0.06,0.04,1.6,0.24,0.7,0.4,1,0.1,0.2,0.04,1.6,0.5,0.8,0.3,0.4
Achras,NoData,,Achras,Sapotaceae,Btr,genus,,,4,0.02,0.2,0.2,0.1,0.1,0.04,0.05,0.06,0.04,1.6,0.24,0.7,0.4,1,0.1,0.2,0.04,1.6,0.5,0.8,0.3,0.4
Achras zapota,NoData,,Achras,Sapotaceae,Btr,species,,,4,0.02,0.2,0.2,0.1,0.1,0.04,0.05,0.06,0.04,1.6,0.24,0.7,0.4,1,0.1,0.2,0.04,1.6,0.5,0.8,0.3,0.4
Acmena,NoData,,Acmena,Myrtaceae,Unknown,genus,,,4,0.02,0.2,0.2,0.1,0.1,0.04,0.05,0.06,0.04,1.6,0.24,0.7,0.4,1,0.1,0.2,0.04,1.6,0.5,0.8,0.3,0.4
Acmena smithii,NoData,,Acmena,Myrtaceae,Unknown,species,,,4,0.02,0.2,0.2,0.1,0.1,0.04,0.05,0.06,0.04,1.6,0.24,0.7,0.4,1,0.1,0.2,0.04,1.6,0.5,0.8,0.3,0.4
Aconitum,NoData,,Aconitum,Ranunculaceae,Herb,genus,,,4,0.02,0.2,0.2,0.1,0.1,0.04,0.05,0.06,0.04,1.6,0.24,0.7,0.4,1,0.1,0.2,0.04,1.6,0.5,0.8,0.3,0.4
Aconitum kusnezoffii,NoData,,Aconitum,Ranunculaceae,Herb,species,,,4,0.02,0.2,0.2,0.1,0.1,0.04,0.05,0.06,0.04,1.6,0.24,0.7,0.4,1,0.1,0.2,0.04,1.6,0.5,0.8,0.3,0.4
Acrocarpus,CLMPFT4,subfamily Caesalpinioideae,Acrocarpus,Fabaceae,Btr,genus,,,8,0.02,0.4,0.4,0.1,0.2,0.04,0.05,0.06,0.04,1.6,0.24,0.7,0.4,1,0.1,0.2,0.04,1.6,0.5,0.8,0.3,0.4
Acrocomia,NoData,,Acrocomia,Arecaceae,Unknown,genus,,,4,0.02,0.2,0.2,0.1,0.1,0.04,0.05,0.06,0.04,1.6,0.24,0.7,0.4,1,0.1,0.2,0.04,1.6,0.5,0.8,0.3,0.4
Acrocomia vinifera,NoData,coyol palm,Acrocomia,Arecaceae,Unknown,species,,,4,0.02,0.2,0.2,0.1,0.1,0.04,0.05,0.06,0.04,1.6,0.24,0.7,0.4,1,0.1,0.2,0.04,1.6,0.5,0.8,0.3,0.4
Actinostrobus,NoData,,Actinostrobus,Cupressaceae,Ntr,genus,,,4,0.02,0.2,0.2,0.1,0.1,0.04,0.05,0.06,0.04,1.6,0.24,0.7,0.4,1,0.1,0.2,0.04,1.6,0.5,0.8,0.3,0.4
Actinostrobus pyramidalis,NoData,cypress-pine,Actinostrobus,Cupressaceae,Ntr,species,,,4,0.02,0.2,0.2,0.1,0.1,0.04,0.05,0.06,0.04,1.6,0.24,0.7,0.4,1,0.1,0.2,0.04,1.6,0.5,0.8,0.3,0.4
Adansonia,NoData,,Adansonia,Bombacaceae,Btr,genus,,,4,0.02,0.2,0.2,0.1,0.1,0.04,0.05,0.06,0.04,1.6,0.24,0.7,0.4,1,0.1,0.2,0.04,1.6,0.5,0.8,0.3,0.4
Adansonia digitata,NoData,baobab,Adansonia,Bombacaceae,Btr,species,,,4,0.02,0.2,0.2,0.1,0.1,0.04,0.05,0.06,0.04,1.6,0.24,0.7,0.4,1,0.1,0.2,0.04,1.6,0.5,0.8,0.3,0.4
Adenanthera,NoData,,Adenanthera,Fabaceae,Btr,genus,,,4,0.02,0.2,0.2,0.1,0.1,0.04,0.05,0.06,0.04,1.6,0.24,0.7,0.4,1,0.1,0.2,0.04,1.6,0.5,0.8,0.3,0.4
Adenanthera pavonina,NoData,red beadtree,Adenanthera,Fabaceae,Btr,species,,,4,0.02,0.2,0.2,0.1,0.1,0.04,0.05,0.06,0.04,1.6,0.24,0.7,0.4,1,0.1,0.2,0.04,1.6,0.5,0.8,0.3,0.4
Adenium,NoData,,Adenium,Apocynaceae,Unknown,genus,,,4,0.02,0.2,0.2,0.1,0.1,0.04,0.05,0.06,0.04,1.6,0.24,0.7,0.4,1,0.1,0.2,0.04,1.6,0.5,0.8,0.3,0.4
Adenium multiflorum,NoData,,Adenium,Apocynaceae,Unknown,species,,,4,0.02,0.2,0.2,0.1,0.1,0.04,0.05,0.06,0.04,1.6,0.24,0.7,0.4,1,0.1,0.2,0.04,1.6,0.5,0.8,0.3,0.4
Adenocarpus,NoData,,Adenocarpus,Fabaceae,Unknown,genus,,,4,0.02,0.2,0.2,0.1,0.1,0.04,0.05,0.06,0.04,1.6,0.24,0.7,0.4,1,0.1,0.2,0.04,1.6,0.5,0.8,0.3,0.4
Adenocarpus decorticans,NoData,,Adenocarpus,Fabaceae,Unknown,species,,,4,0.02,0.2,0.2,0.1,0.1,0.04,0.05,0.06,0.04,1.6,0.24,0.7,0.4,1,0.1,0.2,0.04,1.6,0.5,0.8,0.3,0.4
Adenophora,NoData,,Adenopho,Campanulaceae,Herb,genus,,,4,0.02,0.2,0.2,0.1,0.1,0.04,0.05,0.06,0.04,1.6,0.24,0.7,0.4,1,0.1,0.2,0.04,1.6,0.5,0.8,0.3,0.4
Adenophora crispata,NoData,,Adenopho,Campanulaceae,Herb,species,,,4,0.02,0.2,0.2,0.1,0.1,0.04,0.05,0.06,0.04,1.6,0.24,0.7,0.4,1,0.1,0.2,0.04,1.6,0.5,0.8,0.3,0.4
Adenophora gmelinni,NoData,,Adenopho,Campanulaceae,Herb,species,,,4,0.02,0.2,0.2,0.1,0.1,0.04,0.05,0.06,0.04,1.6,0.24,0.7,0.4,1,0.1,0.2,0.04,1.6,0.5,0.8,0.3,0.4
Adenophora paniculata,NoData,,Adenopho,Campanulaceae,Herb,species,,,4,0.02,0.2,0.2,0.1,0.1,0.04,0.05,0.06,0.04,1.6,0.24,0.7,0.4,1,0.1,0.2,0.04,1.6,0.5,0.8,0.3,0.4
Adenophora stenanthina,NoData,,Adenopho,Campanulaceae,Herb,species,,,4,0.02,0.2,0.2,0.1,0.1,0.04,0.05,0.06,0.04,1.6,0.24,0.7,0.4,1,0.1,0.2,0.04,1.6,0.5,0.8,0.3,0.4
Adenostoma,NoData,,Adenostoma,Rosaceae,Shrub,genus,,,4,0.02,0.2,0.2,0.1,0.1,0.04,0.05,0.06,0.04,1.6,0.24,0.7,0.4,1,0.1,0.2,0.04,1.6,0.5,0.8,0.3,0.4
Adenostoma fasciculatum,NoData,chamise,Adenostoma,Rosaceae,Shrub,species,,,4,0.02,0.2,0.2,0.1,0.1,0.04,0.05,0.06,0.04,1.6,0.24,0.7,0.4,1,0.1,0.2,0.04,1.6,0.5,0.8,0.3,0.4
Adenostoma sparsifolium,NoData,redshank,Adenostoma,Rosaceae,Btr,species,,,4,0.02,0.2,0.2,0.1,0.1,0.04,0.05,0.06,0.04,1.6,0.24,0.7,0.4,1,0.1,0.2,0.04,1.6,0.5,0.8,0.3,0.4
Adiantum,NoData,,Adiantum,Pteridaceae,Herb,genus,,,4,0.02,0.2,0.2,0.1,0.1,0.04,0.05,0.06,0.04,1.6,0.24,0.7,0.4,1,0.1,0.2,0.04,1.6,0.5,0.8,0.3,0.4
Adiantum capillus-veneris,NoData,common maidenhair,Adiantum,Pteridaceae,Herb,species,,,4,0.02,0.2,0.2,0.1,0.1,0.04,0.05,0.06,0.04,1.6,0.24,0.7,0.4,1,0.1,0.2,0.04,1.6,0.5,0.8,0.3,0.4
Adiantum trapeziform,NoData,,Adiantum,Pteridaceae,Unknown,species,,,4,0.02,0.2,0.2,0.1,0.1,0.04,0.05,0.06,0.04,1.6,0.24,0.7,0.4,1,0.1,0.2,0.04,1.6,0.5,0.8,0.3,0.4
Aegiceras,NoData,,Aegiceras,Primulaceae,Btr,genus,,,4,0.02,0.2,0.2,0.1,0.1,0.04,0.05,0.06,0.04,1.6,0.24,0.7,0.4,1,0.1,0.2,0.04,1.6,0.5,0.8,0.3,0.4
Aegiceras corniculatum,NoData,,Aegiceras,Primulaceae,Btr,species,,,4,0.02,0.2,0.2,0.1,0.1,0.04,0.05,0.06,0.04,1.6,0.24,0.7,0.4,1,0.1,0.2,0.04,1.6,0.5,0.8,0.3,0.4
Aesculus,Aesculus,buckeye,Aesculus,Hippocastanaceae,Btr,genus,,,0.2,0.02,0.2,0.2,0.1,0.4,0.04,0.05,0.06,0.04,1.6,0.24,0.7,0.4,1,0.1,0.2,0.04,1.6,0.5,0.8,0.3,0.4
Aesculus californica,Aesculus,California buckeye,Aesculus,Hippocastanaceae,Btr,species,,,0.2,0.02,0.2,0.2,0.1,0.4,0.04,0.05,0.06,0.04,1.6,0.24,0.7,0.4,1,0.1,0.2,0.04,1.6,0.5,0.8,0.3,0.4
Aesculus flava,Aesculus,yellow buckeye,Aesculus,Hippocastanaceae,Btr,species,,,0.2,0.02,0.2,0.2,0.1,0.4,0.04,0.05,0.06,0.04,1.6,0.24,0.7,0.4,1,0.1,0.2,0.04,1.6,0.5,0.8,0.3,0.4
Aesculus glabra,Aesculus,Ohio buckeye,Aesculus,Hippocastanaceae,Btr,species,,,0.2,0.02,0.2,0.2,0.1,0.4,0.04,0.05,0.06,0.04,1.6,0.24,0.7,0.4,1,0.1,0.2,0.04,1.6,0.5,0.8,0.3,0.4
Aesculus hippocastanum,Aesculus,horse chestnut,Aesculus,Hippocastanaceae,Btr,species,,,0.2,0.02,0.2,0.2,0.1,0.4,0.04,0.05,0.06,0.04,1.6,0.24,0.7,0.4,1,0.1,0.2,0.04,1.6,0.5,0.8,0.3,0.4
Aesculus x carnea,Aesculus,red horse-chestnut,Aesculus,Hippocastanaceae,Btr,species,,,0.2,0.02,0.2,0.2,0.1,0.4,0.04,0.05,0.06,0.04,1.6,0.24,0.7,0.4,1,0.1,0.2,0.04,1.6,0.5,0.8,0.3,0.4
Aframomum,Afrocarpus,,Aframomum,Zingiberaceae,Unknown,genus,,,0.05,0.02,0.1,0.01,0.01,0.01,0.01,0.01,0.06,0.04,1.6,0.24,0.7,0.4,1,0.1,0.2,0.04,1.6,0.5,0.8,0.3,0.4
Aframomum giganteum,Afrocarpus,,Aframomum,Zingiberaceae,Unknown,species,,,0.05,0.02,0.1,0.01,0.01,0.01,0.01,0.01,0.06,0.04,1.6,0.24,0.7,0.4,1,0.1,0.2,0.04,1.6,0.5,0.8,0.3,0.4
Afrocarpus,Afrocarpus,yellowwood,Afrocarpus,Podocarpaceae,Ntr,genus,,,0.05,0.02,0.1,0.01,0.01,0.01,0.01,0.01,0.06,0.04,1.6,0.24,0.7,0.4,1,0.1,0.2,0.04,1.6,0.5,0.8,0.3,0.4
Afrocarpus falcatus,Afrocarpus,yellowwood,Afrocarpus,Podocarpaceae,Ntr,species,,,0.05,0.02,0.1,0.01,0.01,0.01,0.01,0.01,0.06,0.04,1.6,0.24,0.7,0.4,1,0.1,0.2,0.04,1.6,0.5,0.8,0.3,0.4
Afrocarpus gracilior,Afrocarpus,East African yellowwood,Afrocarpus,Podocarpaceae,Ntr,species,,,0.05,0.02,0.1,0.01,0.01,0.01,0.01,0.01,0.06,0.04,1.6,0.24,0.7,0.4,1,0.1,0.2,0.04,1.6,0.5,0.8,0.3,0.4
Afrocarpus henkelii,Afrocarpus,,Afrocarpus,Podocarpaceae,Ntr,species,,,0.05,0.02,0.1,0.01,0.01,0.01,0.01,0.01,0.06,0.04,1.6,0.24,0.7,0.4,1,0.1,0.2,0.04,1.6,0.5,0.8,0.3,0.4
Afrocarpus macrophyllus,Afrocarpus,,Afrocarpus,Podocarpaceae,Ntr,species,,,0.05,0.02,0.1,0.01,0.01,0.01,0.01,0.01,0.06,0.04,1.6,0.24,0.7,0.4,1,0.1,0.2,0.04,1.6,0.5,0.8,0.3,0.4
Afrocarpus nagi,Afrocarpus,,Afrocarpus,Podocarpaceae,Ntr,species,,,0.05,0.02,0.1,0.01,0.01,0.01,0.01,0.01,0.06,0.04,1.6,0.24,0.7,0.4,1,0.1,0.2,0.04,1.6,0.5,0.8,0.3,0.4
Afrormosia,NoData,,Afrormosia,Fabaceae,Unknown,genus,,,4,0.02,0.2,0.2,0.1,0.1,0.04,0.05,0.06,0.04,1.6,0.24,0.7,0.4,1,0.1,0.2,0.04,1.6,0.5,0.8,0.3,0.4
Afrormosia laxiflora,NoData,,Afrormosia,Fabaceae,Unknown,species,,,4,0.02,0.2,0.2,0.1,0.1,0.04,0.05,0.06,0.04,1.6,0.24,0.7,0.4,1,0.1,0.2,0.04,1.6,0.5,0.8,0.3,0.4
Afrostyrax,NoData,,Afrostyrax,Huaceae,Unknown,genus,,,4,0.02,0.2,0.2,0.1,0.1,0.04,0.05,0.06,0.04,1.6,0.24,0.7,0.4,1,0.1,0.2,0.04,1.6,0.5,0.8,0.3,0.4
Afrostyrax lepidophyllus,NoData,,Afrostyrax,Huaceae,Unknown,species,,,4,0.02,0.2,0.2,0.1,0.1,0.04,0.05,0.06,0.04,1.6,0.24,0.7,0.4,1,0.1,0.2,0.04,1.6,0.5,0.8,0.3,0.4
Afzelia,NoData,,Afzelia,Fabaceae,Unknown,genus,,,4,0.02,0.2,0.2,0.1,0.1,0.04,0.05,0.06,0.04,1.6,0.24,0.7,0.4,1,0.1,0.2,0.04,1.6,0.5,0.8,0.3,0.4
Afzelia quanzensis,NoData,pod mahogany,Afzelia,Fabaceae,Unknown,species,,,4,0.02,0.2,0.2,0.1,0.1,0.04,0.05,0.06,0.04,1.6,0.24,0.7,0.4,1,0.1,0.2,0.04,1.6,0.5,0.8,0.3,0.4
Afzelia xylocarpa,NoData,,Afzelia,Fabaceae,Unknown,species,,,4,0.02,0.2,0.2,0.1,0.1,0.04,0.05,0.06,0.04,1.6,0.24,0.7,0.4,1,0.1,0.2,0.04,1.6,0.5,0.8,0.3,0.4
Agathis,NoData,,Agathis,Araucariaceae,Btr,genus,,,4,0.02,0.2,0.2,0.1,0.1,0.04,0.05,0.06,0.04,1.6,0.24,0.7,0.4,1,0.1,0.2,0.04,1.6,0.5,0.8,0.3,0.4
Agathis robusta,NoData,Queensland kauri,Agathis,Araucariaceae,Btr,species,,,4,0.02,0.2,0.2,0.1,0.1,0.04,0.05,0.06,0.04,1.6,0.24,0.7,0.4,1,0.1,0.2,0.04,1.6,0.5,0.8,0.3,0.4
Agavaceae,NoData,,Agavaceae,Agavaceae,Unknown,family,,,4,0.02,0.2,0.2,0.1,0.1,0.04,0.05,0.06,0.04,1.6,0.24,0.7,0.4,1,0.1,0.2,0.04,1.6,0.5,0.8,0.3,0.4
Agave,NoData,,Agave,Agavaceae,Shrub,genus,,,4,0.02,0.2,0.2,0.1,0.1,0.04,0.05,0.06,0.04,1.6,0.24,0.7,0.4,1,0.1,0.2,0.04,1.6,0.5,0.8,0.3,0.4
Agave americana,NoData,American century plant,Agave,Agavaceae,Shrub,species,,,4,0.02,0.2,0.2,0.1,0.1,0.04,0.05,0.06,0.04,1.6,0.24,0.7,0.4,1,0.1,0.2,0.04,1.6,0.5,0.8,0.3,0.4
Agelaea,NoData,,Agelaea,Connaraceae,Unknown,genus,,,4,0.02,0.2,0.2,0.1,0.1,0.04,0.05,0.06,0.04,1.6,0.24,0.7,0.4,1,0.1,0.2,0.04,1.6,0.5,0.8,0.3,0.4
Agelaea dewevrei,NoData,,Agelaea,Connaraceae,Unknown,species,,,4,0.02,0.2,0.2,0.1,0.1,0.04,0.05,0.06,0.04,1.6,0.24,0.7,0.4,1,0.1,0.2,0.04,1.6,0.5,0.8,0.3,0.4
Agonis,NoData,,Agonis,Myrtaceae,Shrub,genus,,,4,0.02,0.2,0.2,0.1,0.1,0.04,0.05,0.06,0.04,1.6,0.24,0.7,0.4,1,0.1,0.2,0.04,1.6,0.5,0.8,0.3,0.4
Agonis flexuosa,NoData,,Agonis,Myrtaceae,Unknown,species,,,4,0.02,0.2,0.2,0.1,0.1,0.04,0.05,0.06,0.04,1.6,0.24,0.7,0.4,1,0.1,0.2,0.04,1.6,0.5,0.8,0.3,0.4
Agrimonia,NoData,,Agrimonia,Rosaceae,Herb,genus,,,4,0.02,0.2,0.2,0.1,0.1,0.04,0.05,0.06,0.04,1.6,0.24,0.7,0.4,1,0.1,0.2,0.04,1.6,0.5,0.8,0.3,0.4
Agrimonia pilosa,NoData,,Agrimonia,Rosaceae,Herb,species,,,4,0.02,0.2,0.2,0.1,0.1,0.04,0.05,0.06,0.04,1.6,0.24,0.7,0.4,1,0.1,0.2,0.04,1.6,0.5,0.8,0.3,0.4
Agropyron,NoData,,Agropyron,Poaceae,Herb,genus,,,4,0.02,0.2,0.2,0.1,0.1,0.04,0.05,0.06,0.04,1.6,0.24,0.7,0.4,1,0.1,0.2,0.04,1.6,0.5,0.8,0.3,0.4
Agropyron cristatum,NoData,crested wheatgrass,Agropyron,Poaceae,Herb,species,,,4,0.02,0.2,0.2,0.1,0.1,0.04,0.05,0.06,0.04,1.6,0.24,0.7,0.4,1,0.1,0.2,0.04,1.6,0.5,0.8,0.3,0.4
Agropyron fragile,NoData,Siberian wheatgrass,Agropyron,Poaceae,Herb,species,,,4,0.02,0.2,0.2,0.1,0.1,0.04,0.05,0.06,0.04,1.6,0.24,0.7,0.4,1,0.1,0.2,0.04,1.6,0.5,0.8,0.3,0.4
Agropyron michnoi,NoData,,Agropyron,Poaceae,Herb,species,,,4,0.02,0.2,0.2,0.1,0.1,0.04,0.05,0.06,0.04,1.6,0.24,0.7,0.4,1,0.1,0.2,0.04,1.6,0.5,0.8,0.3,0.4
Agrostis,NoData,,Agrostis,Poaceae,Unknown,genus,,,4,0.02,0.2,0.2,0.1,0.1,0.04,0.05,0.06,0.04,1.6,0.24,0.7,0.4,1,0.1,0.2,0.04,1.6,0.5,0.8,0.3,0.4
Agrostis curtissii,NoData,,Agrostis,Poaceae,Unknown,species,,,4,0.02,0.2,0.2,0.1,0.1,0.04,0.05,0.06,0.04,1.6,0.24,0.7,0.4,1,0.1,0.2,0.04,1.6,0.5,0.8,0.3,0.4
Agrostis gigantea,NoData,redtop,Agrostis,Poaceae,Herb,species,,,4,0.02,0.2,0.2,0.1,0.1,0.04,0.05,0.06,0.04,1.6,0.24,0.7,0.4,1,0.1,0.2,0.04,1.6,0.5,0.8,0.3,0.4
Agrostis trinii,NoData,,Agrostis,Poaceae,Herb,species,,,4,0.02,0.2,0.2,0.1,0.1,0.04,0.05,0.06,0.04,1.6,0.24,0.7,0.4,1,0.1,0.2,0.04,1.6,0.5,0.8,0.3,0.4
Ailanthus,Ailanthus,tree of heaven,Ailanthus,Simaroubaceae,Btr,genus,,,0.2,0.02,0.1,0.1,0.05,0.05,0.04,0.05,0.06,0.04,1.6,0.24,0.7,0.4,1,0.1,0.2,0.04,1.6,0.5,0.8,0.3,0.4
Ailanthus altissima,Ailanthus,tree of heaven,Ailanthus,Simaroubaceae,Btr,species,,,0.2,0.02,0.1,0.1,0.05,0.05,0.04,0.05,0.06,0.04,1.6,0.24,0.7,0.4,1,0.1,0.2,0.04,1.6,0.5,0.8,0.3,0.4
Ailanthus fordii,Ailanthus,,Ailanthus,Simaroubaceae,Unknown,species,,,0.2,0.02,0.1,0.1,0.05,0.05,0.04,0.05,0.06,0.04,1.6,0.24,0.7,0.4,1,0.1,0.2,0.04,1.6,0.5,0.8,0.3,0.4
Alangium,NoData,,Alangium,Cornaceae,Unknown,genus,,,4,0.02,0.2,0.2,0.1,0.1,0.04,0.05,0.06,0.04,1.6,0.24,0.7,0.4,1,0.1,0.2,0.04,1.6,0.5,0.8,0.3,0.4
Alangium barbatum,NoData,,Alangium,Cornaceae,Unknown,species,,,4,0.02,0.2,0.2,0.1,0.1,0.04,0.05,0.06,0.04,1.6,0.24,0.7,0.4,1,0.1,0.2,0.04,1.6,0.5,0.8,0.3,0.4
Alangium chinensis,NoData,,Alangium,Cornaceae,Unknown,species,,,4,0.02,0.2,0.2,0.1,0.1,0.04,0.05,0.06,0.04,1.6,0.24,0.7,0.4,1,0.1,0.2,0.04,1.6,0.5,0.8,0.3,0.4
Alangium kuzii,NoData,,Alangium,Cornaceae,Unknown,species,,,4,0.02,0.2,0.2,0.1,0.1,0.04,0.05,0.06,0.04,1.6,0.24,0.7,0.4,1,0.1,0.2,0.04,1.6,0.5,0.8,0.3,0.4
Albizia,Albizia,albizia,Albizia,Fabaceae,Btr,genus,,,8,0.02,0.1,0.2,0.05,0.02,0.04,0.05,0.02,0.04,1.6,0.24,0.7,0.4,1,0.1,0.2,0.04,1.6,0.5,0.8,0.3,0.4
Albizia adianthifolia,Albizia,West African albizzia,Albizia,Fabaceae,Unknown,species,,,8,0.02,0.1,0.2,0.05,0.02,0.04,0.05,0.02,0.04,1.6,0.24,0.7,0.4,1,0.1,0.2,0.04,1.6,0.5,0.8,0.3,0.4
Albizia distachya,Albizia,,Albizia,Fabaceae,Btr,species,,,8,0.02,0.1,0.2,0.05,0.02,0.04,0.05,0.02,0.04,1.6,0.24,0.7,0.4,1,0.1,0.2,0.04,1.6,0.5,0.8,0.3,0.4
Albizia falcataria,Albizia,also A. falcata,Albizia,Fabaceae,Btr,species,,,8,0.02,0.1,0.2,0.05,0.02,0.04,0.05,0.02,0.04,1.6,0.24,0.7,0.4,1,0.1,0.2,0.04,1.6,0.5,0.8,0.3,0.4
Albizia ferruginea,Albizia,albizia,Albizia,Fabaceae,Unknown,species,,,8,0.02,0.1,0.2,0.05,0.02,0.04,0.05,0.02,0.04,1.6,0.24,0.7,0.4,1,0.1,0.2,0.04,1.6,0.5,0.8,0.3,0.4
Albizia forbesii,Albizia,,Albizia,Fabaceae,Unknown,species,,,8,0.02,0.1,0.2,0.05,0.02,0.04,0.05,0.02,0.04,1.6,0.24,0.7,0.4,1,0.1,0.2,0.04,1.6,0.5,0.8,0.3,0.4
Albizia glaberrina,Albizia,,Albizia,Fabaceae,Unknown,species,,,8,0.02,0.1,0.2,0.05,0.02,0.04,0.05,0.02,0.04,1.6,0.24,0.7,0.4,1,0.1,0.2,0.04,1.6,0.5,0.8,0.3,0.4
Albizia guachapele,Albizia,,Albizia,Fabaceae,Unknown,species,,,8,0.02,0.1,0.2,0.05,0.02,0.04,0.05,0.02,0.04,1.6,0.24,0.7,0.4,1,0.1,0.2,0.04,1.6,0.5,0.8,0.3,0.4
Albizia harveyi,Albizia,,Albizia,Fabaceae,Unknown,species,,,8,0.02,0.1,0.2,0.05,0.02,0.04,0.05,0.02,0.04,1.6,0.24,0.7,0.4,1,0.1,0.2,0.04,1.6,0.5,0.8,0.3,0.4
Albizia julibrissin,Albizia,silktree,Albizia,Fabaceae,Btr,species,,,8,0.02,0.1,0.2,0.05,0.02,0.04,0.05,0.02,0.04,1.6,0.24,0.7,0.4,1,0.1,0.2,0.04,1.6,0.5,0.8,0.3,0.4
Albizia lebbeck,Albizia,woman's tongue,Albizia,Fabaceae,Btr,species,,,8,0.02,0.1,0.2,0.05,0.02,0.04,0.05,0.02,0.04,1.6,0.24,0.7,0.4,1,0.1,0.2,0.04,1.6,0.5,0.8,0.3,0.4
Albizia lucidior,Albizia,,Albizia,Fabaceae,Btr,species,,,8,0.02,0.1,0.2,0.05,0.02,0.04,0.05,0.02,0.04,1.6,0.24,0.7,0.4,1,0.1,0.2,0.04,1.6,0.5,0.8,0.3,0.4
Albizia versicolor,Albizia,,Albizia,Fabaceae,Unknown,species,,,8,0.02,0.1,0.2,0.05,0.02,0.04,0.05,0.02,0.04,1.6,0.24,0.7,0.4,1,0.1,0.2,0.04,1.6,0.5,0.8,0.3,0.4
Albizia zygia,Albizia,albizia,Albizia,Fabaceae,Unknown,species,,,8,0.02,0.1,0.2,0.05,0.02,0.04,0.05,0.02,0.04,1.6,0.24,0.7,0.4,1,0.1,0.2,0.04,1.6,0.5,0.8,0.3,0.4
Alchornea,NoData,,Alchornea,Euphorbiaceae,Unknown,genus,,,4,0.02,0.2,0.2,0.1,0.1,0.04,0.05,0.06,0.04,1.6,0.24,0.7,0.4,1,0.1,0.2,0.04,1.6,0.5,0.8,0.3,0.4
Alchornea cordifolia,NoData,,Alchornea,Euphorbiaceae,Unknown,species,,,4,0.02,0.2,0.2,0.1,0.1,0.04,0.05,0.06,0.04,1.6,0.24,0.7,0.4,1,0.1,0.2,0.04,1.6,0.5,0.8,0.3,0.4
Alchornea costaricensis,NoData,,Alchornea,Euphorbiaceae,Unknown,species,,,4,0.02,0.2,0.2,0.1,0.1,0.04,0.05,0.06,0.04,1.6,0.24,0.7,0.4,1,0.1,0.2,0.04,1.6,0.5,0.8,0.3,0.4
Alchornea davidii,NoData,,Alchornea,Euphorbiaceae,Unknown,species,,,4,0.02,0.2,0.2,0.1,0.1,0.04,0.05,0.06,0.04,1.6,0.24,0.7,0.4,1,0.1,0.2,0.04,1.6,0.5,0.8,0.3,0.4
Alchornea tremioides,NoData,,Alchornea,Euphorbiaceae,Unknown,species,,,4,0.02,0.2,0.2,0.1,0.1,0.04,0.05,0.06,0.04,1.6,0.24,0.7,0.4,1,0.1,0.2,0.04,1.6,0.5,0.8,0.3,0.4
Alectryon,NoData,,Alectryon,Sapindaceae,Btr,genus,,,4,0.02,0.2,0.2,0.1,0.1,0.04,0.05,0.06,0.04,1.6,0.24,0.7,0.4,1,0.1,0.2,0.04,1.6,0.5,0.8,0.3,0.4
Alectryon excelsus,NoData,alectryon,Alectryon,Sapindaceae,Btr,species,,,4,0.02,0.2,0.2,0.1,0.1,0.04,0.05,0.06,0.04,1.6,0.24,0.7,0.4,1,0.1,0.2,0.04,1.6,0.5,0.8,0.3,0.4
Aleurites,NoData,,Aleurites,Euphorbiaceae,Unknown,genus,,,4,0.02,0.2,0.2,0.1,0.1,0.04,0.05,0.06,0.04,1.6,0.24,0.7,0.4,1,0.1,0.2,0.04,1.6,0.5,0.8,0.3,0.4
Aleurites fordii,NoData,,Aleurites,Euphorbiaceae,Unknown,species,,,4,0.02,0.2,0.2,0.1,0.1,0.04,0.05,0.06,0.04,1.6,0.24,0.7,0.4,1,0.1,0.2,0.04,1.6,0.5,0.8,0.3,0.4
Aleurites moluccana,NoData,Indian walnut,Aleurites,Euphorbiaceae,Btr,species,,,4,0.02,0.2,0.2,0.1,0.1,0.04,0.05,0.06,0.04,1.6,0.24,0.7,0.4,1,0.1,0.2,0.04,1.6,0.5,0.8,0.3,0.4
Alexa,NoData,,Alexa,Fabaceae,Unknown,genus,,,4,0.02,0.2,0.2,0.1,0.1,0.04,0.05,0.06,0.04,1.6,0.24,0.7,0.4,1,0.1,0.2,0.04,1.6,0.5,0.8,0.3,0.4
Allamanda,NoData,,Allamanda,Apocynaceae,Shrub,genus,,,4,0.02,0.2,0.2,0.1,0.1,0.04,0.05,0.06,0.04,1.6,0.24,0.7,0.4,1,0.1,0.2,0.04,1.6,0.5,0.8,0.3,0.4
Allamanda schottii,NoData,bush allamanda,Allamanda,Apocynaceae,Shrub,species,,,4,0.02,0.2,0.2,0.1,0.1,0.04,0.05,0.06,0.04,1.6,0.24,0.7,0.4,1,0.1,0.2,0.04,1.6,0.5,0.8,0.3,0.4
Allenrolfea,NoData,,Allenrolfea,Chenopodiaceae,Shrub,genus,,,4,0.02,0.2,0.2,0.1,0.1,0.04,0.05,0.06,0.04,1.6,0.24,0.7,0.4,1,0.1,0.2,0.04,1.6,0.5,0.8,0.3,0.4
Allenrolfea occidentalis,NoData,iodinebush,Allenrolfea,Chenopodiaceae,Shrub,species,,,4,0.02,0.2,0.2,0.1,0.1,0.04,0.05,0.06,0.04,1.6,0.24,0.7,0.4,1,0.1,0.2,0.04,1.6,0.5,0.8,0.3,0.4
Allium,NoDataLowIso,onion,Allium,Liliaceae,Herb,genus,,,0.2,0.02,0.2,0.2,0.2,0.2,0.04,0.05,0.04,0.02,1.6,0.24,0.7,0.4,1,0.1,0.2,0.04,1.6,0.5,0.8,0.3,0.4
Allium anisopodium,NoData,,Allium,Liliaceae,Herb,species,,,4,0.02,0.2,0.2,0.1,0.1,0.04,0.05,0.06,0.04,1.6,0.24,0.7,0.4,1,0.1,0.2,0.04,1.6,0.5,0.8,0.3,0.4
Allium bidentatum,NoData,,Allium,Liliaceae,Herb,species,,,4,0.02,0.2,0.2,0.1,0.1,0.04,0.05,0.06,0.04,1.6,0.24,0.7,0.4,1,0.1,0.2,0.04,1.6,0.5,0.8,0.3,0.4
Allium cepa,NoData,garden onion,Allium,Liliaceae,Herb,species,,,4,0.02,0.2,0.2,0.1,0.1,0.04,0.05,0.06,0.04,1.6,0.24,0.7,0.4,1,0.1,0.2,0.04,1.6,0.5,0.8,0.3,0.4
Allium condensatum,NoData,,Allium,Liliaceae,Herb,species,,,4,0.02,0.2,0.2,0.1,0.1,0.04,0.05,0.06,0.04,1.6,0.24,0.7,0.4,1,0.1,0.2,0.04,1.6,0.5,0.8,0.3,0.4
Allium ledebourianum,NoData,,Allium,Liliaceae,Herb,species,,,4,0.02,0.2,0.2,0.1,0.1,0.04,0.05,0.06,0.04,1.6,0.24,0.7,0.4,1,0.1,0.2,0.04,1.6,0.5,0.8,0.3,0.4
Allium ramosum,NoData,,Allium,Liliaceae,Herb,species,,,4,0.02,0.2,0.2,0.1,0.1,0.04,0.05,0.06,0.04,1.6,0.24,0.7,0.4,1,0.1,0.2,0.04,1.6,0.5,0.8,0.3,0.4
Allium senescens,NoData,,Allium,Liliaceae,Herb,species,,,4,0.02,0.2,0.2,0.1,0.1,0.04,0.05,0.06,0.04,1.6,0.24,0.7,0.4,1,0.1,0.2,0.04,1.6,0.5,0.8,0.3,0.4
Allium tenuissimum,NoData,,Allium,Liliaceae,Herb,species,,,4,0.02,0.2,0.2,0.1,0.1,0.04,0.05,0.06,0.04,1.6,0.24,0.7,0.4,1,0.1,0.2,0.04,1.6,0.5,0.8,0.3,0.4
Allium ursinum,NoData,bear garlic,Allium,Liliaceae,Unknown,species,,,4,0.02,0.2,0.2,0.1,0.1,0.04,0.05,0.06,0.04,1.6,0.24,0.7,0.4,1,0.1,0.2,0.04,1.6,0.5,0.8,0.3,0.4
Allocasuarina,NoDataIso,,Allocasuarina,Casuarinaceae,Unknown,genus,,,16,0.02,0.2,0.2,0.1,0.1,0.04,0.05,0.06,0.04,1.6,0.24,0.7,0.4,1,0.1,0.2,0.04,1.6,0.5,0.8,0.3,0.4
Allocasuarina verticillata,NoDataIso,drooping she-oak,Allocasuarina,Casuarinaceae,Unknown,species,,,16,0.02,0.2,0.2,0.1,0.1,0.04,0.05,0.06,0.04,1.6,0.24,0.7,0.4,1,0.1,0.2,0.04,1.6,0.5,0.8,0.3,0.4
Allophylus,NoData,,Allophylus,Sapindaceae,Unknown,genus,,,4,0.02,0.2,0.2,0.1,0.1,0.04,0.05,0.06,0.04,1.6,0.24,0.7,0.4,1,0.1,0.2,0.04,1.6,0.5,0.8,0.3,0.4
Allophylus africanus,NoData,,Allophylus,Sapindaceae,Unknown,species,,,4,0.02,0.2,0.2,0.1,0.1,0.04,0.05,0.06,0.04,1.6,0.24,0.7,0.4,1,0.1,0.2,0.04,1.6,0.5,0.8,0.3,0.4
Allophylus lantsangensis,NoData,,Allophylus,Sapindaceae,Unknown,species,,,4,0.02,0.2,0.2,0.1,0.1,0.04,0.05,0.06,0.04,1.6,0.24,0.7,0.4,1,0.1,0.2,0.04,1.6,0.5,0.8,0.3,0.4
Alnus,Alnus,alder,Alnus,Betulaceae,Btr,genus,,,0.2,0.02,0.02,0.1,0.02,0.01,0.04,0.05,0.06,0.04,1.6,0.24,0.7,0.4,1,0.1,0.2,0.04,1.6,0.5,0.8,0.3,0.4
Alnus cordata,Alnus,Italian alder,Alnus,Betulaceae,Btr,species,,,0.2,0.02,0.02,0.1,0.02,0.01,0.04,0.05,0.06,0.04,1.6,0.24,0.7,0.4,1,0.1,0.2,0.04,1.6,0.5,0.8,0.3,0.4
Alnus glutinosa,Alnus,European alder,Alnus,Betulaceae,Btr,species,,,0.2,0.02,0.02,0.1,0.02,0.01,0.04,0.05,0.06,0.04,1.6,0.24,0.7,0.4,1,0.1,0.2,0.04,1.6,0.5,0.8,0.3,0.4
Alnus incana ssp. rugosa,Alnus,speckled alder,Alnus,Betulaceae,Btr,species,,,0.2,0.02,0.02,0.1,0.02,0.01,0.04,0.05,0.06,0.04,1.6,0.24,0.7,0.4,1,0.1,0.2,0.04,1.6,0.5,0.8,0.3,0.4
Alnus mandshurica,Alnus,,Alnus,Betulaceae,Unknown,species,,,0.2,0.02,0.02,0.1,0.02,0.01,0.04,0.05,0.06,0.04,1.6,0.24,0.7,0.4,1,0.1,0.2,0.04,1.6,0.5,0.8,0.3,0.4
Alnus nepalensis,Alnus,Nepal alder,Alnus,Betulaceae,Btr,species,,,0.2,0.02,0.02,0.1,0.02,0.01,0.04,0.05,0.06,0.04,1.6,0.24,0.7,0.4,1,0.1,0.2,0.04,1.6,0.5,0.8,0.3,0.4
Alnus oregona,Alnus,,Alnus,Betulaceae,Btr,species,,,0.2,0.02,0.02,0.1,0.02,0.01,0.04,0.05,0.06,0.04,1.6,0.24,0.7,0.4,1,0.1,0.2,0.04,1.6,0.5,0.8,0.3,0.4
Alnus rhombifolia,Alnus,white alder,Alnus,Betulaceae,Btr,species,,,0.2,0.02,0.02,0.1,0.02,0.01,0.04,0.05,0.06,0.04,1.6,0.24,0.7,0.4,1,0.1,0.2,0.04,1.6,0.5,0.8,0.3,0.4
Alnus rubra,Alnus,red alder,Alnus,Betulaceae,Btr,species,,,0.2,0.02,0.02,0.1,0.02,0.01,0.04,0.05,0.06,0.04,1.6,0.24,0.7,0.4,1,0.1,0.2,0.04,1.6,0.5,0.8,0.3,0.4
Alnus rugosa,Alnus,,Alnus,Betulaceae,Unknown,species,,,0.2,0.02,0.02,0.1,0.02,0.01,0.04,0.05,0.06,0.04,1.6,0.24,0.7,0.4,1,0.1,0.2,0.04,1.6,0.5,0.8,0.3,0.4
Alnus sibirica,Alnus,,Alnus,Betulaceae,Unknown,species,,,0.2,0.02,0.02,0.1,0.02,0.01,0.04,0.05,0.06,0.04,1.6,0.24,0.7,0.4,1,0.1,0.2,0.04,1.6,0.5,0.8,0.3,0.4
Alnus sinuata,Alnus,,Alnus,Betulaceae,Btr,species,,,0.2,0.02,0.02,0.1,0.02,0.01,0.04,0.05,0.06,0.04,1.6,0.24,0.7,0.4,1,0.1,0.2,0.04,1.6,0.5,0.8,0.3,0.4
Alnus tenuifolia,Alnus,,Alnus,Betulaceae,Unknown,species,,,0.2,0.02,0.02,0.1,0.02,0.01,0.04,0.05,0.06,0.04,1.6,0.24,0.7,0.4,1,0.1,0.2,0.04,1.6,0.5,0.8,0.3,0.4
Alnus viridis ssp. sinuata,Alnus,Sitka alder,Alnus,Betulaceae,Btr,species,,,0.2,0.02,0.02,0.1,0.02,0.01,0.04,0.05,0.06,0.04,1.6,0.24,0.7,0.4,1,0.1,0.2,0.04,1.6,0.5,0.8,0.3,0.4
Aloe,NoData,aloe,Aloe,Aloaceae,Herb,genus,,,4,0.02,0.2,0.2,0.1,0.1,0.04,0.05,0.06,0.04,1.6,0.24,0.7,0.4,1,0.1,0.2,0.04,1.6,0.5,0.8,0.3,0.4
Aloe arborescens,NoData,candelabra aloe,Aloe,Aloaceae,Unknown,species,,,4,0.02,0.2,0.2,0.1,0.1,0.04,0.05,0.06,0.04,1.6,0.24,0.7,0.4,1,0.1,0.2,0.04,1.6,0.5,0.8,0.3,0.4
Alopecurus,NoData,,Alopecurus,Poaceae,Herb,genus,,,4,0.02,0.2,0.2,0.1,0.1,0.04,0.05,0.06,0.04,1.6,0.24,0.7,0.4,1,0.1,0.2,0.04,1.6,0.5,0.8,0.3,0.4
Alopecurus aequalis,NoData,shortawn foxtail,Alopecurus,Poaceae,Herb,species,,,4,0.02,0.2,0.2,0.1,0.1,0.04,0.05,0.06,0.04,1.6,0.24,0.7,0.4,1,0.1,0.2,0.04,1.6,0.5,0.8,0.3,0.4
Aloysia,NoData,,Aloysia,Verbenaceae,Shrub,genus,,,4,0.02,0.2,0.2,0.1,0.1,0.04,0.05,0.06,0.04,1.6,0.24,0.7,0.4,1,0.1,0.2,0.04,1.6,0.5,0.8,0.3,0.4
Aloysia gratissima,NoData,whitebrush,Aloysia,Verbenaceae,Shrub,species,,,4,0.02,0.2,0.2,0.1,0.1,0.04,0.05,0.06,0.04,1.6,0.24,0.7,0.4,1,0.1,0.2,0.04,1.6,0.5,0.8,0.3,0.4
Alpinia,NoData,,Alpinia,Zingiberaceae,Herb,genus,,,4,0.02,0.2,0.2,0.1,0.1,0.04,0.05,0.06,0.04,1.6,0.24,0.7,0.4,1,0.1,0.2,0.04,1.6,0.5,0.8,0.3,0.4
Alpinia zerumbet,NoData,shellplant,Alpinia,Zingiberaceae,Herb,species,,,4,0.02,0.2,0.2,0.1,0.1,0.04,0.05,0.06,0.04,1.6,0.24,0.7,0.4,1,0.1,0.2,0.04,1.6,0.5,0.8,0.3,0.4
Alsophila,NoData,,Alsophila,Cyatheaceae,Unknown,genus,,,4,0.02,0.2,0.2,0.1,0.1,0.04,0.05,0.06,0.04,1.6,0.24,0.7,0.4,1,0.1,0.2,0.04,1.6,0.5,0.8,0.3,0.4
Alsophila cooperi,NoData,,Alsophila,Cyatheaceae,Unknown,species,,,4,0.02,0.2,0.2,0.1,0.1,0.04,0.05,0.06,0.04,1.6,0.24,0.7,0.4,1,0.1,0.2,0.04,1.6,0.5,0.8,0.3,0.4
Alstonia,NoData,,Alstonia,Apocynaceae,Unknown,genus,,,4,0.02,0.2,0.2,0.1,0.1,0.04,0.05,0.06,0.04,1.6,0.24,0.7,0.4,1,0.1,0.2,0.04,1.6,0.5,0.8,0.3,0.4
Alstonia boonei,NoData,,Alstonia,Apocynaceae,Unknown,species,,,4,0.02,0.2,0.2,0.1,0.1,0.04,0.05,0.06,0.04,1.6,0.24,0.7,0.4,1,0.1,0.2,0.04,1.6,0.5,0.8,0.3,0.4
Alstonia congensis,NoData,,Alstonia,Apocynaceae,Unknown,species,,,4,0.02,0.2,0.2,0.1,0.1,0.04,0.05,0.06,0.04,1.6,0.24,0.7,0.4,1,0.1,0.2,0.04,1.6,0.5,0.8,0.3,0.4
Alstonia scholaris,NoData,,Alstonia,Apocynaceae,Unknown,species,,,4,0.02,0.2,0.2,0.1,0.1,0.04,0.05,0.06,0.04,1.6,0.24,0.7,0.4,1,0.1,0.2,0.04,1.6,0.5,0.8,0.3,0.4
Althaea,NoData,marshmallow,Althaea,Malvaceae,Herb,genus,,,4,0.02,0.2,0.2,0.1,0.1,0.04,0.05,0.06,0.04,1.6,0.24,0.7,0.4,1,0.1,0.2,0.04,1.6,0.5,0.8,0.3,0.4
Amaranthus,NoData,,Amaranthus,Amaranthaceae,Herb,genus,,,4,0.02,0.2,0.2,0.1,0.1,0.04,0.05,0.06,0.04,1.6,0.24,0.7,0.4,1,0.1,0.2,0.04,1.6,0.5,0.8,0.3,0.4
Amaranthus retroflexus,NoData,redroot amaranth,Amaranthus,Amaranthaceae,Herb,species,,,4,0.02,0.2,0.2,0.1,0.1,0.04,0.05,0.06,0.04,1.6,0.24,0.7,0.4,1,0.1,0.2,0.04,1.6,0.5,0.8,0.3,0.4
Ambrosia,NoData,ragweed,Ambrosia,Asteraceae,Shrub,genus,,,4,0.02,0.2,0.2,0.1,0.1,0.04,0.05,0.06,0.04,1.6,0.24,0.7,0.4,1,0.1,0.2,0.04,1.6,0.5,0.8,0.3,0.4
Ambrosia artemisiifolia,NoData,annual ragweed,Ambrosia,Asteraceae,Herb,species,,,4,0.02,0.2,0.2,0.1,0.1,0.04,0.05,0.06,0.04,1.6,0.24,0.7,0.4,1,0.1,0.2,0.04,1.6,0.5,0.8,0.3,0.4
Ambrosia deltoidea,NoData,triangle bur ragweed,Ambrosia,Asteraceae,Shrub,species,,,4,0.02,0.2,0.2,0.1,0.1,0.04,0.05,0.06,0.04,1.6,0.24,0.7,0.4,1,0.1,0.2,0.04,1.6,0.5,0.8,0.3,0.4
Ambrosia dumosa,NoData,burrobush,Ambrosia,Asteraceae,Shrub,species,,,4,0.02,0.2,0.2,0.1,0.1,0.04,0.05,0.06,0.04,1.6,0.24,0.7,0.4,1,0.1,0.2,0.04,1.6,0.5,0.8,0.3,0.4
Amburana,NoData,,Amburana,Fabaceae,Btr,genus,,,4,0.02,0.2,0.2,0.1,0.1,0.04,0.05,0.06,0.04,1.6,0.24,0.7,0.4,1,0.1,0.2,0.04,1.6,0.5,0.8,0.3,0.4
Amelanchier,NoData,,Amelanchier,Rosaceae,Btr,genus,,,4,0.02,0.2,0.2,0.1,0.1,0.04,0.05,0.06,0.04,1.6,0.24,0.7,0.4,1,0.1,0.2,0.04,1.6,0.5,0.8,0.3,0.4
Amelanchier alnifolia,NoData,Saskatoon serviceberry,Amelanchier,Rosaceae,Btr,species,,,4,0.02,0.2,0.2,0.1,0.1,0.04,0.05,0.06,0.04,1.6,0.24,0.7,0.4,1,0.1,0.2,0.04,1.6,0.5,0.8,0.3,0.4
Amelanchier arborea,NoData,common serviceberry,Amelanchier,Rosaceae,Btr,species,,,4,0.02,0.2,0.2,0.1,0.1,0.04,0.05,0.06,0.04,1.6,0.24,0.7,0.4,1,0.1,0.2,0.04,1.6,0.5,0.8,0.3,0.4
Amelanchier canadensis,NoData,Canadian serviceberry,Amelanchier,Rosaceae,Btr,species,,,4,0.02,0.2,0.2,0.1,0.1,0.04,0.05,0.06,0.04,1.6,0.24,0.7,0.4,1,0.1,0.2,0.04,1.6,0.5,0.8,0.3,0.4
Amorpha,NoData,,Amorpha,Fabaceae,Shrub,genus,,,4,0.02,0.2,0.2,0.1,0.1,0.04,0.05,0.06,0.04,1.6,0.24,0.7,0.4,1,0.1,0.2,0.04,1.6,0.5,0.8,0.3,0.4
Amorpha californica,NoData,California false indigo,Amorpha,Fabaceae,Shrub,species,,,4,0.02,0.2,0.2,0.1,0.1,0.04,0.05,0.06,0.04,1.6,0.24,0.7,0.4,1,0.1,0.2,0.04,1.6,0.5,0.8,0.3,0.4
Amorpha fruticosa,NoData,desert false indigo,Amorpha,Fabaceae,Shrub,species,,,4,0.02,0.2,0.2,0.1,0.1,0.04,0.05,0.06,0.04,1.6,0.24,0.7,0.4,1,0.1,0.2,0.04,1.6,0.5,0.8,0.3,0.4
Ampelozizyphus,NoData,,Ampelozizyphus,Rhamnaceae,Unknown,genus,,,4,0.02,0.2,0.2,0.1,0.1,0.04,0.05,0.06,0.04,1.6,0.24,0.7,0.4,1,0.1,0.2,0.04,1.6,0.5,0.8,0.3,0.4
Ampelozizyphus amazonicus,NoData,,Ampelozizyphus,Rhamnaceae,Unknown,species,,,4,0.02,0.2,0.2,0.1,0.1,0.04,0.05,0.06,0.04,1.6,0.24,0.7,0.4,1,0.1,0.2,0.04,1.6,0.5,0.8,0.3,0.4
Amphilophium,NoData,,Amphilophium,Bignoniaceae,Unknown,genus,,,4,0.02,0.2,0.2,0.1,0.1,0.04,0.05,0.06,0.04,1.6,0.24,0.7,0.4,1,0.1,0.2,0.04,1.6,0.5,0.8,0.3,0.4
Amphimas,NoData,,Amphimas,Fabaceae,Shrub,genus,,,4,0.02,0.2,0.2,0.1,0.1,0.04,0.05,0.06,0.04,1.6,0.24,0.7,0.4,1,0.1,0.2,0.04,1.6,0.5,0.8,0.3,0.4
Amphimas pterocarpoides,NoData,,Amphimas,Fabaceae,Shrub,species,,,4,0.02,0.2,0.2,0.1,0.1,0.04,0.05,0.06,0.04,1.6,0.24,0.7,0.4,1,0.1,0.2,0.04,1.6,0.5,0.8,0.3,0.4
Amphiodon,NoData,,Amphiodon,Fabaceae,Btr,genus,,,4,0.02,0.2,0.2,0.1,0.1,0.04,0.05,0.06,0.04,1.6,0.24,0.7,0.4,1,0.1,0.2,0.04,1.6,0.5,0.8,0.3,0.4
Amphiodon effusa,NoData,,Amphiodon,Fabaceae,Btr,species,,,4,0.02,0.2,0.2,0.1,0.1,0.04,0.05,0.06,0.04,1.6,0.24,0.7,0.4,1,0.1,0.2,0.04,1.6,0.5,0.8,0.3,0.4
Amyris,NoData,,Amyris,Rutaceae,Btr,genus,,,4,0.02,0.2,0.2,0.1,0.1,0.04,0.05,0.06,0.04,1.6,0.24,0.7,0.4,1,0.1,0.2,0.04,1.6,0.5,0.8,0.3,0.4
Amyris elemifera,NoData,sea torchwood,Amyris,Rutaceae,Btr,species,,,4,0.02,0.2,0.2,0.1,0.1,0.04,0.05,0.06,0.04,1.6,0.24,0.7,0.4,1,0.1,0.2,0.04,1.6,0.5,0.8,0.3,0.4
Anacardiaceae,NoData,,Anacardiaceae,Anacardiaceae,Unknown,family,,,4,0.02,0.2,0.2,0.1,0.1,0.04,0.05,0.06,0.04,1.6,0.24,0.7,0.4,1,0.1,0.2,0.04,1.6,0.5,0.8,0.3,0.4
Anacardium,NoData,anacardium,Anacardium,Anacardiaceae,Btr,genus,,,4,0.02,0.2,0.2,0.1,0.1,0.04,0.05,0.06,0.04,1.6,0.24,0.7,0.4,1,0.1,0.2,0.04,1.6,0.5,0.8,0.3,0.4
Anacardium excelsum,NoData,,Anacardium,Anacardiaceae,Unknown,species,,,4,0.02,0.2,0.2,0.1,0.1,0.04,0.05,0.06,0.04,1.6,0.24,0.7,0.4,1,0.1,0.2,0.04,1.6,0.5,0.8,0.3,0.4
Anacardium occidentale,NoData,cashew,Anacardium,Anacardiaceae,Btr,species,,,4,0.02,0.2,0.2,0.1,0.1,0.04,0.05,0.06,0.04,1.6,0.24,0.7,0.4,1,0.1,0.2,0.04,1.6,0.5,0.8,0.3,0.4
Ancistrocladus,NoData,,Ancistrocladus,Ancistrocladaceae,Unknown,genus,,,4,0.02,0.2,0.2,0.1,0.1,0.04,0.05,0.06,0.04,1.6,0.24,0.7,0.4,1,0.1,0.2,0.04,1.6,0.5,0.8,0.3,0.4
Ancistrocladus korupensis,NoData,,Ancistrocladus,Ancistrocladaceae,Unknown,species,,,4,0.02,0.2,0.2,0.1,0.1,0.04,0.05,0.06,0.04,1.6,0.24,0.7,0.4,1,0.1,0.2,0.04,1.6,0.5,0.8,0.3,0.4
Ancistrophyllum,NoData,,Ancistrophyllum,Arecaceae,Unknown,genus,,,4,0.02,0.2,0.2,0.1,0.1,0.04,0.05,0.06,0.04,1.6,0.24,0.7,0.4,1,0.1,0.2,0.04,1.6,0.5,0.8,0.3,0.4
Ancistrophyllum secondiflorum,NoData,,Ancistrophyllum,Arecaceae,Unknown,species,,,4,0.02,0.2,0.2,0.1,0.1,0.04,0.05,0.06,0.04,1.6,0.24,0.7,0.4,1,0.1,0.2,0.04,1.6,0.5,0.8,0.3,0.4
Androstachys,NoData,,Androstachys,Picrodendraceae,Btr,genus,,,4,0.02,0.2,0.2,0.1,0.1,0.04,0.05,0.06,0.04,1.6,0.24,0.7,0.4,1,0.1,0.2,0.04,1.6,0.5,0.8,0.3,0.4
Androstachys johnsonii,NoData,,Androstachys,Picrodendraceae,Btr,species,,,4,0.02,0.2,0.2,0.1,0.1,0.04,0.05,0.06,0.04,1.6,0.24,0.7,0.4,1,0.1,0.2,0.04,1.6,0.5,0.8,0.3,0.4
Anemarrhena,NoData,,Anemarrhena,Asparagaceae,Unknown,genus,,,4,0.02,0.2,0.2,0.1,0.1,0.04,0.05,0.06,0.04,1.6,0.24,0.7,0.4,1,0.1,0.2,0.04,1.6,0.5,0.8,0.3,0.4
Anemarrhena asphodeloides,NoData,,Anemarrhena,Asparagaceae,Unknown,species,,,4,0.02,0.2,0.2,0.1,0.1,0.04,0.05,0.06,0.04,1.6,0.24,0.7,0.4,1,0.1,0.2,0.04,1.6,0.5,0.8,0.3,0.4
Angelea,NoData,,Angelea,Angelidae,Unknown,genus,,,4,0.02,0.2,0.2,0.1,0.1,0.04,0.05,0.06,0.04,1.6,0.24,0.7,0.4,1,0.1,0.2,0.04,1.6,0.5,0.8,0.3,0.4
Angelea dewevrei,NoData,,Angelea,Angelidae,Unknown,species,,,4,0.02,0.2,0.2,0.1,0.1,0.04,0.05,0.06,0.04,1.6,0.24,0.7,0.4,1,0.1,0.2,0.04,1.6,0.5,0.8,0.3,0.4
Angiopteris,NoData,,Angiopteris,Marattiaceae,Herb,genus,,,4,0.02,0.2,0.2,0.1,0.1,0.04,0.05,0.06,0.04,1.6,0.24,0.7,0.4,1,0.1,0.2,0.04,1.6,0.5,0.8,0.3,0.4
Angiopteris evecta,NoData,Oriental vessel fern,Angiopteris,Marattiaceae,Herb,species,,,4,0.02,0.2,0.2,0.1,0.1,0.04,0.05,0.06,0.04,1.6,0.24,0.7,0.4,1,0.1,0.2,0.04,1.6,0.5,0.8,0.3,0.4
Angophora,NoData,,Angophora,Myrtaceae,Btr,genus,,,4,0.02,0.2,0.2,0.1,0.1,0.04,0.05,0.06,0.04,1.6,0.24,0.7,0.4,1,0.1,0.2,0.04,1.6,0.5,0.8,0.3,0.4
Angophora costata,NoData,,Angophora,Myrtaceae,Btr,species,,,4,0.02,0.2,0.2,0.1,0.1,0.04,0.05,0.06,0.04,1.6,0.24,0.7,0.4,1,0.1,0.2,0.04,1.6,0.5,0.8,0.3,0.4
Angophora lanceolata,NoData,,Angophora,Myrtaceae,Btr,species,,,4,0.02,0.2,0.2,0.1,0.1,0.04,0.05,0.06,0.04,1.6,0.24,0.7,0.4,1,0.1,0.2,0.04,1.6,0.5,0.8,0.3,0.4
Aniba,NoData,,Aniba,Lauraceae,Unknown,genus,,,4,0.02,0.2,0.2,0.1,0.1,0.04,0.05,0.06,0.04,1.6,0.24,0.7,0.4,1,0.1,0.2,0.04,1.6,0.5,0.8,0.3,0.4
Aniba canelilla,NoData,,Aniba,Lauraceae,Unknown,species,,,4,0.02,0.2,0.2,0.1,0.1,0.04,0.05,0.06,0.04,1.6,0.24,0.7,0.4,1,0.1,0.2,0.04,1.6,0.5,0.8,0.3,0.4
Anneslea,NoData,,Anneslea,Pentaphylacaceae,Unknown,genus,,,4,0.02,0.2,0.2,0.1,0.1,0.04,0.05,0.06,0.04,1.6,0.24,0.7,0.4,1,0.1,0.2,0.04,1.6,0.5,0.8,0.3,0.4
Anneslea fragrans,NoData,,Anneslea,Pentaphylacaceae,Unknown,species,,,4,0.02,0.2,0.2,0.1,0.1,0.04,0.05,0.06,0.04,1.6,0.24,0.7,0.4,1,0.1,0.2,0.04,1.6,0.5,0.8,0.3,0.4
Annona,NoData,,Annona,Annonaceae,Btr,genus,,,4,0.02,0.2,0.2,0.1,0.1,0.04,0.05,0.06,0.04,1.6,0.24,0.7,0.4,1,0.1,0.2,0.04,1.6,0.5,0.8,0.3,0.4
Annona cherimola,NoData,cherimoya,Annona,Annonaceae,Btr,species,,,4,0.02,0.2,0.2,0.1,0.1,0.04,0.05,0.06,0.04,1.6,0.24,0.7,0.4,1,0.1,0.2,0.04,1.6,0.5,0.8,0.3,0.4
Annona hayesii,NoData,,Annona,Annonaceae,Unknown,species,,,4,0.02,0.2,0.2,0.1,0.1,0.04,0.05,0.06,0.04,1.6,0.24,0.7,0.4,1,0.1,0.2,0.04,1.6,0.5,0.8,0.3,0.4
Annona muricata,NoData,soursop,Annona,Annonaceae,Btr,species,,,4,0.02,0.2,0.2,0.1,0.1,0.04,0.05,0.06,0.04,1.6,0.24,0.7,0.4,1,0.1,0.2,0.04,1.6,0.5,0.8,0.3,0.4
Annona senegalensis,NoData,wild custard-apple,Annona,Annonaceae,Unknown,species,,,4,0.02,0.2,0.2,0.1,0.1,0.04,0.05,0.06,0.04,1.6,0.24,0.7,0.4,1,0.1,0.2,0.04,1.6,0.5,0.8,0.3,0.4
Annona spraguei,NoData,,Annona,Annonaceae,Unknown,species,,,4,0.02,0.2,0.2,0.1,0.1,0.04,0.05,0.06,0.04,1.6,0.24,0.7,0.4,1,0.1,0.2,0.04,1.6,0.5,0.8,0.3,0.4
Anogeissus,NoData,,Anogeissus,Combretaceae,Unknown,genus,,,4,0.02,0.2,0.2,0.1,0.1,0.04,0.05,0.06,0.04,1.6,0.24,0.7,0.4,1,0.1,0.2,0.04,1.6,0.5,0.8,0.3,0.4
Anogeissus acuminata,NoData,,Anogeissus,Combretaceae,Unknown,species,,,4,0.02,0.2,0.2,0.1,0.1,0.04,0.05,0.06,0.04,1.6,0.24,0.7,0.4,1,0.1,0.2,0.04,1.6,0.5,0.8,0.3,0.4
Anonidium,NoData,,Anonidium,Annonaceae,Unknown,genus,,,4,0.02,0.2,0.2,0.1,0.1,0.04,0.05,0.06,0.04,1.6,0.24,0.7,0.4,1,0.1,0.2,0.04,1.6,0.5,0.8,0.3,0.4
Anonidium mannii,NoData,,Anonidium,Annonaceae,Unknown,species,,,4,0.02,0.2,0.2,0.1,0.1,0.04,0.05,0.06,0.04,1.6,0.24,0.7,0.4,1,0.1,0.2,0.04,1.6,0.5,0.8,0.3,0.4
Anthocephalus,NoData,,Anthocephalus,Rubiaceae,Unknown,genus,,,4,0.02,0.2,0.2,0.1,0.1,0.04,0.05,0.06,0.04,1.6,0.24,0.7,0.4,1,0.1,0.2,0.04,1.6,0.5,0.8,0.3,0.4
Anthonotha macrophylla,NoData,,Anthonotha,Fabaceae,Unknown,species,,,4,0.02,0.2,0.2,0.1,0.1,0.04,0.05,0.06,0.04,1.6,0.24,0.7,0.4,1,0.1,0.2,0.04,1.6,0.5,0.8,0.3,0.4
Anthriscus,NoData,,Anthriscus,Apiaceae,Herb,genus,,,4,0.02,0.2,0.2,0.1,0.1,0.04,0.05,0.06,0.04,1.6,0.24,0.7,0.4,1,0.1,0.2,0.04,1.6,0.5,0.8,0.3,0.4
Anthriscus sylvestris,NoData,wild chervil,Anthriscus,Apiaceae,Herb,species,,,4,0.02,0.2,0.2,0.1,0.1,0.04,0.05,0.06,0.04,1.6,0.24,0.7,0.4,1,0.1,0.2,0.04,1.6,0.5,0.8,0.3,0.4
Anthyllis,NoData,,Anthyllis,Fabaceae,Unknown,genus,,,4,0.02,0.2,0.2,0.1,0.1,0.04,0.05,0.06,0.04,1.6,0.24,0.7,0.4,1,0.1,0.2,0.04,1.6,0.5,0.8,0.3,0.4
Anthyllis cytisoides,NoData,albaida,Anthyllis,Fabaceae,Unknown,species,,,4,0.02,0.2,0.2,0.1,0.1,0.04,0.05,0.06,0.04,1.6,0.24,0.7,0.4,1,0.1,0.2,0.04,1.6,0.5,0.8,0.3,0.4
Antiaris,NoData,,Antiaris,Moraceae,Unknown,genus,,,4,0.02,0.2,0.2,0.1,0.1,0.04,0.05,0.06,0.04,1.6,0.24,0.7,0.4,1,0.1,0.2,0.04,1.6,0.5,0.8,0.3,0.4
Antiaris toxicaria,NoData,,Antiaris,Moraceae,Unknown,species,,,4,0.02,0.2,0.2,0.1,0.1,0.04,0.05,0.06,0.04,1.6,0.24,0.7,0.4,1,0.1,0.2,0.04,1.6,0.5,0.8,0.3,0.4
Antidesma,NoData,,Antidesma,Euphorbiaceae,Unknown,genus,,,4,0.02,0.2,0.2,0.1,0.1,0.04,0.05,0.06,0.04,1.6,0.24,0.7,0.4,1,0.1,0.2,0.04,1.6,0.5,0.8,0.3,0.4
Antidesma venosum,NoData,,Antidesma,Euphorbiaceae,Unknown,species,,,4,0.02,0.2,0.2,0.1,0.1,0.04,0.05,0.06,0.04,1.6,0.24,0.7,0.4,1,0.1,0.2,0.04,1.6,0.5,0.8,0.3,0.4
Antirhea,NoData,,Antirhea,Rubiaceae,Btr,genus,,,4,0.02,0.2,0.2,0.1,0.1,0.04,0.05,0.06,0.04,1.6,0.24,0.7,0.4,1,0.1,0.2,0.04,1.6,0.5,0.8,0.3,0.4
Antirhea acutata,NoData,placa chiquitu,Antirhea,Rubiaceae,Btr,species,,,4,0.02,0.2,0.2,0.1,0.1,0.04,0.05,0.06,0.04,1.6,0.24,0.7,0.4,1,0.1,0.2,0.04,1.6,0.5,0.8,0.3,0.4
Antirrhoea,NoData,,Antirrhoea,Rubiaceae,Unknown,genus,,,4,0.02,0.2,0.2,0.1,0.1,0.04,0.05,0.06,0.04,1.6,0.24,0.7,0.4,1,0.1,0.2,0.04,1.6,0.5,0.8,0.3,0.4
Antirrhoea trichantha,NoData,,Antirrhoea,Rubiaceae,Unknown,species,,,4,0.02,0.2,0.2,0.1,0.1,0.04,0.05,0.06,0.04,1.6,0.24,0.7,0.4,1,0.1,0.2,0.04,1.6,0.5,0.8,0.3,0.4
Apeiba,NoData,,Apeiba,Malvaceae,Btr,genus,,,4,0.02,0.2,0.2,0.1,0.1,0.04,0.05,0.06,0.04,1.6,0.24,0.7,0.4,1,0.1,0.2,0.04,1.6,0.5,0.8,0.3,0.4
Apeiba membranaceae,NoData,,Apeiba,Malvaceae,Btr,species,,,4,0.02,0.2,0.2,0.1,0.1,0.04,0.05,0.06,0.04,1.6,0.24,0.7,0.4,1,0.1,0.2,0.04,1.6,0.5,0.8,0.3,0.4
Apeiba tibourbou,NoData,,Apeiba,Malvaceae,Btr,species,,,4,0.02,0.2,0.2,0.1,0.1,0.04,0.05,0.06,0.04,1.6,0.24,0.7,0.4,1,0.1,0.2,0.04,1.6,0.5,0.8,0.3,0.4
Aphanopetalum,NoData,,Aphanopetalum,Aphanopetalaceae,Unknown,genus,,,4,0.02,0.2,0.2,0.1,0.1,0.04,0.05,0.06,0.04,1.6,0.24,0.7,0.4,1,0.1,0.2,0.04,1.6,0.5,0.8,0.3,0.4
Aphanopetalum resinosum,NoData,,Aphanopetalum,Aphanopetalaceae,Unknown,species,,,4,0.02,0.2,0.2,0.1,0.1,0.04,0.05,0.06,0.04,1.6,0.24,0.7,0.4,1,0.1,0.2,0.04,1.6,0.5,0.8,0.3,0.4
Apiaceae,NoData,,Apiaceae,Apiaceae,Unknown,family,,,4,0.02,0.2,0.2,0.1,0.1,0.04,0.05,0.06,0.04,1.6,0.24,0.7,0.4,1,0.1,0.2,0.04,1.6,0.5,0.8,0.3,0.4
Apocynaceae,NoData,,Apocynaceae,Apocynaceae,Unknown,family,,,4,0.02,0.2,0.2,0.1,0.1,0.04,0.05,0.06,0.04,1.6,0.24,0.7,0.4,1,0.1,0.2,0.04,1.6,0.5,0.8,0.3,0.4
Aporosa,NoData,,Aporosa,Phyllanthaceae,Btr,genus,,,4,0.02,0.2,0.2,0.1,0.1,0.04,0.05,0.06,0.04,1.6,0.24,0.7,0.4,1,0.1,0.2,0.04,1.6,0.5,0.8,0.3,0.4
Aporosa dioica,NoData,,Aporosa,Phyllanthaceae,Btr,species,,,4,0.02,0.2,0.2,0.1,0.1,0.04,0.05,0.06,0.04,1.6,0.24,0.7,0.4,1,0.1,0.2,0.04,1.6,0.5,0.8,0.3,0.4
Aporosa yunnanensis,NoData,,Aporosa,Phyllanthaceae,Btr,species,,,4,0.02,0.2,0.2,0.1,0.1,0.04,0.05,0.06,0.04,1.6,0.24,0.7,0.4,1,0.1,0.2,0.04,1.6,0.5,0.8,0.3,0.4
Aquifoliaceae,NoData,,Aquifoliaceae,Aquifoliaceae,Unknown,family,,,4,0.02,0.2,0.2,0.1,0.1,0.04,0.05,0.06,0.04,1.6,0.24,0.7,0.4,1,0.1,0.2,0.04,1.6,0.5,0.8,0.3,0.4
Arachis,NoData,,Arachis,Fabaceae,Unknown,genus,,,4,0.02,0.2,0.2,0.1,0.1,0.04,0.05,0.06,0.04,1.6,0.24,0.7,0.4,1,0.1,0.2,0.04,1.6,0.5,0.8,0.3,0.4
Arachis glabrata,NoData,rhizoma peanut,Arachis,Fabaceae,Unknown,species,,,4,0.02,0.2,0.2,0.1,0.1,0.04,0.05,0.06,0.04,1.6,0.24,0.7,0.4,1,0.1,0.2,0.04,1.6,0.5,0.8,0.3,0.4
Arachis hypogaea,NoData,peanut,Arachis,Fabaceae,Herb,species,,,4,0.02,0.2,0.2,0.1,0.1,0.04,0.05,0.06,0.04,1.6,0.24,0.7,0.4,1,0.1,0.2,0.04,1.6,0.5,0.8,0.3,0.4
Araucaria,NoDataIso,araucaria,Araucaria,Araucariaceae,Btr,genus,,,16,0.02,0.2,0.2,0.1,0.1,0.04,0.05,0.06,0.04,1.6,0.24,0.7,0.4,1,0.1,0.2,0.04,1.6,0.5,0.8,0.3,0.4
Araucaria angustifolia,NoDataIso,parana pine,Araucaria,Araucariaceae,Btr,species,,,16,0.02,0.2,0.2,0.1,0.1,0.04,0.05,0.06,0.04,1.6,0.24,0.7,0.4,1,0.1,0.2,0.04,1.6,0.5,0.8,0.3,0.4
Araucaria araucana,NoDataIso,monkeypuzzle tree,Araucaria,Araucariaceae,Btr,species,,,16,0.02,0.2,0.2,0.1,0.1,0.04,0.05,0.06,0.04,1.6,0.24,0.7,0.4,1,0.1,0.2,0.04,1.6,0.5,0.8,0.3,0.4
Araucaria bidwillii,NoDataIso,bunya bunya,Araucaria,Araucariaceae,Btr,species,,,16,0.02,0.2,0.2,0.1,0.1,0.04,0.05,0.06,0.04,1.6,0.24,0.7,0.4,1,0.1,0.2,0.04,1.6,0.5,0.8,0.3,0.4
Araucaria columnaris,NoDataIso,New Caledonia pine,Araucaria,Araucariaceae,Btr,species,,,16,0.02,0.2,0.2,0.1,0.1,0.04,0.05,0.06,0.04,1.6,0.24,0.7,0.4,1,0.1,0.2,0.04,1.6,0.5,0.8,0.3,0.4
Araucaria cunninghamii,NoDataIso,Moreton Bay pine,Araucaria,Araucariaceae,Btr,species,,,16,0.02,0.2,0.2,0.1,0.1,0.04,0.05,0.06,0.04,1.6,0.24,0.7,0.4,1,0.1,0.2,0.04,1.6,0.5,0.8,0.3,0.4
Araucaria excelsa,NoDataIso,,Araucaria,Araucariaceae,Unknown,species,,,16,0.02,0.2,0.2,0.1,0.1,0.04,0.05,0.06,0.04,1.6,0.24,0.7,0.4,1,0.1,0.2,0.04,1.6,0.5,0.8,0.3,0.4
Araucaria heterophylla,NoDataIso,Norfolk Island pine,Araucaria,Araucariaceae,Btr,species,,,16,0.02,0.2,0.2,0.1,0.1,0.04,0.05,0.06,0.04,1.6,0.24,0.7,0.4,1,0.1,0.2,0.04,1.6,0.5,0.8,0.3,0.4
Araucariaceae,NoDataIso,,Araucariaceae,Araucariaceae,Unknown,family,,,16,0.02,0.2,0.2,0.1,0.1,0.04,0.05,0.06,0.04,1.6,0.24,0.7,0.4,1,0.1,0.2,0.04,1.6,0.5,0.8,0.3,0.4
Arbutus,Arbutus,madrone,Arbutus,Ericaceae,Btr,genus,,,0.05,0.02,0.005,0.005,0.005,0.005,0.02,0.01,0.04,0.01,1.6,0.24,0.7,0.4,1,0.1,0.2,0.04,1.6,0.5,0.8,0.3,0.4
Arbutus menziesii,Arbutus,Pacific madrone,Arbutus,Ericaceae,Btr,species,,,0.05,0.02,0.005,0.005,0.005,0.005,0.02,0.01,0.04,0.01,1.6,0.24,0.7,0.4,1,0.1,0.2,0.04,1.6,0.5,0.8,0.3,0.4
Arbutus unedo,Arbutus,strawberry tree,Arbutus,Ericaceae,Unknown,species,,,0.05,0.02,0.005,0.005,0.005,0.005,0.02,0.01,0.04,0.01,1.6,0.24,0.7,0.4,1,0.1,0.2,0.04,1.6,0.5,0.8,0.3,0.4
Arbutus var. marina,Arbutus,madrone,Arbutus,Ericaceae,Btr,species,,,0.05,0.02,0.005,0.005,0.005,0.005,0.02,0.01,0.04,0.01,1.6,0.24,0.7,0.4,1,0.1,0.2,0.04,1.6,0.5,0.8,0.3,0.4
Arbutus xalapensis,Arbutus,,Arbutus,Ericaceae,Btr,species,,,0.05,0.02,0.005,0.005,0.005,0.005,0.02,0.01,0.04,0.01,1.6,0.24,0.7,0.4,1,0.1,0.2,0.04,1.6,0.5,0.8,0.3,0.4
Archontophoenix,Archontophoenix,,Archontophoenix,Arecaceae,Btr,genus,,,12,0.005,0.005,0.005,0.005,0.005,0.005,0.05,0.001,0.001,1.6,0.24,0.7,0.4,1,0.1,0.2,0.04,1.6,0.5,0.8,0.3,0.4
Archontophoenix alexandrae,Archontophoenix,Alexandra palm,Archontophoenix,Arecaceae,Btr,species,,,12,0.005,0.005,0.005,0.005,0.005,0.005,0.05,0.001,0.001,1.6,0.24,0.7,0.4,1,0.1,0.2,0.04,1.6,0.5,0.8,0.3,0.4
Archontophoenix cunninghamiana,Archontophoenix,,Archontophoenix,Arecaceae,Btr,species,,,12,0.005,0.005,0.005,0.005,0.005,0.005,0.05,0.001,0.001,1.6,0.24,0.7,0.4,1,0.1,0.2,0.04,1.6,0.5,0.8,0.3,0.4
Archontophoenix myolensis,Archontophoenix,,Archontophoenix,Arecaceae,Btr,species,,,12,0.005,0.005,0.005,0.005,0.005,0.005,0.05,0.001,0.001,1.6,0.24,0.7,0.4,1,0.1,0.2,0.04,1.6,0.5,0.8,0.3,0.4
Arctostaphylos,NoDataLowIso,manzanita,Arctostaphylos,Ericaceae,Btr,genus,,,0.2,0.02,0.2,0.2,0.2,0.2,0.04,0.05,0.04,0.02,1.6,0.24,0.7,0.4,1,0.1,0.2,0.04,1.6,0.5,0.8,0.3,0.4
Arctostaphylos columbiana,NoDataLowIso,hairy manzanita,Arctostaphylos,Ericaceae,Btr,species,,,0.2,0.02,0.2,0.2,0.2,0.2,0.04,0.05,0.04,0.02,1.6,0.24,0.7,0.4,1,0.1,0.2,0.04,1.6,0.5,0.8,0.3,0.4
Arctostaphylos glandulosa,NoDataLowIso,Eastwood's manzanita,Arctostaphylos,Ericaceae,Shrub,species,,,0.2,0.02,0.2,0.2,0.2,0.2,0.04,0.05,0.04,0.02,1.6,0.24,0.7,0.4,1,0.1,0.2,0.04,1.6,0.5,0.8,0.3,0.4
Arctostaphylos glauca,NoDataLowIso,bigberry manzanita,Arctostaphylos,Ericaceae,Btr,species,,,0.2,0.02,0.2,0.2,0.2,0.2,0.04,0.05,0.04,0.02,1.6,0.24,0.7,0.4,1,0.1,0.2,0.04,1.6,0.5,0.8,0.3,0.4
Arctostaphylos manzanita,NoDataLowIso,whiteleaf manzanita,Arctostaphylos,Ericaceae,Shrub,species,,,0.2,0.02,0.2,0.2,0.2,0.2,0.04,0.05,0.04,0.02,1.6,0.24,0.7,0.4,1,0.1,0.2,0.04,1.6,0.5,0.8,0.3,0.4
Arctostaphylos pungens,NoDataLowIso,pointleaf manzanita,Arctostaphylos,Ericaceae,Shrub,species,,,0.2,0.02,0.2,0.2,0.2,0.2,0.04,0.05,0.04,0.02,1.6,0.24,0.7,0.4,1,0.1,0.2,0.04,1.6,0.5,0.8,0.3,0.4
Ardisia,NoData,marlberry,Ardisia,Myrsinaceae,Btr,genus,,,4,0.02,0.2,0.2,0.1,0.1,0.04,0.05,0.06,0.04,1.6,0.24,0.7,0.4,1,0.1,0.2,0.04,1.6,0.5,0.8,0.3,0.4
Ardisia humilis,NoData,low shoebutton,Ardisia,Myrsinaceae,Shrub,species,,,4,0.02,0.2,0.2,0.1,0.1,0.04,0.05,0.06,0.04,1.6,0.24,0.7,0.4,1,0.1,0.2,0.04,1.6,0.5,0.8,0.3,0.4
Ardisia tenera,NoData,,Ardisia,Myrsinaceae,Unknown,species,,,4,0.02,0.2,0.2,0.1,0.1,0.04,0.05,0.06,0.04,1.6,0.24,0.7,0.4,1,0.1,0.2,0.04,1.6,0.5,0.8,0.3,0.4
Arecaceae,NoDataIso,,Arecaceae,Arecaceae,Unknown,family,,,16,0.02,0.2,0.2,0.1,0.1,0.04,0.05,0.06,0.04,1.6,0.24,0.7,0.4,1,0.1,0.2,0.04,1.6,0.5,0.8,0.3,0.4
Arecastrum,NoDataIso,,Arecastrum,Arecaceae,Unknown,genus,,,16,0.02,0.2,0.2,0.1,0.1,0.04,0.05,0.06,0.04,1.6,0.24,0.7,0.4,1,0.1,0.2,0.04,1.6,0.5,0.8,0.3,0.4
Arecastrum romanzoffianum,NoDataIso,queen palm,Arecastrum,Arecaceae,Unknown,species,,,16,0.02,0.2,0.2,0.1,0.1,0.04,0.05,0.06,0.04,1.6,0.24,0.7,0.4,1,0.1,0.2,0.04,1.6,0.5,0.8,0.3,0.4
Arenga,NoDataIso,,Arenga,Arecaceae,Unknown,genus,,,16,0.02,0.2,0.2,0.1,0.1,0.04,0.05,0.06,0.04,1.6,0.24,0.7,0.4,1,0.1,0.2,0.04,1.6,0.5,0.8,0.3,0.4
Arenga engleri,NoDataIso,,Arenga,Arecaceae,Unknown,species,,,16,0.02,0.2,0.2,0.1,0.1,0.04,0.05,0.06,0.04,1.6,0.24,0.7,0.4,1,0.1,0.2,0.04,1.6,0.5,0.8,0.3,0.4
Arrabidaea,NoData,,Arrabidaea,Bignoniaceae,Unknown,genus,,,4,0.02,0.2,0.2,0.1,0.1,0.04,0.05,0.06,0.04,1.6,0.24,0.7,0.4,1,0.1,0.2,0.04,1.6,0.5,0.8,0.3,0.4
Arrabidaea patellifera,NoData,,Arrabidaea,Bignoniaceae,Unknown,species,,,4,0.02,0.2,0.2,0.1,0.1,0.04,0.05,0.06,0.04,1.6,0.24,0.7,0.4,1,0.1,0.2,0.04,1.6,0.5,0.8,0.3,0.4
Arrhenatherum,NoData,,Arrhenatherum,Poaceae,Herb,genus,,,4,0.02,0.2,0.2,0.1,0.1,0.04,0.05,0.06,0.04,1.6,0.24,0.7,0.4,1,0.1,0.2,0.04,1.6,0.5,0.8,0.3,0.4
Arrhenatherum elatius,NoData,tall oatgrass,Arrhenatherum,Poaceae,Herb,species,,,4,0.02,0.2,0.2,0.1,0.1,0.04,0.05,0.06,0.04,1.6,0.24,0.7,0.4,1,0.1,0.2,0.04,1.6,0.5,0.8,0.3,0.4
Artemisia,NoDataLowIso,sagebrush,Artemisia,Asteraceae,Btr,genus,,,0.2,0.02,0.2,0.2,0.2,0.2,0.04,0.05,0.04,0.02,1.6,0.24,0.7,0.4,1,0.1,0.2,0.04,1.6,0.5,0.8,0.3,0.4
Artemisia argyi,NoDataLowIso,,Artemisia,Asteraceae,Unknown,species,,,0.2,0.02,0.2,0.2,0.2,0.2,0.04,0.05,0.04,0.02,1.6,0.24,0.7,0.4,1,0.1,0.2,0.04,1.6,0.5,0.8,0.3,0.4
Artemisia californica,NoDataLowIso,coastal sagebrush,Artemisia,Asteraceae,Shrub,species,,,0.2,0.02,0.2,0.2,0.2,0.2,0.04,0.05,0.04,0.02,1.6,0.24,0.7,0.4,1,0.1,0.2,0.04,1.6,0.5,0.8,0.3,0.4
Artemisia dracunculus,NoDataLowIso,tarragon,Artemisia,Asteraceae,Shrub,species,,,0.2,0.02,0.2,0.2,0.2,0.2,0.04,0.05,0.04,0.02,1.6,0.24,0.7,0.4,1,0.1,0.2,0.04,1.6,0.5,0.8,0.3,0.4
Artemisia eriopoda,NoDataLowIso,,Artemisia,Asteraceae,Unknown,species,,,0.2,0.02,0.2,0.2,0.2,0.2,0.04,0.05,0.04,0.02,1.6,0.24,0.7,0.4,1,0.1,0.2,0.04,1.6,0.5,0.8,0.3,0.4
Artemisia frigida,NoDataLowIso,prairie sagewort,Artemisia,Asteraceae,Shrub,species,,,0.2,0.02,0.2,0.2,0.2,0.2,0.04,0.05,0.04,0.02,1.6,0.24,0.7,0.4,1,0.1,0.2,0.04,1.6,0.5,0.8,0.3,0.4
Artemisia gmelinii,NoDataLowIso,Gmelin's wormwood,Artemisia,Asteraceae,Shrub,species,,,0.2,0.02,0.2,0.2,0.2,0.2,0.04,0.05,0.04,0.02,1.6,0.24,0.7,0.4,1,0.1,0.2,0.04,1.6,0.5,0.8,0.3,0.4
Artemisia intramongolica,NoDataLowIso,,Artemisia,Asteraceae,Unknown,species,,,0.2,0.02,0.2,0.2,0.2,0.2,0.04,0.05,0.04,0.02,1.6,0.24,0.7,0.4,1,0.1,0.2,0.04,1.6,0.5,0.8,0.3,0.4
Artemisia ludoviciana,NoDataLowIso,white sagebrush,Artemisia,Asteraceae,Shrub,species,,,0.2,0.02,0.2,0.2,0.2,0.2,0.04,0.05,0.04,0.02,1.6,0.24,0.7,0.4,1,0.1,0.2,0.04,1.6,0.5,0.8,0.3,0.4
Artemisia mongolica,NoDataLowIso,,Artemisia,Asteraceae,Unknown,species,,,0.2,0.02,0.2,0.2,0.2,0.2,0.04,0.05,0.04,0.02,1.6,0.24,0.7,0.4,1,0.1,0.2,0.04,1.6,0.5,0.8,0.3,0.4
Artemisia pubescens,NoDataLowIso,,Artemisia,Asteraceae,Unknown,species,,,0.2,0.02,0.2,0.2,0.2,0.2,0.04,0.05,0.04,0.02,1.6,0.24,0.7,0.4,1,0.1,0.2,0.04,1.6,0.5,0.8,0.3,0.4
Artemisia scoparia,NoDataLowIso,redstem wormwood,Artemisia,Asteraceae,Herb,species,,,0.2,0.02,0.2,0.2,0.2,0.2,0.04,0.05,0.04,0.02,1.6,0.24,0.7,0.4,1,0.1,0.2,0.04,1.6,0.5,0.8,0.3,0.4
Artemisia sieversiana,NoDataLowIso,,Artemisia,Asteraceae,Unknown,species,,,0.2,0.02,0.2,0.2,0.2,0.2,0.04,0.05,0.04,0.02,1.6,0.24,0.7,0.4,1,0.1,0.2,0.04,1.6,0.5,0.8,0.3,0.4
Artemisia tancetifolia,NoDataLowIso,,Artemisia,Asteraceae,Unknown,species,,,0.2,0.02,0.2,0.2,0.2,0.2,0.04,0.05,0.04,0.02,1.6,0.24,0.7,0.4,1,0.1,0.2,0.04,1.6,0.5,0.8,0.3,0.4
Artemisia tridentata,NoDataLowIso,big sagebrush,Artemisia,Asteraceae,Btr,species,,,0.2,0.02,0.2,0.2,0.2,0.2,0.04,0.05,0.04,0.02,1.6,0.24,0.7,0.4,1,0.1,0.2,0.04,1.6,0.5,0.8,0.3,0.4
Artocarpus,NoData,,Artocarpus,Moraceae,Unknown,genus,,,4,0.02,0.2,0.2,0.1,0.1,0.04,0.05,0.06,0.04,1.6,0.24,0.7,0.4,1,0.1,0.2,0.04,1.6,0.5,0.8,0.3,0.4
Artocarpus falcata,NoData,,Artocarpus,Moraceae,Unknown,species,,,4,0.02,0.2,0.2,0.1,0.1,0.04,0.05,0.06,0.04,1.6,0.24,0.7,0.4,1,0.1,0.2,0.04,1.6,0.5,0.8,0.3,0.4
Artocarpus heterophyllus,NoData,jackfruit,Artocarpus,Moraceae,Btr,species,,,4,0.02,0.2,0.2,0.1,0.1,0.04,0.05,0.06,0.04,1.6,0.24,0.7,0.4,1,0.1,0.2,0.04,1.6,0.5,0.8,0.3,0.4
Arundinaria,NoData,,Arundinaria,Poaceae,Unknown,genus,,,4,0.02,0.2,0.2,0.1,0.1,0.04,0.05,0.06,0.04,1.6,0.24,0.7,0.4,1,0.1,0.2,0.04,1.6,0.5,0.8,0.3,0.4
Arundinaria alpina,NoData,,Arundinaria,Poaceae,Unknown,species,,,4,0.02,0.2,0.2,0.1,0.1,0.04,0.05,0.06,0.04,1.6,0.24,0.7,0.4,1,0.1,0.2,0.04,1.6,0.5,0.8,0.3,0.4
Arundo,Arundo,,Arundo,Poaceae,Shrub,genus,,,8,0.02,0.4,0.4,0.2,0.2,0.04,0.05,0.06,0.04,1.6,0.24,0.7,0.4,1,0.1,0.2,0.04,1.6,0.5,0.8,0.3,0.4
Arundo donax,Arundo,giant reed,Arundo,Poaceae,Shrub,species,,,8,0.02,0.4,0.4,0.2,0.2,0.04,0.05,0.06,0.04,1.6,0.24,0.7,0.4,1,0.1,0.2,0.04,1.6,0.5,0.8,0.3,0.4
Asclepias,NoData,,Asclepias,Asclepiadaceae,Herb,genus,,,4,0.02,0.2,0.2,0.1,0.1,0.04,0.05,0.06,0.04,1.6,0.24,0.7,0.4,1,0.1,0.2,0.04,1.6,0.5,0.8,0.3,0.4
Asclepias speciosa,NoData,showy milkweed,Asclepias,Asclepiadaceae,Herb,species,,,4,0.02,0.2,0.2,0.1,0.1,0.04,0.05,0.06,0.04,1.6,0.24,0.7,0.4,1,0.1,0.2,0.04,1.6,0.5,0.8,0.3,0.4
Asimina,Ailanthus,,Asimina,Annonaceae,Btr,genus,,,0.2,0.02,0.1,0.1,0.05,0.05,0.04,0.05,0.06,0.04,1.6,0.24,0.7,0.4,1,0.1,0.2,0.04,1.6,0.5,0.8,0.3,0.4
Asimina triloba,Ailanthus,pawpaw,Asimina,Annonaceae,Btr,species,,,0.2,0.02,0.1,0.1,0.05,0.05,0.04,0.05,0.06,0.04,1.6,0.24,0.7,0.4,1,0.1,0.2,0.04,1.6,0.5,0.8,0.3,0.4
Asparagus,NoData,asparagus,Asparagus,Liliaceae,Shrub,genus,,,4,0.02,0.2,0.2,0.1,0.1,0.04,0.05,0.06,0.04,1.6,0.24,0.7,0.4,1,0.1,0.2,0.04,1.6,0.5,0.8,0.3,0.4
Asparagus dauricus,NoData,,Asparagus,Liliaceae,Shrub,species,,,4,0.02,0.2,0.2,0.1,0.1,0.04,0.05,0.06,0.04,1.6,0.24,0.7,0.4,1,0.1,0.2,0.04,1.6,0.5,0.8,0.3,0.4
Aspidium,NoData,,Aspidium,Dryopteridaceae,Unknown,genus,,,4,0.02,0.2,0.2,0.1,0.1,0.04,0.05,0.06,0.04,1.6,0.24,0.7,0.4,1,0.1,0.2,0.04,1.6,0.5,0.8,0.3,0.4
Aspidium tsus-simense,NoData,,Aspidium,Dryopteridaceae,Unknown,species,,,4,0.02,0.2,0.2,0.1,0.1,0.04,0.05,0.06,0.04,1.6,0.24,0.7,0.4,1,0.1,0.2,0.04,1.6,0.5,0.8,0.3,0.4
Aspidosperma,NoData,,Aspidosperma,Apocynaceae,Unknown,genus,,,4,0.02,0.2,0.2,0.1,0.1,0.04,0.05,0.06,0.04,1.6,0.24,0.7,0.4,1,0.1,0.2,0.04,1.6,0.5,0.8,0.3,0.4
Aspidosperma cruenta,NoData,,Aspidosperma,Apocynaceae,Unknown,species,,,4,0.02,0.2,0.2,0.1,0.1,0.04,0.05,0.06,0.04,1.6,0.24,0.7,0.4,1,0.1,0.2,0.04,1.6,0.5,0.8,0.3,0.4
Asplenium,NoData,,Asplenium,Aspleniaceae,Unknown,genus,,,4,0.02,0.2,0.2,0.1,0.1,0.04,0.05,0.06,0.04,1.6,0.24,0.7,0.4,1,0.1,0.2,0.04,1.6,0.5,0.8,0.3,0.4
Asplenium daucifolium,NoData,,Asplenium,Aspleniaceae,Unknown,species,,,4,0.02,0.2,0.2,0.1,0.1,0.04,0.05,0.06,0.04,1.6,0.24,0.7,0.4,1,0.1,0.2,0.04,1.6,0.5,0.8,0.3,0.4
Asplenium nidus,NoData,Hawai'I birdnest fern,Asplenium,Aspleniaceae,Herb,species,,,4,0.02,0.2,0.2,0.1,0.1,0.04,0.05,0.06,0.04,1.6,0.24,0.7,0.4,1,0.1,0.2,0.04,1.6,0.5,0.8,0.3,0.4
Astartea,NoData,,Astartea,Myrtaceae,Unknown,genus,,,4,0.02,0.2,0.2,0.1,0.1,0.04,0.05,0.06,0.04,1.6,0.24,0.7,0.4,1,0.1,0.2,0.04,1.6,0.5,0.8,0.3,0.4
Astartea fascicularis,NoData,,Astartea,Myrtaceae,Unknown,species,,,4,0.02,0.2,0.2,0.1,0.1,0.04,0.05,0.06,0.04,1.6,0.24,0.7,0.4,1,0.1,0.2,0.04,1.6,0.5,0.8,0.3,0.4
Asteraceae,NoData,,Asteraceae,Asteraceae,Unknown,family,,,4,0.02,0.2,0.2,0.1,0.1,0.04,0.05,0.06,0.04,1.6,0.24,0.7,0.4,1,0.1,0.2,0.04,1.6,0.5,0.8,0.3,0.4
Astrocaryum,NoData,,Astrocaryum,Arecaceae,Btr,genus,,,4,0.02,0.2,0.2,0.1,0.1,0.04,0.05,0.06,0.04,1.6,0.24,0.7,0.4,1,0.1,0.2,0.04,1.6,0.5,0.8,0.3,0.4
Astrocaryum aculeatissimum,NoData,,Astrocaryum,Arecaceae,Btr,species,,,4,0.02,0.2,0.2,0.1,0.1,0.04,0.05,0.06,0.04,1.6,0.24,0.7,0.4,1,0.1,0.2,0.04,1.6,0.5,0.8,0.3,0.4
Astrocaryum ratacanthus,NoData,,Astrocaryum,Arecaceae,Btr,species,,,4,0.02,0.2,0.2,0.1,0.1,0.04,0.05,0.06,0.04,1.6,0.24,0.7,0.4,1,0.1,0.2,0.04,1.6,0.5,0.8,0.3,0.4
Astrocaryum sociale,NoData,,Astrocaryum,Arecaceae,Unknown,species,,,4,0.02,0.2,0.2,0.1,0.1,0.04,0.05,0.06,0.04,1.6,0.24,0.7,0.4,1,0.1,0.2,0.04,1.6,0.5,0.8,0.3,0.4
Astronium,NoData,,Astronium,Anacardiaceae,Unknown,genus,,,4,0.02,0.2,0.2,0.1,0.1,0.04,0.05,0.06,0.04,1.6,0.24,0.7,0.4,1,0.1,0.2,0.04,1.6,0.5,0.8,0.3,0.4
Astronium graveolens,NoData,,Astronium,Anacardiaceae,Unknown,species,,,4,0.02,0.2,0.2,0.1,0.1,0.04,0.05,0.06,0.04,1.6,0.24,0.7,0.4,1,0.1,0.2,0.04,1.6,0.5,0.8,0.3,0.4
Atrichum,NoData,,Atrichum,Polytrichaceae,Unknown,genus,,,4,0.02,0.2,0.2,0.1,0.1,0.04,0.05,0.06,0.04,1.6,0.24,0.7,0.4,1,0.1,0.2,0.04,1.6,0.5,0.8,0.3,0.4
Atrichum undulatum,NoData,,Atrichum,Polytrichaceae,Unknown,species,,,4,0.02,0.2,0.2,0.1,0.1,0.04,0.05,0.06,0.04,1.6,0.24,0.7,0.4,1,0.1,0.2,0.04,1.6,0.5,0.8,0.3,0.4
Atriplex,NoDataLowIso,saltbush,Atriplex,Chenopodiaceae,Shrub,genus,,,0.2,0.02,0.2,0.2,0.2,0.2,0.04,0.05,0.04,0.02,1.6,0.24,0.7,0.4,1,0.1,0.2,0.04,1.6,0.5,0.8,0.3,0.4
Atriplex canescens,NoDataLowIso,fourwing saltbush,Atriplex,Chenopodiaceae,Shrub,species,,,0.2,0.02,0.2,0.2,0.2,0.2,0.04,0.05,0.04,0.02,1.6,0.24,0.7,0.4,1,0.1,0.2,0.04,1.6,0.5,0.8,0.3,0.4
Atriplex parryi,NoDataLowIso,Parry's saltbush,Atriplex,Chenopodiaceae,Shrub,species,,,0.2,0.02,0.2,0.2,0.2,0.2,0.04,0.05,0.04,0.02,1.6,0.24,0.7,0.4,1,0.1,0.2,0.04,1.6,0.5,0.8,0.3,0.4
Atriplex polycarpa,NoDataLowIso,cattle saltbush,Atriplex,Chenopodiaceae,Shrub,species,,,0.2,0.02,0.2,0.2,0.2,0.2,0.04,0.05,0.04,0.02,1.6,0.24,0.7,0.4,1,0.1,0.2,0.04,1.6,0.5,0.8,0.3,0.4
Attalea,NoData,,Attalea,Arecaceae,Btr,genus,,,4,0.02,0.2,0.2,0.1,0.1,0.04,0.05,0.06,0.04,1.6,0.24,0.7,0.4,1,0.1,0.2,0.04,1.6,0.5,0.8,0.3,0.4
Attalea phalerata,NoData,,Attalea,Arecaceae,Btr,species,,,4,0.02,0.2,0.2,0.1,0.1,0.04,0.05,0.06,0.04,1.6,0.24,0.7,0.4,1,0.1,0.2,0.04,1.6,0.5,0.8,0.3,0.4
Auranticarpa,NoData,,Auranticarpa,Pittosporaceae,Btr,genus,,,4,0.02,0.2,0.2,0.1,0.1,0.04,0.05,0.06,0.04,1.6,0.24,0.7,0.4,1,0.1,0.2,0.04,1.6,0.5,0.8,0.3,0.4
Auranticarpa rhombifolia,NoData,,Auranticarpa,Pittosporaceae,Btr,species,,,4,0.02,0.2,0.2,0.1,0.1,0.04,0.05,0.06,0.04,1.6,0.24,0.7,0.4,1,0.1,0.2,0.04,1.6,0.5,0.8,0.3,0.4
AustraliaBtr,AustraliaBtr,Australia trees,,,Btr,GF,,,16,0.02,0.4,0.4,0.2,0.2,0.04,0.05,0.06,0.04,1.6,0.24,0.7,0.4,1,0.1,0.2,0.04,1.6,0.5,0.8,0.3,0.4
Avena,NoData,oat,Avena,Poaceae,Herb,genus,,,4,0.02,0.2,0.2,0.1,0.1,0.04,0.05,0.06,0.04,1.6,0.24,0.7,0.4,1,0.1,0.2,0.04,1.6,0.5,0.8,0.3,0.4
Avena sativa,NoData,common oat,Avena,Poaceae,Herb,species,,,4,0.02,0.2,0.2,0.1,0.1,0.04,0.05,0.06,0.04,1.6,0.24,0.7,0.4,1,0.1,0.2,0.04,1.6,0.5,0.8,0.3,0.4
Avicennia,NoData,mangrove,Avicennia,Verbenaceae,Btr,genus,,,4,0.02,0.2,0.2,0.1,0.1,0.04,0.05,0.06,0.04,1.6,0.24,0.7,0.4,1,0.1,0.2,0.04,1.6,0.5,0.8,0.3,0.4
Avicennia germinans,NoData,black mangrove,Avicennia,Verbenaceae,Btr,species,,,4,0.02,0.2,0.2,0.1,0.1,0.04,0.05,0.06,0.04,1.6,0.24,0.7,0.4,1,0.1,0.2,0.04,1.6,0.5,0.8,0.3,0.4
Azadirachta,NoData,,Azadirachta,Meliaceae,btr,genus,,,4,0.02,0.2,0.2,0.1,0.1,0.04,0.05,0.06,0.04,1.6,0.24,0.7,0.4,1,0.1,0.2,0.04,1.6,0.5,0.8,0.3,0.4
Azara,NoData,,Azadirachta,Salicaceae,btr,genus,,,4,0.02,0.2,0.2,0.1,0.1,0.04,0.05,0.06,0.04,1.6,0.24,0.7,0.4,1,0.1,0.2,0.04,1.6,0.5,0.8,0.3,0.4
Azolla,Arundo,mosquitofern,Azolla,Azollaceae,Herb,genus,,,8,0.02,0.4,0.4,0.2,0.2,0.04,0.05,0.06,0.04,1.6,0.24,0.7,0.4,1,0.1,0.2,0.04,1.6,0.5,0.8,0.3,0.4
Baccaurea,NoData,,Baccaurea,Euphorbiaceae,Unknown,genus,,,4,0.02,0.2,0.2,0.1,0.1,0.04,0.05,0.06,0.04,1.6,0.24,0.7,0.4,1,0.1,0.2,0.04,1.6,0.5,0.8,0.3,0.4
Baccaurea macrocarpa,NoData,,Baccaurea,Euphorbiaceae,Unknown,species,,,4,0.02,0.2,0.2,0.1,0.1,0.04,0.05,0.06,0.04,1.6,0.24,0.7,0.4,1,0.1,0.2,0.04,1.6,0.5,0.8,0.3,0.4
Baccaurea ramiflora,NoData,baccaurea,Baccaurea,Euphorbiaceae,Unknown,species,,,4,0.02,0.2,0.2,0.1,0.1,0.04,0.05,0.06,0.04,1.6,0.24,0.7,0.4,1,0.1,0.2,0.04,1.6,0.5,0.8,0.3,0.4
Baccharis,NoData,,Baccharis,Asteraceae,Shrub,genus,,,4,0.02,0.2,0.2,0.1,0.1,0.04,0.05,0.06,0.04,1.6,0.24,0.7,0.4,1,0.1,0.2,0.04,1.6,0.5,0.8,0.3,0.4
Baccharis halimifolia,NoData,,Baccharis,Asteraceae,Shrub,species,,,4,0.02,0.2,0.2,0.1,0.1,0.04,0.05,0.06,0.04,1.6,0.24,0.7,0.4,1,0.1,0.2,0.04,1.6,0.5,0.8,0.3,0.4
Baccharis pilularis,NoData,coyotebrush,Baccharis,Asteraceae,Shrub,species,,,4,0.02,0.2,0.2,0.1,0.1,0.04,0.05,0.06,0.04,1.6,0.24,0.7,0.4,1,0.1,0.2,0.04,1.6,0.5,0.8,0.3,0.4
Baccharis texana,NoData,prairie false willow,Baccharis,Asteraceae,Shrub,species,,,4,0.02,0.2,0.2,0.1,0.1,0.04,0.05,0.06,0.04,1.6,0.24,0.7,0.4,1,0.1,0.2,0.04,1.6,0.5,0.8,0.3,0.4
Baeckea,NoData,,Baeckea,Myrtaceae,Unknown,genus,,,4,0.02,0.2,0.2,0.1,0.1,0.04,0.05,0.06,0.04,1.6,0.24,0.7,0.4,1,0.1,0.2,0.04,1.6,0.5,0.8,0.3,0.4
Baeckea virgata,NoData,tall baeckea,Baeckea,Myrtaceae,Unknown,species,,,4,0.02,0.2,0.2,0.1,0.1,0.04,0.05,0.06,0.04,1.6,0.24,0.7,0.4,1,0.1,0.2,0.04,1.6,0.5,0.8,0.3,0.4
Bagassa,NoData,,Bagassa,Moraceae,Btr,genus,,,4,0.02,0.2,0.2,0.1,0.1,0.04,0.05,0.06,0.04,1.6,0.24,0.7,0.4,1,0.1,0.2,0.04,1.6,0.5,0.8,0.3,0.4
Bagassa guianensis,NoData,,Bagassa,Moraceae,Btr,species,,,4,0.02,0.2,0.2,0.1,0.1,0.04,0.05,0.06,0.04,1.6,0.24,0.7,0.4,1,0.1,0.2,0.04,1.6,0.5,0.8,0.3,0.4
Baikiaea,NoData,,Baikiaea,Fabaceae,Btr,genus,,,4,0.02,0.2,0.2,0.1,0.1,0.04,0.05,0.06,0.04,1.6,0.24,0.7,0.4,1,0.1,0.2,0.04,1.6,0.5,0.8,0.3,0.4
Baikiaea plurijuga,NoData,,Baikiaea,Fabaceae,Btr,species,,,4,0.02,0.2,0.2,0.1,0.1,0.04,0.05,0.06,0.04,1.6,0.24,0.7,0.4,1,0.1,0.2,0.04,1.6,0.5,0.8,0.3,0.4
Balanites,NoData,,Balanites,Zygophyllaceae,Unknown,genus,,,4,0.02,0.2,0.2,0.1,0.1,0.04,0.05,0.06,0.04,1.6,0.24,0.7,0.4,1,0.1,0.2,0.04,1.6,0.5,0.8,0.3,0.4
Balanites maughamii,NoData,manduro,Balanites,Zygophyllaceae,Unknown,species,,,4,0.02,0.2,0.2,0.1,0.1,0.04,0.05,0.06,0.04,1.6,0.24,0.7,0.4,1,0.1,0.2,0.04,1.6,0.5,0.8,0.3,0.4
Balanites wilsoniana,NoData,,Balanites,Zygophyllaceae,Unknown,species,,,4,0.02,0.2,0.2,0.1,0.1,0.04,0.05,0.06,0.04,1.6,0.24,0.7,0.4,1,0.1,0.2,0.04,1.6,0.5,0.8,0.3,0.4
Bambusa,Arundo,bamboo,Bambusa,Poaceae,Btr,genus,,,8,0.02,0.4,0.4,0.2,0.2,0.04,0.05,0.06,0.04,1.6,0.24,0.7,0.4,1,0.1,0.2,0.04,1.6,0.5,0.8,0.3,0.4
Bambusa multiplex,Arundo,hedge bamboo,Bambusa,Poaceae,Shrub,species,,,8,0.02,0.4,0.4,0.2,0.2,0.04,0.05,0.06,0.04,1.6,0.24,0.7,0.4,1,0.1,0.2,0.04,1.6,0.5,0.8,0.3,0.4
Bambusa oldhamii,Arundo,,Bambusa,Poaceae,Herb,species,,,8,0.02,0.4,0.4,0.2,0.2,0.04,0.05,0.06,0.04,1.6,0.24,0.7,0.4,1,0.1,0.2,0.04,1.6,0.5,0.8,0.3,0.4
Bambusa textilis,Arundo,textile bamboo,Bambusa,Poaceae,Herb,species,,,8,0.02,0.4,0.4,0.2,0.2,0.04,0.05,0.06,0.04,1.6,0.24,0.7,0.4,1,0.1,0.2,0.04,1.6,0.5,0.8,0.3,0.4
Bambusa vulgaris,Arundo,common bamboo,Bambusa,Poaceae,Btr,species,,,8,0.02,0.4,0.4,0.2,0.2,0.04,0.05,0.06,0.04,1.6,0.24,0.7,0.4,1,0.1,0.2,0.04,1.6,0.5,0.8,0.3,0.4
Bambusoideae,Bambusoideae,Bamboo,Bamboo,Poaceae,Shrub,subfamily,,,8,0.02,0.1,0.1,0.05,0.05,0.04,0.05,0.06,0.04,1.6,0.24,0.7,0.4,1,0.1,0.2,0.04,1.6,0.5,0.8,0.3,0.4
Banksia,NoData,,Banksia,Proteaceae,Unknown,genus,,,4,0.02,0.2,0.2,0.1,0.1,0.04,0.05,0.06,0.04,1.6,0.24,0.7,0.4,1,0.1,0.2,0.04,1.6,0.5,0.8,0.3,0.4
Banksia ashbyi,NoData,Ashby's banksia,Banksia,Proteaceae,Unknown,species,,,4,0.02,0.2,0.2,0.1,0.1,0.04,0.05,0.06,0.04,1.6,0.24,0.7,0.4,1,0.1,0.2,0.04,1.6,0.5,0.8,0.3,0.4
Banksia laricina,NoData,,Banksia,Proteaceae,Unknown,species,,,4,0.02,0.2,0.2,0.1,0.1,0.04,0.05,0.06,0.04,1.6,0.24,0.7,0.4,1,0.1,0.2,0.04,1.6,0.5,0.8,0.3,0.4
Baphia,NoData,baphia,Baphia,Fabaceae,Unknown,genus,,,4,0.02,0.2,0.2,0.1,0.1,0.04,0.05,0.06,0.04,1.6,0.24,0.7,0.4,1,0.1,0.2,0.04,1.6,0.5,0.8,0.3,0.4
Baphia chrysophylla,NoData,,Baphia,Fabaceae,Unknown,species,,,4,0.02,0.2,0.2,0.1,0.1,0.04,0.05,0.06,0.04,1.6,0.24,0.7,0.4,1,0.1,0.2,0.04,1.6,0.5,0.8,0.3,0.4
Baphia massaiensis,NoData,,Baphia,Fabaceae,Unknown,species,,,4,0.02,0.2,0.2,0.1,0.1,0.04,0.05,0.06,0.04,1.6,0.24,0.7,0.4,1,0.1,0.2,0.04,1.6,0.5,0.8,0.3,0.4
Barringtonia,NoData,,Barringtonia,Lecythidaceae,Unknown,genus,,,4,0.02,0.2,0.2,0.1,0.1,0.04,0.05,0.06,0.04,1.6,0.24,0.7,0.4,1,0.1,0.2,0.04,1.6,0.5,0.8,0.3,0.4
Barringtonia fusiocarpa,NoData,,Barringtonia,Lecythidaceae,Unknown,species,,,4,0.02,0.2,0.2,0.1,0.1,0.04,0.05,0.06,0.04,1.6,0.24,0.7,0.4,1,0.1,0.2,0.04,1.6,0.5,0.8,0.3,0.4
Barringtonia racemosa,NoData,,Barringtonia,Lecythidaceae,Unknown,species,,,4,0.02,0.2,0.2,0.1,0.1,0.04,0.05,0.06,0.04,1.6,0.24,0.7,0.4,1,0.1,0.2,0.04,1.6,0.5,0.8,0.3,0.4
Barringtonia sarcostachys,NoData,,Barringtonia,Lecythidaceae,Btr,species,,,4,0.02,0.2,0.2,0.1,0.1,0.04,0.05,0.06,0.04,1.6,0.24,0.7,0.4,1,0.1,0.2,0.04,1.6,0.5,0.8,0.3,0.4
Barteria,NoData,,Barteria,Passifloraceae,Unknown,genus,,,4,0.02,0.2,0.2,0.1,0.1,0.04,0.05,0.06,0.04,1.6,0.24,0.7,0.4,1,0.1,0.2,0.04,1.6,0.5,0.8,0.3,0.4
Barteria fistulosa,NoData,,Barteria,Passifloraceae,Unknown,species,,,4,0.02,0.2,0.2,0.1,0.1,0.04,0.05,0.06,0.04,1.6,0.24,0.7,0.4,1,0.1,0.2,0.04,1.6,0.5,0.8,0.3,0.4
Bauhinia,NoData,bauhinia,Bauhinia,Fabaceae,Btr,genus,,,4,0.02,0.2,0.2,0.1,0.1,0.04,0.05,0.06,0.04,1.6,0.24,0.7,0.4,1,0.1,0.2,0.04,1.6,0.5,0.8,0.3,0.4
Bauhinia acuminata,NoData,,Bauhinia,Fabaceae,Unknown,species,,,4,0.02,0.2,0.2,0.1,0.1,0.04,0.05,0.06,0.04,1.6,0.24,0.7,0.4,1,0.1,0.2,0.04,1.6,0.5,0.8,0.3,0.4
Bauhinia blakeana,NoData,,Bauhinia,Fabaceae,Btr,species,,,4,0.02,0.2,0.2,0.1,0.1,0.04,0.05,0.06,0.04,1.6,0.24,0.7,0.4,1,0.1,0.2,0.04,1.6,0.5,0.8,0.3,0.4
Bauhinia forficata,NoData,cow's-foot,Bauhinia,Fabaceae,Unknown,species,,,4,0.02,0.2,0.2,0.1,0.1,0.04,0.05,0.06,0.04,1.6,0.24,0.7,0.4,1,0.1,0.2,0.04,1.6,0.5,0.8,0.3,0.4
Bauhinia galpinii,NoData,African plume,Bauhinia,Fabaceae,Shrub,species,,,4,0.02,0.2,0.2,0.1,0.1,0.04,0.05,0.06,0.04,1.6,0.24,0.7,0.4,1,0.1,0.2,0.04,1.6,0.5,0.8,0.3,0.4
Bauhinia petersiana,NoData,,Bauhinia,Fabaceae,Unknown,species,,,4,0.02,0.2,0.2,0.1,0.1,0.04,0.05,0.06,0.04,1.6,0.24,0.7,0.4,1,0.1,0.2,0.04,1.6,0.5,0.8,0.3,0.4
Bauhinia purpurea,NoData,butterfly tree,Bauhinia,Fabaceae,Btr,species,,,4,0.02,0.2,0.2,0.1,0.1,0.04,0.05,0.06,0.04,1.6,0.24,0.7,0.4,1,0.1,0.2,0.04,1.6,0.5,0.8,0.3,0.4
Bauhinia subsessilia,NoData,,Bauhinia,Fabaceae,Unknown,species,,,4,0.02,0.2,0.2,0.1,0.1,0.04,0.05,0.06,0.04,1.6,0.24,0.7,0.4,1,0.1,0.2,0.04,1.6,0.5,0.8,0.3,0.4
Bauhinia tomentosa,NoData,St. Thomas tree,Bauhinia,Fabaceae,Btr,species,,,4,0.02,0.2,0.2,0.1,0.1,0.04,0.05,0.06,0.04,1.6,0.24,0.7,0.4,1,0.1,0.2,0.04,1.6,0.5,0.8,0.3,0.4
Bauhinia variegata,NoData,mountain ebony,Bauhinia,Fabaceae,Btr,species,,,4,0.02,0.2,0.2,0.1,0.1,0.04,0.05,0.06,0.04,1.6,0.24,0.7,0.4,1,0.1,0.2,0.04,1.6,0.5,0.8,0.3,0.4
Bauhinia x blakeana,NoData,,Bauhinia,Fabaceae,Btr,species,,,4,0.02,0.2,0.2,0.1,0.1,0.04,0.05,0.06,0.04,1.6,0.24,0.7,0.4,1,0.1,0.2,0.04,1.6,0.5,0.8,0.3,0.4
Bazzania,NoData,,Bazzania,Lepidoziaceae,Unknown,genus,,,4,0.02,0.2,0.2,0.1,0.1,0.04,0.05,0.06,0.04,1.6,0.24,0.7,0.4,1,0.1,0.2,0.04,1.6,0.5,0.8,0.3,0.4
Bazzania trilobata,NoData,,Bazzania,Lepidoziaceae,Unknown,species,,,4,0.02,0.2,0.2,0.1,0.1,0.04,0.05,0.06,0.04,1.6,0.24,0.7,0.4,1,0.1,0.2,0.04,1.6,0.5,0.8,0.3,0.4
Beaucarnea,NoData,,Beaucarnea,Liliaceae,Unknown,genus,,,4,0.02,0.2,0.2,0.1,0.1,0.04,0.05,0.06,0.04,1.6,0.24,0.7,0.4,1,0.1,0.2,0.04,1.6,0.5,0.8,0.3,0.4
Beaucarnea recurvata,NoData,bottle-palm,Beaucarnea,Liliaceae,Unknown,species,,,4,0.02,0.2,0.2,0.1,0.1,0.04,0.05,0.06,0.04,1.6,0.24,0.7,0.4,1,0.1,0.2,0.04,1.6,0.5,0.8,0.3,0.4
Beaucarnea stricta,NoData,,Beaucarnea,Liliaceae,Unknown,species,,,4,0.02,0.2,0.2,0.1,0.1,0.04,0.05,0.06,0.04,1.6,0.24,0.7,0.4,1,0.1,0.2,0.04,1.6,0.5,0.8,0.3,0.4
Bellucia,NoData,,Bellucia,Melastomataceae,Btr,genus,,,4,0.02,0.2,0.2,0.1,0.1,0.04,0.05,0.06,0.04,1.6,0.24,0.7,0.4,1,0.1,0.2,0.04,1.6,0.5,0.8,0.3,0.4
Bellucia grossularioides,NoData,,Bellucia,Melastomataceae,Btr,species,,,4,0.02,0.2,0.2,0.1,0.1,0.04,0.05,0.06,0.04,1.6,0.24,0.7,0.4,1,0.1,0.2,0.04,1.6,0.5,0.8,0.3,0.4
Berberidaceae,NoData,,Berberidaceae,Berberidaceae,Unknown,family,,,4,0.02,0.2,0.2,0.1,0.1,0.04,0.05,0.06,0.04,1.6,0.24,0.7,0.4,1,0.1,0.2,0.04,1.6,0.5,0.8,0.3,0.4
Berberis,Arundo,barberry,Berberis,Berberidaceae,Shrub,genus,,,8,0.02,0.4,0.4,0.2,0.2,0.04,0.05,0.06,0.04,1.6,0.24,0.7,0.4,1,0.1,0.2,0.04,1.6,0.5,0.8,0.3,0.4
Berberis aquafolium,Arundo,,Berberis,Berberidaceae,Unknown,species,,,8,0.02,0.4,0.4,0.2,0.2,0.04,0.05,0.06,0.04,1.6,0.24,0.7,0.4,1,0.1,0.2,0.04,1.6,0.5,0.8,0.3,0.4
Berberis dictyota,Arundo,,Berberis,Berberidaceae,Unknown,species,,,8,0.02,0.4,0.4,0.2,0.2,0.04,0.05,0.06,0.04,1.6,0.24,0.7,0.4,1,0.1,0.2,0.04,1.6,0.5,0.8,0.3,0.4
Berberis nervosa,Arundo,,Berberis,Berberidaceae,Unknown,species,,,8,0.02,0.4,0.4,0.2,0.2,0.04,0.05,0.06,0.04,1.6,0.24,0.7,0.4,1,0.1,0.2,0.04,1.6,0.5,0.8,0.3,0.4
Berberis nevinii,Arundo,,Berberis,Berberidaceae,Unknown,species,,,8,0.02,0.4,0.4,0.2,0.2,0.04,0.05,0.06,0.04,1.6,0.24,0.7,0.4,1,0.1,0.2,0.04,1.6,0.5,0.8,0.3,0.4
Berberis pinnata,Arundo,,Berberis,Berberidaceae,Unknown,species,,,8,0.02,0.4,0.4,0.2,0.2,0.04,0.05,0.06,0.04,1.6,0.24,0.7,0.4,1,0.1,0.2,0.04,1.6,0.5,0.8,0.3,0.4
Berberis thungbergii,Arundo,,Berberis,Berberidaceae,Unknown,species,,,8,0.02,0.4,0.4,0.2,0.2,0.04,0.05,0.06,0.04,1.6,0.24,0.7,0.4,1,0.1,0.2,0.04,1.6,0.5,0.8,0.3,0.4
Berberis trifoliata,Arundo,,Berberis,Berberidaceae,Unknown,species,,,8,0.02,0.4,0.4,0.2,0.2,0.04,0.05,0.06,0.04,1.6,0.24,0.7,0.4,1,0.1,0.2,0.04,1.6,0.5,0.8,0.3,0.4
Berchemia,Berchemia scandens,,Berchemia,Rhamnaceae,Shrub,genus,,,16,0.02,0.2,0.2,0.1,0.1,0.04,0.05,0.06,0.04,1.6,0.24,0.7,0.4,1,0.1,0.2,0.04,1.6,0.5,0.8,0.3,0.4
Berchemia scandens,Berchemia scandens,Alabama supplejack,Berchemia,Rhamnaceae,Shrub,species,,,16,0.02,0.2,0.2,0.1,0.1,0.04,0.05,0.06,0.04,1.6,0.24,0.7,0.4,1,0.1,0.2,0.04,1.6,0.5,0.8,0.3,0.4
Berchemia zeyheri,NoData,,Berchemia,Rhamnaceae,Unknown,species,,,4,0.02,0.2,0.2,0.1,0.1,0.04,0.05,0.06,0.04,1.6,0.24,0.7,0.4,1,0.1,0.2,0.04,1.6,0.5,0.8,0.3,0.4
Berlinia,NoData,,Berlinia,Fabaceae,Unknown,genus,,,4,0.02,0.2,0.2,0.1,0.1,0.04,0.05,0.06,0.04,1.6,0.24,0.7,0.4,1,0.1,0.2,0.04,1.6,0.5,0.8,0.3,0.4
Berlinia bracteosa,NoData,,Berlinia,Fabaceae,Unknown,species,,,4,0.02,0.2,0.2,0.1,0.1,0.04,0.05,0.06,0.04,1.6,0.24,0.7,0.4,1,0.1,0.2,0.04,1.6,0.5,0.8,0.3,0.4
Berlinia confusa,NoData,,Berlinia,Fabaceae,Unknown,species,,,4,0.02,0.2,0.2,0.1,0.1,0.04,0.05,0.06,0.04,1.6,0.24,0.7,0.4,1,0.1,0.2,0.04,1.6,0.5,0.8,0.3,0.4
Berlinia grandifolia,NoData,,Berlinia,Fabaceae,Unknown,species,,,4,0.02,0.2,0.2,0.1,0.1,0.04,0.05,0.06,0.04,1.6,0.24,0.7,0.4,1,0.1,0.2,0.04,1.6,0.5,0.8,0.3,0.4
Beta,NoData,,Beta,Chenopodiaceae,Herb,genus,,,4,0.02,0.2,0.2,0.1,0.1,0.04,0.05,0.06,0.04,1.6,0.24,0.7,0.4,1,0.1,0.2,0.04,1.6,0.5,0.8,0.3,0.4
Beta vulgaris,NoData,common beet,Beta,Chenopodiaceae,Herb,species,,,4,0.02,0.2,0.2,0.1,0.1,0.04,0.05,0.06,0.04,1.6,0.24,0.7,0.4,1,0.1,0.2,0.04,1.6,0.5,0.8,0.3,0.4
Betula,Betula,birch,Betula,Betulaceae,Btr,genus,,,0.05,0.02,0.1,2,0.02,0.02,0.02,0.05,0.01,0.01,1.6,0.24,0.7,0.4,1,0.1,0.2,0.04,1.6,0.5,0.8,0.3,0.4
Betula alleghaniensis,Betula,yellow birch,Betula,Betulaceae,Btr,species,,,0.05,0.02,0.1,2,0.02,0.02,0.02,0.05,0.01,0.01,1.6,0.24,0.7,0.4,1,0.1,0.2,0.04,1.6,0.5,0.8,0.3,0.4
Betula costata,Betula,,Betula,Betulaceae,Unknown,species,,,0.05,0.02,0.1,2,0.02,0.02,0.02,0.05,0.01,0.01,1.6,0.24,0.7,0.4,1,0.1,0.2,0.04,1.6,0.5,0.8,0.3,0.4
Betula davurica,Betula,,Betula,Betulaceae,Unknown,species,,,0.05,0.02,0.1,2,0.02,0.02,0.02,0.05,0.01,0.01,1.6,0.24,0.7,0.4,1,0.1,0.2,0.04,1.6,0.5,0.8,0.3,0.4
Betula ermanii,Betula,,Betula,Betulaceae,Unknown,species,,,0.05,0.02,0.1,2,0.02,0.02,0.02,0.05,0.01,0.01,1.6,0.24,0.7,0.4,1,0.1,0.2,0.04,1.6,0.5,0.8,0.3,0.4
Betula fruticosa,Betula,,Betula,Betulaceae,Unknown,species,,,0.05,0.02,0.1,2,0.02,0.02,0.02,0.05,0.01,0.01,1.6,0.24,0.7,0.4,1,0.1,0.2,0.04,1.6,0.5,0.8,0.3,0.4
Betula glandulosa,Betula,resin birch,Betula,Betulaceae,Shrub,species,,,0.05,0.02,0.1,2,0.02,0.02,0.02,0.05,0.01,0.01,1.6,0.24,0.7,0.4,1,0.1,0.2,0.04,1.6,0.5,0.8,0.3,0.4
Betula lenta,Betula,sweet birch,Betula,Betulaceae,Btr,species,,,0.05,0.02,0.1,2,0.02,0.02,0.02,0.05,0.01,0.01,1.6,0.24,0.7,0.4,1,0.1,0.2,0.04,1.6,0.5,0.8,0.3,0.4
Betula luminifera,Betula,,Betula,Betulaceae,Unknown,species,,,0.05,0.02,0.1,2,0.02,0.02,0.02,0.05,0.01,0.01,1.6,0.24,0.7,0.4,1,0.1,0.2,0.04,1.6,0.5,0.8,0.3,0.4
Betula maximowicziana,Betula,monarch birch,Betula,Betulaceae,Unknown,species,,,0.05,0.02,0.1,2,0.02,0.02,0.02,0.05,0.01,0.01,1.6,0.24,0.7,0.4,1,0.1,0.2,0.04,1.6,0.5,0.8,0.3,0.4
Betula nana,Betula,dwarf birch,Betula,Betulaceae,Shrub,species,,,0.05,0.02,0.1,2,0.02,0.02,0.02,0.05,0.01,0.01,1.6,0.24,0.7,0.4,1,0.1,0.2,0.04,1.6,0.5,0.8,0.3,0.4
Betula nigra,Betula,river birch,Betula,Betulaceae,Btr,species,,,0.05,0.02,0.1,2,0.02,0.02,0.02,0.05,0.01,0.01,1.6,0.24,0.7,0.4,1,0.1,0.2,0.04,1.6,0.5,0.8,0.3,0.4
Betula occidentalis,Betula,water birch,Betula,Betulaceae,Btr,species,,,0.05,0.02,0.1,2,0.02,0.02,0.02,0.05,0.01,0.01,1.6,0.24,0.7,0.4,1,0.1,0.2,0.04,1.6,0.5,0.8,0.3,0.4
Betula papyrifera,Betula,paper birch,Betula,Betulaceae,Btr,species,,,0.05,0.02,0.1,2,0.02,0.02,0.02,0.05,0.01,0.01,1.6,0.24,0.7,0.4,1,0.1,0.2,0.04,1.6,0.5,0.8,0.3,0.4
Betula pendula,Betula,European white birch,Betula,Betulaceae,Btr,species,,,0.05,0.02,0.1,2,0.02,0.02,0.02,0.05,0.01,0.01,1.6,0.24,0.7,0.4,1,0.1,0.2,0.04,1.6,0.5,0.8,0.3,0.4
Betula platyphylla,Betula,Asian white birch,Betula,Betulaceae,Btr,species,,,0.05,0.02,0.1,2,0.02,0.02,0.02,0.05,0.01,0.01,1.6,0.24,0.7,0.4,1,0.1,0.2,0.04,1.6,0.5,0.8,0.3,0.4
Betula populifolia,Betula,gray birch,Betula,Betulaceae,Btr,species,,,0.05,0.02,0.1,2,0.02,0.02,0.02,0.05,0.01,0.01,1.6,0.24,0.7,0.4,1,0.1,0.2,0.04,1.6,0.5,0.8,0.3,0.4
Betula pubescens,Betula,downy birch,Betula,Betulaceae,Btr,species,,,0.05,0.02,0.1,2,0.02,0.02,0.02,0.05,0.01,0.01,1.6,0.24,0.7,0.4,1,0.1,0.2,0.04,1.6,0.5,0.8,0.3,0.4
Betula utilis,Betula,,Betula,Betulaceae,Btr,species,,,0.05,0.02,0.1,2,0.02,0.02,0.02,0.05,0.01,0.01,1.6,0.24,0.7,0.4,1,0.1,0.2,0.04,1.6,0.5,0.8,0.3,0.4
Betulaceae,NoData,,Betulaceae,Betulaceae,Unknown,family,,,4,0.02,0.2,0.2,0.1,0.1,0.04,0.05,0.06,0.04,1.6,0.24,0.7,0.4,1,0.1,0.2,0.04,1.6,0.5,0.8,0.3,0.4
Bignonia,NoData,,Bignonia,Bignoniaceae,Btr,genus,,,4,0.02,0.2,0.2,0.1,0.1,0.04,0.05,0.06,0.04,1.6,0.24,0.7,0.4,1,0.1,0.2,0.04,1.6,0.5,0.8,0.3,0.4
Bignoniaceae,NoData,,Bignoniaceae,Bignoniaceae,Unknown,family,,,4,0.02,0.2,0.2,0.1,0.1,0.04,0.05,0.06,0.04,1.6,0.24,0.7,0.4,1,0.1,0.2,0.04,1.6,0.5,0.8,0.3,0.4
Bischofia,NoData,,Bischofia,Euphorbiaceae,Btr,genus,,,4,0.02,0.2,0.2,0.1,0.1,0.04,0.05,0.06,0.04,1.6,0.24,0.7,0.4,1,0.1,0.2,0.04,1.6,0.5,0.8,0.3,0.4
Bischofia javanica,NoData,Javanese bishopwood,Bischofia,Euphorbiaceae,Btr,species,,,4,0.02,0.2,0.2,0.1,0.1,0.04,0.05,0.06,0.04,1.6,0.24,0.7,0.4,1,0.1,0.2,0.04,1.6,0.5,0.8,0.3,0.4
Bismarckia,NoData,,Bismarckia,Arecaceae,BTR,genus,,,4,0.02,0.2,0.2,0.1,0.1,0.04,0.05,0.06,0.04,1.6,0.24,0.7,0.4,1,0.1,0.2,0.04,1.6,0.5,0.8,0.3,0.4
Bismarckia nobilis,NoData,,Bismarckia,Arecaceae,BTR,species,,,4,0.02,0.2,0.2,0.1,0.1,0.04,0.05,0.06,0.04,1.6,0.24,0.7,0.4,1,0.1,0.2,0.04,1.6,0.5,0.8,0.3,0.4
Bixa,NoData,,Bixa,Bixaceae,Btr,genus,,,4,0.02,0.2,0.2,0.1,0.1,0.04,0.05,0.06,0.04,1.6,0.24,0.7,0.4,1,0.1,0.2,0.04,1.6,0.5,0.8,0.3,0.4
Bixa orellana,NoData,lipsticktree,Bixa,Bixaceae,Btr,species,,,4,0.02,0.2,0.2,0.1,0.1,0.04,0.05,0.06,0.04,1.6,0.24,0.7,0.4,1,0.1,0.2,0.04,1.6,0.5,0.8,0.3,0.4
Blechnum,NoData,,Blechnum,Blechnaceae,Unknown,genus,,,4,0.02,0.2,0.2,0.1,0.1,0.04,0.05,0.06,0.04,1.6,0.24,0.7,0.4,1,0.1,0.2,0.04,1.6,0.5,0.8,0.3,0.4
Blechnum gibbum,NoData,,Blechnum,Blechnaceae,Unknown,species,,,4,0.02,0.2,0.2,0.1,0.1,0.04,0.05,0.06,0.04,1.6,0.24,0.7,0.4,1,0.1,0.2,0.04,1.6,0.5,0.8,0.3,0.4
Blighia,NoData,blighia,Blighia,Sapindaceae,Btr,genus,,,4,0.02,0.2,0.2,0.1,0.1,0.04,0.05,0.06,0.04,1.6,0.24,0.7,0.4,1,0.1,0.2,0.04,1.6,0.5,0.8,0.3,0.4
Bocconia,NoData,,Bocconia,Papaveraceae,Btr,genus,,,4,0.02,0.2,0.2,0.1,0.1,0.04,0.05,0.06,0.04,1.6,0.24,0.7,0.4,1,0.1,0.2,0.04,1.6,0.5,0.8,0.3,0.4
Bocconia frutescens,NoData,parrotweed,Bocconia,Papaveraceae,Btr,species,,,4,0.02,0.2,0.2,0.1,0.1,0.04,0.05,0.06,0.04,1.6,0.24,0.7,0.4,1,0.1,0.2,0.04,1.6,0.5,0.8,0.3,0.4
Bolusanthus,NoData,,Bolusanthus,Fabaceae,Btr,genus,,,4,0.02,0.2,0.2,0.1,0.1,0.04,0.05,0.06,0.04,1.6,0.24,0.7,0.4,1,0.1,0.2,0.04,1.6,0.5,0.8,0.3,0.4
Bolusanthus speciosus,NoData,,Bolusanthus,Fabaceae,Btr,species,,,4,0.02,0.2,0.2,0.1,0.1,0.04,0.05,0.06,0.04,1.6,0.24,0.7,0.4,1,0.1,0.2,0.04,1.6,0.5,0.8,0.3,0.4
Bombax,NoData,,Bombax,Bombacaceae,Unknown,genus,,,4,0.02,0.2,0.2,0.1,0.1,0.04,0.05,0.06,0.04,1.6,0.24,0.7,0.4,1,0.1,0.2,0.04,1.6,0.5,0.8,0.3,0.4
Bombax ceiba,NoData,red silk cottontree,Bombax,Bombacaceae,Unknown,species,,,4,0.02,0.2,0.2,0.1,0.1,0.04,0.05,0.06,0.04,1.6,0.24,0.7,0.4,1,0.1,0.2,0.04,1.6,0.5,0.8,0.3,0.4
Bonamia,NoData,,Bonamia,Convolvulaceae,Unknown,genus,,,4,0.02,0.2,0.2,0.1,0.1,0.04,0.05,0.06,0.04,1.6,0.24,0.7,0.4,1,0.1,0.2,0.04,1.6,0.5,0.8,0.3,0.4
Bonamia maripoides,NoData,,Bonamia,Convolvulaceae,Unknown,species,,,4,0.02,0.2,0.2,0.1,0.1,0.04,0.05,0.06,0.04,1.6,0.24,0.7,0.4,1,0.1,0.2,0.04,1.6,0.5,0.8,0.3,0.4
Boraginaceae,NoData,,Boraginaceae,Boraginaceae,Unknown,family,,,4,0.02,0.2,0.2,0.1,0.1,0.04,0.05,0.06,0.04,1.6,0.24,0.7,0.4,1,0.1,0.2,0.04,1.6,0.5,0.8,0.3,0.4
Borassus,NoData,,Borassus,Arecaceae,Unknown,genus,,,4,0.02,0.2,0.2,0.1,0.1,0.04,0.05,0.06,0.04,1.6,0.24,0.7,0.4,1,0.1,0.2,0.04,1.6,0.5,0.8,0.3,0.4
Borassus aethiopium,NoData,,Borassus,Arecaceae,Unknown,species,,,4,0.02,0.2,0.2,0.1,0.1,0.04,0.05,0.06,0.04,1.6,0.24,0.7,0.4,1,0.1,0.2,0.04,1.6,0.5,0.8,0.3,0.4
Borassus aethiopum,NoData,palmyra palm,Borassus,Arecaceae,Unknown,species,,,4,0.02,0.2,0.2,0.1,0.1,0.04,0.05,0.06,0.04,1.6,0.24,0.7,0.4,1,0.1,0.2,0.04,1.6,0.5,0.8,0.3,0.4
Boscia,NoData,,Boscia,Capparaceae,Unknown,genus,,,4,0.02,0.2,0.2,0.1,0.1,0.04,0.05,0.06,0.04,1.6,0.24,0.7,0.4,1,0.1,0.2,0.04,1.6,0.5,0.8,0.3,0.4
Boscia albitrunca,NoData,,Boscia,Capparaceae,Unknown,species,,,4,0.02,0.2,0.2,0.1,0.1,0.04,0.05,0.06,0.04,1.6,0.24,0.7,0.4,1,0.1,0.2,0.04,1.6,0.5,0.8,0.3,0.4
Bougainvillea,NoData,,Bougainvillea,Nyctaginaceae,Shrub,genus,,,4,0.02,0.2,0.2,0.1,0.1,0.04,0.05,0.06,0.04,1.6,0.24,0.7,0.4,1,0.1,0.2,0.04,1.6,0.5,0.8,0.3,0.4
Bougainvillea spectabilis,NoData,great bougainvillea,Bougainvillea,Nyctaginaceae,Shrub,species,,,4,0.02,0.2,0.2,0.1,0.1,0.04,0.05,0.06,0.04,1.6,0.24,0.7,0.4,1,0.1,0.2,0.04,1.6,0.5,0.8,0.3,0.4
Bourreria,NoData,,Bourreria,Boraginaceae,Btr,genus,,,4,0.02,0.2,0.2,0.1,0.1,0.04,0.05,0.06,0.04,1.6,0.24,0.7,0.4,1,0.1,0.2,0.04,1.6,0.5,0.8,0.3,0.4
Bourreria succulenta,NoData,bodywood,Bourreria,Boraginaceae,Btr,species,,,4,0.02,0.2,0.2,0.1,0.1,0.04,0.05,0.06,0.04,1.6,0.24,0.7,0.4,1,0.1,0.2,0.04,1.6,0.5,0.8,0.3,0.4
Bouteloua,NoData,,Bouteloua,Poaceae,Unknown,genus,,,4,0.02,0.2,0.2,0.1,0.1,0.04,0.05,0.06,0.04,1.6,0.24,0.7,0.4,1,0.1,0.2,0.04,1.6,0.5,0.8,0.3,0.4
Bouteloua rigideseta,NoData,,Bouteloua,Poaceae,Unknown,species,,,4,0.02,0.2,0.2,0.1,0.1,0.04,0.05,0.06,0.04,1.6,0.24,0.7,0.4,1,0.1,0.2,0.04,1.6,0.5,0.8,0.3,0.4
Brachychiton,Brachychiton,brachychiton,Brachychiton,Sterculiaceae,Btr,genus,,,0.05,0.02,0.2,0.2,0.05,0.1,0.05,0.05,0.005,0.04,1.6,0.24,0.7,0.4,1,0.1,0.2,0.04,1.6,0.5,0.8,0.3,0.4
Brachychiton acerifolius,Brachychiton,flame bottletree,Brachychiton,Sterculiaceae,Unknown,species,,,0.05,0.02,0.2,0.2,0.05,0.1,0.05,0.05,0.005,0.04,1.6,0.24,0.7,0.4,1,0.1,0.2,0.04,1.6,0.5,0.8,0.3,0.4
Brachychiton acerifolius X discolor,Brachychiton,,Brachychiton,Malvaceae,Btr,species,,,0.05,0.02,0.2,0.2,0.05,0.1,0.05,0.05,0.005,0.04,1.6,0.24,0.7,0.4,1,0.1,0.2,0.04,1.6,0.5,0.8,0.3,0.4
Brachychiton discolor,Brachychiton,,Brachychiton,Malvaceae,Btr,species,,,0.05,0.02,0.2,0.2,0.05,0.1,0.05,0.05,0.005,0.04,1.6,0.24,0.7,0.4,1,0.1,0.2,0.04,1.6,0.5,0.8,0.3,0.4
Brachychiton populneus,Brachychiton,,Brachychiton,Sterculiaceae,Unknown,species,,,0.05,0.02,0.2,0.2,0.05,0.1,0.05,0.05,0.005,0.04,1.6,0.24,0.7,0.4,1,0.1,0.2,0.04,1.6,0.5,0.8,0.3,0.4
Brachychiton rupestris,Brachychiton,,Brachychiton,Malvaceae,Btr,species,,,0.05,0.02,0.2,0.2,0.05,0.1,0.05,0.05,0.005,0.04,1.6,0.24,0.7,0.4,1,0.1,0.2,0.04,1.6,0.5,0.8,0.3,0.4
Brachypodium,NoData,,Brachypodium,Poaceae,Herb,genus,,,4,0.02,0.2,0.2,0.1,0.1,0.04,0.05,0.06,0.04,1.6,0.24,0.7,0.4,1,0.1,0.2,0.04,1.6,0.5,0.8,0.3,0.4
Brachypodium retusum,NoData,,Brachypodium,Poaceae,Herb,species,,,4,0.02,0.2,0.2,0.1,0.1,0.04,0.05,0.06,0.04,1.6,0.24,0.7,0.4,1,0.1,0.2,0.04,1.6,0.5,0.8,0.3,0.4
Brachystegia,NoData,,Brachystegia,Fabaceae,Btr,genus,,,4,0.02,0.2,0.2,0.1,0.1,0.04,0.05,0.06,0.04,1.6,0.24,0.7,0.4,1,0.1,0.2,0.04,1.6,0.5,0.8,0.3,0.4
Brachystegia spiciformis,NoData,,Brachystegia,Fabaceae,Btr,species,,,4,0.02,0.2,0.2,0.1,0.1,0.04,0.05,0.06,0.04,1.6,0.24,0.7,0.4,1,0.1,0.2,0.04,1.6,0.5,0.8,0.3,0.4
Brahea,NoData,,Brahea,Arecaceae,Btr,genus,,,4,0.02,0.2,0.2,0.1,0.1,0.04,0.05,0.06,0.04,1.6,0.24,0.7,0.4,1,0.1,0.2,0.04,1.6,0.5,0.8,0.3,0.4
Brahea armata,NoData,,Brahea,Arecaceae,Btr,species,,,4,0.02,0.2,0.2,0.1,0.1,0.04,0.05,0.06,0.04,1.6,0.24,0.7,0.4,1,0.1,0.2,0.04,1.6,0.5,0.8,0.3,0.4
Brahea brandegeei,NoData,,Brahea,Arecaceae,Btr,species,,,4,0.02,0.2,0.2,0.1,0.1,0.04,0.05,0.06,0.04,1.6,0.24,0.7,0.4,1,0.1,0.2,0.04,1.6,0.5,0.8,0.3,0.4
Brahea edulis,NoData,,Brahea,Arecaceae,Btr,species,,,4,0.02,0.2,0.2,0.1,0.1,0.04,0.05,0.06,0.04,1.6,0.24,0.7,0.4,1,0.1,0.2,0.04,1.6,0.5,0.8,0.3,0.4
Brassica,NoData,,Brassica,Brassicaceae,Herb,genus,,,4,0.02,0.2,0.2,0.1,0.1,0.04,0.05,0.06,0.04,1.6,0.24,0.7,0.4,1,0.1,0.2,0.04,1.6,0.5,0.8,0.3,0.4
Brassica napus,NoData,rape,Brassica,Brassicaceae,Herb,species,,,4,0.02,0.2,0.2,0.1,0.1,0.04,0.05,0.06,0.04,1.6,0.24,0.7,0.4,1,0.1,0.2,0.04,1.6,0.5,0.8,0.3,0.4
Brassica oleracea,NoData,cabbage,Brassica,Brassicaceae,Herb,species,,,4,0.02,0.2,0.2,0.1,0.1,0.04,0.05,0.06,0.04,1.6,0.24,0.7,0.4,1,0.1,0.2,0.04,1.6,0.5,0.8,0.3,0.4
Brassica rapa,NoData,field mustard,Brassica,Brassicaceae,Herb,species,,,4,0.02,0.2,0.2,0.1,0.1,0.04,0.05,0.06,0.04,1.6,0.24,0.7,0.4,1,0.1,0.2,0.04,1.6,0.5,0.8,0.3,0.4
Brassicaceae,NoData,,Brassicaceae,Brassicaceae,Unknown,family,,,4,0.02,0.2,0.2,0.1,0.1,0.04,0.05,0.06,0.04,1.6,0.24,0.7,0.4,1,0.1,0.2,0.04,1.6,0.5,0.8,0.3,0.4
Breonadia,NoData,,Breonadia,Rubiaceae,Unknown,genus,,,4,0.02,0.2,0.2,0.1,0.1,0.04,0.05,0.06,0.04,1.6,0.24,0.7,0.4,1,0.1,0.2,0.04,1.6,0.5,0.8,0.3,0.4
Breonadia salicina,NoData,,Breonadia,Rubiaceae,Unknown,species,,,4,0.02,0.2,0.2,0.1,0.1,0.04,0.05,0.06,0.04,1.6,0.24,0.7,0.4,1,0.1,0.2,0.04,1.6,0.5,0.8,0.3,0.4
Bridelia,NoData,,Bridelia,Phyllanthaceae,Unknown,genus,,,4,0.02,0.2,0.2,0.1,0.1,0.04,0.05,0.06,0.04,1.6,0.24,0.7,0.4,1,0.1,0.2,0.04,1.6,0.5,0.8,0.3,0.4
Bridelia ferruginea,NoData,,Bridelia,Phyllanthaceae,Unknown,species,,,4,0.02,0.2,0.2,0.1,0.1,0.04,0.05,0.06,0.04,1.6,0.24,0.7,0.4,1,0.1,0.2,0.04,1.6,0.5,0.8,0.3,0.4
Bridelia micrantha,NoData,,Bridelia,Phyllanthaceae,Unknown,species,,,4,0.02,0.2,0.2,0.1,0.1,0.04,0.05,0.06,0.04,1.6,0.24,0.7,0.4,1,0.1,0.2,0.04,1.6,0.5,0.8,0.3,0.4
Brosimum,NoData,brosimum,Brosimum,Moraceae,Btr,genus,,,4,0.02,0.2,0.2,0.1,0.1,0.04,0.05,0.06,0.04,1.6,0.24,0.7,0.4,1,0.1,0.2,0.04,1.6,0.5,0.8,0.3,0.4
Brosimum alicastrum,NoData,breadnut,Brosimum,Moraceae,Btr,species,,,4,0.02,0.2,0.2,0.1,0.1,0.04,0.05,0.06,0.04,1.6,0.24,0.7,0.4,1,0.1,0.2,0.04,1.6,0.5,0.8,0.3,0.4
Brosimum utile,NoData,cow tree,Brosimum,Moraceae,Unknown,species,,,4,0.02,0.2,0.2,0.1,0.1,0.04,0.05,0.06,0.04,1.6,0.24,0.7,0.4,1,0.1,0.2,0.04,1.6,0.5,0.8,0.3,0.4
Brotherella,NoData,,Brotherella,Pylaisiadelphaceae,Unknown,genus,,,4,0.02,0.2,0.2,0.1,0.1,0.04,0.05,0.06,0.04,1.6,0.24,0.7,0.4,1,0.1,0.2,0.04,1.6,0.5,0.8,0.3,0.4
Brotherella recurvans,NoData,,Brotherella,Pylaisiadelphaceae,Unknown,species,,,4,0.02,0.2,0.2,0.1,0.1,0.04,0.05,0.06,0.04,1.6,0.24,0.7,0.4,1,0.1,0.2,0.04,1.6,0.5,0.8,0.3,0.4
Broussonetia,Broussonetia,broussonetia,Broussonetia,Moraceae,Btr,genus,,,4,0.02,0.1,0.1,0.1,0.1,0.04,0.05,0.1,0.06,1.6,0.24,0.7,0.4,1,0.1,0.2,0.04,1.6,0.5,0.8,0.3,0.4
Broussonetia papyrifera,Broussonetia,paper mulberry,Broussonetia,Moraceae,Btr,species,,,4,0.02,0.1,0.1,0.1,0.1,0.04,0.05,0.1,0.06,1.6,0.24,0.7,0.4,1,0.1,0.2,0.04,1.6,0.5,0.8,0.3,0.4
Brugmansia,NoData,brugmansia,Brugmansia,Solanaceae,Btr,genus,,,4,0.02,0.2,0.2,0.1,0.1,0.04,0.05,0.06,0.04,1.6,0.24,0.7,0.4,1,0.1,0.2,0.04,1.6,0.5,0.8,0.3,0.4
Buchenavia,NoData,buchenavia,Buchenavia,Combretaceae,Btr,genus,,,4,0.02,0.2,0.2,0.1,0.1,0.04,0.05,0.06,0.04,1.6,0.24,0.7,0.4,1,0.1,0.2,0.04,1.6,0.5,0.8,0.3,0.4
Bucida,NoData,,Bucida,Combretaceae,Unknown,genus,,,4,0.02,0.2,0.2,0.1,0.1,0.04,0.05,0.06,0.04,1.6,0.24,0.7,0.4,1,0.1,0.2,0.04,1.6,0.5,0.8,0.3,0.4
Bucida bursera,NoData,,Bucida,Combretaceae,Unknown,species,,,4,0.02,0.2,0.2,0.1,0.1,0.04,0.05,0.06,0.04,1.6,0.24,0.7,0.4,1,0.1,0.2,0.04,1.6,0.5,0.8,0.3,0.4
Buddleja,NoData,,Buddleja,Scrophulariaceae,Btr,genus,,,4,0.02,0.2,0.2,0.1,0.1,0.04,0.05,0.06,0.04,1.6,0.24,0.7,0.4,1,0.1,0.2,0.04,1.6,0.5,0.8,0.3,0.4
Bumelia,NoData,chittamwood gum bumelia,Bumelia,Sapotaceae,Btr,genus,,,4,0.02,0.2,0.2,0.1,0.1,0.04,0.05,0.06,0.04,1.6,0.24,0.7,0.4,1,0.1,0.2,0.04,1.6,0.5,0.8,0.3,0.4
Bumelia lanuginosa,Bumelia lanuginosa,chittamwood gum bumelia,Bumelia,Sapotaceae,Btr,species,,,8,0.02,0.4,0.4,0.1,0.2,0.04,0.05,0.06,0.04,1.6,0.24,0.7,0.4,1,0.1,0.2,0.04,1.6,0.5,0.8,0.3,0.4
Burkea,NoData,,Burkea,Fabaceae,Btr,genus,,,4,0.02,0.2,0.2,0.1,0.1,0.04,0.05,0.06,0.04,1.6,0.24,0.7,0.4,1,0.1,0.2,0.04,1.6,0.5,0.8,0.3,0.4
Burkea africana,NoData,,Burkea,Fabaceae,Btr,species,,,4,0.02,0.2,0.2,0.1,0.1,0.04,0.05,0.06,0.04,1.6,0.24,0.7,0.4,1,0.1,0.2,0.04,1.6,0.5,0.8,0.3,0.4
Bursaria,NoData,,Bursaria,Pittosporaceae,Unknown,genus,,,4,0.02,0.2,0.2,0.1,0.1,0.04,0.05,0.06,0.04,1.6,0.24,0.7,0.4,1,0.1,0.2,0.04,1.6,0.5,0.8,0.3,0.4
Bursaria spinosa,NoData,,Bursaria,Pittosporaceae,Unknown,species,,,4,0.02,0.2,0.2,0.1,0.1,0.04,0.05,0.06,0.04,1.6,0.24,0.7,0.4,1,0.1,0.2,0.04,1.6,0.5,0.8,0.3,0.4
Bursera,NoData,,Bursera,Burseraceae,Btr,genus,,,4,0.02,0.2,0.2,0.1,0.1,0.04,0.05,0.06,0.04,1.6,0.24,0.7,0.4,1,0.1,0.2,0.04,1.6,0.5,0.8,0.3,0.4
Bursera hindsiana,NoData,bursera,Bursera,Burseraceae,Btr,species,,,4,0.02,0.2,0.2,0.1,0.1,0.04,0.05,0.06,0.04,1.6,0.24,0.7,0.4,1,0.1,0.2,0.04,1.6,0.5,0.8,0.3,0.4
Bursera simaruba,NoData,gumbo limbo,Bursera,Burseraceae,Btr,species,,,4,0.02,0.2,0.2,0.1,0.1,0.04,0.05,0.06,0.04,1.6,0.24,0.7,0.4,1,0.1,0.2,0.04,1.6,0.5,0.8,0.3,0.4
Burseraceae,NoData,,Burseraceae,Burseraceae,Unknown,family,,,4,0.02,0.2,0.2,0.1,0.1,0.04,0.05,0.06,0.04,1.6,0.24,0.7,0.4,1,0.1,0.2,0.04,1.6,0.5,0.8,0.3,0.4
Butea,NoData,,Butea,Fabaceae,Unknown,genus,,,4,0.02,0.2,0.2,0.1,0.1,0.04,0.05,0.06,0.04,1.6,0.24,0.7,0.4,1,0.1,0.2,0.04,1.6,0.5,0.8,0.3,0.4
Butea monosperma,NoData,Bengal kino,Butea,Fabaceae,Unknown,species,,,4,0.02,0.2,0.2,0.1,0.1,0.04,0.05,0.06,0.04,1.6,0.24,0.7,0.4,1,0.1,0.2,0.04,1.6,0.5,0.8,0.3,0.4
Butia,NoData,,Butia,Arecaceae,Btr,genus,,,4,0.02,0.2,0.2,0.1,0.1,0.04,0.05,0.06,0.04,1.6,0.24,0.7,0.4,1,0.1,0.2,0.04,1.6,0.5,0.8,0.3,0.4
Butia capitata,NoData,South American jelly palm,Butia,Arecaceae,Btr,species,,,4,0.02,0.2,0.2,0.1,0.1,0.04,0.05,0.06,0.04,1.6,0.24,0.7,0.4,1,0.1,0.2,0.04,1.6,0.5,0.8,0.3,0.4
Butyrospermum,NoData,,Butyrospermum,Sapotaceae,Btr,genus,,,4,0.02,0.2,0.2,0.1,0.1,0.04,0.05,0.06,0.04,1.6,0.24,0.7,0.4,1,0.1,0.2,0.04,1.6,0.5,0.8,0.3,0.4
Butyrospermum parkii,NoData,Shea,Butyrospermum,Sapotaceae,Btr,species,,,4,0.02,0.2,0.2,0.1,0.1,0.04,0.05,0.06,0.04,1.6,0.24,0.7,0.4,1,0.1,0.2,0.04,1.6,0.5,0.8,0.3,0.4
Buxus,NoDataLowIso,common box,Buxus,Buxaceae,Btr,genus,,,0.2,0.02,0.2,0.2,0.2,0.2,0.04,0.05,0.04,0.02,1.6,0.24,0.7,0.4,1,0.1,0.2,0.04,1.6,0.5,0.8,0.3,0.4
Buxus microphylla,NoDataLowIso,littleleaf boxwood,Buxus,Buxaceae,Unknown,species,,,0.2,0.02,0.2,0.2,0.2,0.2,0.04,0.05,0.04,0.02,1.6,0.24,0.7,0.4,1,0.1,0.2,0.04,1.6,0.5,0.8,0.3,0.4
Buxus sempervirens,NoDataLowIso,common box,Buxus,Buxaceae,Btr,species,,,0.2,0.02,0.2,0.2,0.2,0.2,0.04,0.05,0.04,0.02,1.6,0.24,0.7,0.4,1,0.1,0.2,0.04,1.6,0.5,0.8,0.3,0.4
Byrsonima,NoData,,Byrsonima,Malpighiaceae,Unknown,genus,,,4,0.02,0.2,0.2,0.1,0.1,0.04,0.05,0.06,0.04,1.6,0.24,0.7,0.4,1,0.1,0.2,0.04,1.6,0.5,0.8,0.3,0.4
Byrsonima crispa,NoData,,Byrsonima,Malpighiaceae,Unknown,species,,,4,0.02,0.2,0.2,0.1,0.1,0.04,0.05,0.06,0.04,1.6,0.24,0.7,0.4,1,0.1,0.2,0.04,1.6,0.5,0.8,0.3,0.4
Byrsonima duckeana,NoData,,Byrsonima,Malpighiaceae,Btr,species,,,4,0.02,0.2,0.2,0.1,0.1,0.04,0.05,0.06,0.04,1.6,0.24,0.7,0.4,1,0.1,0.2,0.04,1.6,0.5,0.8,0.3,0.4
Byrsonima lucida,Bumelia lanuginosa,Long Key locustberry,Byrsonima,Malpighiaceae,Btr,species,,,8,0.02,0.4,0.4,0.1,0.2,0.04,0.05,0.06,0.04,1.6,0.24,0.7,0.4,1,0.1,0.2,0.04,1.6,0.5,0.8,0.3,0.4
Cactaceae,NoData,,Cactaceae,Cactaceae,Unknown,family,,,4,0.02,0.2,0.2,0.1,0.1,0.04,0.05,0.06,0.04,1.6,0.24,0.7,0.4,1,0.1,0.2,0.04,1.6,0.5,0.8,0.3,0.4
Caesalpinia,NoData,,Caesalpinia,Fabaceae,Btr,genus,,,4,0.02,0.2,0.2,0.1,0.1,0.04,0.05,0.06,0.04,1.6,0.24,0.7,0.4,1,0.1,0.2,0.04,1.6,0.5,0.8,0.3,0.4
Caesalpinia cacalaco,NoData,,Caesalpinia,Fabaceae,Btr,species,,,4,0.02,0.2,0.2,0.1,0.1,0.04,0.05,0.06,0.04,1.6,0.24,0.7,0.4,1,0.1,0.2,0.04,1.6,0.5,0.8,0.3,0.4
Caesalpinia cucullata,NoData,,Caesalpinia,Fabaceae,Unknown,species,,,4,0.02,0.2,0.2,0.1,0.1,0.04,0.05,0.06,0.04,1.6,0.24,0.7,0.4,1,0.1,0.2,0.04,1.6,0.5,0.8,0.3,0.4
Caesalpinia echinata,NoData,Brazilwood,Caesalpinia,Fabaceae,Unknown,species,,,4,0.02,0.2,0.2,0.1,0.1,0.04,0.05,0.06,0.04,1.6,0.24,0.7,0.4,1,0.1,0.2,0.04,1.6,0.5,0.8,0.3,0.4
Caesalpinia gilliesii,NoData,bird-of-paradise shrub,Caesalpinia,Fabaceae,Btr,species,,,4,0.02,0.2,0.2,0.1,0.1,0.04,0.05,0.06,0.04,1.6,0.24,0.7,0.4,1,0.1,0.2,0.04,1.6,0.5,0.8,0.3,0.4
Caesalpinia mezzoneuron,NoData,,Caesalpinia,Fabaceae,Btr,species,,,4,0.02,0.2,0.2,0.1,0.1,0.04,0.05,0.06,0.04,1.6,0.24,0.7,0.4,1,0.1,0.2,0.04,1.6,0.5,0.8,0.3,0.4
Caesalpinia sappan,NoData,sappanwood,Caesalpinia,Fabaceae,Unknown,species,,,4,0.02,0.2,0.2,0.1,0.1,0.04,0.05,0.06,0.04,1.6,0.24,0.7,0.4,1,0.1,0.2,0.04,1.6,0.5,0.8,0.3,0.4
Caesalpinia spinosa,NoData,spiny holdback,Caesalpinia,Fabaceae,Btr,species,,,4,0.02,0.2,0.2,0.1,0.1,0.04,0.05,0.06,0.04,1.6,0.24,0.7,0.4,1,0.1,0.2,0.04,1.6,0.5,0.8,0.3,0.4
Calamus,NoData,,Calamus,Arecaceae,Unknown,genus,,,4,0.02,0.2,0.2,0.1,0.1,0.04,0.05,0.06,0.04,1.6,0.24,0.7,0.4,1,0.1,0.2,0.04,1.6,0.5,0.8,0.3,0.4
Calamus gracilis,NoData,,Calamus,Arecaceae,Unknown,species,,,4,0.02,0.2,0.2,0.1,0.1,0.04,0.05,0.06,0.04,1.6,0.24,0.7,0.4,1,0.1,0.2,0.04,1.6,0.5,0.8,0.3,0.4
Calliandra,NoData,,Calliandra,Fabaceae,Unknown,genus,,,4,0.02,0.2,0.2,0.1,0.1,0.04,0.05,0.06,0.04,1.6,0.24,0.7,0.4,1,0.1,0.2,0.04,1.6,0.5,0.8,0.3,0.4
Calliandra haematocephala,NoData,stickpea,Calliandra,Fabaceae,Unknown,species,,,4,0.02,0.2,0.2,0.1,0.1,0.04,0.05,0.06,0.04,1.6,0.24,0.7,0.4,1,0.1,0.2,0.04,1.6,0.5,0.8,0.3,0.4
Calliandra tweedi,NoData,,Calliandra,Fabaceae,Btr,species,,,4,0.02,0.2,0.2,0.1,0.1,0.04,0.05,0.06,0.04,1.6,0.24,0.7,0.4,1,0.1,0.2,0.04,1.6,0.5,0.8,0.3,0.4
Callicarpa,NoData,,Callicarpa,Verbenaceae,Btr,genus,,,4,0.02,0.2,0.2,0.1,0.1,0.04,0.05,0.06,0.04,1.6,0.24,0.7,0.4,1,0.1,0.2,0.04,1.6,0.5,0.8,0.3,0.4
Callicarpa logifolia,NoData,,Callicarpa,Verbenaceae,Btr,species,,,4,0.02,0.2,0.2,0.1,0.1,0.04,0.05,0.06,0.04,1.6,0.24,0.7,0.4,1,0.1,0.2,0.04,1.6,0.5,0.8,0.3,0.4
Callistemon,NoData,bottlebrush,Callistemon,Myrtaceae,Btr,genus,,,4,0.02,0.2,0.2,0.1,0.1,0.04,0.05,0.06,0.04,1.6,0.24,0.7,0.4,1,0.1,0.2,0.04,1.6,0.5,0.8,0.3,0.4
Callistemon citrinus,NoData,crimson bottlebrush,Callistemon,Myrtaceae,Btr,species,,,4,0.02,0.2,0.2,0.1,0.1,0.04,0.05,0.06,0.04,1.6,0.24,0.7,0.4,1,0.1,0.2,0.04,1.6,0.5,0.8,0.3,0.4
Callistemon lanceolatus,NoData,,Callistemon,Myrtaceae,Unknown,species,,,4,0.02,0.2,0.2,0.1,0.1,0.04,0.05,0.06,0.04,1.6,0.24,0.7,0.4,1,0.1,0.2,0.04,1.6,0.5,0.8,0.3,0.4
Callistemon linearis,NoData,narrow-leaf bottlebrush,Callistemon,Myrtaceae,Unknown,species,,,4,0.02,0.2,0.2,0.1,0.1,0.04,0.05,0.06,0.04,1.6,0.24,0.7,0.4,1,0.1,0.2,0.04,1.6,0.5,0.8,0.3,0.4
Callistemon rigidis,NoData,,Callistemon,Myrtaceae,Unknown,species,,,4,0.02,0.2,0.2,0.1,0.1,0.04,0.05,0.06,0.04,1.6,0.24,0.7,0.4,1,0.1,0.2,0.04,1.6,0.5,0.8,0.3,0.4
Callistemon rigidus,NoData,bottlebrush,Callistemon,Myrtaceae,Unknown,species,,,4,0.02,0.2,0.2,0.1,0.1,0.04,0.05,0.06,0.04,1.6,0.24,0.7,0.4,1,0.1,0.2,0.04,1.6,0.5,0.8,0.3,0.4
Callistemon salignus,NoData,stonewood,Callistemon,Myrtaceae,Unknown,species,,,4,0.02,0.2,0.2,0.1,0.1,0.04,0.05,0.06,0.04,1.6,0.24,0.7,0.4,1,0.1,0.2,0.04,1.6,0.5,0.8,0.3,0.4
Callistemon teretifolius,NoData,,Callistemon,Myrtaceae,Unknown,species,,,4,0.02,0.2,0.2,0.1,0.1,0.04,0.05,0.06,0.04,1.6,0.24,0.7,0.4,1,0.1,0.2,0.04,1.6,0.5,0.8,0.3,0.4
Callistemon viminalis,NoData,weeping bottlebrush,Callistemon,Myrtaceae,Unknown,species,,,4,0.02,0.2,0.2,0.1,0.1,0.04,0.05,0.06,0.04,1.6,0.24,0.7,0.4,1,0.1,0.2,0.04,1.6,0.5,0.8,0.3,0.4
Callitris,Callitris,Cypress-pine,Callitris,Cupressaceae,Ntr,genus,,,0.2,0.02,0.4,0.05,0.2,0.2,0.04,0.05,0.1,0.06,1.6,0.24,0.7,0.4,1,0.1,0.2,0.04,1.6,0.5,0.8,0.3,0.4
Callitris propinqua,NoData,,Callitris,Cupressaceae,Unknown,species,,,4,0.02,0.2,0.2,0.1,0.1,0.04,0.05,0.06,0.04,1.6,0.24,0.7,0.4,1,0.1,0.2,0.04,1.6,0.5,0.8,0.3,0.4
Calluna,NoData,,Calluna,Ericaceae,Shrub,genus,,,4,0.02,0.2,0.2,0.1,0.1,0.04,0.05,0.06,0.04,1.6,0.24,0.7,0.4,1,0.1,0.2,0.04,1.6,0.5,0.8,0.3,0.4
Calluna vulgaris,NoData,heather,Calluna,Ericaceae,Shrub,species,,,4,0.02,0.2,0.2,0.1,0.1,0.04,0.05,0.06,0.04,1.6,0.24,0.7,0.4,1,0.1,0.2,0.04,1.6,0.5,0.8,0.3,0.4
Calocedrus,Callitris,incense cedar,Calocedrus,Cupressaceae,Ntr,genus,,,0.2,0.02,0.4,0.05,0.2,0.2,0.04,0.05,0.1,0.06,1.6,0.24,0.7,0.4,1,0.1,0.2,0.04,1.6,0.5,0.8,0.3,0.4
Calocedrus decurrens,Callitris,incense cedar,Calocedrus,Cupressaceae,Ntr,species,,,0.2,0.02,0.4,0.05,0.2,0.2,0.04,0.05,0.1,0.06,1.6,0.24,0.7,0.4,1,0.1,0.2,0.04,1.6,0.5,0.8,0.3,0.4
Calodendrum,NoData,,Calodendrum,Rutaceae,Unknown,genus,,,4,0.02,0.2,0.2,0.1,0.1,0.04,0.05,0.06,0.04,1.6,0.24,0.7,0.4,1,0.1,0.2,0.04,1.6,0.5,0.8,0.3,0.4
Calodendrum capense,NoData,Cape-chestnut,Calodendrum,Rutaceae,Unknown,species,,,4,0.02,0.2,0.2,0.1,0.1,0.04,0.05,0.06,0.04,1.6,0.24,0.7,0.4,1,0.1,0.2,0.04,1.6,0.5,0.8,0.3,0.4
Caloncoba,NoData,,Caloncoba,Flacourtiaceae,Unknown,genus,,,4,0.02,0.2,0.2,0.1,0.1,0.04,0.05,0.06,0.04,1.6,0.24,0.7,0.4,1,0.1,0.2,0.04,1.6,0.5,0.8,0.3,0.4
Caloncoba welwitschii,NoData,,Caloncoba,Flacourtiaceae,Unknown,species,,,4,0.02,0.2,0.2,0.1,0.1,0.04,0.05,0.06,0.04,1.6,0.24,0.7,0.4,1,0.1,0.2,0.04,1.6,0.5,0.8,0.3,0.4
Calophyllum,NoData,,Calophyllum,Clusiaceae,Btr,genus,,,4,0.02,0.2,0.2,0.1,0.1,0.04,0.05,0.06,0.04,1.6,0.24,0.7,0.4,1,0.1,0.2,0.04,1.6,0.5,0.8,0.3,0.4
Calophyllum inophyllum,NoData,Alexandrian laurel,Calophyllum,Clusiaceae,Btr,species,,,4,0.02,0.2,0.2,0.1,0.1,0.04,0.05,0.06,0.04,1.6,0.24,0.7,0.4,1,0.1,0.2,0.04,1.6,0.5,0.8,0.3,0.4
Calophyllum longifolium,NoData,,Calophyllum,Clusiaceae,Unknown,species,,,4,0.02,0.2,0.2,0.1,0.1,0.04,0.05,0.06,0.04,1.6,0.24,0.7,0.4,1,0.1,0.2,0.04,1.6,0.5,0.8,0.3,0.4
Calpurnia,NoData,,Calpurnia,Fabaceae,Btr,genus,,,4,0.02,0.2,0.2,0.1,0.1,0.04,0.05,0.06,0.04,1.6,0.24,0.7,0.4,1,0.1,0.2,0.04,1.6,0.5,0.8,0.3,0.4
Calpurnia aurea,NoData,,Calpurnia,Fabaceae,Btr,species,,,4,0.02,0.2,0.2,0.1,0.1,0.04,0.05,0.06,0.04,1.6,0.24,0.7,0.4,1,0.1,0.2,0.04,1.6,0.5,0.8,0.3,0.4
Calycanthus,NoData,,Calycanthus,Calycanthaceae,Shrub,genus,,,4,0.02,0.2,0.2,0.1,0.1,0.04,0.05,0.06,0.04,1.6,0.24,0.7,0.4,1,0.1,0.2,0.04,1.6,0.5,0.8,0.3,0.4
Calycanthus floridus,NoData,eastern sweetshrub,Calycanthus,Calycanthaceae,Shrub,species,,,4,0.02,0.2,0.2,0.1,0.1,0.04,0.05,0.06,0.04,1.6,0.24,0.7,0.4,1,0.1,0.2,0.04,1.6,0.5,0.8,0.3,0.4
Calycophyllum,NoData,,Calycophyllum,Rubiaceae,Btr,genus,,,4,0.02,0.2,0.2,0.1,0.1,0.04,0.05,0.06,0.04,1.6,0.24,0.7,0.4,1,0.1,0.2,0.04,1.6,0.5,0.8,0.3,0.4
Calycophyllum candidissimum,NoData,degame,Calycophyllum,Rubiaceae,Btr,species,,,4,0.02,0.2,0.2,0.1,0.1,0.04,0.05,0.06,0.04,1.6,0.24,0.7,0.4,1,0.1,0.2,0.04,1.6,0.5,0.8,0.3,0.4
Camellia,NoData,camellia,Camellia,Theaceae,Btr,genus,,,4,0.02,0.2,0.2,0.1,0.1,0.04,0.05,0.06,0.04,1.6,0.24,0.7,0.4,1,0.1,0.2,0.04,1.6,0.5,0.8,0.3,0.4
Camellia forrestii,NoData,,Camellia,Theaceae,Unknown,species,,,4,0.02,0.2,0.2,0.1,0.1,0.04,0.05,0.06,0.04,1.6,0.24,0.7,0.4,1,0.1,0.2,0.04,1.6,0.5,0.8,0.3,0.4
Camellia japonica,NoData,camellia,Camellia,Theaceae,Btr,species,,,4,0.02,0.2,0.2,0.1,0.1,0.04,0.05,0.06,0.04,1.6,0.24,0.7,0.4,1,0.1,0.2,0.04,1.6,0.5,0.8,0.3,0.4
Camellia kissi,NoData,,Camellia,Theaceae,Unknown,species,,,4,0.02,0.2,0.2,0.1,0.1,0.04,0.05,0.06,0.04,1.6,0.24,0.7,0.4,1,0.1,0.2,0.04,1.6,0.5,0.8,0.3,0.4
Camellia sinensis,NoData,tea,Camellia,Theaceae,Btr,species,,,4,0.02,0.2,0.2,0.1,0.1,0.04,0.05,0.06,0.04,1.6,0.24,0.7,0.4,1,0.1,0.2,0.04,1.6,0.5,0.8,0.3,0.4
Canthium,NoData,,Canthium,Rubiaceae,Unknown,genus,,,4,0.02,0.2,0.2,0.1,0.1,0.04,0.05,0.06,0.04,1.6,0.24,0.7,0.4,1,0.1,0.2,0.04,1.6,0.5,0.8,0.3,0.4
Canthium horridum,NoData,,Canthium,Rubiaceae,Unknown,species,,,4,0.02,0.2,0.2,0.1,0.1,0.04,0.05,0.06,0.04,1.6,0.24,0.7,0.4,1,0.1,0.2,0.04,1.6,0.5,0.8,0.3,0.4
Capparaceae,NoData,,Capparaceae,Capparaceae,Unknown,family,,,4,0.02,0.2,0.2,0.1,0.1,0.04,0.05,0.06,0.04,1.6,0.24,0.7,0.4,1,0.1,0.2,0.04,1.6,0.5,0.8,0.3,0.4
Capparis,NoData,,Capparis,Capparaceae,Unknown,genus,,,4,0.02,0.2,0.2,0.1,0.1,0.04,0.05,0.06,0.04,1.6,0.24,0.7,0.4,1,0.1,0.2,0.04,1.6,0.5,0.8,0.3,0.4
Capparis cyanophollophora,NoData,,Capparis,Capparaceae,Unknown,species,,,4,0.02,0.2,0.2,0.1,0.1,0.04,0.05,0.06,0.04,1.6,0.24,0.7,0.4,1,0.1,0.2,0.04,1.6,0.5,0.8,0.3,0.4
Capparis indica,NoData,linguam,Capparis,Capparaceae,Btr,species,,,4,0.02,0.2,0.2,0.1,0.1,0.04,0.05,0.06,0.04,1.6,0.24,0.7,0.4,1,0.1,0.2,0.04,1.6,0.5,0.8,0.3,0.4
Caragana,NoData,,Caragana,Fabaceae,Btr,genus,,,4,0.02,0.2,0.2,0.1,0.1,0.04,0.05,0.06,0.04,1.6,0.24,0.7,0.4,1,0.1,0.2,0.04,1.6,0.5,0.8,0.3,0.4
Caragana arborescens,NoData,Siberian peashrub,Caragana,Fabaceae,Btr,species,,,4,0.02,0.2,0.2,0.1,0.1,0.04,0.05,0.06,0.04,1.6,0.24,0.7,0.4,1,0.1,0.2,0.04,1.6,0.5,0.8,0.3,0.4
Caragana maximowicziana,NoData,,Caragana,Fabaceae,Unknown,species,,,4,0.02,0.2,0.2,0.1,0.1,0.04,0.05,0.06,0.04,1.6,0.24,0.7,0.4,1,0.1,0.2,0.04,1.6,0.5,0.8,0.3,0.4
Caragana pekinensis,NoData,,Caragana,Fabaceae,Unknown,species,,,4,0.02,0.2,0.2,0.1,0.1,0.04,0.05,0.06,0.04,1.6,0.24,0.7,0.4,1,0.1,0.2,0.04,1.6,0.5,0.8,0.3,0.4
Carallia,NoData,,Carallia,Rhizophoraceae,Unknown,genus,,,4,0.02,0.2,0.2,0.1,0.1,0.04,0.05,0.06,0.04,1.6,0.24,0.7,0.4,1,0.1,0.2,0.04,1.6,0.5,0.8,0.3,0.4
Carallia brachiata,NoData,,Carallia,Rhizophoraceae,Unknown,species,,,4,0.02,0.2,0.2,0.1,0.1,0.04,0.05,0.06,0.04,1.6,0.24,0.7,0.4,1,0.1,0.2,0.04,1.6,0.5,0.8,0.3,0.4
Carallia lancaefolia,NoData,,Carallia,Rhizophoraceae,Unknown,species,,,4,0.02,0.2,0.2,0.1,0.1,0.04,0.05,0.06,0.04,1.6,0.24,0.7,0.4,1,0.1,0.2,0.04,1.6,0.5,0.8,0.3,0.4
Carapa,NoData,,Carapa,Meliaceae,Unknown,genus,,,4,0.02,0.2,0.2,0.1,0.1,0.04,0.05,0.06,0.04,1.6,0.24,0.7,0.4,1,0.1,0.2,0.04,1.6,0.5,0.8,0.3,0.4
Carapa guianensis,NoData,crabwood,Carapa,Meliaceae,Unknown,species,,,4,0.02,0.2,0.2,0.1,0.1,0.04,0.05,0.06,0.04,1.6,0.24,0.7,0.4,1,0.1,0.2,0.04,1.6,0.5,0.8,0.3,0.4
Carica,NoData,,Carica,Caricaceae,Btr,genus,,,4,0.02,0.2,0.2,0.1,0.1,0.04,0.05,0.06,0.04,1.6,0.24,0.7,0.4,1,0.1,0.2,0.04,1.6,0.5,0.8,0.3,0.4
Carica papaya,NoData,papaya,Carica,Caricaceae,Btr,species,,,4,0.02,0.2,0.2,0.1,0.1,0.04,0.05,0.06,0.04,1.6,0.24,0.7,0.4,1,0.1,0.2,0.04,1.6,0.5,0.8,0.3,0.4
Caricaceae,NoData,,Caricaceae,Caricaceae,Unknown,family,,,4,0.02,0.2,0.2,0.1,0.1,0.04,0.05,0.06,0.04,1.6,0.24,0.7,0.4,1,0.1,0.2,0.04,1.6,0.5,0.8,0.3,0.4
Carissa,NoData,,Carissa,Apocynaceae,Unknown,genus,,,4,0.02,0.2,0.2,0.1,0.1,0.04,0.05,0.06,0.04,1.6,0.24,0.7,0.4,1,0.1,0.2,0.04,1.6,0.5,0.8,0.3,0.4
Carissa bispilowsa,NoData,,Carissa,Apocynaceae,Unknown,species,,,4,0.02,0.2,0.2,0.1,0.1,0.04,0.05,0.06,0.04,1.6,0.24,0.7,0.4,1,0.1,0.2,0.04,1.6,0.5,0.8,0.3,0.4
Carissa edulis,NoData,Egyptian carissa,Carissa,Apocynaceae,Unknown,species,,,4,0.02,0.2,0.2,0.1,0.1,0.04,0.05,0.06,0.04,1.6,0.24,0.7,0.4,1,0.1,0.2,0.04,1.6,0.5,0.8,0.3,0.4
Carissa macrocarpa,NoData,amatungulu,Carissa,Apocynaceae,Btr,species,,,4,0.02,0.2,0.2,0.1,0.1,0.04,0.05,0.06,0.04,1.6,0.24,0.7,0.4,1,0.1,0.2,0.04,1.6,0.5,0.8,0.3,0.4
Carludovica,NoData,,Carludovica,Cyclanthaceae,Unknown,genus,,,4,0.02,0.2,0.2,0.1,0.1,0.04,0.05,0.06,0.04,1.6,0.24,0.7,0.4,1,0.1,0.2,0.04,1.6,0.5,0.8,0.3,0.4
Carludovica insignis,NoData,,Carludovica,Cyclanthaceae,Unknown,species,,,4,0.02,0.2,0.2,0.1,0.1,0.04,0.05,0.06,0.04,1.6,0.24,0.7,0.4,1,0.1,0.2,0.04,1.6,0.5,0.8,0.3,0.4
Carludovica palmata,NoData,Panama hat plant,Carludovica,Cyclanthaceae,Herb,species,,,4,0.02,0.2,0.2,0.1,0.1,0.04,0.05,0.06,0.04,1.6,0.24,0.7,0.4,1,0.1,0.2,0.04,1.6,0.5,0.8,0.3,0.4
Carpenteria,NoData,,Carpenteria,Hydrangeaceae,Shrub,genus,,,4,0.02,0.2,0.2,0.1,0.1,0.04,0.05,0.06,0.04,1.6,0.24,0.7,0.4,1,0.1,0.2,0.04,1.6,0.5,0.8,0.3,0.4
Carpenteria californica,NoData,tree anemone,Carpenteria,Hydrangeaceae,Shrub,species,,,4,0.02,0.2,0.2,0.1,0.1,0.04,0.05,0.06,0.04,1.6,0.24,0.7,0.4,1,0.1,0.2,0.04,1.6,0.5,0.8,0.3,0.4
Carpinus,Carpinus_NoIso,hornbeam,Carpinus,Betulaceae,Btr,genus,,,0.2,0.02,0.02,0.02,0.1,1,0.04,0.05,0.06,0.04,1.6,0.24,0.7,0.4,1,0.1,0.2,0.04,1.6,0.5,0.8,0.3,0.4
Carpinus betulus,Carpinus_Iso,European hornbeam,Carpinus,Betulaceae,Btr,species,,,8,0.02,0.4,0.4,0.2,0.2,0.04,0.05,0.06,0.04,1.6,0.24,0.7,0.4,1,0.1,0.2,0.04,1.6,0.5,0.8,0.3,0.4
Carpinus caroliniana,Carpinus_NoIso,American hornbeam,Carpinus,Betulaceae,Btr,species,,,0.2,0.02,0.02,0.02,0.1,1,0.04,0.05,0.06,0.04,1.6,0.24,0.7,0.4,1,0.1,0.2,0.04,1.6,0.5,0.8,0.3,0.4
Carpinus cordata,Carpinus_NoIso,,Carpinus,Betulaceae,Unknown,species,,,0.2,0.02,0.02,0.02,0.1,1,0.04,0.05,0.06,0.04,1.6,0.24,0.7,0.4,1,0.1,0.2,0.04,1.6,0.5,0.8,0.3,0.4
Carpinus orientalis,Carpinus_NoIso,,Carpinus,Betulaceae,Btr,species,,,0.2,0.02,0.02,0.02,0.1,1,0.04,0.05,0.06,0.04,1.6,0.24,0.7,0.4,1,0.1,0.2,0.04,1.6,0.5,0.8,0.3,0.4
Carpinus tschonoskii,Carpinus_NoIso,,Carpinus,Betulaceae,Unknown,species,,,0.2,0.02,0.02,0.02,0.1,1,0.04,0.05,0.06,0.04,1.6,0.24,0.7,0.4,1,0.1,0.2,0.04,1.6,0.5,0.8,0.3,0.4
Carthamus,NoData,,Carthamus,Asteraceae,Herb,genus,,,4,0.02,0.2,0.2,0.1,0.1,0.04,0.05,0.06,0.04,1.6,0.24,0.7,0.4,1,0.1,0.2,0.04,1.6,0.5,0.8,0.3,0.4
Carthamus tinctorius,NoData,safflower,Carthamus,Asteraceae,Herb,species,,,4,0.02,0.2,0.2,0.1,0.1,0.04,0.05,0.06,0.04,1.6,0.24,0.7,0.4,1,0.1,0.2,0.04,1.6,0.5,0.8,0.3,0.4
Carya,Carya,hickory,Carya,Juglandaceae,Btr,genus,,,0.2,0.02,0.4,0.1,0.4,0.6,0.04,0.05,0.06,0.04,1.6,0.24,0.7,0.4,1,0.1,0.2,0.04,1.6,0.5,0.8,0.3,0.4
Carya aquatica,Carya,water hickory,Carya,Juglandaceae,Btr,species,,,0.2,0.02,0.4,0.1,0.4,0.6,0.04,0.05,0.06,0.04,1.6,0.24,0.7,0.4,1,0.1,0.2,0.04,1.6,0.5,0.8,0.3,0.4
Carya cordiformis,Carya,bitternut hickory,Carya,Juglandaceae,Btr,species,,,0.2,0.02,0.4,0.1,0.4,0.6,0.04,0.05,0.06,0.04,1.6,0.24,0.7,0.4,1,0.1,0.2,0.04,1.6,0.5,0.8,0.3,0.4
Carya glabra,Carya,pignut hickory,Carya,Juglandaceae,Btr,species,,,0.2,0.02,0.4,0.1,0.4,0.6,0.04,0.05,0.06,0.04,1.6,0.24,0.7,0.4,1,0.1,0.2,0.04,1.6,0.5,0.8,0.3,0.4
Carya illinoensis,Carya,,Carya,Juglandaceae,Unknown,species,,,0.2,0.02,0.4,0.1,0.4,0.6,0.04,0.05,0.06,0.04,1.6,0.24,0.7,0.4,1,0.1,0.2,0.04,1.6,0.5,0.8,0.3,0.4
Carya illinoinensis,Carya,pecan,Carya,Juglandaceae,Btr,species,,,0.2,0.02,0.4,0.1,0.4,0.6,0.04,0.05,0.06,0.04,1.6,0.24,0.7,0.4,1,0.1,0.2,0.04,1.6,0.5,0.8,0.3,0.4
Carya laciniosa,Carya,shellbark hickory,Carya,Juglandaceae,Btr,species,,,0.2,0.02,0.4,0.1,0.4,0.6,0.04,0.05,0.06,0.04,1.6,0.24,0.7,0.4,1,0.1,0.2,0.04,1.6,0.5,0.8,0.3,0.4
Carya ovata,Carya,shagbark hickory,Carya,Juglandaceae,Btr,species,,,0.2,0.02,0.4,0.1,0.4,0.6,0.04,0.05,0.06,0.04,1.6,0.24,0.7,0.4,1,0.1,0.2,0.04,1.6,0.5,0.8,0.3,0.4
Carya texana,Carya,black hickory,Carya,Juglandaceae,Btr,species,,,0.2,0.02,0.4,0.1,0.4,0.6,0.04,0.05,0.06,0.04,1.6,0.24,0.7,0.4,1,0.1,0.2,0.04,1.6,0.5,0.8,0.3,0.4
Carya tomentosa,Carya,,Carya,Juglandaceae,Btr,species,,,0.2,0.02,0.4,0.1,0.4,0.6,0.04,0.05,0.06,0.04,1.6,0.24,0.7,0.4,1,0.1,0.2,0.04,1.6,0.5,0.8,0.3,0.4
Caryophyllaceae,NoData,,Caryophyllaceae,Caryophyllaceae,Unknown,family,,,4,0.02,0.2,0.2,0.1,0.1,0.04,0.05,0.06,0.04,1.6,0.24,0.7,0.4,1,0.1,0.2,0.04,1.6,0.5,0.8,0.3,0.4
Caryota,NoData,,Caryota,Arecaceae,Btr,genus,,,4,0.02,0.2,0.2,0.1,0.1,0.04,0.05,0.06,0.04,1.6,0.24,0.7,0.4,1,0.1,0.2,0.04,1.6,0.5,0.8,0.3,0.4
Caryota mitis,NoData,Burmese fishtail palm,Caryota,Arecaceae,Btr,species,,,4,0.02,0.2,0.2,0.1,0.1,0.04,0.05,0.06,0.04,1.6,0.24,0.7,0.4,1,0.1,0.2,0.04,1.6,0.5,0.8,0.3,0.4
Caryota monostachys,NoData,,Caryota,Arecaceae,Unknown,species,,,4,0.02,0.2,0.2,0.1,0.1,0.04,0.05,0.06,0.04,1.6,0.24,0.7,0.4,1,0.1,0.2,0.04,1.6,0.5,0.8,0.3,0.4
Caryota ochlandra,NoData,,Caryota,Arecaceae,Unknown,species,,,4,0.02,0.2,0.2,0.1,0.1,0.04,0.05,0.06,0.04,1.6,0.24,0.7,0.4,1,0.1,0.2,0.04,1.6,0.5,0.8,0.3,0.4
Caryota urens,NoData,jaggery palm,Caryota,Arecaceae,Btr,species,,,4,0.02,0.2,0.2,0.1,0.1,0.04,0.05,0.06,0.04,1.6,0.24,0.7,0.4,1,0.1,0.2,0.04,1.6,0.5,0.8,0.3,0.4
Cascabela,NoData,,Cascabela,Apocynaceae,Btr,genus,,,4,0.02,0.2,0.2,0.1,0.1,0.04,0.05,0.06,0.04,1.6,0.24,0.7,0.4,1,0.1,0.2,0.04,1.6,0.5,0.8,0.3,0.4
Cascabela thevetia,NoData,luckynut,Cascabela,Apocynaceae,Btr,species,,,4,0.02,0.2,0.2,0.1,0.1,0.04,0.05,0.06,0.04,1.6,0.24,0.7,0.4,1,0.1,0.2,0.04,1.6,0.5,0.8,0.3,0.4
Casearia,NoData,,Casearia,Flacourtiaceae,Btr,genus,,,4,0.02,0.2,0.2,0.1,0.1,0.04,0.05,0.06,0.04,1.6,0.24,0.7,0.4,1,0.1,0.2,0.04,1.6,0.5,0.8,0.3,0.4
Casearia decandra,NoData,wild honeytree,Casearia,Flacourtiaceae,Btr,species,,,4,0.02,0.2,0.2,0.1,0.1,0.04,0.05,0.06,0.04,1.6,0.24,0.7,0.4,1,0.1,0.2,0.04,1.6,0.5,0.8,0.3,0.4
Casearia rusbiana,NoData,,Casearia,Flacourtiaceae,Unknown,species,,,4,0.02,0.2,0.2,0.1,0.1,0.04,0.05,0.06,0.04,1.6,0.24,0.7,0.4,1,0.1,0.2,0.04,1.6,0.5,0.8,0.3,0.4
Casimiroa,NoData,,Casimiroa,Rutaceae,Unknown,genus,,,4,0.02,0.2,0.2,0.1,0.1,0.04,0.05,0.06,0.04,1.6,0.24,0.7,0.4,1,0.1,0.2,0.04,1.6,0.5,0.8,0.3,0.4
Casimiroa edulis,NoData,white sapote,Casimiroa,Rutaceae,Unknown,species,,,4,0.02,0.2,0.2,0.1,0.1,0.04,0.05,0.06,0.04,1.6,0.24,0.7,0.4,1,0.1,0.2,0.04,1.6,0.5,0.8,0.3,0.4
Cassia,Cassia,,Cassia,Fabaceae,Unknown,genus,,,0.2,0.02,0.02,0.02,0.02,0.02,0.04,0.05,0.005,0.01,1.6,0.24,0.7,0.4,1,0.1,0.2,0.04,1.6,0.5,0.8,0.3,0.4
Cassia abbreviata,Cassia,long-pod-cassia,Cassia,Fabaceae,Unknown,species,,,0.2,0.02,0.02,0.02,0.02,0.02,0.04,0.05,0.005,0.01,1.6,0.24,0.7,0.4,1,0.1,0.2,0.04,1.6,0.5,0.8,0.3,0.4
Cassia alata,Cassia,,Cassia,Fabaceae,Unknown,species,,,0.2,0.02,0.02,0.02,0.02,0.02,0.04,0.05,0.005,0.01,1.6,0.24,0.7,0.4,1,0.1,0.2,0.04,1.6,0.5,0.8,0.3,0.4
Cassia artemisioides,Cassia,,Cassia,Fabaceae,Unknown,species,,,0.2,0.02,0.02,0.02,0.02,0.02,0.04,0.05,0.005,0.01,1.6,0.24,0.7,0.4,1,0.1,0.2,0.04,1.6,0.5,0.8,0.3,0.4
Cassia eremophila,Cassia,,Cassia,Fabaceae,Unknown,species,,,0.2,0.02,0.02,0.02,0.02,0.02,0.04,0.05,0.005,0.01,1.6,0.24,0.7,0.4,1,0.1,0.2,0.04,1.6,0.5,0.8,0.3,0.4
Cassia fasciculata,Cassia,,Cassia,Fabaceae,Btr,species,,,0.2,0.02,0.02,0.02,0.02,0.02,0.04,0.05,0.005,0.01,1.6,0.24,0.7,0.4,1,0.1,0.2,0.04,1.6,0.5,0.8,0.3,0.4
Cassia leptophylla,Cassia,,Cassia,Fabaceae,Unknown,species,,,0.2,0.02,0.02,0.02,0.02,0.02,0.04,0.05,0.005,0.01,1.6,0.24,0.7,0.4,1,0.1,0.2,0.04,1.6,0.5,0.8,0.3,0.4
Cassia nemophila,Cassia,,Cassia,Fabaceae,Unknown,species,,,0.2,0.02,0.02,0.02,0.02,0.02,0.04,0.05,0.005,0.01,1.6,0.24,0.7,0.4,1,0.1,0.2,0.04,1.6,0.5,0.8,0.3,0.4
Cassia nictitans,Cassia,,Cassia,Fabaceae,Btr,species,,,0.2,0.02,0.02,0.02,0.02,0.02,0.04,0.05,0.005,0.01,1.6,0.24,0.7,0.4,1,0.1,0.2,0.04,1.6,0.5,0.8,0.3,0.4
Cassia siamea,Cassia,,Cassia,Fabaceae,Unknown,species,,,0.2,0.02,0.02,0.02,0.02,0.02,0.04,0.05,0.005,0.01,1.6,0.24,0.7,0.4,1,0.1,0.2,0.04,1.6,0.5,0.8,0.3,0.4
Cassia splendida,Cassia,,Cassia,Fabaceae,Btr,species,,,0.2,0.02,0.02,0.02,0.02,0.02,0.04,0.05,0.005,0.01,1.6,0.24,0.7,0.4,1,0.1,0.2,0.04,1.6,0.5,0.8,0.3,0.4
Cassine,NoData,,Cassine,Celastraceae,Unknown,genus,,,4,0.02,0.2,0.2,0.1,0.1,0.04,0.05,0.06,0.04,1.6,0.24,0.7,0.4,1,0.1,0.2,0.04,1.6,0.5,0.8,0.3,0.4
Cassine aethiopica,NoData,,Cassine,Celastraceae,Unknown,species,,,4,0.02,0.2,0.2,0.1,0.1,0.04,0.05,0.06,0.04,1.6,0.24,0.7,0.4,1,0.1,0.2,0.04,1.6,0.5,0.8,0.3,0.4
Cassine transvaalensis,NoData,,Cassine,Celastraceae,Unknown,species,,,4,0.02,0.2,0.2,0.1,0.1,0.04,0.05,0.06,0.04,1.6,0.24,0.7,0.4,1,0.1,0.2,0.04,1.6,0.5,0.8,0.3,0.4
Castanea,Castanea,,Castanea,Fagaceae,Btr,genus,,,0.2,0.02,0.4,0.4,0.2,0.2,0.04,0.05,0.06,0.04,1.6,0.24,0.7,0.4,1,0.1,0.2,0.04,1.6,0.5,0.8,0.3,0.4
Castanea dentata,Castanea,American chestnut,Castanea,Fagaceae,Btr,species,,,0.2,0.02,0.4,0.4,0.2,0.2,0.04,0.05,0.06,0.04,1.6,0.24,0.7,0.4,1,0.1,0.2,0.04,1.6,0.5,0.8,0.3,0.4
Castanea mollissima,Castanea,Chinese chestnut,Castanea,Fagaceae,Btr,species,,,0.2,0.02,0.4,0.4,0.2,0.2,0.04,0.05,0.06,0.04,1.6,0.24,0.7,0.4,1,0.1,0.2,0.04,1.6,0.5,0.8,0.3,0.4
Castanea pumila,Castanea,chinkapin,Castanea,Fagaceae,Btr,species,,,0.2,0.02,0.4,0.4,0.2,0.2,0.04,0.05,0.06,0.04,1.6,0.24,0.7,0.4,1,0.1,0.2,0.04,1.6,0.5,0.8,0.3,0.4
Castanea sativa,Castanea,European chestnut,Castanea,Fagaceae,Btr,species,,,0.2,0.02,0.4,0.4,0.2,0.2,0.04,0.05,0.06,0.04,1.6,0.24,0.7,0.4,1,0.1,0.2,0.04,1.6,0.5,0.8,0.3,0.4
Castanopis,Castanea,,Castanopsis,Fagaceae,Unknown,genus,,,0.2,0.02,0.4,0.4,0.2,0.2,0.04,0.05,0.06,0.04,1.6,0.24,0.7,0.4,1,0.1,0.2,0.04,1.6,0.5,0.8,0.3,0.4
Castanopis cuspidada,Castanea,,Castanopsis,Fagaceae,Unknown,species,,,0.2,0.02,0.4,0.4,0.2,0.2,0.04,0.05,0.06,0.04,1.6,0.24,0.7,0.4,1,0.1,0.2,0.04,1.6,0.5,0.8,0.3,0.4
Castanopis fissa,Castanea,,Castanopsis,Fagaceae,Unknown,species,,,0.2,0.02,0.4,0.4,0.2,0.2,0.04,0.05,0.06,0.04,1.6,0.24,0.7,0.4,1,0.1,0.2,0.04,1.6,0.5,0.8,0.3,0.4
Castanopsis,Castanea,,Castanopsis,Fagaceae,Unknown,genus,,,0.2,0.02,0.4,0.4,0.2,0.2,0.04,0.05,0.06,0.04,1.6,0.24,0.7,0.4,1,0.1,0.2,0.04,1.6,0.5,0.8,0.3,0.4
Castanopsis calathiformis,Castanea,,Castanopsis,Fagaceae,Unknown,species,,,0.2,0.02,0.4,0.4,0.2,0.2,0.04,0.05,0.06,0.04,1.6,0.24,0.7,0.4,1,0.1,0.2,0.04,1.6,0.5,0.8,0.3,0.4
Castanopsis chinensis,Castanea,,Castanopsis,Fagaceae,Unknown,species,,,0.2,0.02,0.4,0.4,0.2,0.2,0.04,0.05,0.06,0.04,1.6,0.24,0.7,0.4,1,0.1,0.2,0.04,1.6,0.5,0.8,0.3,0.4
Castanopsis chrysophylla,Castanea,,Castanopsis,Fagaceae,Unknown,species,,,0.2,0.02,0.4,0.4,0.2,0.2,0.04,0.05,0.06,0.04,1.6,0.24,0.7,0.4,1,0.1,0.2,0.04,1.6,0.5,0.8,0.3,0.4
Castanopsis hystrix,Castanea,,Castanopsis,Fagaceae,Unknown,species,,,0.2,0.02,0.4,0.4,0.2,0.2,0.04,0.05,0.06,0.04,1.6,0.24,0.7,0.4,1,0.1,0.2,0.04,1.6,0.5,0.8,0.3,0.4
Castanopsis inidica,Castanea,,Castanopsis,Fagaceae,Unknown,species,,,0.2,0.02,0.4,0.4,0.2,0.2,0.04,0.05,0.06,0.04,1.6,0.24,0.7,0.4,1,0.1,0.2,0.04,1.6,0.5,0.8,0.3,0.4
Castanopsis mekongensis,Castanea,,Castanopsis,Fagaceae,Unknown,species,,,0.2,0.02,0.4,0.4,0.2,0.2,0.04,0.05,0.06,0.04,1.6,0.24,0.7,0.4,1,0.1,0.2,0.04,1.6,0.5,0.8,0.3,0.4
Castanopsis orthocantha,Castanea,,Castanopsis,Fagaceae,Unknown,species,,,0.2,0.02,0.4,0.4,0.2,0.2,0.04,0.05,0.06,0.04,1.6,0.24,0.7,0.4,1,0.1,0.2,0.04,1.6,0.5,0.8,0.3,0.4
Castanopsis sempervirens,Castanea,,Castanopsis,Fagaceae,Unknown,species,,,0.2,0.02,0.4,0.4,0.2,0.2,0.04,0.05,0.06,0.04,1.6,0.24,0.7,0.4,1,0.1,0.2,0.04,1.6,0.5,0.8,0.3,0.4
Castanopsis wattii,Castanea,,Castanopsis,Fagaceae,Unknown,species,,,0.2,0.02,0.4,0.4,0.2,0.2,0.04,0.05,0.06,0.04,1.6,0.24,0.7,0.4,1,0.1,0.2,0.04,1.6,0.5,0.8,0.3,0.4
Castanospermum,NoData,,Castanospermum,Fabaceae,Btr,genus,,,4,0.02,0.2,0.2,0.1,0.1,0.04,0.05,0.06,0.04,1.6,0.24,0.7,0.4,1,0.1,0.2,0.04,1.6,0.5,0.8,0.3,0.4
Castanospermum australe,NoData,,Castanospermum,Fabaceae,Btr,species,,,4,0.02,0.2,0.2,0.1,0.1,0.04,0.05,0.06,0.04,1.6,0.24,0.7,0.4,1,0.1,0.2,0.04,1.6,0.5,0.8,0.3,0.4
Castilla,NoData,,Castilla,Moraceae,Btr,genus,,,4,0.02,0.2,0.2,0.1,0.1,0.04,0.05,0.06,0.04,1.6,0.24,0.7,0.4,1,0.1,0.2,0.04,1.6,0.5,0.8,0.3,0.4
Castilla elastica,NoData,Panama rubbertree,Castilla,Moraceae,Btr,species,,,4,0.02,0.2,0.2,0.1,0.1,0.04,0.05,0.06,0.04,1.6,0.24,0.7,0.4,1,0.1,0.2,0.04,1.6,0.5,0.8,0.3,0.4
Casuarina,Arundo,sheoak,Casuarina,Casuarinaceae,Btr,genus,,,8,0.02,0.4,0.4,0.2,0.2,0.04,0.05,0.06,0.04,1.6,0.24,0.7,0.4,1,0.1,0.2,0.04,1.6,0.5,0.8,0.3,0.4
Casuarina cunninghamiana,Arundo,river sheoak,Casuarina,Casuarinaceae,Btr,species,,,8,0.02,0.4,0.4,0.2,0.2,0.04,0.05,0.06,0.04,1.6,0.24,0.7,0.4,1,0.1,0.2,0.04,1.6,0.5,0.8,0.3,0.4
Casuarina equisetfolia,Arundo,,Casuarina,Casuarinaceae,Btr,species,,,8,0.02,0.4,0.4,0.2,0.2,0.04,0.05,0.06,0.04,1.6,0.24,0.7,0.4,1,0.1,0.2,0.04,1.6,0.5,0.8,0.3,0.4
Casuarina equisetifolia,Arundo,beach sheoak,Casuarina,Casuarinaceae,Btr,species,,,8,0.02,0.4,0.4,0.2,0.2,0.04,0.05,0.06,0.04,1.6,0.24,0.7,0.4,1,0.1,0.2,0.04,1.6,0.5,0.8,0.3,0.4
Casuarina stricta,Arundo,,Casuarina,Casuarinaceae,Btr,species,,,8,0.02,0.4,0.4,0.2,0.2,0.04,0.05,0.06,0.04,1.6,0.24,0.7,0.4,1,0.1,0.2,0.04,1.6,0.5,0.8,0.3,0.4
Casuarinaceae,Arundo,,Casuarinaceae,Casuarinaceae,Unknown,family,,,8,0.02,0.4,0.4,0.2,0.2,0.04,0.05,0.06,0.04,1.6,0.24,0.7,0.4,1,0.1,0.2,0.04,1.6,0.5,0.8,0.3,0.4
Catalpa,Catalpa,catalpa,Catalpa,Bignoniaceae,Btr,genus,,,0.2,0.02,0.05,0.1,0.05,0.05,0.04,0.05,0.06,0.04,1.6,0.24,0.7,0.4,1,0.1,0.2,0.04,1.6,0.5,0.8,0.3,0.4
Catalpa bignonioides,Catalpa,southern catalpa,Catalpa,Bignoniaceae,Btr,species,,,0.2,0.02,0.05,0.1,0.05,0.05,0.04,0.05,0.06,0.04,1.6,0.24,0.7,0.4,1,0.1,0.2,0.04,1.6,0.5,0.8,0.3,0.4
Catalpa erubescens,Catalpa,catalpa,Catalpa,Bignoniaceae,Btr,species,,,0.2,0.02,0.05,0.1,0.05,0.05,0.04,0.05,0.06,0.04,1.6,0.24,0.7,0.4,1,0.1,0.2,0.04,1.6,0.5,0.8,0.3,0.4
Catalpa speciosa,Catalpa,northern catalpa,Catalpa,Bignoniaceae,Btr,species,,,0.2,0.02,0.05,0.1,0.05,0.05,0.04,0.05,0.06,0.04,1.6,0.24,0.7,0.4,1,0.1,0.2,0.04,1.6,0.5,0.8,0.3,0.4
Catha,NoData,,Catha,Celastraceae,Unknown,genus,,,4,0.02,0.2,0.2,0.1,0.1,0.04,0.05,0.06,0.04,1.6,0.24,0.7,0.4,1,0.1,0.2,0.04,1.6,0.5,0.8,0.3,0.4
Catha edulis,NoData,khat,Catha,Celastraceae,Unknown,species,,,4,0.02,0.2,0.2,0.1,0.1,0.04,0.05,0.06,0.04,1.6,0.24,0.7,0.4,1,0.1,0.2,0.04,1.6,0.5,0.8,0.3,0.4
Ceanothus,NoDataLowIso,,Ceanothus,Rhamnaceae,Btr,genus,,,0.2,0.02,0.2,0.2,0.2,0.2,0.04,0.05,0.04,0.02,1.6,0.24,0.7,0.4,1,0.1,0.2,0.04,1.6,0.5,0.8,0.3,0.4
Ceanothus arboreus,NoDataLowIso,feltleaf ceanothus,Ceanothus,Rhamnaceae,Btr,species,,,0.2,0.02,0.2,0.2,0.2,0.2,0.04,0.05,0.04,0.02,1.6,0.24,0.7,0.4,1,0.1,0.2,0.04,1.6,0.5,0.8,0.3,0.4
Ceanothus arnborescens,NoDataLowIso,,Ceanothus,Rhamnaceae,Unknown,species,,,0.2,0.02,0.2,0.2,0.2,0.2,0.04,0.05,0.04,0.02,1.6,0.24,0.7,0.4,1,0.1,0.2,0.04,1.6,0.5,0.8,0.3,0.4
Ceanothus crassifolius,NoDataLowIso,hoaryleaf ceanothus,Ceanothus,Rhamnaceae,Shrub,species,,,0.2,0.02,0.2,0.2,0.2,0.2,0.04,0.05,0.04,0.02,1.6,0.24,0.7,0.4,1,0.1,0.2,0.04,1.6,0.5,0.8,0.3,0.4
Ceanothus cuneatus,NoDataLowIso,buckbrush,Ceanothus,Rhamnaceae,Shrub,species,,,0.2,0.02,0.2,0.2,0.2,0.2,0.04,0.05,0.04,0.02,1.6,0.24,0.7,0.4,1,0.1,0.2,0.04,1.6,0.5,0.8,0.3,0.4
Ceanothus greggii,NoDataLowIso,desert ceanothus,Ceanothus,Rhamnaceae,Shrub,species,,,0.2,0.02,0.2,0.2,0.2,0.2,0.04,0.05,0.04,0.02,1.6,0.24,0.7,0.4,1,0.1,0.2,0.04,1.6,0.5,0.8,0.3,0.4
Ceanothus leucodermis,NoDataLowIso,chaparral whitethorn,Ceanothus,Rhamnaceae,Shrub,species,,,0.2,0.02,0.2,0.2,0.2,0.2,0.04,0.05,0.04,0.02,1.6,0.24,0.7,0.4,1,0.1,0.2,0.04,1.6,0.5,0.8,0.3,0.4
Ceanothus maritimus,NoDataLowIso,maritime ceanothus,Ceanothus,Rhamnaceae,Shrub,species,,,0.2,0.02,0.2,0.2,0.2,0.2,0.04,0.05,0.04,0.02,1.6,0.24,0.7,0.4,1,0.1,0.2,0.04,1.6,0.5,0.8,0.3,0.4
Ceanothus spinosus,NoDataLowIso,redheart,Ceanothus,Rhamnaceae,Btr,species,,,0.2,0.02,0.2,0.2,0.2,0.2,0.04,0.05,0.04,0.02,1.6,0.24,0.7,0.4,1,0.1,0.2,0.04,1.6,0.5,0.8,0.3,0.4
Ceatonia,NoData,,Ceatonia,Cecropiaceae,Btr,genus,,,4,0.02,0.2,0.2,0.1,0.1,0.04,0.05,0.06,0.04,1.6,0.24,0.7,0.4,1,0.1,0.2,0.04,1.6,0.5,0.8,0.3,0.4
Cecropia,NoData,pumpwood,Cecropia,Cecropiaceae,Btr,genus,,,4,0.02,0.2,0.2,0.1,0.1,0.04,0.05,0.06,0.04,1.6,0.24,0.7,0.4,1,0.1,0.2,0.04,1.6,0.5,0.8,0.3,0.4
Cecropia longipes,NoData,,Cecropia,Cecropiaceae,Unknown,species,,,4,0.02,0.2,0.2,0.1,0.1,0.04,0.05,0.06,0.04,1.6,0.24,0.7,0.4,1,0.1,0.2,0.04,1.6,0.5,0.8,0.3,0.4
Cecropia obtusifolia,NoData,trumpet tree,Cecropia,Cecropiaceae,Btr,species,,,4,0.02,0.2,0.2,0.1,0.1,0.04,0.05,0.06,0.04,1.6,0.24,0.7,0.4,1,0.1,0.2,0.04,1.6,0.5,0.8,0.3,0.4
Cecropia peltata,NoData,,Cecropia,Cecropiaceae,Unknown,species,,,4,0.02,0.2,0.2,0.1,0.1,0.04,0.05,0.06,0.04,1.6,0.24,0.7,0.4,1,0.1,0.2,0.04,1.6,0.5,0.8,0.3,0.4
Cecropia sciadophylla,NoData,,Cecropia,Cecropiaceae,Unknown,species,,,4,0.02,0.2,0.2,0.1,0.1,0.04,0.05,0.06,0.04,1.6,0.24,0.7,0.4,1,0.1,0.2,0.04,1.6,0.5,0.8,0.3,0.4
Cedrela,NoData,,Cedrela,Meliaceae,Ntr,genus,,,4,0.02,0.2,0.2,0.1,0.1,0.04,0.05,0.06,0.04,1.6,0.24,0.7,0.4,1,0.1,0.2,0.04,1.6,0.5,0.8,0.3,0.4
Cedrus,NoDataLowIso,cedar,Cedrus,Pinaceae,Ntr,genus,,,0.2,0.02,0.2,0.2,0.2,0.2,0.04,0.05,0.04,0.02,1.6,0.24,0.7,0.4,1,0.1,0.2,0.04,1.6,0.5,0.8,0.3,0.4
Cedrus atlantica,NoDataLowIso,,Cedrus,Pinaceae,Unknown,species,,,0.2,0.02,0.2,0.2,0.2,0.2,0.04,0.05,0.04,0.02,1.6,0.24,0.7,0.4,1,0.1,0.2,0.04,1.6,0.5,0.8,0.3,0.4
Cedrus deodara,NoDataLowIso,Deodar cedar,Cedrus,Pinaceae,Ntr,species,,,0.2,0.02,0.2,0.2,0.2,0.2,0.04,0.05,0.04,0.02,1.6,0.24,0.7,0.4,1,0.1,0.2,0.04,1.6,0.5,0.8,0.3,0.4
Cedrus libani,NoDataLowIso,,Cedrus,Pinaceae,Ntr,species,,,0.2,0.02,0.2,0.2,0.2,0.2,0.04,0.05,0.04,0.02,1.6,0.24,0.7,0.4,1,0.1,0.2,0.04,1.6,0.5,0.8,0.3,0.4
Ceiba,NoData,,Ceiba,Bombacaceae,Btr,genus,,,4,0.02,0.2,0.2,0.1,0.1,0.04,0.05,0.06,0.04,1.6,0.24,0.7,0.4,1,0.1,0.2,0.04,1.6,0.5,0.8,0.3,0.4
Ceiba insignis,NoData,,Ceiba,Bombacaceae,Btr,species,,,4,0.02,0.2,0.2,0.1,0.1,0.04,0.05,0.06,0.04,1.6,0.24,0.7,0.4,1,0.1,0.2,0.04,1.6,0.5,0.8,0.3,0.4
Ceiba pentandra,NoData,kapoktree,Ceiba,Bombacaceae,Btr,species,,,4,0.02,0.2,0.2,0.1,0.1,0.04,0.05,0.06,0.04,1.6,0.24,0.7,0.4,1,0.1,0.2,0.04,1.6,0.5,0.8,0.3,0.4
Ceiba speciosa,NoData,,Ceiba,Bombacaceae,Btr,species,,,4,0.02,0.2,0.2,0.1,0.1,0.04,0.05,0.06,0.04,1.6,0.24,0.7,0.4,1,0.1,0.2,0.04,1.6,0.5,0.8,0.3,0.4
Celtis,Celtis,hackberry,Celtis,Ulmaceae,Btr,genus,,,0.6,0.02,0.05,0.05,0.05,0.2,0.04,0.05,0.06,0.04,1.6,0.24,0.7,0.4,1,0.1,0.2,0.04,1.6,0.5,0.8,0.3,0.4
Celtis africanus,Celtis,,Celtis,Ulmaceae,Unknown,species,,,0.6,0.02,0.05,0.05,0.05,0.2,0.04,0.05,0.06,0.04,1.6,0.24,0.7,0.4,1,0.1,0.2,0.04,1.6,0.5,0.8,0.3,0.4
Celtis australis,Celtis,European hackberry,Celtis,Ulmaceae,Btr,species,,,0.6,0.02,0.05,0.05,0.05,0.2,0.04,0.05,0.06,0.04,1.6,0.24,0.7,0.4,1,0.1,0.2,0.04,1.6,0.5,0.8,0.3,0.4
Celtis douglasii,Celtis,,Celtis,Ulmaceae,Unknown,species,,,0.6,0.02,0.05,0.05,0.05,0.2,0.04,0.05,0.06,0.04,1.6,0.24,0.7,0.4,1,0.1,0.2,0.04,1.6,0.5,0.8,0.3,0.4
Celtis laevigata,Celtis,sugarberry,Celtis,Ulmaceae,Btr,species,,,0.6,0.02,0.05,0.05,0.05,0.2,0.04,0.05,0.06,0.04,1.6,0.24,0.7,0.4,1,0.1,0.2,0.04,1.6,0.5,0.8,0.3,0.4
Celtis lindheimeri,Celtis,Lindheimer's hackberry,Celtis,Ulmaceae,Btr,species,,,0.6,0.02,0.05,0.05,0.05,0.2,0.04,0.05,0.06,0.04,1.6,0.24,0.7,0.4,1,0.1,0.2,0.04,1.6,0.5,0.8,0.3,0.4
Celtis mildbraedii,Celtis,,Celtis,Ulmaceae,Unknown,species,,,0.6,0.02,0.05,0.05,0.05,0.2,0.04,0.05,0.06,0.04,1.6,0.24,0.7,0.4,1,0.1,0.2,0.04,1.6,0.5,0.8,0.3,0.4
Celtis occidentalis,Celtis,common hackberry,Celtis,Ulmaceae,Btr,species,,,0.6,0.02,0.05,0.05,0.05,0.2,0.04,0.05,0.06,0.04,1.6,0.24,0.7,0.4,1,0.1,0.2,0.04,1.6,0.5,0.8,0.3,0.4
Celtis pallida,Celtis,,Celtis,Cannabaceae,Unknown,species,,,0.6,0.02,0.05,0.05,0.05,0.2,0.04,0.05,0.06,0.04,1.6,0.24,0.7,0.4,1,0.1,0.2,0.04,1.6,0.5,0.8,0.3,0.4
Celtis reticulata,Celtis,,Celtis,Ulmaceae,Unknown,species,,,0.6,0.02,0.05,0.05,0.05,0.2,0.04,0.05,0.06,0.04,1.6,0.24,0.7,0.4,1,0.1,0.2,0.04,1.6,0.5,0.8,0.3,0.4
Celtis sinensis,Celtis,Chinese hackberry,Celtis,Ulmaceae,Unknown,species,,,0.6,0.02,0.05,0.05,0.05,0.2,0.04,0.05,0.06,0.04,1.6,0.24,0.7,0.4,1,0.1,0.2,0.04,1.6,0.5,0.8,0.3,0.4
Celtis tetrandra,Celtis,,Celtis,Ulmaceae,Unknown,species,,,0.6,0.02,0.05,0.05,0.05,0.2,0.04,0.05,0.06,0.04,1.6,0.24,0.7,0.4,1,0.1,0.2,0.04,1.6,0.5,0.8,0.3,0.4
Celtis wightii,Celtis,,Celtis,Ulmaceae,Unknown,species,,,0.6,0.02,0.05,0.05,0.05,0.2,0.04,0.05,0.06,0.04,1.6,0.24,0.7,0.4,1,0.1,0.2,0.04,1.6,0.5,0.8,0.3,0.4
Cephalanthus,NoData,,Cephalanthus,Rubiaceae,shrub,genus,,,4,0.02,0.2,0.2,0.1,0.1,0.04,0.05,0.06,0.04,1.6,0.24,0.7,0.4,1,0.1,0.2,0.04,1.6,0.5,0.8,0.3,0.4
Cephalanthus occidentalis,NoData,buttonbush,Cephalanthus,Rubiaceae,shrub,species,,,4,0.02,0.2,0.2,0.1,0.1,0.04,0.05,0.06,0.04,1.6,0.24,0.7,0.4,1,0.1,0.2,0.04,1.6,0.5,0.8,0.3,0.4
Cephalocereus,NoData,,Cephalocereus,Cactaceae,Unknown,genus,,,4,0.02,0.2,0.2,0.1,0.1,0.04,0.05,0.06,0.04,1.6,0.24,0.7,0.4,1,0.1,0.2,0.04,1.6,0.5,0.8,0.3,0.4
Cephalocereus royenii,NoData,,Cephalocereus,Cactaceae,Unknown,species,,,4,0.02,0.2,0.2,0.1,0.1,0.04,0.05,0.06,0.04,1.6,0.24,0.7,0.4,1,0.1,0.2,0.04,1.6,0.5,0.8,0.3,0.4
Ceratonia,Ceratonia,ceratonia,Ceratonia,Fabaceae,Btr,genus,,,0.2,0.02,0.01,0.02,0.02,0.02,0.04,0.05,0.005,0.01,1.6,0.24,0.7,0.4,1,0.1,0.2,0.04,1.6,0.5,0.8,0.3,0.4
Ceratonia siliqua,Ceratonia,St. John's bread,Ceratonia,Fabaceae,Btr,species,,,0.2,0.02,0.01,0.02,0.02,0.02,0.04,0.05,0.005,0.01,1.6,0.24,0.7,0.4,1,0.1,0.2,0.04,1.6,0.5,0.8,0.3,0.4
Cercidiphyllum,NoData,,Cercidiphyllum,Cercidiphyllaceae,Btr,genus,,,4,0.02,0.2,0.2,0.1,0.1,0.04,0.05,0.06,0.04,1.6,0.24,0.7,0.4,1,0.1,0.2,0.04,1.6,0.5,0.8,0.3,0.4
Cercidiphyllum japonicum,NoData,katsura tree,Cercidiphyllum,Cercidiphyllaceae,Btr,species,,,4,0.02,0.2,0.2,0.1,0.1,0.04,0.05,0.06,0.04,1.6,0.24,0.7,0.4,1,0.1,0.2,0.04,1.6,0.5,0.8,0.3,0.4
Cercidiphyllum magnificum,NoData,,Cercidiphyllum,Cercidiphyllaceae,Unknown,species,,,4,0.02,0.2,0.2,0.1,0.1,0.04,0.05,0.06,0.04,1.6,0.24,0.7,0.4,1,0.1,0.2,0.04,1.6,0.5,0.8,0.3,0.4
Cercidium,NoData,,Cercidium,Fabaceae,Unknown,genus,,,4,0.02,0.2,0.2,0.1,0.1,0.04,0.05,0.06,0.04,1.6,0.24,0.7,0.4,1,0.1,0.2,0.04,1.6,0.5,0.8,0.3,0.4
Cercidium floridum,NoData,,Cercidium,Fabaceae,Unknown,species,,,4,0.02,0.2,0.2,0.1,0.1,0.04,0.05,0.06,0.04,1.6,0.24,0.7,0.4,1,0.1,0.2,0.04,1.6,0.5,0.8,0.3,0.4
Cercis,Cercis,redbud,Cercis,Fabaceae,Btr,genus,,,8,0.02,0.005,0.2,0.005,0.005,0.01,0.05,0.001,0.001,1.6,0.24,0.7,0.4,1,0.1,0.2,0.04,1.6,0.5,0.8,0.3,0.4
Cercis canadenis,Cercis,,Cercis,Fabaceae,Unknown,species,,,8,0.02,0.005,0.2,0.005,0.005,0.01,0.05,0.001,0.001,1.6,0.24,0.7,0.4,1,0.1,0.2,0.04,1.6,0.5,0.8,0.3,0.4
Cercis canadensis,Cercis,eastern redbud,Cercis,Fabaceae,Btr,species,,,8,0.02,0.005,0.2,0.005,0.005,0.01,0.05,0.001,0.001,1.6,0.24,0.7,0.4,1,0.1,0.2,0.04,1.6,0.5,0.8,0.3,0.4
Cercis occidentalis,Cercis,California redbud,Cercis,Fabaceae,Btr,species,,,8,0.02,0.005,0.2,0.005,0.005,0.01,0.05,0.001,0.001,1.6,0.24,0.7,0.4,1,0.1,0.2,0.04,1.6,0.5,0.8,0.3,0.4
Cercis orbiculata,Cercis,California redbud,Cercis,Fabaceae,Btr,species,,,8,0.02,0.005,0.2,0.005,0.005,0.01,0.05,0.001,0.001,1.6,0.24,0.7,0.4,1,0.1,0.2,0.04,1.6,0.5,0.8,0.3,0.4
Cercis reniformis,Cercis,,Cercis,Fabaceae,Btr,species,,,8,0.02,0.005,0.2,0.005,0.005,0.01,0.05,0.001,0.001,1.6,0.24,0.7,0.4,1,0.1,0.2,0.04,1.6,0.5,0.8,0.3,0.4
Cercocarpus,Sorbus,,Cercocarpus,Rosaceae,Unknown,genus,,,0.2,0.02,0.05,0.05,0.02,0.05,0.04,0.05,0.06,0.04,1.6,0.24,0.7,0.4,1,0.1,0.2,0.04,1.6,0.5,0.8,0.3,0.4
Cercocarpus betuloides,Sorbus,,Cercocarpus,Rosaceae,Unknown,species,,,0.2,0.02,0.05,0.05,0.02,0.05,0.04,0.05,0.06,0.04,1.6,0.24,0.7,0.4,1,0.1,0.2,0.04,1.6,0.5,0.8,0.3,0.4
Cercocarpus ledifolius,Sorbus,curl-leaf mountain mahogany,Cercocarpus,Rosaceae,Btr,species,,,0.2,0.02,0.05,0.05,0.02,0.05,0.04,0.05,0.06,0.04,1.6,0.24,0.7,0.4,1,0.1,0.2,0.04,1.6,0.5,0.8,0.3,0.4
Cercocarpus montanus,Sorbus,alderleaf mountain mahogany,Cercocarpus,Rosaceae,Btr,species,,,0.2,0.02,0.05,0.05,0.02,0.05,0.04,0.05,0.06,0.04,1.6,0.24,0.7,0.4,1,0.1,0.2,0.04,1.6,0.5,0.8,0.3,0.4
Cereus,NoData,,Cereus,Cactaceae,Btr,genus,,,4,0.02,0.2,0.2,0.1,0.1,0.04,0.05,0.06,0.04,1.6,0.24,0.7,0.4,1,0.1,0.2,0.04,1.6,0.5,0.8,0.3,0.4
Cereus peruvianus,NoData,,Cereus,Cactaceae,Btr,species,,,4,0.02,0.2,0.2,0.1,0.1,0.04,0.05,0.06,0.04,1.6,0.24,0.7,0.4,1,0.1,0.2,0.04,1.6,0.5,0.8,0.3,0.4
Cestrum,NoData,,Cestrum,Solanaceae,Btr,species,,,4,0.02,0.2,0.2,0.1,0.1,0.04,0.05,0.06,0.04,1.6,0.24,0.7,0.4,1,0.1,0.2,0.04,1.6,0.5,0.8,0.3,0.4
Cestrum diurnum,NoData,day jessamine,Cestrum,Solanaceae,Btr,species,,,4,0.02,0.2,0.2,0.1,0.1,0.04,0.05,0.06,0.04,1.6,0.24,0.7,0.4,1,0.1,0.2,0.04,1.6,0.5,0.8,0.3,0.4
Chamaecyparis,Chamaecyparis,cedar,Chamaecyparis,Cupressaceae,Ntr,genus,,,0.2,0.02,0.4,0.2,0.02,0.05,0.04,0.05,0.1,0.06,1.6,0.24,0.7,0.4,1,0.1,0.2,0.04,1.6,0.5,0.8,0.3,0.4
Chamaecyparis lawsoniana,Chamaecyparis,Port Orford cedar,Chamaecyparis,Cupressaceae,Ntr,species,,,0.2,0.02,0.4,0.2,0.02,0.05,0.04,0.05,0.1,0.06,1.6,0.24,0.7,0.4,1,0.1,0.2,0.04,1.6,0.5,0.8,0.3,0.4
Chamaecyparis nootkatensis,Chamaecyparis,,Chamaecyparis,Cupressaceae,Ntr,species,,,0.2,0.02,0.4,0.2,0.02,0.05,0.04,0.05,0.1,0.06,1.6,0.24,0.7,0.4,1,0.1,0.2,0.04,1.6,0.5,0.8,0.3,0.4
Chamaecyparis obtusa,Chamaecyparis,hinoki false cypress,Chamaecyparis,Cupressaceae,Ntr,species,,,0.2,0.02,0.4,0.2,0.02,0.05,0.04,0.05,0.1,0.06,1.6,0.24,0.7,0.4,1,0.1,0.2,0.04,1.6,0.5,0.8,0.3,0.4
Chamaecyparis thyoides,Chamaecyparis,Atlantic white cedar,Chamaecyparis,Cupressaceae,Ntr,species,,,0.2,0.02,0.4,0.2,0.02,0.05,0.04,0.05,0.1,0.06,1.6,0.24,0.7,0.4,1,0.1,0.2,0.04,1.6,0.5,0.8,0.3,0.4
Chamaedaphne,NoData,,Chamaedaphne,Ericaceae,Shrub,genus,,,4,0.02,0.2,0.2,0.1,0.1,0.04,0.05,0.06,0.04,1.6,0.24,0.7,0.4,1,0.1,0.2,0.04,1.6,0.5,0.8,0.3,0.4
Chamaedaphne calyculata,NoData,leatherleaf,Chamaedaphne,Ericaceae,Shrub,species,,,4,0.02,0.2,0.2,0.1,0.1,0.04,0.05,0.06,0.04,1.6,0.24,0.7,0.4,1,0.1,0.2,0.04,1.6,0.5,0.8,0.3,0.4
Chamaedorea,NoData,chamaedorea,Chamaedorea,Arecaceae,Btr,genus,,,4,0.02,0.2,0.2,0.1,0.1,0.04,0.05,0.06,0.04,1.6,0.24,0.7,0.4,1,0.1,0.2,0.04,1.6,0.5,0.8,0.3,0.4
Chamaerops,NoData,,Chamaerops,Arecaceae,Unknown,species,,,4,0.02,0.2,0.2,0.1,0.1,0.04,0.05,0.06,0.04,1.6,0.24,0.7,0.4,1,0.1,0.2,0.04,1.6,0.5,0.8,0.3,0.4
Chamaerops humilis,NoData,European fan palm,Chamaerops,Arecaceae,Unknown,species,,,4,0.02,0.2,0.2,0.1,0.1,0.04,0.05,0.06,0.04,1.6,0.24,0.7,0.4,1,0.1,0.2,0.04,1.6,0.5,0.8,0.3,0.4
Chamaespartium,NoData,,Chamaespartium,Fabaceae,Unknown,genus,,,4,0.02,0.2,0.2,0.1,0.1,0.04,0.05,0.06,0.04,1.6,0.24,0.7,0.4,1,0.1,0.2,0.04,1.6,0.5,0.8,0.3,0.4
Chamaespartium tridentatum,NoData,,Chamaespartium,Fabaceae,Unknown,species,,,4,0.02,0.2,0.2,0.1,0.1,0.04,0.05,0.06,0.04,1.6,0.24,0.7,0.4,1,0.1,0.2,0.04,1.6,0.5,0.8,0.3,0.4
Chilopsis,NoData,desert willow,Chilopsis,Bignoniaceae,Btr,genus,,,4,0.02,0.2,0.2,0.1,0.1,0.04,0.05,0.06,0.04,1.6,0.24,0.7,0.4,1,0.1,0.2,0.04,1.6,0.5,0.8,0.3,0.4
Chilopsis linearis,NoData,desert willow,Chilopsis,Bignoniaceae,Btr,species,,,4,0.02,0.2,0.2,0.1,0.1,0.04,0.05,0.06,0.04,1.6,0.24,0.7,0.4,1,0.1,0.2,0.04,1.6,0.5,0.8,0.3,0.4
Chimonobambusa,NoData,,Chimonobambusa,Poaceae,Unknown,genus,,,4,0.02,0.2,0.2,0.1,0.1,0.04,0.05,0.06,0.04,1.6,0.24,0.7,0.4,1,0.1,0.2,0.04,1.6,0.5,0.8,0.3,0.4
Chionanthus,NoData,,Chionanthus,Oleaceae,Btr,genus,,,4,0.02,0.2,0.2,0.1,0.1,0.04,0.05,0.06,0.04,1.6,0.24,0.7,0.4,1,0.1,0.2,0.04,1.6,0.5,0.8,0.3,0.4
Chionanthus retusus,NoData,,Chionanthus,Oleaceae,Btr,species,,,4,0.02,0.2,0.2,0.1,0.1,0.04,0.05,0.06,0.04,1.6,0.24,0.7,0.4,1,0.1,0.2,0.04,1.6,0.5,0.8,0.3,0.4
Chiranthodendron,NoData,chiranthodendron,Chiranthodendron,Sterculiaceae,Unknown,genus,,,4,0.02,0.2,0.2,0.1,0.1,0.04,0.05,0.06,0.04,1.6,0.24,0.7,0.4,1,0.1,0.2,0.04,1.6,0.5,0.8,0.3,0.4
Chiranthodendron pentadactylon,NoData,Mexican-hat-plant,Chiranthodendron,Sterculiaceae,Unknown,species,,,4,0.02,0.2,0.2,0.1,0.1,0.04,0.05,0.06,0.04,1.6,0.24,0.7,0.4,1,0.1,0.2,0.04,1.6,0.5,0.8,0.3,0.4
Chitalpa,NoData,Catalpa x Chilopsis,Chitalpa,Bignoniaceae,Btr,genus,,,4,0.02,0.2,0.2,0.1,0.1,0.04,0.05,0.06,0.04,1.6,0.24,0.7,0.4,1,0.1,0.2,0.04,1.6,0.5,0.8,0.3,0.4
Chitalpa tashkentensis,NoData,,Chitalpa,Bignoniaceae,Btr,species,,,4,0.02,0.2,0.2,0.1,0.1,0.04,0.05,0.06,0.04,1.6,0.24,0.7,0.4,1,0.1,0.2,0.04,1.6,0.5,0.8,0.3,0.4
Chloris,NoData,,Chloris,Poaceae,Herb,genus,,,4,0.02,0.2,0.2,0.1,0.1,0.04,0.05,0.06,0.04,1.6,0.24,0.7,0.4,1,0.1,0.2,0.04,1.6,0.5,0.8,0.3,0.4
Chloris cucullata,NoData,hooded windmill grass,Chloris,Poaceae,Herb,species,,,4,0.02,0.2,0.2,0.1,0.1,0.04,0.05,0.06,0.04,1.6,0.24,0.7,0.4,1,0.1,0.2,0.04,1.6,0.5,0.8,0.3,0.4
Chloris pluriflora,NoData,,Chloris,Poaceae,Unknown,species,,,4,0.02,0.2,0.2,0.1,0.1,0.04,0.05,0.06,0.04,1.6,0.24,0.7,0.4,1,0.1,0.2,0.04,1.6,0.5,0.8,0.3,0.4
Chorisia,NoData,,Chorisia,Bombacaceae,Btr,genus,,,4,0.02,0.2,0.2,0.1,0.1,0.04,0.05,0.06,0.04,1.6,0.24,0.7,0.4,1,0.1,0.2,0.04,1.6,0.5,0.8,0.3,0.4
Chorisia insignis,NoData,white silk floss tree,Chorisia,Bombacaceae,Btr,species,,,4,0.02,0.2,0.2,0.1,0.1,0.04,0.05,0.06,0.04,1.6,0.24,0.7,0.4,1,0.1,0.2,0.04,1.6,0.5,0.8,0.3,0.4
Chorisia speciosa,NoData,silk-floss tree,Chorisia,Bombacaceae,Btr,species,,,4,0.02,0.2,0.2,0.1,0.1,0.04,0.05,0.06,0.04,1.6,0.24,0.7,0.4,1,0.1,0.2,0.04,1.6,0.5,0.8,0.3,0.4
Chrysanthemum,NoData,daisy,Chrysanthemum,Asteraceae,Unknown,genus,,,4,0.02,0.2,0.2,0.1,0.1,0.04,0.05,0.06,0.04,1.6,0.24,0.7,0.4,1,0.1,0.2,0.04,1.6,0.5,0.8,0.3,0.4
Chrysanthemum nauseosus,NoData,,Chrysanthemum,Asteraceae,Unknown,species,,,4,0.02,0.2,0.2,0.1,0.1,0.04,0.05,0.06,0.04,1.6,0.24,0.7,0.4,1,0.1,0.2,0.04,1.6,0.5,0.8,0.3,0.4
Chrysanthemum praecox,NoData,,Chrysanthemum,Asteraceae,Unknown,species,,,4,0.02,0.2,0.2,0.1,0.1,0.04,0.05,0.06,0.04,1.6,0.24,0.7,0.4,1,0.1,0.2,0.04,1.6,0.5,0.8,0.3,0.4
Chrysobalanaceae,NoData,,Chrysobalanaceae,Chrysobalanaceae,Unknown,family,,,4,0.02,0.2,0.2,0.1,0.1,0.04,0.05,0.06,0.04,1.6,0.24,0.7,0.4,1,0.1,0.2,0.04,1.6,0.5,0.8,0.3,0.4
Chrysophyllum,NoData,,Chrysophyllum,Sapotaceae,Btr,genus,,,4,0.02,0.2,0.2,0.1,0.1,0.04,0.05,0.06,0.04,1.6,0.24,0.7,0.4,1,0.1,0.2,0.04,1.6,0.5,0.8,0.3,0.4
Chrysophyllum cainito,NoData,star apple,Chrysophyllum,Sapotaceae,Btr,species,,,4,0.02,0.2,0.2,0.1,0.1,0.04,0.05,0.06,0.04,1.6,0.24,0.7,0.4,1,0.1,0.2,0.04,1.6,0.5,0.8,0.3,0.4
Chrysothamnus,NoData,,Chrysothamnus,Asteraceae,Unknown,genus,,,4,0.02,0.2,0.2,0.1,0.1,0.04,0.05,0.06,0.04,1.6,0.24,0.7,0.4,1,0.1,0.2,0.04,1.6,0.5,0.8,0.3,0.4
Chrysothamnus nauseosus,NoData,,Chrysothamnus,Asteraceae,Unknown,species,,,4,0.02,0.2,0.2,0.1,0.1,0.04,0.05,0.06,0.04,1.6,0.24,0.7,0.4,1,0.1,0.2,0.04,1.6,0.5,0.8,0.3,0.4
Chukrasia,NoData,,Chukrasia,Meliaceae,Unknown,genus,,,4,0.02,0.2,0.2,0.1,0.1,0.04,0.05,0.06,0.04,1.6,0.24,0.7,0.4,1,0.1,0.2,0.04,1.6,0.5,0.8,0.3,0.4
Chukrasia tabularis,NoData,,Chukrasia,Meliaceae,Unknown,species,,,4,0.02,0.2,0.2,0.1,0.1,0.04,0.05,0.06,0.04,1.6,0.24,0.7,0.4,1,0.1,0.2,0.04,1.6,0.5,0.8,0.3,0.4
Chusquea,NoData,chusquea bamboo,Chusquea,Poaceae,Shrub,genus,,,4,0.02,0.2,0.2,0.1,0.1,0.04,0.05,0.06,0.04,1.6,0.24,0.7,0.4,1,0.1,0.2,0.04,1.6,0.5,0.8,0.3,0.4
Chytranthus,NoData,,Chytranthus,Sapindaceae,Unknown,genus,,,4,0.02,0.2,0.2,0.1,0.1,0.04,0.05,0.06,0.04,1.6,0.24,0.7,0.4,1,0.1,0.2,0.04,1.6,0.5,0.8,0.3,0.4
Chytranthus atroviolaceus,NoData,,Chytranthus,Sapindaceae,Unknown,species,,,4,0.02,0.2,0.2,0.1,0.1,0.04,0.05,0.06,0.04,1.6,0.24,0.7,0.4,1,0.1,0.2,0.04,1.6,0.5,0.8,0.3,0.4
Cinchona,NoData,,Cinchona,Rubiaceae,Btr,genus,,,4,0.02,0.2,0.2,0.1,0.1,0.04,0.05,0.06,0.04,1.6,0.24,0.7,0.4,1,0.1,0.2,0.04,1.6,0.5,0.8,0.3,0.4
Cinchona succiruba,NoData,cinchona,Cinchona,Rubiaceae,Btr,species,,,4,0.02,0.2,0.2,0.1,0.1,0.04,0.05,0.06,0.04,1.6,0.24,0.7,0.4,1,0.1,0.2,0.04,1.6,0.5,0.8,0.3,0.4
Cinnamomum,Cinnamomum,,Cinnamomum,Lauraceae,Unknown,genus,,,0.05,0.02,0.1,0.6,0.2,0.02,0.02,0.05,0.01,0.001,1.6,0.24,0.7,0.4,1,0.1,0.2,0.04,1.6,0.5,0.8,0.3,0.4
Cinnamomum burmani,Cinnamomum,,Cinnamomum,Lauraceae,Unknown,species,,,0.05,0.02,0.1,0.6,0.2,0.02,0.02,0.05,0.01,0.001,1.6,0.24,0.7,0.4,1,0.1,0.2,0.04,1.6,0.5,0.8,0.3,0.4
Cinnamomum camphora,Cinnamomum,camphortree,Cinnamomum,Lauraceae,Btr,species,,,0.05,0.02,0.1,0.6,0.2,0.02,0.02,0.05,0.01,0.001,1.6,0.24,0.7,0.4,1,0.1,0.2,0.04,1.6,0.5,0.8,0.3,0.4
Cinnamomum chartophyllum,Cinnamomum,,Cinnamomum,Lauraceae,Unknown,species,,,0.05,0.02,0.1,0.6,0.2,0.02,0.02,0.05,0.01,0.001,1.6,0.24,0.7,0.4,1,0.1,0.2,0.04,1.6,0.5,0.8,0.3,0.4
Cinnamomum japonicum,Cinnamomum,cinnamon,Cinnamomum,Lauraceae,Btr,species,,,0.05,0.02,0.1,0.6,0.2,0.02,0.02,0.05,0.01,0.001,1.6,0.24,0.7,0.4,1,0.1,0.2,0.04,1.6,0.5,0.8,0.3,0.4
Cinnamomum pittosporoides,Cinnamomum,,Cinnamomum,Lauraceae,Unknown,species,,,0.05,0.02,0.1,0.6,0.2,0.02,0.02,0.05,0.01,0.001,1.6,0.24,0.7,0.4,1,0.1,0.2,0.04,1.6,0.5,0.8,0.3,0.4
Cinnamomum tamala,Cinnamomum,indian bark,Cinnamomum,Lauraceae,Unknown,species,,,0.05,0.02,0.1,0.6,0.2,0.02,0.02,0.05,0.01,0.001,1.6,0.24,0.7,0.4,1,0.1,0.2,0.04,1.6,0.5,0.8,0.3,0.4
Cipadessa,NoData,,Cipadessa,Meliaceae,Unknown,genus,,,4,0.02,0.2,0.2,0.1,0.1,0.04,0.05,0.06,0.04,1.6,0.24,0.7,0.4,1,0.1,0.2,0.04,1.6,0.5,0.8,0.3,0.4
Cipadessa baccifara,NoData,,Cipadessa,Meliaceae,Unknown,species,,,4,0.02,0.2,0.2,0.1,0.1,0.04,0.05,0.06,0.04,1.6,0.24,0.7,0.4,1,0.1,0.2,0.04,1.6,0.5,0.8,0.3,0.4
Cissampelos,NoData,cissampelos,Cissampelos,Menispermaceae,Shrub,genus,,,4,0.02,0.2,0.2,0.1,0.1,0.04,0.05,0.06,0.04,1.6,0.24,0.7,0.4,1,0.1,0.2,0.04,1.6,0.5,0.8,0.3,0.4
Cissampelos pareira,NoData,velvetleaf,Cissampelos,Menispermaceae,Shrub,species,,,4,0.02,0.2,0.2,0.1,0.1,0.04,0.05,0.06,0.04,1.6,0.24,0.7,0.4,1,0.1,0.2,0.04,1.6,0.5,0.8,0.3,0.4
Cissus,NoData,,Cissus,Vitaceae,Unknown,genus,,,4,0.02,0.2,0.2,0.1,0.1,0.04,0.05,0.06,0.04,1.6,0.24,0.7,0.4,1,0.1,0.2,0.04,1.6,0.5,0.8,0.3,0.4
Cissus cornifolia,NoData,,Cissus,Vitaceae,Unknown,species,,,4,0.02,0.2,0.2,0.1,0.1,0.04,0.05,0.06,0.04,1.6,0.24,0.7,0.4,1,0.1,0.2,0.04,1.6,0.5,0.8,0.3,0.4
Cissus erosa,NoData,caro de tres hojas,Cissus,Vitaceae,Shrub,species,,,4,0.02,0.2,0.2,0.1,0.1,0.04,0.05,0.06,0.04,1.6,0.24,0.7,0.4,1,0.1,0.2,0.04,1.6,0.5,0.8,0.3,0.4
Cistus,NoData,rockrose,Cistus,Cistaceae,Shrub,genus,,,4,0.02,0.2,0.2,0.1,0.1,0.04,0.05,0.06,0.04,1.6,0.24,0.7,0.4,1,0.1,0.2,0.04,1.6,0.5,0.8,0.3,0.4
Cistus albidus,NoData,,Cistus,Cistaceae,Unknown,species,,,4,0.02,0.2,0.2,0.1,0.1,0.04,0.05,0.06,0.04,1.6,0.24,0.7,0.4,1,0.1,0.2,0.04,1.6,0.5,0.8,0.3,0.4
Cistus incanus,NoData,hairy rockrose,Cistus,Cistaceae,Shrub,species,,,4,0.02,0.2,0.2,0.1,0.1,0.04,0.05,0.06,0.04,1.6,0.24,0.7,0.4,1,0.1,0.2,0.04,1.6,0.5,0.8,0.3,0.4
Cistus ladanifer,NoData,common gum cistus,Cistus,Cistaceae,Shrub,species,,,4,0.02,0.2,0.2,0.1,0.1,0.04,0.05,0.06,0.04,1.6,0.24,0.7,0.4,1,0.1,0.2,0.04,1.6,0.5,0.8,0.3,0.4
Cistus monspeliensis,NoData,Montpelier cistus,Cistus,Cistaceae,Shrub,species,,,4,0.02,0.2,0.2,0.1,0.1,0.04,0.05,0.06,0.04,1.6,0.24,0.7,0.4,1,0.1,0.2,0.04,1.6,0.5,0.8,0.3,0.4
Cistus salvifolius,NoData,,Cistus,Cistaceae,Unknown,species,,,4,0.02,0.2,0.2,0.1,0.1,0.04,0.05,0.06,0.04,1.6,0.24,0.7,0.4,1,0.1,0.2,0.04,1.6,0.5,0.8,0.3,0.4
Citrus,Citrus,citrus,Citrus,Rutaceae,Btr,genus,,,0.005,0.02,0.01,0.04,0.2,0.05,0.05,0.05,0.02,0.01,1.6,0.24,0.7,0.4,1,0.1,0.2,0.04,1.6,0.5,0.8,0.3,0.4
Citrus aurantifolia,NoDataLowIso,Key lime,Citrus,Rutaceae,Btr,species,,,0.2,0.02,0.2,0.2,0.2,0.2,0.04,0.05,0.04,0.02,1.6,0.24,0.7,0.4,1,0.1,0.2,0.04,1.6,0.5,0.8,0.3,0.4
Citrus grandis,NoDataLowIso,,Citrus,Rutaceae,Unknown,species,,,0.2,0.02,0.2,0.2,0.2,0.2,0.04,0.05,0.04,0.02,1.6,0.24,0.7,0.4,1,0.1,0.2,0.04,1.6,0.5,0.8,0.3,0.4
Citrus japonica,NoDataLowIso,,Citrus,Rutaceae,Btr,species,,,0.2,0.02,0.2,0.2,0.2,0.2,0.04,0.05,0.04,0.02,1.6,0.24,0.7,0.4,1,0.1,0.2,0.04,1.6,0.5,0.8,0.3,0.4
Citrus limon,NoDataLowIso,,Citrus,Rutaceae,Unknown,species,,,0.2,0.02,0.2,0.2,0.2,0.2,0.04,0.05,0.04,0.02,1.6,0.24,0.7,0.4,1,0.1,0.2,0.04,1.6,0.5,0.8,0.3,0.4
Citrus maxima,NoDataLowIso,shaddock,Citrus,Rutaceae,Btr,species,,,0.2,0.02,0.2,0.2,0.2,0.2,0.04,0.05,0.04,0.02,1.6,0.24,0.7,0.4,1,0.1,0.2,0.04,1.6,0.5,0.8,0.3,0.4
Citrus mitis,NoDataLowIso,,Citrus,Rutaceae,Unknown,species,,,0.2,0.02,0.2,0.2,0.2,0.2,0.04,0.05,0.04,0.02,1.6,0.24,0.7,0.4,1,0.1,0.2,0.04,1.6,0.5,0.8,0.3,0.4
Citrus nobilis,NoDataLowIso,tangor,Citrus,Rutaceae,Unknown,species,,,0.2,0.02,0.2,0.2,0.2,0.2,0.04,0.05,0.04,0.02,1.6,0.24,0.7,0.4,1,0.1,0.2,0.04,1.6,0.5,0.8,0.3,0.4
Citrus paradisi,NoDataLowIso,,Citrus,Rutaceae,Unknown,species,,,0.2,0.02,0.2,0.2,0.2,0.2,0.04,0.05,0.04,0.02,1.6,0.24,0.7,0.4,1,0.1,0.2,0.04,1.6,0.5,0.8,0.3,0.4
Citrus reticulata,NoDataLowIso,tangerine,Citrus,Rutaceae,Btr,species,,,0.2,0.02,0.2,0.2,0.2,0.2,0.04,0.05,0.04,0.02,1.6,0.24,0.7,0.4,1,0.1,0.2,0.04,1.6,0.5,0.8,0.3,0.4
Citrus sinensis,NoDataLowIso,,Citrus,Rutaceae,Unknown,species,,,0.2,0.02,0.2,0.2,0.2,0.2,0.04,0.05,0.04,0.02,1.6,0.24,0.7,0.4,1,0.1,0.2,0.04,1.6,0.5,0.8,0.3,0.4
Citrus x aurantium,NoDataLowIso,sour orange,Citrus,Rutaceae,Btr,species,,,0.2,0.02,0.2,0.2,0.2,0.2,0.04,0.05,0.04,0.02,1.6,0.24,0.7,0.4,1,0.1,0.2,0.04,1.6,0.5,0.8,0.3,0.4
Citrus x paradisi,NoDataLowIso,grapefruit,Citrus,Rutaceae,Btr,species,,,0.2,0.02,0.2,0.2,0.2,0.2,0.04,0.05,0.04,0.02,1.6,0.24,0.7,0.4,1,0.1,0.2,0.04,1.6,0.5,0.8,0.3,0.4
Cladium,NoData,,Cladium,Cyperaceae,Unknown,genus,,,4,0.02,0.2,0.2,0.1,0.1,0.04,0.05,0.06,0.04,1.6,0.24,0.7,0.4,1,0.1,0.2,0.04,1.6,0.5,0.8,0.3,0.4
Cladium effusum,NoData,,Cladium,Cyperaceae,Unknown,species,,,4,0.02,0.2,0.2,0.1,0.1,0.04,0.05,0.06,0.04,1.6,0.24,0.7,0.4,1,0.1,0.2,0.04,1.6,0.5,0.8,0.3,0.4
Cladrastis,NoData,yellowwood,Cladrastis,Fabaceae,Btr,genus,,,4,0.02,0.2,0.2,0.1,0.1,0.04,0.05,0.06,0.04,1.6,0.24,0.7,0.4,1,0.1,0.2,0.04,1.6,0.5,0.8,0.3,0.4
Cladrastis kentukea,Cladrastis kentukea,Kentucky yellowwood,Cladrastis,Fabaceae,Btr,species,,,8,0.02,0.2,0.2,0.1,0.1,0.04,0.05,0.06,0.04,1.6,0.24,0.7,0.4,1,0.1,0.2,0.04,1.6,0.5,0.8,0.3,0.4
Cladrastis lutea,NoData,,Cladrastis,Fabaceae,Unknown,species,,,4,0.02,0.2,0.2,0.1,0.1,0.04,0.05,0.06,0.04,1.6,0.24,0.7,0.4,1,0.1,0.2,0.04,1.6,0.5,0.8,0.3,0.4
Cladrastis platycarpa,NoData,,Cladrastis,Fabaceae,Unknown,species,,,4,0.02,0.2,0.2,0.1,0.1,0.04,0.05,0.06,0.04,1.6,0.24,0.7,0.4,1,0.1,0.2,0.04,1.6,0.5,0.8,0.3,0.4
Clausena,NoData,,Clausena,Rutaceae,Unknown,genus,,,4,0.02,0.2,0.2,0.1,0.1,0.04,0.05,0.06,0.04,1.6,0.24,0.7,0.4,1,0.1,0.2,0.04,1.6,0.5,0.8,0.3,0.4
Clausena excavata,NoData,,Clausena,Rutaceae,Unknown,species,,,4,0.02,0.2,0.2,0.1,0.1,0.04,0.05,0.06,0.04,1.6,0.24,0.7,0.4,1,0.1,0.2,0.04,1.6,0.5,0.8,0.3,0.4
Cleistanthus,NoData,,Cleistanthus,Phyllanthaceae,Unknown,genus,,,4,0.02,0.2,0.2,0.1,0.1,0.04,0.05,0.06,0.04,1.6,0.24,0.7,0.4,1,0.1,0.2,0.04,1.6,0.5,0.8,0.3,0.4
Cleistanthus sumatranus,NoData,,Cleistanthus,Phyllanthaceae,Unknown,species,,,4,0.02,0.2,0.2,0.1,0.1,0.04,0.05,0.06,0.04,1.6,0.24,0.7,0.4,1,0.1,0.2,0.04,1.6,0.5,0.8,0.3,0.4
Cleistopholis,NoData,,Cleistopholis,Annonaceae,Unknown,genus,,,4,0.02,0.2,0.2,0.1,0.1,0.04,0.05,0.06,0.04,1.6,0.24,0.7,0.4,1,0.1,0.2,0.04,1.6,0.5,0.8,0.3,0.4
Cleistopholis patens,NoData,,Cleistopholis,Annonaceae,Unknown,species,,,4,0.02,0.2,0.2,0.1,0.1,0.04,0.05,0.06,0.04,1.6,0.24,0.7,0.4,1,0.1,0.2,0.04,1.6,0.5,0.8,0.3,0.4
Clerodendrum,NoData,,Clerodendrum,Lamiaceae,Shrub,genus,,,4,0.02,0.2,0.2,0.1,0.1,0.04,0.05,0.06,0.04,1.6,0.24,0.7,0.4,1,0.1,0.2,0.04,1.6,0.5,0.8,0.3,0.4
Clidemia,NoData,,Clidemia,Melastomataceae,Shrub,genus,,,4,0.02,0.2,0.2,0.1,0.1,0.04,0.05,0.06,0.04,1.6,0.24,0.7,0.4,1,0.1,0.2,0.04,1.6,0.5,0.8,0.3,0.4
Clidemia hirta,NoData,soapbush,Clidemia,Melastomataceae,Shrub,species,,,4,0.02,0.2,0.2,0.1,0.1,0.04,0.05,0.06,0.04,1.6,0.24,0.7,0.4,1,0.1,0.2,0.04,1.6,0.5,0.8,0.3,0.4
Clitandra,,,NoData,Clitandra,Unknown,genus,,,4,0.02,0.2,0.2,0.1,0.1,0.04,0.05,0.06,0.04,1.6,0.24,0.7,0.4,1,0.1,0.2,0.04,1.6,0.5,0.8,0.3,0.4
Clitandra cymulosa,,,NoData,Clitandra,Unknown,species,,,4,0.02,0.2,0.2,0.1,0.1,0.04,0.05,0.06,0.04,1.6,0.24,0.7,0.4,1,0.1,0.2,0.04,1.6,0.5,0.8,0.3,0.4
Clitoria,NoData,,Clitoria,Fabaceae,Btr,genus,,,4,0.02,0.2,0.2,0.1,0.1,0.04,0.05,0.06,0.04,1.6,0.24,0.7,0.4,1,0.1,0.2,0.04,1.6,0.5,0.8,0.3,0.4
Clitoria racemosa,NoData,,Clitoria,Fabaceae,Btr,species,,,4,0.02,0.2,0.2,0.1,0.1,0.04,0.05,0.06,0.04,1.6,0.24,0.7,0.4,1,0.1,0.2,0.04,1.6,0.5,0.8,0.3,0.4
CLMPFT1,CLMPFT1,Needleleaf Evergreen Temperate Tree,Ntr,GF,Ntr,GF,,,0.6,0.3,0.6,0.4,0.2,0.4,0.04,0.05,0.06,0.04,1.6,0.24,0.7,0.4,1,0.1,0.2,0.04,1.6,0.5,0.8,0.3,0.4
CLMPFT10,CLMPFT10,Broadleaf Deciduous Temperate Shrub,Shrub,GF,Shrub,GF,,,8,0.02,0.4,0.4,0.1,0.2,0.04,0.05,0.06,0.04,1.6,0.24,0.7,0.4,1,0.1,0.2,0.04,1.6,0.5,0.8,0.3,0.4
CLMPFT11,CLMPFT10,Broadleaf Deciduous Boreal Shrub,Shrub,GF,Shrub,GF,,,8,0.02,0.4,0.4,0.1,0.2,0.04,0.05,0.06,0.04,1.6,0.24,0.7,0.4,1,0.1,0.2,0.04,1.6,0.5,0.8,0.3,0.4
CLMPFT12,CLMPFT12,Arctic C3 Grass,Herb,GF,Herb,GF,,,1.8,0.02,0.05,0.05,0.05,0.05,0.04,0.5,0.01,0.01,0.8,0.08,0.35,0.1,1,0.1,0.2,0.04,1.6,0.5,0.8,0.3,0.4
CLMPFT13,CLMPFT13,Cool C3 Grass,Herb,GF,Herb,GF,,,0.6,0.02,0.05,0.05,0.05,0.05,0.04,0.5,0.01,0.01,0.8,0.08,0.35,0.1,1,0.1,0.2,0.04,1.6,0.5,0.8,0.3,0.4
CLMPFT14,CLMPFT14,Warm C4 Grass,Herb,GF,Herb,GF,,,0.6,0.02,0.1,0.1,0.05,0.1,0.04,0.5,0.01,0.01,0.8,0.08,0.35,0.1,1,0.1,0.2,0.04,1.6,0.5,0.8,0.3,0.4
CLMPFT15,CLMPFT15,Crop,Crop,GF,Crop,GF,,,0.2,0.02,0.05,0.1,0.05,0.05,0.04,0.5,0.01,0.01,0.8,0.08,0.35,0.1,1,0.1,0.2,0.04,1.6,0.5,0.8,0.3,0.4
CLMPFT2,CLMPFT2,Needleleaf Evergreen Boreal Tree,Ntr,GF,Ntr,GF,,,3,0.3,0.6,0.4,0.2,0.4,0.04,0.05,0.06,0.04,1.6,0.24,0.7,0.4,1,0.1,0.2,0.04,1.6,0.5,0.8,0.3,0.4
CLMPFT3,CLMPFT3,Needleleaf Deciduous Boreal Tree,Ntr,GF,Ntr,GF,,,0.2,0.02,0.6,0.4,0.2,0.4,0.04,0.05,0.06,0.04,1.6,0.24,0.7,0.4,1,0.1,0.2,0.04,1.6,0.5,0.8,0.3,0.4
CLMPFT4,CLMPFT4,Broadleaf Evergreen Tropical Tree,Btr,GF,Btr,GF,,,8,0.02,0.4,0.4,0.1,0.2,0.04,0.05,0.06,0.04,1.6,0.24,0.7,0.4,1,0.1,0.2,0.04,1.6,0.5,0.8,0.3,0.4
CLMPFT5,CLMPFT4,Broadleaf Evergreen Temperate Tree,Btr,GF,Btr,GF,,,8,0.02,0.4,0.4,0.1,0.2,0.04,0.05,0.06,0.04,1.6,0.24,0.7,0.4,1,0.1,0.2,0.04,1.6,0.5,0.8,0.3,0.4
CLMPFT6,CLMPFT4,Broadleaf Deciduous Tropical Tree,Btr,GF,Btr,GF,,,8,0.02,0.4,0.4,0.1,0.2,0.04,0.05,0.06,0.04,1.6,0.24,0.7,0.4,1,0.1,0.2,0.04,1.6,0.5,0.8,0.3,0.4
CLMPFT7,CLMPFT4,Broadleaf Deciduous Temperate Tree,Btr,GF,Btr,GF,,,8,0.02,0.4,0.4,0.1,0.2,0.04,0.05,0.06,0.04,1.6,0.24,0.7,0.4,1,0.1,0.2,0.04,1.6,0.5,0.8,0.3,0.4
CLMPFT8,CLMPFT8,Broadleaf Deciduous Boreal Tree,Btr,GF,Btr,GF,,,8,0.02,0.4,0.4,0.1,0.2,0.04,0.05,0.06,0.04,1.6,0.24,0.7,0.4,1,0.1,0.2,0.04,1.6,0.5,0.8,0.3,0.4
CLMPFT9,CLMPFT9,Broadleaf Evergreen Temperate Shrub,Shrub,GF,Shrub,GF,,,4,0.02,0.4,0.4,0.1,0.2,0.04,0.05,0.06,0.04,1.6,0.24,0.7,0.4,1,0.1,0.2,0.04,1.6,0.5,0.8,0.3,0.4
Clusia,NoData,attorney,Clusia,Clusiaceae,Btr,genus,,,4,0.02,0.2,0.2,0.1,0.1,0.04,0.05,0.06,0.04,1.6,0.24,0.7,0.4,1,0.1,0.2,0.04,1.6,0.5,0.8,0.3,0.4
Clusia rosea,NoData,Scotch attorney,Clusia,Clusiaceae,Btr,species,,,4,0.02,0.2,0.2,0.1,0.1,0.04,0.05,0.06,0.04,1.6,0.24,0.7,0.4,1,0.1,0.2,0.04,1.6,0.5,0.8,0.3,0.4
Clusiaceae,NoData,,Clusiaceae,Clusiaceae,Unknown,family,,,4,0.02,0.2,0.2,0.1,0.1,0.04,0.05,0.06,0.04,1.6,0.24,0.7,0.4,1,0.1,0.2,0.04,1.6,0.5,0.8,0.3,0.4
Cnestidium,NoData,,Cnestidium,Connaraceae,Unknown,genus,,,4,0.02,0.2,0.2,0.1,0.1,0.04,0.05,0.06,0.04,1.6,0.24,0.7,0.4,1,0.1,0.2,0.04,1.6,0.5,0.8,0.3,0.4
Cnestidium rufescens,NoData,,Cnestidium,Connaraceae,Unknown,species,,,4,0.02,0.2,0.2,0.1,0.1,0.04,0.05,0.06,0.04,1.6,0.24,0.7,0.4,1,0.1,0.2,0.04,1.6,0.5,0.8,0.3,0.4
Coccoloba,NoData,,Coccoloba,Polygonaceae,Btr,genus,,,4,0.02,0.2,0.2,0.1,0.1,0.04,0.05,0.06,0.04,1.6,0.24,0.7,0.4,1,0.1,0.2,0.04,1.6,0.5,0.8,0.3,0.4
Coccoloba diversifolia,NoData,tietongue,Coccoloba,Polygonaceae,Btr,species,,,4,0.02,0.2,0.2,0.1,0.1,0.04,0.05,0.06,0.04,1.6,0.24,0.7,0.4,1,0.1,0.2,0.04,1.6,0.5,0.8,0.3,0.4
Coccoloba krugii,NoData,whitewood,Coccoloba,Polygonaceae,Btr,species,,,4,0.02,0.2,0.2,0.1,0.1,0.04,0.05,0.06,0.04,1.6,0.24,0.7,0.4,1,0.1,0.2,0.04,1.6,0.5,0.8,0.3,0.4
Coccoloba microstachya,NoData,puckhout,Coccoloba,Polygonaceae,Btr,species,,,4,0.02,0.2,0.2,0.1,0.1,0.04,0.05,0.06,0.04,1.6,0.24,0.7,0.4,1,0.1,0.2,0.04,1.6,0.5,0.8,0.3,0.4
Coccothrinax,Phoenix canariensis,,Coccothrinax,Arecaceae,Btr,genus,,,8,0.02,0.2,0.2,0.05,0.1,0.04,0.05,0.06,0.04,1.6,0.24,0.7,0.4,1,0.1,0.2,0.04,1.6,0.5,0.8,0.3,0.4
Coccothrinax argentata,Phoenix canariensis,Florida silver palm,Coccothrinax,Arecaceae,Btr,species,,,8,0.02,0.2,0.2,0.05,0.1,0.04,0.05,0.06,0.04,1.6,0.24,0.7,0.4,1,0.1,0.2,0.04,1.6,0.5,0.8,0.3,0.4
Cocculus,NoData,,Cocculus,Menispermaceae,Unknown,genus,,,4,0.02,0.2,0.2,0.1,0.1,0.04,0.05,0.06,0.04,1.6,0.24,0.7,0.4,1,0.1,0.2,0.04,1.6,0.5,0.8,0.3,0.4
Cocculus laurifolium,NoData,,Cocculus,Menispermaceae,Unknown,species,,,4,0.02,0.2,0.2,0.1,0.1,0.04,0.05,0.06,0.04,1.6,0.24,0.7,0.4,1,0.1,0.2,0.04,1.6,0.5,0.8,0.3,0.4
Cocculus laurifolius,NoData,laurel-leaf snailseed,Cocculus,Menispermaceae,Btr,species,,,4,0.02,0.2,0.2,0.1,0.1,0.04,0.05,0.06,0.04,1.6,0.24,0.7,0.4,1,0.1,0.2,0.04,1.6,0.5,0.8,0.3,0.4
Cocos,NoData,,Cocos,Arecaceae,Btr,genus,,,4,0.02,0.2,0.2,0.1,0.1,0.04,0.05,0.06,0.04,1.6,0.24,0.7,0.4,1,0.1,0.2,0.04,1.6,0.5,0.8,0.3,0.4
Cocos nucifera,NoData,coconut palm,Cocos,Arecaceae,Btr,species,,,4,0.02,0.2,0.2,0.1,0.1,0.04,0.05,0.06,0.04,1.6,0.24,0.7,0.4,1,0.1,0.2,0.04,1.6,0.5,0.8,0.3,0.4
Coelocaryon,NoData,,Coelocaryon,Myristicaceae,Unknown,genus,,,4,0.02,0.2,0.2,0.1,0.1,0.04,0.05,0.06,0.04,1.6,0.24,0.7,0.4,1,0.1,0.2,0.04,1.6,0.5,0.8,0.3,0.4
Coelocaryon botryoides,NoData,,Coelocaryon,Myristicaceae,Unknown,species,,,4,0.02,0.2,0.2,0.1,0.1,0.04,0.05,0.06,0.04,1.6,0.24,0.7,0.4,1,0.1,0.2,0.04,1.6,0.5,0.8,0.3,0.4
Coelocaryon prenssii,NoData,,Coelocaryon,Myristicaceae,Unknown,species,,,4,0.02,0.2,0.2,0.1,0.1,0.04,0.05,0.06,0.04,1.6,0.24,0.7,0.4,1,0.1,0.2,0.04,1.6,0.5,0.8,0.3,0.4
Coffea,NoData,coffee,Coffea,Rubiaceae,Btr,genus,,,4,0.02,0.2,0.2,0.1,0.1,0.04,0.05,0.06,0.04,1.6,0.24,0.7,0.4,1,0.1,0.2,0.04,1.6,0.5,0.8,0.3,0.4
Coffea arabica,NoData,Arabian coffee,Coffea,Rubiaceae,Btr,species,,,4,0.02,0.2,0.2,0.1,0.1,0.04,0.05,0.06,0.04,1.6,0.24,0.7,0.4,1,0.1,0.2,0.04,1.6,0.5,0.8,0.3,0.4
Colophospermum,NoData,,Colophospermum,Fabaceae,Unknown,genus,,,4,0.02,0.2,0.2,0.1,0.1,0.04,0.05,0.06,0.04,1.6,0.24,0.7,0.4,1,0.1,0.2,0.04,1.6,0.5,0.8,0.3,0.4
Colophospermum mopane,NoData,balsam tree,Colophospermum,Fabaceae,Unknown,species,,,4,0.02,0.2,0.2,0.1,0.1,0.04,0.05,0.06,0.04,1.6,0.24,0.7,0.4,1,0.1,0.2,0.04,1.6,0.5,0.8,0.3,0.4
Colubrina,NoData,,Colubrina,Rhamnaceae,Unknown,genus,,,4,0.02,0.2,0.2,0.1,0.1,0.04,0.05,0.06,0.04,1.6,0.24,0.7,0.4,1,0.1,0.2,0.04,1.6,0.5,0.8,0.3,0.4
Colubrina taxensis,NoData,,Colubrina,Rhamnaceae,Unknown,species,,,4,0.02,0.2,0.2,0.1,0.1,0.04,0.05,0.06,0.04,1.6,0.24,0.7,0.4,1,0.1,0.2,0.04,1.6,0.5,0.8,0.3,0.4
Colutea,NoData,,Colutea,Fabaceae,Unknown,genus,,,4,0.02,0.2,0.2,0.1,0.1,0.04,0.05,0.06,0.04,1.6,0.24,0.7,0.4,1,0.1,0.2,0.04,1.6,0.5,0.8,0.3,0.4
Colutea orientalis,NoData,,Colutea,Fabaceae,Unknown,species,,,4,0.02,0.2,0.2,0.1,0.1,0.04,0.05,0.06,0.04,1.6,0.24,0.7,0.4,1,0.1,0.2,0.04,1.6,0.5,0.8,0.3,0.4
Colutea persica,NoData,,Colutea,Fabaceae,Unknown,species,,,4,0.02,0.2,0.2,0.1,0.1,0.04,0.05,0.06,0.04,1.6,0.24,0.7,0.4,1,0.1,0.2,0.04,1.6,0.5,0.8,0.3,0.4
Comarostaphylis,NoData,,Comarostaphylis,Ericaceae,Btr,genus,,,4,0.02,0.2,0.2,0.1,0.1,0.04,0.05,0.06,0.04,1.6,0.24,0.7,0.4,1,0.1,0.2,0.04,1.6,0.5,0.8,0.3,0.4
Comarostaphylis diversifolia,NoData,summer holly,Comarostaphylis,Ericaceae,Btr,species,,,4,0.02,0.2,0.2,0.1,0.1,0.04,0.05,0.06,0.04,1.6,0.24,0.7,0.4,1,0.1,0.2,0.04,1.6,0.5,0.8,0.3,0.4
Combretaceae,NoData,,Combretaceae,Combretaceae,Unknown,family,,,4,0.02,0.2,0.2,0.1,0.1,0.04,0.05,0.06,0.04,1.6,0.24,0.7,0.4,1,0.1,0.2,0.04,1.6,0.5,0.8,0.3,0.4
Combretum,NoData,,Combretum,Combretaceae,Btr,genus,,,4,0.02,0.2,0.2,0.1,0.1,0.04,0.05,0.06,0.04,1.6,0.24,0.7,0.4,1,0.1,0.2,0.04,1.6,0.5,0.8,0.3,0.4
Combretum apiculatum,NoData,,Combretum,Combretaceae,Unknown,species,,,4,0.02,0.2,0.2,0.1,0.1,0.04,0.05,0.06,0.04,1.6,0.24,0.7,0.4,1,0.1,0.2,0.04,1.6,0.5,0.8,0.3,0.4
Combretum fruticosum,NoData,,Combretum,Combretaceae,Unknown,species,,,4,0.02,0.2,0.2,0.1,0.1,0.04,0.05,0.06,0.04,1.6,0.24,0.7,0.4,1,0.1,0.2,0.04,1.6,0.5,0.8,0.3,0.4
Combretum glutinosum,NoData,,Combretum,Combretaceae,Unknown,species,,,4,0.02,0.2,0.2,0.1,0.1,0.04,0.05,0.06,0.04,1.6,0.24,0.7,0.4,1,0.1,0.2,0.04,1.6,0.5,0.8,0.3,0.4
Combretum heteroense,NoData,,Combretum,Combretaceae,Unknown,species,,,4,0.02,0.2,0.2,0.1,0.1,0.04,0.05,0.06,0.04,1.6,0.24,0.7,0.4,1,0.1,0.2,0.04,1.6,0.5,0.8,0.3,0.4
Combretum imberbe,NoData,leadwood,Combretum,Combretaceae,Unknown,species,,,4,0.02,0.2,0.2,0.1,0.1,0.04,0.05,0.06,0.04,1.6,0.24,0.7,0.4,1,0.1,0.2,0.04,1.6,0.5,0.8,0.3,0.4
Combretum molle,NoData,,Combretum,Combretaceae,Unknown,species,,,4,0.02,0.2,0.2,0.1,0.1,0.04,0.05,0.06,0.04,1.6,0.24,0.7,0.4,1,0.1,0.2,0.04,1.6,0.5,0.8,0.3,0.4
Combretum zeyherii,NoData,,Combretum,Combretaceae,Unknown,species,,,4,0.02,0.2,0.2,0.1,0.1,0.04,0.05,0.06,0.04,1.6,0.24,0.7,0.4,1,0.1,0.2,0.04,1.6,0.5,0.8,0.3,0.4
Commiphora,NoData,,Commiphora,Burseraceae,Unknown,genus,,,4,0.02,0.2,0.2,0.1,0.1,0.04,0.05,0.06,0.04,1.6,0.24,0.7,0.4,1,0.1,0.2,0.04,1.6,0.5,0.8,0.3,0.4
Commiphora mollis,NoData,,Commiphora,Burseraceae,Unknown,species,,,4,0.02,0.2,0.2,0.1,0.1,0.04,0.05,0.06,0.04,1.6,0.24,0.7,0.4,1,0.1,0.2,0.04,1.6,0.5,0.8,0.3,0.4
Commiphora pyracanthoides,NoData,,Commiphora,Burseraceae,Unknown,species,,,4,0.02,0.2,0.2,0.1,0.1,0.04,0.05,0.06,0.04,1.6,0.24,0.7,0.4,1,0.1,0.2,0.04,1.6,0.5,0.8,0.3,0.4
Commiphora schimperi,NoData,,Commiphora,Burseraceae,Unknown,species,,,4,0.02,0.2,0.2,0.1,0.1,0.04,0.05,0.06,0.04,1.6,0.24,0.7,0.4,1,0.1,0.2,0.04,1.6,0.5,0.8,0.3,0.4
Comocladia,NoData,,Comocladia,Anacardiaceae,Unknown,genus,,,4,0.02,0.2,0.2,0.1,0.1,0.04,0.05,0.06,0.04,1.6,0.24,0.7,0.4,1,0.1,0.2,0.04,1.6,0.5,0.8,0.3,0.4
Comocladia dodonea,NoData,,Comocladia,Anacardiaceae,Unknown,species,,,4,0.02,0.2,0.2,0.1,0.1,0.04,0.05,0.06,0.04,1.6,0.24,0.7,0.4,1,0.1,0.2,0.04,1.6,0.5,0.8,0.3,0.4
Condalia,NoData,,Condalia,Rhamnaceae,Btr,genus,,,4,0.02,0.2,0.2,0.1,0.1,0.04,0.05,0.06,0.04,1.6,0.24,0.7,0.4,1,0.1,0.2,0.04,1.6,0.5,0.8,0.3,0.4
Condalia hookeri,NoData,Brazilian bluewood,Condalia,Rhamnaceae,Btr,species,,,4,0.02,0.2,0.2,0.1,0.1,0.04,0.05,0.06,0.04,1.6,0.24,0.7,0.4,1,0.1,0.2,0.04,1.6,0.5,0.8,0.3,0.4
Conigramme,NoData,,Conigramme,Adiantaceae,Unknown,genus,,Coniogramme intermedia,4,0.02,0.2,0.2,0.1,0.1,0.04,0.05,0.06,0.04,1.6,0.24,0.7,0.4,1,0.1,0.2,0.04,1.6,0.5,0.8,0.3,0.4
Conigramme intermedia,NoData,,Conigramme,Adiantaceae,Unknown,species,,Coniogramme intermedia,4,0.02,0.2,0.2,0.1,0.1,0.04,0.05,0.06,0.04,1.6,0.24,0.7,0.4,1,0.1,0.2,0.04,1.6,0.5,0.8,0.3,0.4
Conocarpus,Conocarpus erectus,,Conocarpus,Combretaceae,Btr,genus,,,4,0.02,0.1,0.2,0.05,0.2,0.04,0.05,0.06,0.04,1.6,0.24,0.7,0.4,1,0.1,0.2,0.04,1.6,0.5,0.8,0.3,0.4
Conocarpus erectus,Conocarpus erectus,button mangrove,Conocarpus,Combretaceae,Btr,species,,,4,0.02,0.1,0.2,0.05,0.2,0.04,0.05,0.06,0.04,1.6,0.24,0.7,0.4,1,0.1,0.2,0.04,1.6,0.5,0.8,0.3,0.4
Conocephalum,NoData,,Conocephalum,Conocephalaceae,Unknown,genus,,Liverwort,4,0.02,0.2,0.2,0.1,0.1,0.04,0.05,0.06,0.04,1.6,0.24,0.7,0.4,1,0.1,0.2,0.04,1.6,0.5,0.8,0.3,0.4
Convoluvulus,NoData,bindweed,Convoluvulus,Convolvulaceae,Unknown,genus,,,4,0.02,0.2,0.2,0.1,0.1,0.04,0.05,0.06,0.04,1.6,0.24,0.7,0.4,1,0.1,0.2,0.04,1.6,0.5,0.8,0.3,0.4
Copaifera,NoData,,Copaifera,Fabaceae,Unknown,genus,,,4,0.02,0.2,0.2,0.1,0.1,0.04,0.05,0.06,0.04,1.6,0.24,0.7,0.4,1,0.1,0.2,0.04,1.6,0.5,0.8,0.3,0.4
Copaifera multijuga,NoData,copaifera,Copaifera,Fabaceae,Unknown,species,,,4,0.02,0.2,0.2,0.1,0.1,0.04,0.05,0.06,0.04,1.6,0.24,0.7,0.4,1,0.1,0.2,0.04,1.6,0.5,0.8,0.3,0.4
Cordia,NoData,cordia,Cordia,Boraginaceae,Btr,genus,,,4,0.02,0.2,0.2,0.1,0.1,0.04,0.05,0.06,0.04,1.6,0.24,0.7,0.4,1,0.1,0.2,0.04,1.6,0.5,0.8,0.3,0.4
Cordia alliodora,NoData,Spanish elm,Cordia,Boraginaceae,Btr,species,,,4,0.02,0.2,0.2,0.1,0.1,0.04,0.05,0.06,0.04,1.6,0.24,0.7,0.4,1,0.1,0.2,0.04,1.6,0.5,0.8,0.3,0.4
Cordia bicolor,NoData,,Cordia,Boraginaceae,Unknown,species,,,4,0.02,0.2,0.2,0.1,0.1,0.04,0.05,0.06,0.04,1.6,0.24,0.7,0.4,1,0.1,0.2,0.04,1.6,0.5,0.8,0.3,0.4
Cordia boissieri,NoData,anacahuita,Cordia,Boraginaceae,Btr,species,,,4,0.02,0.2,0.2,0.1,0.1,0.04,0.05,0.06,0.04,1.6,0.24,0.7,0.4,1,0.1,0.2,0.04,1.6,0.5,0.8,0.3,0.4
Cordia obliqua,NoData,clammy cherry,Cordia,Boraginaceae,Btr,species,,,4,0.02,0.2,0.2,0.1,0.1,0.04,0.05,0.06,0.04,1.6,0.24,0.7,0.4,1,0.1,0.2,0.04,1.6,0.5,0.8,0.3,0.4
Cordia ovalis,NoData,,Cordia,Boraginaceae,Unknown,species,,,4,0.02,0.2,0.2,0.1,0.1,0.04,0.05,0.06,0.04,1.6,0.24,0.7,0.4,1,0.1,0.2,0.04,1.6,0.5,0.8,0.3,0.4
Cordyla,NoData,,Cordyla,Fabaceae,Unknown,genus,,,4,0.02,0.2,0.2,0.1,0.1,0.04,0.05,0.06,0.04,1.6,0.24,0.7,0.4,1,0.1,0.2,0.04,1.6,0.5,0.8,0.3,0.4
Cordyla africana,NoData,cordyla,Cordyla,Fabaceae,Unknown,species,,,4,0.02,0.2,0.2,0.1,0.1,0.04,0.05,0.06,0.04,1.6,0.24,0.7,0.4,1,0.1,0.2,0.04,1.6,0.5,0.8,0.3,0.4
Cordyline,NoData,,Cordyline,Liliaceae,Btr,genus,,,4,0.02,0.2,0.2,0.1,0.1,0.04,0.05,0.06,0.04,1.6,0.24,0.7,0.4,1,0.1,0.2,0.04,1.6,0.5,0.8,0.3,0.4
Cordyline australis,NoData,cabbage tree,Cordyline,Liliaceae,Btr,species,,,4,0.02,0.2,0.2,0.1,0.1,0.04,0.05,0.06,0.04,1.6,0.24,0.7,0.4,1,0.1,0.2,0.04,1.6,0.5,0.8,0.3,0.4
Cordyline indivisa,NoData,cordyline,Cordyline,Liliaceae,Btr,species,,,4,0.02,0.2,0.2,0.1,0.1,0.04,0.05,0.06,0.04,1.6,0.24,0.7,0.4,1,0.1,0.2,0.04,1.6,0.5,0.8,0.3,0.4
Coreopsis,NoData,,Coreopsis,Asteraceae,Shrub,genus,,,4,0.02,0.2,0.2,0.1,0.1,0.04,0.05,0.06,0.04,1.6,0.24,0.7,0.4,1,0.1,0.2,0.04,1.6,0.5,0.8,0.3,0.4
Coreopsis gigantea,NoData,giant coreopsis,Coreopsis,Asteraceae,Shrub,species,,,4,0.02,0.2,0.2,0.1,0.1,0.04,0.05,0.06,0.04,1.6,0.24,0.7,0.4,1,0.1,0.2,0.04,1.6,0.5,0.8,0.3,0.4
Cornaceae,Cornus,,Cornaceae,Cornaceae,Unknown,family,,,0.6,0.02,0.02,0.02,0.05,0.4,0.04,0.05,0.06,0.04,1.6,0.24,0.7,0.4,1,0.1,0.2,0.04,1.6,0.5,0.8,0.3,0.4
Cornus,Cornus,dogwood,Cornus,Cornaceae,Btr,genus,,,0.6,0.02,0.02,0.02,0.05,0.4,0.04,0.05,0.06,0.04,1.6,0.24,0.7,0.4,1,0.1,0.2,0.04,1.6,0.5,0.8,0.3,0.4
Cornus alternifolia,Cornus,alternateleaf dogwood,Cornus,Cornaceae,Btr,species,,,0.6,0.02,0.02,0.02,0.05,0.4,0.04,0.05,0.06,0.04,1.6,0.24,0.7,0.4,1,0.1,0.2,0.04,1.6,0.5,0.8,0.3,0.4
Cornus amomum,Cornus,silky dogwood,Cornus,Cornaceae,Shrub,species,,,0.6,0.02,0.02,0.02,0.05,0.4,0.04,0.05,0.06,0.04,1.6,0.24,0.7,0.4,1,0.1,0.2,0.04,1.6,0.5,0.8,0.3,0.4
Cornus canadensis,Cornus,bunchberry dogwood,Cornus,Cornaceae,Shrub,species,,,0.6,0.02,0.02,0.02,0.05,0.4,0.04,0.05,0.06,0.04,1.6,0.24,0.7,0.4,1,0.1,0.2,0.04,1.6,0.5,0.8,0.3,0.4
Cornus capitata,Cornus,Bentham's cornel,Cornus,Cornaceae,Unknown,species,,,0.6,0.02,0.02,0.02,0.05,0.4,0.04,0.05,0.06,0.04,1.6,0.24,0.7,0.4,1,0.1,0.2,0.04,1.6,0.5,0.8,0.3,0.4
Cornus drummondii,Cornus,roughleaf dogwood,Cornus,Cornaceae,Btr,species,,,0.6,0.02,0.02,0.02,0.05,0.4,0.04,0.05,0.06,0.04,1.6,0.24,0.7,0.4,1,0.1,0.2,0.04,1.6,0.5,0.8,0.3,0.4
Cornus florida,Cornus,flowering dogwood,Cornus,Cornaceae,Btr,species,,,0.6,0.02,0.02,0.02,0.05,0.4,0.04,0.05,0.06,0.04,1.6,0.24,0.7,0.4,1,0.1,0.2,0.04,1.6,0.5,0.8,0.3,0.4
Cornus foemina ssp. racemosa,Cornus,,Cornus,Cornaceae,Btr,species,,,0.6,0.02,0.02,0.02,0.05,0.4,0.04,0.05,0.06,0.04,1.6,0.24,0.7,0.4,1,0.1,0.2,0.04,1.6,0.5,0.8,0.3,0.4
Cornus nuttallii,Cornus,Pacific dogwood,Cornus,Cornaceae,Btr,species,,,0.6,0.02,0.02,0.02,0.05,0.4,0.04,0.05,0.06,0.04,1.6,0.24,0.7,0.4,1,0.1,0.2,0.04,1.6,0.5,0.8,0.3,0.4
Cornus racemosa,Cornus,gray dogwood,Cornus,Cornaceae,Shrub,species,,,0.6,0.02,0.02,0.02,0.05,0.4,0.04,0.05,0.06,0.04,1.6,0.24,0.7,0.4,1,0.1,0.2,0.04,1.6,0.5,0.8,0.3,0.4
Cornus sanguinea,Cornus,bloodtwig dogwood,Cornus,Cornaceae,Shrub,species,,,0.6,0.02,0.02,0.02,0.05,0.4,0.04,0.05,0.06,0.04,1.6,0.24,0.7,0.4,1,0.1,0.2,0.04,1.6,0.5,0.8,0.3,0.4
Cornus sericea ssp. sericea,Cornus,redosier dogwood,Cornus,Cornaceae,Btr,species,,,0.6,0.02,0.02,0.02,0.05,0.4,0.04,0.05,0.06,0.04,1.6,0.24,0.7,0.4,1,0.1,0.2,0.04,1.6,0.5,0.8,0.3,0.4
Cornus stolonifera,Cornus,,Cornus,Cornaceae,Unknown,species,,,0.6,0.02,0.02,0.02,0.05,0.4,0.04,0.05,0.06,0.04,1.6,0.24,0.7,0.4,1,0.1,0.2,0.04,1.6,0.5,0.8,0.3,0.4
Cornus stolonifera var. occidentalis,Cornus,,Cornus,Cornaceae,Unknown,species,,,0.6,0.02,0.02,0.02,0.05,0.4,0.04,0.05,0.06,0.04,1.6,0.24,0.7,0.4,1,0.1,0.2,0.04,1.6,0.5,0.8,0.3,0.4
Coronilla,NoData,,Coronilla,Fabaceae,Shrub,genus,,,4,0.02,0.2,0.2,0.1,0.1,0.04,0.05,0.06,0.04,1.6,0.24,0.7,0.4,1,0.1,0.2,0.04,1.6,0.5,0.8,0.3,0.4
Coronilla valentina,NoData,Mediterranean crownvetch,Coronilla,Fabaceae,Shrub,species,,,4,0.02,0.2,0.2,0.1,0.1,0.04,0.05,0.06,0.04,1.6,0.24,0.7,0.4,1,0.1,0.2,0.04,1.6,0.5,0.8,0.3,0.4
Corylus,Corylus,hazelnut,Corylus,Betulaceae,Btr,genus,,,0.6,0.02,0.1,0.1,0.1,0.6,0.04,0.05,0.06,0.04,1.6,0.24,0.7,0.4,1,0.1,0.2,0.04,1.6,0.5,0.8,0.3,0.4
Corylus americana,Corylus,American hazelnut,Corylus,Betulaceae,Shrub,species,,,0.6,0.02,0.1,0.1,0.1,0.6,0.04,0.05,0.06,0.04,1.6,0.24,0.7,0.4,1,0.1,0.2,0.04,1.6,0.5,0.8,0.3,0.4
Corylus avellana,NoData,common filbert,Corylus,Betulaceae,Btr,species,,,4,0.02,0.2,0.2,0.1,0.1,0.04,0.05,0.06,0.04,1.6,0.24,0.7,0.4,1,0.1,0.2,0.04,1.6,0.5,0.8,0.3,0.4
Corylus californica,NoData,,Corylus,Betulaceae,Unknown,species,,,4,0.02,0.2,0.2,0.1,0.1,0.04,0.05,0.06,0.04,1.6,0.24,0.7,0.4,1,0.1,0.2,0.04,1.6,0.5,0.8,0.3,0.4
Corylus colurna,NoData,Turkish hazelnut,Corylus,Betulaceae,Unknown,species,,,4,0.02,0.2,0.2,0.1,0.1,0.04,0.05,0.06,0.04,1.6,0.24,0.7,0.4,1,0.1,0.2,0.04,1.6,0.5,0.8,0.3,0.4
Corylus cornuta,Corylus,beaked hazelnut,Corylus,Betulaceae,Btr,species,,,0.6,0.02,0.1,0.1,0.1,0.6,0.04,0.05,0.06,0.04,1.6,0.24,0.7,0.4,1,0.1,0.2,0.04,1.6,0.5,0.8,0.3,0.4
Corylus cornuta var. californica,Corylus,California hazelnut,Corylus,Betulaceae,Btr,species,,,0.6,0.02,0.1,0.1,0.1,0.6,0.04,0.05,0.06,0.04,1.6,0.24,0.7,0.4,1,0.1,0.2,0.04,1.6,0.5,0.8,0.3,0.4
Corylus mandshurica,NoData,,Corylus,Betulaceae,Unknown,species,,,4,0.02,0.2,0.2,0.1,0.1,0.04,0.05,0.06,0.04,1.6,0.24,0.7,0.4,1,0.1,0.2,0.04,1.6,0.5,0.8,0.3,0.4
Corymbia,NoData,lemonscented gum,Corymbia,Myrtaceae,Btr,genus,,,4,0.02,0.2,0.2,0.1,0.1,0.04,0.05,0.06,0.04,1.6,0.24,0.7,0.4,1,0.1,0.2,0.04,1.6,0.5,0.8,0.3,0.4
Corymbia,NoData,,Corymbia,Myrtaceae,Btr,genus,,,4,0.02,0.2,0.2,0.1,0.1,0.04,0.05,0.06,0.04,1.6,0.24,0.7,0.4,1,0.1,0.2,0.04,1.6,0.5,0.8,0.3,0.4
Corymbia citriodora,NoData,,Corymbia,Myrtaceae,Btr,species,,,4,0.02,0.2,0.2,0.1,0.1,0.04,0.05,0.06,0.04,1.6,0.24,0.7,0.4,1,0.1,0.2,0.04,1.6,0.5,0.8,0.3,0.4
Corymbia ficifolia,NoData,redflower gum,Corymbia,Myrtaceae,Btr,species,,,4,0.02,0.2,0.2,0.1,0.1,0.04,0.05,0.06,0.04,1.6,0.24,0.7,0.4,1,0.1,0.2,0.04,1.6,0.5,0.8,0.3,0.4
Corymbia maculata,NoData,corymbia,Corymbia,Myrtaceae,Btr,species,,,4,0.02,0.2,0.2,0.1,0.1,0.04,0.05,0.06,0.04,1.6,0.24,0.7,0.4,1,0.1,0.2,0.04,1.6,0.5,0.8,0.3,0.4
Corymbia papuana,NoData,ghost gum,Corymbia,Myrtaceae,Unknown,species,,,4,0.02,0.2,0.2,0.1,0.1,0.04,0.05,0.06,0.04,1.6,0.24,0.7,0.4,1,0.1,0.2,0.04,1.6,0.5,0.8,0.3,0.4
Corynanthe,NoData,,Corynanthe,Rubiaceae,Unknown,genus,,,4,0.02,0.2,0.2,0.1,0.1,0.04,0.05,0.06,0.04,1.6,0.24,0.7,0.4,1,0.1,0.2,0.04,1.6,0.5,0.8,0.3,0.4
Corynanthe mayumbensis,NoData,,Corynanthe,Rubiaceae,Unknown,species,,,4,0.02,0.2,0.2,0.1,0.1,0.04,0.05,0.06,0.04,1.6,0.24,0.7,0.4,1,0.1,0.2,0.04,1.6,0.5,0.8,0.3,0.4
Corynocarpus,NoData,,Corynocarpus,Corynocarpaceae,Btr,genus,,,4,0.02,0.2,0.2,0.1,0.1,0.04,0.05,0.06,0.04,1.6,0.24,0.7,0.4,1,0.1,0.2,0.04,1.6,0.5,0.8,0.3,0.4
Corynocarpus laevigatus,NoData,karaka nut,Corynocarpus,Corynocarpaceae,Btr,species,,,4,0.02,0.2,0.2,0.1,0.1,0.04,0.05,0.06,0.04,1.6,0.24,0.7,0.4,1,0.1,0.2,0.04,1.6,0.5,0.8,0.3,0.4
Cotinus,NoData,,Cotinus,Anacardiaceae,Btr,genus,,,4,0.02,0.2,0.2,0.1,0.1,0.04,0.05,0.06,0.04,1.6,0.24,0.7,0.4,1,0.1,0.2,0.04,1.6,0.5,0.8,0.3,0.4
Cotinus coggygria,NoData,European smoketree,Cotinus,Anacardiaceae,Btr,species,,,4,0.02,0.2,0.2,0.1,0.1,0.04,0.05,0.06,0.04,1.6,0.24,0.7,0.4,1,0.1,0.2,0.04,1.6,0.5,0.8,0.3,0.4
Cotoneaster,NoData,,Cotoneaster,Rosaceae,Shrub,genus,,,4,0.02,0.2,0.2,0.1,0.1,0.04,0.05,0.06,0.04,1.6,0.24,0.7,0.4,1,0.1,0.2,0.04,1.6,0.5,0.8,0.3,0.4
Cotoneaster lacteus,NoData,milkflower cotoneaster,Cotoneaster,Rosaceae,Shrub,species,,,4,0.02,0.2,0.2,0.1,0.1,0.04,0.05,0.06,0.04,1.6,0.24,0.7,0.4,1,0.1,0.2,0.04,1.6,0.5,0.8,0.3,0.4
Cotoneaster pannosus,NoData,silverleaf cotoneaster,Cotoneaster,Rosaceae,Shrub,species,,,4,0.02,0.2,0.2,0.1,0.1,0.04,0.05,0.06,0.04,1.6,0.24,0.7,0.4,1,0.1,0.2,0.04,1.6,0.5,0.8,0.3,0.4
Cotoneaster parneyi,NoData,,Cotoneaster,Rosaceae,Unknown,species,,,4,0.02,0.2,0.2,0.1,0.1,0.04,0.05,0.06,0.04,1.6,0.24,0.7,0.4,1,0.1,0.2,0.04,1.6,0.5,0.8,0.3,0.4
Couratari,NoData,,Couratari,Lecythidaceae,Btr,genus,,,4,0.02,0.2,0.2,0.1,0.1,0.04,0.05,0.06,0.04,1.6,0.24,0.7,0.4,1,0.1,0.2,0.04,1.6,0.5,0.8,0.3,0.4
Couratari stellata,NoData,,Couratari,Lecythidaceae,Btr,species,,,4,0.02,0.2,0.2,0.1,0.1,0.04,0.05,0.06,0.04,1.6,0.24,0.7,0.4,1,0.1,0.2,0.04,1.6,0.5,0.8,0.3,0.4
Crataegus,Crataegus,hawthorn,Crataegus,Rosaceae,Btr,genus,,,0.2,0.02,0.1,0.1,0.05,0.1,0.04,0.05,0.06,0.04,1.6,0.24,0.7,0.4,1,0.1,0.2,0.04,1.6,0.5,0.8,0.3,0.4
Crataegus columbiana,Crataegus,,Crataegus,Rosaceae,Unknown,species,,,0.2,0.02,0.1,0.1,0.05,0.1,0.04,0.05,0.06,0.04,1.6,0.24,0.7,0.4,1,0.1,0.2,0.04,1.6,0.5,0.8,0.3,0.4
Crataegus douglasii,Crataegus,black hawthorn,Crataegus,Rosaceae,Btr,species,,,0.2,0.02,0.1,0.1,0.05,0.1,0.04,0.05,0.06,0.04,1.6,0.24,0.7,0.4,1,0.1,0.2,0.04,1.6,0.5,0.8,0.3,0.4
Crataegus douglasii var. douglasii,Crataegus,,Crataegus,Rosaceae,Unknown,species,,,0.2,0.02,0.1,0.1,0.05,0.1,0.04,0.05,0.06,0.04,1.6,0.24,0.7,0.4,1,0.1,0.2,0.04,1.6,0.5,0.8,0.3,0.4
Crataegus laevigata,Crataegus,smooth hawthorn,Crataegus,Rosaceae,Btr,species,,,0.2,0.02,0.1,0.1,0.05,0.1,0.04,0.05,0.06,0.04,1.6,0.24,0.7,0.4,1,0.1,0.2,0.04,1.6,0.5,0.8,0.3,0.4
Crataegus monogyna,Crataegus,oneseed hawthorn,Crataegus,Rosaceae,Btr,species,,,0.2,0.02,0.1,0.1,0.05,0.1,0.04,0.05,0.06,0.04,1.6,0.24,0.7,0.4,1,0.1,0.2,0.04,1.6,0.5,0.8,0.3,0.4
Crataegus phaenopyrum,Crataegus,Washington hawthorn,Crataegus,Rosaceae,Btr,species,,,0.2,0.02,0.1,0.1,0.05,0.1,0.04,0.05,0.06,0.04,1.6,0.24,0.7,0.4,1,0.1,0.2,0.04,1.6,0.5,0.8,0.3,0.4
Crataegus punctata,Crataegus,dotted hawthorn,Crataegus,Rosaceae,Btr,species,,,0.2,0.02,0.1,0.1,0.05,0.1,0.04,0.05,0.06,0.04,1.6,0.24,0.7,0.4,1,0.1,0.2,0.04,1.6,0.5,0.8,0.3,0.4
Cratoxylon,NoData,,Cratoxylon,Hypericaceae,Unknown,genus,,,4,0.02,0.2,0.2,0.1,0.1,0.04,0.05,0.06,0.04,1.6,0.24,0.7,0.4,1,0.1,0.2,0.04,1.6,0.5,0.8,0.3,0.4
Cratoxylon cochinchensis,NoData,,Cratoxylon,Hypericaceae,Unknown,species,,,4,0.02,0.2,0.2,0.1,0.1,0.04,0.05,0.06,0.04,1.6,0.24,0.7,0.4,1,0.1,0.2,0.04,1.6,0.5,0.8,0.3,0.4
Cratoxylon formosum,NoData,,Cratoxylon,Hypericaceae,Unknown,species,,,4,0.02,0.2,0.2,0.1,0.1,0.04,0.05,0.06,0.04,1.6,0.24,0.7,0.4,1,0.1,0.2,0.04,1.6,0.5,0.8,0.3,0.4
Crinodendron,NoData,,Crinodendron,Elaeocarpaceae,Btr,genus,,,4,0.02,0.2,0.2,0.1,0.1,0.04,0.05,0.06,0.04,1.6,0.24,0.7,0.4,1,0.1,0.2,0.04,1.6,0.5,0.8,0.3,0.4
Crinodendron patagua,NoData,,Crinodendron,Elaeocarpaceae,Btr,species,,,4,0.02,0.2,0.2,0.1,0.1,0.04,0.05,0.06,0.04,1.6,0.24,0.7,0.4,1,0.1,0.2,0.04,1.6,0.5,0.8,0.3,0.4
Crossopetalum,NoData,,Crossopetalum,Celastraceae,Btr,genus,,,4,0.02,0.2,0.2,0.1,0.1,0.04,0.05,0.06,0.04,1.6,0.24,0.7,0.4,1,0.1,0.2,0.04,1.6,0.5,0.8,0.3,0.4
Crossopetalum rhacoma,NoData,maidenberry,Crossopetalum,Celastraceae,Btr,species,,,4,0.02,0.2,0.2,0.1,0.1,0.04,0.05,0.06,0.04,1.6,0.24,0.7,0.4,1,0.1,0.2,0.04,1.6,0.5,0.8,0.3,0.4
Crossopteryx,NoData,,Crossopteryx,Rubiaceae,Unknown,genus,,,4,0.02,0.2,0.2,0.1,0.1,0.04,0.05,0.06,0.04,1.6,0.24,0.7,0.4,1,0.1,0.2,0.04,1.6,0.5,0.8,0.3,0.4
Crossopteryx febrifuga,NoData,,Crossopteryx,Rubiaceae,Unknown,species,,,4,0.02,0.2,0.2,0.1,0.1,0.04,0.05,0.06,0.04,1.6,0.24,0.7,0.4,1,0.1,0.2,0.04,1.6,0.5,0.8,0.3,0.4
Croton,NoData,croton,Croton,Euphorbiaceae,Btr,genus,,,4,0.02,0.2,0.2,0.1,0.1,0.04,0.05,0.06,0.04,1.6,0.24,0.7,0.4,1,0.1,0.2,0.04,1.6,0.5,0.8,0.3,0.4
Croton argyratus,NoData,,Croton,Euphorbiaceae,Unknown,species,,,4,0.02,0.2,0.2,0.1,0.1,0.04,0.05,0.06,0.04,1.6,0.24,0.7,0.4,1,0.1,0.2,0.04,1.6,0.5,0.8,0.3,0.4
Croton discolor,NoData,lechecillo,Croton,Euphorbiaceae,Shrub,species,,,4,0.02,0.2,0.2,0.1,0.1,0.04,0.05,0.06,0.04,1.6,0.24,0.7,0.4,1,0.1,0.2,0.04,1.6,0.5,0.8,0.3,0.4
Croton matourensis,NoData,,Croton,Euphorbiaceae,Unknown,species,,,4,0.02,0.2,0.2,0.1,0.1,0.04,0.05,0.06,0.04,1.6,0.24,0.7,0.4,1,0.1,0.2,0.04,1.6,0.5,0.8,0.3,0.4
Croton megalobotrys,NoData,large fever berry,Croton,Euphorbiaceae,Unknown,species,,,4,0.02,0.2,0.2,0.1,0.1,0.04,0.05,0.06,0.04,1.6,0.24,0.7,0.4,1,0.1,0.2,0.04,1.6,0.5,0.8,0.3,0.4
Crotonogyne,NoData,,Crotonogyne,Euphorbiaceae,Unknown,genus,,,4,0.02,0.2,0.2,0.1,0.1,0.04,0.05,0.06,0.04,1.6,0.24,0.7,0.4,1,0.1,0.2,0.04,1.6,0.5,0.8,0.3,0.4
Crotonogyne giorgii,NoData,,Crotonogyne,Euphorbiaceae,Unknown,species,,,4,0.02,0.2,0.2,0.1,0.1,0.04,0.05,0.06,0.04,1.6,0.24,0.7,0.4,1,0.1,0.2,0.04,1.6,0.5,0.8,0.3,0.4
Cruciferae,NoData,,Cruciferae,Cruciferae,Unknown,family,,,4,0.02,0.2,0.2,0.1,0.1,0.04,0.05,0.06,0.04,1.6,0.24,0.7,0.4,1,0.1,0.2,0.04,1.6,0.5,0.8,0.3,0.4
Crypteronia,NoData,,Crypteronia,Crypteroniaceae,Unknown,genus,,,4,0.02,0.2,0.2,0.1,0.1,0.04,0.05,0.06,0.04,1.6,0.24,0.7,0.4,1,0.1,0.2,0.04,1.6,0.5,0.8,0.3,0.4
Crypteronia paniculatat,NoData,,Crypteronia,Crypteroniaceae,Unknown,species,,,4,0.02,0.2,0.2,0.1,0.1,0.04,0.05,0.06,0.04,1.6,0.24,0.7,0.4,1,0.1,0.2,0.04,1.6,0.5,0.8,0.3,0.4
Cryptocarya,NoData,,Cryptocarya,Lauraceae,Unknown,genus,,,4,0.02,0.2,0.2,0.1,0.1,0.04,0.05,0.06,0.04,1.6,0.24,0.7,0.4,1,0.1,0.2,0.04,1.6,0.5,0.8,0.3,0.4
Cryptocarya concinna,NoData,,Cryptocarya,Lauraceae,Unknown,species,,,4,0.02,0.2,0.2,0.1,0.1,0.04,0.05,0.06,0.04,1.6,0.24,0.7,0.4,1,0.1,0.2,0.04,1.6,0.5,0.8,0.3,0.4
Cryptocarya rubra,NoData,red cryptocarya,Cryptocarya,Lauraceae,Unknown,species,,,4,0.02,0.2,0.2,0.1,0.1,0.04,0.05,0.06,0.04,1.6,0.24,0.7,0.4,1,0.1,0.2,0.04,1.6,0.5,0.8,0.3,0.4
Cryptomeria,NoData,,Cryptomeria,Cupressaceae,Ntr,genus,,,4,0.02,0.2,0.2,0.1,0.1,0.04,0.05,0.06,0.04,1.6,0.24,0.7,0.4,1,0.1,0.2,0.04,1.6,0.5,0.8,0.3,0.4
Cryptomeria fortunei,NoData,,Cryptomeria,Cupressaceae,Ntr,species,,,4,0.02,0.2,0.2,0.1,0.1,0.04,0.05,0.06,0.04,1.6,0.24,0.7,0.4,1,0.1,0.2,0.04,1.6,0.5,0.8,0.3,0.4
Cryptomeria japonica,NoData,Japanese cedar,Cryptomeria,Cupressaceae,Ntr,species,,,4,0.02,0.2,0.2,0.1,0.1,0.04,0.05,0.06,0.04,1.6,0.24,0.7,0.4,1,0.1,0.2,0.04,1.6,0.5,0.8,0.3,0.4
Cryptosepalum,NoData,,Cryptosepalum,Fabaceae,Btr,genus,,,4,0.02,0.2,0.2,0.1,0.1,0.04,0.05,0.06,0.04,1.6,0.24,0.7,0.4,1,0.1,0.2,0.04,1.6,0.5,0.8,0.3,0.4
Cryptosepalum exfoliatum,NoData,,Cryptosepalum,Fabaceae,Btr,species,,,4,0.02,0.2,0.2,0.1,0.1,0.04,0.05,0.06,0.04,1.6,0.24,0.7,0.4,1,0.1,0.2,0.04,1.6,0.5,0.8,0.3,0.4
Cunninghamia,NoData,,Cunninghamia,Cupressaceae,Ntr,genus,,,4,0.02,0.2,0.2,0.1,0.1,0.04,0.05,0.06,0.04,1.6,0.24,0.7,0.4,1,0.1,0.2,0.04,1.6,0.5,0.8,0.3,0.4
Cunninghamia lanceolata,NoData,Chinese fir,Cunninghamia,Cupressaceae,Ntr,species,,,4,0.02,0.2,0.2,0.1,0.1,0.04,0.05,0.06,0.04,1.6,0.24,0.7,0.4,1,0.1,0.2,0.04,1.6,0.5,0.8,0.3,0.4
Cunonia,NoData,,Cunonia,Cunoniaceae,Btr,genus,,,4,0.02,0.2,0.2,0.1,0.1,0.04,0.05,0.06,0.04,1.6,0.24,0.7,0.4,1,0.1,0.2,0.04,1.6,0.5,0.8,0.3,0.4
Cunonia capensis,NoData,,Cunonia,Cunoniaceae,Btr,species,,,4,0.02,0.2,0.2,0.1,0.1,0.04,0.05,0.06,0.04,1.6,0.24,0.7,0.4,1,0.1,0.2,0.04,1.6,0.5,0.8,0.3,0.4
Cupania,NoData,cupania,Cupania,Sapindaceae,Btr,genus,,,4,0.02,0.2,0.2,0.1,0.1,0.04,0.05,0.06,0.04,1.6,0.24,0.7,0.4,1,0.1,0.2,0.04,1.6,0.5,0.8,0.3,0.4
Cupania anacardioides,NoData,,Cupania,Sapindaceae,Unknown,species,,,4,0.02,0.2,0.2,0.1,0.1,0.04,0.05,0.06,0.04,1.6,0.24,0.7,0.4,1,0.1,0.2,0.04,1.6,0.5,0.8,0.3,0.4
Cupaniopsis,Cupaniopsis,,Cupaniopsis,Sapindaceae,Btr,genus,,,24,0.02,0.01,0.01,0.01,0.005,0.01,0.05,0.01,0.01,1.6,0.24,0.7,0.4,1,0.1,0.2,0.04,1.6,0.5,0.8,0.3,0.4
Cupaniopsis anacardioides,Cupaniopsis,carrotwood,Cupaniopsis,Sapindaceae,Btr,species,,,24,0.02,0.01,0.01,0.01,0.005,0.01,0.05,0.01,0.01,1.6,0.24,0.7,0.4,1,0.1,0.2,0.04,1.6,0.5,0.8,0.3,0.4
Cupressaceae,Cupressus,,Cupressaceae,Cupressaceae,Unknown,family,,,0.05,0.02,0.4,0.02,0.2,0.1,0.04,0.05,0.02,0.01,1.6,0.24,0.7,0.4,1,0.1,0.2,0.04,1.6,0.5,0.8,0.3,0.4
Cupressocyparis,Cupressus,Leyland cypress,Cupressocyparis,Cupressaceae,Btr,genus,,,0.05,0.02,0.4,0.02,0.2,0.1,0.04,0.05,0.02,0.01,1.6,0.24,0.7,0.4,1,0.1,0.2,0.04,1.6,0.5,0.8,0.3,0.4
Cupressus,Cupressus,cypress,Cupressus,Cupressaceae,Ntr,genus,,,0.05,0.02,0.4,0.02,0.2,0.1,0.04,0.05,0.02,0.01,1.6,0.24,0.7,0.4,1,0.1,0.2,0.04,1.6,0.5,0.8,0.3,0.4
Cupressus abramsiana,Cupressus,Santa Cruz cypress,Cupressus,Cupressaceae,Ntr,species,,,0.05,0.02,0.4,0.02,0.2,0.1,0.04,0.05,0.02,0.01,1.6,0.24,0.7,0.4,1,0.1,0.2,0.04,1.6,0.5,0.8,0.3,0.4
Cupressus arizonica,Cupressus,Arizona cypress,Cupressus,Cupressaceae,Ntr,species,,,0.05,0.02,0.4,0.02,0.2,0.1,0.04,0.05,0.02,0.01,1.6,0.24,0.7,0.4,1,0.1,0.2,0.04,1.6,0.5,0.8,0.3,0.4
Cupressus forbesii,Cupressus,tecate cypress,Cupressus,Cupressaceae,Ntr,species,,,0.05,0.02,0.4,0.02,0.2,0.1,0.04,0.05,0.02,0.01,1.6,0.24,0.7,0.4,1,0.1,0.2,0.04,1.6,0.5,0.8,0.3,0.4
Cupressus glabra,Cupressus,,Cupressus,Cupressaceae,Ntr,species,,,0.05,0.02,0.4,0.02,0.2,0.1,0.04,0.05,0.02,0.01,1.6,0.24,0.7,0.4,1,0.1,0.2,0.04,1.6,0.5,0.8,0.3,0.4
Cupressus guadalupensis,Cupressus,Guadeloupe cypress,Cupressus,Cupressaceae,Ntr,species,,,0.05,0.02,0.4,0.02,0.2,0.1,0.04,0.05,0.02,0.01,1.6,0.24,0.7,0.4,1,0.1,0.2,0.04,1.6,0.5,0.8,0.3,0.4
Cupressus leylandii,Cupressus,Leyland cypress,Cupressus,Cupressaceae,Ntr,species,,,0.05,0.02,0.4,0.02,0.2,0.1,0.04,0.05,0.02,0.01,1.6,0.24,0.7,0.4,1,0.1,0.2,0.04,1.6,0.5,0.8,0.3,0.4
Cupressus lusitanica,Cupressus,cedar-of-Goa,Cupressus,Cupressaceae,Ntr,species,,,0.05,0.02,0.4,0.02,0.2,0.1,0.04,0.05,0.02,0.01,1.6,0.24,0.7,0.4,1,0.1,0.2,0.04,1.6,0.5,0.8,0.3,0.4
Cupressus macnabiana,Cupressus,MacNab's cypress,Cupressus,Cupressaceae,Ntr,species,,,0.05,0.02,0.4,0.02,0.2,0.1,0.04,0.05,0.02,0.01,1.6,0.24,0.7,0.4,1,0.1,0.2,0.04,1.6,0.5,0.8,0.3,0.4
Cupressus macrocarpa,Cupressus,Monterey cypress,Cupressus,Cupressaceae,Ntr,species,,,0.05,0.02,0.4,0.02,0.2,0.1,0.04,0.05,0.02,0.01,1.6,0.24,0.7,0.4,1,0.1,0.2,0.04,1.6,0.5,0.8,0.3,0.4
Cupressus orientalis,Cupressus,,Cupressus,Cupressaceae,Unknown,species,,,0.05,0.02,0.4,0.02,0.2,0.1,0.04,0.05,0.02,0.01,1.6,0.24,0.7,0.4,1,0.1,0.2,0.04,1.6,0.5,0.8,0.3,0.4
Cupressus sempervirens,Cupressus,Italian cypress,Cupressus,Cupressaceae,Ntr,species,,,0.05,0.02,0.4,0.02,0.2,0.1,0.04,0.05,0.02,0.01,1.6,0.24,0.7,0.4,1,0.1,0.2,0.04,1.6,0.5,0.8,0.3,0.4
Cussonia,NoData,,Cussonia,Araliaceae,Unknown,genus,,,4,0.02,0.2,0.2,0.1,0.1,0.04,0.05,0.06,0.04,1.6,0.24,0.7,0.4,1,0.1,0.2,0.04,1.6,0.5,0.8,0.3,0.4
Cussonia zuluensis,NoData,,Cussonia,Araliaceae,Unknown,species,,,4,0.02,0.2,0.2,0.1,0.1,0.04,0.05,0.06,0.04,1.6,0.24,0.7,0.4,1,0.1,0.2,0.04,1.6,0.5,0.8,0.3,0.4
Cyathea,NoData,,Cyathea,Cyatheaceae,Btr,genus,,,4,0.02,0.2,0.2,0.1,0.1,0.04,0.05,0.06,0.04,1.6,0.24,0.7,0.4,1,0.1,0.2,0.04,1.6,0.5,0.8,0.3,0.4
Cyathea cooperi,NoData,Cooper's cyathea,Cyathea,Cyatheaceae,Btr,species,,,4,0.02,0.2,0.2,0.1,0.1,0.04,0.05,0.06,0.04,1.6,0.24,0.7,0.4,1,0.1,0.2,0.04,1.6,0.5,0.8,0.3,0.4
Cyathea medullaris,NoData,,Cyathea,Cyatheaceae,Unknown,species,,,4,0.02,0.2,0.2,0.1,0.1,0.04,0.05,0.06,0.04,1.6,0.24,0.7,0.4,1,0.1,0.2,0.04,1.6,0.5,0.8,0.3,0.4
Cyathea tenera,NoData,,Cyathea,Cyatheaceae,Btr,species,,,4,0.02,0.2,0.2,0.1,0.1,0.04,0.05,0.06,0.04,1.6,0.24,0.7,0.4,1,0.1,0.2,0.04,1.6,0.5,0.8,0.3,0.4
Cycas,NoData,cycad,Cycas,Cycadaceae,Btr,genus,,,4,0.02,0.2,0.2,0.1,0.1,0.04,0.05,0.06,0.04,1.6,0.24,0.7,0.4,1,0.1,0.2,0.04,1.6,0.5,0.8,0.3,0.4
Cycas circinalis,NoData,cycad,Cycas,Cycadaceae,Btr,genus,,,4,0.02,0.2,0.2,0.1,0.1,0.04,0.05,0.06,0.04,1.6,0.24,0.7,0.4,1,0.1,0.2,0.04,1.6,0.5,0.8,0.3,0.4
Cycas revoluta,NoData,sago palm,Cycas,Cycadaceae,Btr,species,,,4,0.02,0.2,0.2,0.1,0.1,0.04,0.05,0.06,0.04,1.6,0.24,0.7,0.4,1,0.1,0.2,0.04,1.6,0.5,0.8,0.3,0.4
Cycas revolutus,NoData,,Cycas,Cycadaceae,Unknown,species,,,4,0.02,0.2,0.2,0.1,0.1,0.04,0.05,0.06,0.04,1.6,0.24,0.7,0.4,1,0.1,0.2,0.04,1.6,0.5,0.8,0.3,0.4
Cyclosorus,NoData,,Cyclosorus,Thelypteridaceae,Herb,genus,,,4,0.02,0.2,0.2,0.1,0.1,0.04,0.05,0.06,0.04,1.6,0.24,0.7,0.4,1,0.1,0.2,0.04,1.6,0.5,0.8,0.3,0.4
Cyclosorus parasiticus,NoData,,Cyclosorus,Thelypteridaceae,Herb,species,,,4,0.02,0.2,0.2,0.1,0.1,0.04,0.05,0.06,0.04,1.6,0.24,0.7,0.4,1,0.1,0.2,0.04,1.6,0.5,0.8,0.3,0.4
Cydonia,NoData,,Cydonia,Rosaceae,Btr,genus,,,4,0.02,0.2,0.2,0.1,0.1,0.04,0.05,0.06,0.04,1.6,0.24,0.7,0.4,1,0.1,0.2,0.04,1.6,0.5,0.8,0.3,0.4
Cydonia oblonga,NoData,quince,Cydonia,Rosaceae,Btr,species,,,4,0.02,0.2,0.2,0.1,0.1,0.04,0.05,0.06,0.04,1.6,0.24,0.7,0.4,1,0.1,0.2,0.04,1.6,0.5,0.8,0.3,0.4
Cymbopogon,NoData,,Cymbopogon,Poaceae,shrub,genus,,,4,0.02,0.2,0.2,0.1,0.1,0.04,0.05,0.06,0.04,1.6,0.24,0.7,0.4,1,0.1,0.2,0.04,1.6,0.5,0.8,0.3,0.4
Cynodendron,Cynodendron oliviforme,,Cynodendron,Sapotaceae,Btr,genus,,,8,0.02,0.1,0.2,0.1,0.1,0.04,0.05,0.06,0.04,1.6,0.24,0.7,0.4,1,0.1,0.2,0.04,1.6,0.5,0.8,0.3,0.4
Cynodendron oliviforme,Cynodendron oliviforme,,Cynodendron,Sapotaceae,Btr,species,,,8,0.02,0.1,0.2,0.1,0.1,0.04,0.05,0.06,0.04,1.6,0.24,0.7,0.4,1,0.1,0.2,0.04,1.6,0.5,0.8,0.3,0.4
Cynodon,NoData,,Cynodon,Poaceae,Herb,genus,,,4,0.02,0.2,0.2,0.1,0.1,0.04,0.05,0.06,0.04,1.6,0.24,0.7,0.4,1,0.1,0.2,0.04,1.6,0.5,0.8,0.3,0.4
Cynodon dactylon,NoData,Bermudagrass,Cynodon,Poaceae,Herb,species,,,4,0.02,0.2,0.2,0.1,0.1,0.04,0.05,0.06,0.04,1.6,0.24,0.7,0.4,1,0.1,0.2,0.04,1.6,0.5,0.8,0.3,0.4
Cyperaceae,NoData,,Cyperaceae,Cyperaceae,Unknown,family,,,4,0.02,0.2,0.2,0.1,0.1,0.04,0.05,0.06,0.04,1.6,0.24,0.7,0.4,1,0.1,0.2,0.04,1.6,0.5,0.8,0.3,0.4
Cyperus,NoData,flatsedge,Cyperus,Cyperaceae,Herb,genus,,,4,0.02,0.2,0.2,0.1,0.1,0.04,0.05,0.06,0.04,1.6,0.24,0.7,0.4,1,0.1,0.2,0.04,1.6,0.5,0.8,0.3,0.4
Cyperus alternifolius,NoData,,Cyperus,Cyperaceae,Unknown,species,,,4,0.02,0.2,0.2,0.1,0.1,0.04,0.05,0.06,0.04,1.6,0.24,0.7,0.4,1,0.1,0.2,0.04,1.6,0.5,0.8,0.3,0.4
Cyperus papyrus,NoData,papyrus,Cyperus,Cyperaceae,Herb,species,,,4,0.02,0.2,0.2,0.1,0.1,0.04,0.05,0.06,0.04,1.6,0.24,0.7,0.4,1,0.1,0.2,0.04,1.6,0.5,0.8,0.3,0.4
Cyphomandra,NoData,,Cyphomandra,Solanaceae,Unknown,genus,,,4,0.02,0.2,0.2,0.1,0.1,0.04,0.05,0.06,0.04,1.6,0.24,0.7,0.4,1,0.1,0.2,0.04,1.6,0.5,0.8,0.3,0.4
Cyphomandra betacea,NoData,tree tomato,Cyphomandra,Solanaceae,Unknown,species,,,4,0.02,0.2,0.2,0.1,0.1,0.04,0.05,0.06,0.04,1.6,0.24,0.7,0.4,1,0.1,0.2,0.04,1.6,0.5,0.8,0.3,0.4
Cyrilla,NoData,titi,Cyrilla,Cyrillaceae,Btr,genus,,,4,0.02,0.2,0.2,0.1,0.1,0.04,0.05,0.06,0.04,1.6,0.24,0.7,0.4,1,0.1,0.2,0.04,1.6,0.5,0.8,0.3,0.4
Cyrilla racemiflora,Cyrilla racemiflora,swamp titi,Cyrilla,Cyrillaceae,Btr,species,,,8,0.02,0.1,0.2,0.1,0.1,0.04,0.05,0.06,0.04,1.6,0.24,0.7,0.4,1,0.1,0.2,0.04,1.6,0.5,0.8,0.3,0.4
Cyrillaceae,NoData,,Cyrillaceae,Cyrillaceae,Unknown,family,,,4,0.02,0.2,0.2,0.1,0.1,0.04,0.05,0.06,0.04,1.6,0.24,0.7,0.4,1,0.1,0.2,0.04,1.6,0.5,0.8,0.3,0.4
Cyrtomium,NoData,,Cyrtomium,Dryopteridaceae,Herb,genus,,,4,0.02,0.2,0.2,0.1,0.1,0.04,0.05,0.06,0.04,1.6,0.24,0.7,0.4,1,0.1,0.2,0.04,1.6,0.5,0.8,0.3,0.4
Cyrtomium falcatum,NoData,Japanese netvein hollyfern,Cyrtomium,Dryopteridaceae,Herb,species,,,4,0.02,0.2,0.2,0.1,0.1,0.04,0.05,0.06,0.04,1.6,0.24,0.7,0.4,1,0.1,0.2,0.04,1.6,0.5,0.8,0.3,0.4
Cystisus,NoData,,Cystisus,Fabaceae,Unknown,genus,,Argyrocytisus battandieri,4,0.02,0.2,0.2,0.1,0.1,0.04,0.05,0.06,0.04,1.6,0.24,0.7,0.4,1,0.1,0.2,0.04,1.6,0.5,0.8,0.3,0.4
Cystisus battandieri,NoData,,Cystisus,Fabaceae,Unknown,species,,Argyrocytisus battandieri,4,0.02,0.2,0.2,0.1,0.1,0.04,0.05,0.06,0.04,1.6,0.24,0.7,0.4,1,0.1,0.2,0.04,1.6,0.5,0.8,0.3,0.4
Cystisus multiflorus,NoData,,Cystisus,Fabaceae,Unknown,species,,,4,0.02,0.2,0.2,0.1,0.1,0.04,0.05,0.06,0.04,1.6,0.24,0.7,0.4,1,0.1,0.2,0.04,1.6,0.5,0.8,0.3,0.4
Cytisus,NoData,broom,Cytisus,Fabaceae,Shrub,genus,,,4,0.02,0.2,0.2,0.1,0.1,0.04,0.05,0.06,0.04,1.6,0.24,0.7,0.4,1,0.1,0.2,0.04,1.6,0.5,0.8,0.3,0.4
Cytisus battandieri,NoData,,Cytisus,Fabaceae,Unknown,species,,,4,0.02,0.2,0.2,0.1,0.1,0.04,0.05,0.06,0.04,1.6,0.24,0.7,0.4,1,0.1,0.2,0.04,1.6,0.5,0.8,0.3,0.4
Cytisus multiflorus,NoData,white spanishbroom,Cytisus,Fabaceae,Shrub,species,,,4,0.02,0.2,0.2,0.1,0.1,0.04,0.05,0.06,0.04,1.6,0.24,0.7,0.4,1,0.1,0.2,0.04,1.6,0.5,0.8,0.3,0.4
Cytisus praecox,NoData,,Cytisus,Fabaceae,Unknown,species,,,4,0.02,0.2,0.2,0.1,0.1,0.04,0.05,0.06,0.04,1.6,0.24,0.7,0.4,1,0.1,0.2,0.04,1.6,0.5,0.8,0.3,0.4
Cytisus scoparius,NoData,Scotch broom,Cytisus,Fabaceae,Shrub,species,,,4,0.02,0.2,0.2,0.1,0.1,0.04,0.05,0.06,0.04,1.6,0.24,0.7,0.4,1,0.1,0.2,0.04,1.6,0.5,0.8,0.3,0.4
Cytisus spachinanus,NoData,,Cytisus,Fabaceae,Unknown,species,,,4,0.02,0.2,0.2,0.1,0.1,0.04,0.05,0.06,0.04,1.6,0.24,0.7,0.4,1,0.1,0.2,0.04,1.6,0.5,0.8,0.3,0.4
Dacrydium,NoData,,Dacrydium,Podocarpaceae,Ntr,genus,,,4,0.02,0.2,0.2,0.1,0.1,0.04,0.05,0.06,0.04,1.6,0.24,0.7,0.4,1,0.1,0.2,0.04,1.6,0.5,0.8,0.3,0.4
Dacrydium cupressinum,NoData,New Zealand red pine,Dacrydium,Podocarpaceae,Ntr,species,,,4,0.02,0.2,0.2,0.1,0.1,0.04,0.05,0.06,0.04,1.6,0.24,0.7,0.4,1,0.1,0.2,0.04,1.6,0.5,0.8,0.3,0.4
Dacryodes,NoData,,Dacryodes,Burseraceae,Unknown,genus,,,4,0.02,0.2,0.2,0.1,0.1,0.04,0.05,0.06,0.04,1.6,0.24,0.7,0.4,1,0.1,0.2,0.04,1.6,0.5,0.8,0.3,0.4
Dacryodes edulis,NoData,eben tree,Dacryodes,Burseraceae,Unknown,species,,,4,0.02,0.2,0.2,0.1,0.1,0.04,0.05,0.06,0.04,1.6,0.24,0.7,0.4,1,0.1,0.2,0.04,1.6,0.5,0.8,0.3,0.4
Dactylis,NoData,,Dactylis,Poaceae,Herb,genus,,,4,0.02,0.2,0.2,0.1,0.1,0.04,0.05,0.06,0.04,1.6,0.24,0.7,0.4,1,0.1,0.2,0.04,1.6,0.5,0.8,0.3,0.4
Dactylis glomerata,NoData,orchardgrass,Dactylis,Poaceae,Herb,species,,,4,0.02,0.2,0.2,0.1,0.1,0.04,0.05,0.06,0.04,1.6,0.24,0.7,0.4,1,0.1,0.2,0.04,1.6,0.5,0.8,0.3,0.4
Dais,NoData,,Dais,Thymelaeaceae,Btr,genus,,,4,0.02,0.2,0.2,0.1,0.1,0.04,0.05,0.06,0.04,1.6,0.24,0.7,0.4,1,0.1,0.2,0.04,1.6,0.5,0.8,0.3,0.4
Dais cotinifolia,NoData,,Dais,Thymelaeaceae,Btr,species,,,4,0.02,0.2,0.2,0.1,0.1,0.04,0.05,0.06,0.04,1.6,0.24,0.7,0.4,1,0.1,0.2,0.04,1.6,0.5,0.8,0.3,0.4
Dalbergia,NoData,,Dalbergia,Fabaceae,Unknown,genus,,,4,0.02,0.2,0.2,0.1,0.1,0.04,0.05,0.06,0.04,1.6,0.24,0.7,0.4,1,0.1,0.2,0.04,1.6,0.5,0.8,0.3,0.4
Dalbergia fusca,NoData,,Dalbergia,Fabaceae,Unknown,species,,,4,0.02,0.2,0.2,0.1,0.1,0.04,0.05,0.06,0.04,1.6,0.24,0.7,0.4,1,0.1,0.2,0.04,1.6,0.5,0.8,0.3,0.4
Dalbergia hostilis,NoData,,Dalbergia,Fabaceae,Unknown,species,,,4,0.02,0.2,0.2,0.1,0.1,0.04,0.05,0.06,0.04,1.6,0.24,0.7,0.4,1,0.1,0.2,0.04,1.6,0.5,0.8,0.3,0.4
Dalbergia melanoxylon,NoData,,Dalbergia,Fabaceae,Unknown,species,,,4,0.02,0.2,0.2,0.1,0.1,0.04,0.05,0.06,0.04,1.6,0.24,0.7,0.4,1,0.1,0.2,0.04,1.6,0.5,0.8,0.3,0.4
Dalbergia obtusifolia,NoData,,Dalbergia,Fabaceae,Unknown,species,,,4,0.02,0.2,0.2,0.1,0.1,0.04,0.05,0.06,0.04,1.6,0.24,0.7,0.4,1,0.1,0.2,0.04,1.6,0.5,0.8,0.3,0.4
Dalbergia saxatilis,NoData,,Dalbergia,Fabaceae,Unknown,species,,,4,0.02,0.2,0.2,0.1,0.1,0.04,0.05,0.06,0.04,1.6,0.24,0.7,0.4,1,0.1,0.2,0.04,1.6,0.5,0.8,0.3,0.4
Dalbergia sissoo,NoData,Indian rosewood,Dalbergia,Fabaceae,Btr,species,,,4,0.02,0.2,0.2,0.1,0.1,0.04,0.05,0.06,0.04,1.6,0.24,0.7,0.4,1,0.1,0.2,0.04,1.6,0.5,0.8,0.3,0.4
Dalhousiea,NoData,,Dalhousiea,Fabaceae,Unknown,genus,,,4,0.02,0.2,0.2,0.1,0.1,0.04,0.05,0.06,0.04,1.6,0.24,0.7,0.4,1,0.1,0.2,0.04,1.6,0.5,0.8,0.3,0.4
Dalhousiea africana,NoData,,Dalhousiea,Fabaceae,Unknown,species,,,4,0.02,0.2,0.2,0.1,0.1,0.04,0.05,0.06,0.04,1.6,0.24,0.7,0.4,1,0.1,0.2,0.04,1.6,0.5,0.8,0.3,0.4
Daniellia,NoData,,Daniellia,Fabaceae,Unknown,genus,,,4,0.02,0.2,0.2,0.1,0.1,0.04,0.05,0.06,0.04,1.6,0.24,0.7,0.4,1,0.1,0.2,0.04,1.6,0.5,0.8,0.3,0.4
Daniellia oliveri,NoData,African copaiba balsam tree,Daniellia,Fabaceae,Unknown,species,,,4,0.02,0.2,0.2,0.1,0.1,0.04,0.05,0.06,0.04,1.6,0.24,0.7,0.4,1,0.1,0.2,0.04,1.6,0.5,0.8,0.3,0.4
Daphne,NoData,,Daphne,Thymelaeaceae,Unknown,genus,,,4,0.02,0.2,0.2,0.1,0.1,0.04,0.05,0.06,0.04,1.6,0.24,0.7,0.4,1,0.1,0.2,0.04,1.6,0.5,0.8,0.3,0.4
Daphne gnidium,NoData,,Daphne,Thymelaeaceae,Unknown,species,,,4,0.02,0.2,0.2,0.1,0.1,0.04,0.05,0.06,0.04,1.6,0.24,0.7,0.4,1,0.1,0.2,0.04,1.6,0.5,0.8,0.3,0.4
Datura,NoData,,Datura,Solanaceae,Unknown,genus,,,4,0.02,0.2,0.2,0.1,0.1,0.04,0.05,0.06,0.04,1.6,0.24,0.7,0.4,1,0.1,0.2,0.04,1.6,0.5,0.8,0.3,0.4
Datura arborea,NoData,,Datura,Solanaceae,Unknown,species,,,4,0.02,0.2,0.2,0.1,0.1,0.04,0.05,0.06,0.04,1.6,0.24,0.7,0.4,1,0.1,0.2,0.04,1.6,0.5,0.8,0.3,0.4
Daucus,NoData,,Daucus,Apiaceae,Herb,genus,,,4,0.02,0.2,0.2,0.1,0.1,0.04,0.05,0.06,0.04,1.6,0.24,0.7,0.4,1,0.1,0.2,0.04,1.6,0.5,0.8,0.3,0.4
Daucus carota,NoData,Queen Anne's lace,Daucus,Apiaceae,Herb,species,,,4,0.02,0.2,0.2,0.1,0.1,0.04,0.05,0.06,0.04,1.6,0.24,0.7,0.4,1,0.1,0.2,0.04,1.6,0.5,0.8,0.3,0.4
Daucus carota var. sativus,NoData,Domestic carrot,Daucus,Apiaceae,Herb,species,,,4,0.02,0.2,0.2,0.1,0.1,0.04,0.05,0.06,0.04,1.6,0.24,0.7,0.4,1,0.1,0.2,0.04,1.6,0.5,0.8,0.3,0.4
Davallia,NoData,,Davallia,Davalliaceae,Unknown,genus,,,4,0.02,0.2,0.2,0.1,0.1,0.04,0.05,0.06,0.04,1.6,0.24,0.7,0.4,1,0.1,0.2,0.04,1.6,0.5,0.8,0.3,0.4
Davallia rugosa,NoData,,Davallia,Davalliaceae,Unknown,species,,,4,0.02,0.2,0.2,0.1,0.1,0.04,0.05,0.06,0.04,1.6,0.24,0.7,0.4,1,0.1,0.2,0.04,1.6,0.5,0.8,0.3,0.4
Davilla,NoData,,Davilla,TBD,Unknown,genus,,,4,0.02,0.2,0.2,0.1,0.1,0.04,0.05,0.06,0.04,1.6,0.24,0.7,0.4,1,0.1,0.2,0.04,1.6,0.5,0.8,0.3,0.4
Delonix,NoData,,Delonix,Fabaceae,Btr,genus,,,4,0.02,0.2,0.2,0.1,0.1,0.04,0.05,0.06,0.04,1.6,0.24,0.7,0.4,1,0.1,0.2,0.04,1.6,0.5,0.8,0.3,0.4
Delonix regia,NoData,royal poinciana,Delonix,Fabaceae,Btr,species,,,4,0.02,0.2,0.2,0.1,0.1,0.04,0.05,0.06,0.04,1.6,0.24,0.7,0.4,1,0.1,0.2,0.04,1.6,0.5,0.8,0.3,0.4
Dendrocalamus,NoData,,Dendrocalamus,Poaceae,Unknown,genus,,,4,0.02,0.2,0.2,0.1,0.1,0.04,0.05,0.06,0.04,1.6,0.24,0.7,0.4,1,0.1,0.2,0.04,1.6,0.5,0.8,0.3,0.4
Dendrocalamus giganteus,NoData,,Dendrocalamus,Poaceae,Unknown,species,,,4,0.02,0.2,0.2,0.1,0.1,0.04,0.05,0.06,0.04,1.6,0.24,0.7,0.4,1,0.1,0.2,0.04,1.6,0.5,0.8,0.3,0.4
Dendrocalamus hamilatonii,NoData,,Dendrocalamus,Poaceae,Unknown,species,,,4,0.02,0.2,0.2,0.1,0.1,0.04,0.05,0.06,0.04,1.6,0.24,0.7,0.4,1,0.1,0.2,0.04,1.6,0.5,0.8,0.3,0.4
Dendrocalamus membranaceus,NoData,,Dendrocalamus,Poaceae,Unknown,species,,,4,0.02,0.2,0.2,0.1,0.1,0.04,0.05,0.06,0.04,1.6,0.24,0.7,0.4,1,0.1,0.2,0.04,1.6,0.5,0.8,0.3,0.4
Dendromecon,NoData,tree poppy,Dendromecon,Papaveraceae,Btr,genus,,,4,0.02,0.2,0.2,0.1,0.1,0.04,0.05,0.06,0.04,1.6,0.24,0.7,0.4,1,0.1,0.2,0.04,1.6,0.5,0.8,0.3,0.4
Dendromecon harfordii,NoData,Harford's tree poppy,Dendromecon,Papaveraceae,Btr,species,,,4,0.02,0.2,0.2,0.1,0.1,0.04,0.05,0.06,0.04,1.6,0.24,0.7,0.4,1,0.1,0.2,0.04,1.6,0.5,0.8,0.3,0.4
Dendromecon rigida,NoData,tree poppy,Dendromecon,Papaveraceae,Btr,species,,,4,0.02,0.2,0.2,0.1,0.1,0.04,0.05,0.06,0.04,1.6,0.24,0.7,0.4,1,0.1,0.2,0.04,1.6,0.5,0.8,0.3,0.4
Deschampsia,NoData,,Deschampsia,Poaceae,Herb,genus,,,4,0.02,0.2,0.2,0.1,0.1,0.04,0.05,0.06,0.04,1.6,0.24,0.7,0.4,1,0.1,0.2,0.04,1.6,0.5,0.8,0.3,0.4
Deschampsia flexuosa,NoData,wavy hairgrass,Deschampsia,Poaceae,Herb,species,,,4,0.02,0.2,0.2,0.1,0.1,0.04,0.05,0.06,0.04,1.6,0.24,0.7,0.4,1,0.1,0.2,0.04,1.6,0.5,0.8,0.3,0.4
Desmanthus,Desmanthus,,Desmanthus,Fabaceae,Shrub,genus,,,8,0.02,0.2,0.2,0.1,0.2,0.04,0.05,0.06,0.04,1.6,0.24,0.7,0.4,1,0.1,0.2,0.04,1.6,0.5,0.8,0.3,0.4
Desmanthus illinoensis,Desmanthus,Illinois bundleflower,Desmanthus,Fabaceae,Shrub,species,,,8,0.02,0.2,0.2,0.1,0.2,0.04,0.05,0.06,0.04,1.6,0.24,0.7,0.4,1,0.1,0.2,0.04,1.6,0.5,0.8,0.3,0.4
Desplatsia,NoData,,Desplatsia,TBD,Unknown,genus,,,4,0.02,0.2,0.2,0.1,0.1,0.04,0.05,0.06,0.04,1.6,0.24,0.7,0.4,1,0.1,0.2,0.04,1.6,0.5,0.8,0.3,0.4
Desplatsia chrysochlamys,NoData,,Desplatsia,TBD,Unknown,species,,,4,0.02,0.2,0.2,0.1,0.1,0.04,0.05,0.06,0.04,1.6,0.24,0.7,0.4,1,0.1,0.2,0.04,1.6,0.5,0.8,0.3,0.4
Detarium,NoData,,Detarium,TBD,Unknown,genus,,,4,0.02,0.2,0.2,0.1,0.1,0.04,0.05,0.06,0.04,1.6,0.24,0.7,0.4,1,0.1,0.2,0.04,1.6,0.5,0.8,0.3,0.4
Detarium microcarpum,NoData,,Detarium,TBD,Unknown,species,,,4,0.02,0.2,0.2,0.1,0.1,0.04,0.05,0.06,0.04,1.6,0.24,0.7,0.4,1,0.1,0.2,0.04,1.6,0.5,0.8,0.3,0.4
Deutzia,NoData,,Deutzia,Hydrangeaceae,Shrub,genus,,,4,0.02,0.2,0.2,0.1,0.1,0.04,0.05,0.06,0.04,1.6,0.24,0.7,0.4,1,0.1,0.2,0.04,1.6,0.5,0.8,0.3,0.4
Deutzia granchflora,NoData,,Deutzia,Hydrangeaceae,Shrub,species,,,4,0.02,0.2,0.2,0.1,0.1,0.04,0.05,0.06,0.04,1.6,0.24,0.7,0.4,1,0.1,0.2,0.04,1.6,0.5,0.8,0.3,0.4
Dialium,NoData,dialium,Dialium,Fabaceae,Unknown,genus,,,4,0.02,0.2,0.2,0.1,0.1,0.04,0.05,0.06,0.04,1.6,0.24,0.7,0.4,1,0.1,0.2,0.04,1.6,0.5,0.8,0.3,0.4
Dialium engleranum,NoData,,Dialium,Fabaceae,Unknown,species,,,4,0.02,0.2,0.2,0.1,0.1,0.04,0.05,0.06,0.04,1.6,0.24,0.7,0.4,1,0.1,0.2,0.04,1.6,0.5,0.8,0.3,0.4
Dialium guianense,NoData,,Dialium,Fabaceae,Unknown,species,,,4,0.02,0.2,0.2,0.1,0.1,0.04,0.05,0.06,0.04,1.6,0.24,0.7,0.4,1,0.1,0.2,0.04,1.6,0.5,0.8,0.3,0.4
Dialium pachyphyllum,NoData,,Dialium,Fabaceae,Unknown,species,,,4,0.02,0.2,0.2,0.1,0.1,0.04,0.05,0.06,0.04,1.6,0.24,0.7,0.4,1,0.1,0.2,0.04,1.6,0.5,0.8,0.3,0.4
Dichotomanthus,NoData,,Dichotomanthus,TBD,Unknown,genus,,,4,0.02,0.2,0.2,0.1,0.1,0.04,0.05,0.06,0.04,1.6,0.24,0.7,0.4,1,0.1,0.2,0.04,1.6,0.5,0.8,0.3,0.4
Dichotomanthus tristaniaecarpa,NoData,,Dichotomanthus,TBD,Unknown,species,,,4,0.02,0.2,0.2,0.1,0.1,0.04,0.05,0.06,0.04,1.6,0.24,0.7,0.4,1,0.1,0.2,0.04,1.6,0.5,0.8,0.3,0.4
Dichrostachys,NoData,,Dichrostachys,Fabaceae,Btr,genus,,,4,0.02,0.2,0.2,0.1,0.1,0.04,0.05,0.06,0.04,1.6,0.24,0.7,0.4,1,0.1,0.2,0.04,1.6,0.5,0.8,0.3,0.4
Dichrostachys cinerea,NoData,aroma,Dichrostachys,Fabaceae,Btr,species,,,4,0.02,0.2,0.2,0.1,0.1,0.04,0.05,0.06,0.04,1.6,0.24,0.7,0.4,1,0.1,0.2,0.04,1.6,0.5,0.8,0.3,0.4
Dicksonia,NoData,,Dicksonia,Dicksoniaceae,Btr,genus,,,4,0.02,0.2,0.2,0.1,0.1,0.04,0.05,0.06,0.04,1.6,0.24,0.7,0.4,1,0.1,0.2,0.04,1.6,0.5,0.8,0.3,0.4
Dicksonia antarctica,NoData,Australian treefern,Dicksonia,Dicksoniaceae,Btr,species,,,4,0.02,0.2,0.2,0.1,0.1,0.04,0.05,0.06,0.04,1.6,0.24,0.7,0.4,1,0.1,0.2,0.04,1.6,0.5,0.8,0.3,0.4
Dicksonia squarrosa,NoData,hard treefern,Dicksonia,Dicksoniaceae,Btr,species,,,4,0.02,0.2,0.2,0.1,0.1,0.04,0.05,0.06,0.04,1.6,0.24,0.7,0.4,1,0.1,0.2,0.04,1.6,0.5,0.8,0.3,0.4
Dicranum,NoData,,Dicranum,TBD,Unknown,genus,,,4,0.02,0.2,0.2,0.1,0.1,0.04,0.05,0.06,0.04,1.6,0.24,0.7,0.4,1,0.1,0.2,0.04,1.6,0.5,0.8,0.3,0.4
Dicranum polysetum,NoData,,Dicranum,TBD,Unknown,species,,,4,0.02,0.2,0.2,0.1,0.1,0.04,0.05,0.06,0.04,1.6,0.24,0.7,0.4,1,0.1,0.2,0.04,1.6,0.5,0.8,0.3,0.4
Dicranum undulatum,NoData,,Dicranum,TBD,Unknown,species,,,4,0.02,0.2,0.2,0.1,0.1,0.04,0.05,0.06,0.04,1.6,0.24,0.7,0.4,1,0.1,0.2,0.04,1.6,0.5,0.8,0.3,0.4
Dillenia,NoData,,Dillenia,Dilleniaceae,Btr,genus,,,4,0.02,0.2,0.2,0.1,0.1,0.04,0.05,0.06,0.04,1.6,0.24,0.7,0.4,1,0.1,0.2,0.04,1.6,0.5,0.8,0.3,0.4
Dillenia excelsa,NoData,,Dillenia,Dilleniaceae,Btr,species,,,4,0.02,0.2,0.2,0.1,0.1,0.04,0.05,0.06,0.04,1.6,0.24,0.7,0.4,1,0.1,0.2,0.04,1.6,0.5,0.8,0.3,0.4
Dillenia indica,NoData,chulta,Dillenia,Dilleniaceae,Btr,species,,,4,0.02,0.2,0.2,0.1,0.1,0.04,0.05,0.06,0.04,1.6,0.24,0.7,0.4,1,0.1,0.2,0.04,1.6,0.5,0.8,0.3,0.4
Dimocarpus,NoData,,Dimocarpus,Sapindaceae,Unknown,genus,,,4,0.02,0.2,0.2,0.1,0.1,0.04,0.05,0.06,0.04,1.6,0.24,0.7,0.4,1,0.1,0.2,0.04,1.6,0.5,0.8,0.3,0.4
Dimocarpus longan,NoData,longan,Dimocarpus,Sapindaceae,Unknown,species,,,4,0.02,0.2,0.2,0.1,0.1,0.04,0.05,0.06,0.04,1.6,0.24,0.7,0.4,1,0.1,0.2,0.04,1.6,0.5,0.8,0.3,0.4
Dioclea,NoData,,Dioclea,Fabaceae,Unknown,genus,,,4,0.02,0.2,0.2,0.1,0.1,0.04,0.05,0.06,0.04,1.6,0.24,0.7,0.4,1,0.1,0.2,0.04,1.6,0.5,0.8,0.3,0.4
Dioclea guianensis,NoData,,Dioclea,Fabaceae,Unknown,species,,,4,0.02,0.2,0.2,0.1,0.1,0.04,0.05,0.06,0.04,1.6,0.24,0.7,0.4,1,0.1,0.2,0.04,1.6,0.5,0.8,0.3,0.4
Dioon,NoData,,Dioon,Zamiaceae,Btr,genus,,,4,0.02,0.2,0.2,0.1,0.1,0.04,0.05,0.06,0.04,1.6,0.24,0.7,0.4,1,0.1,0.2,0.04,1.6,0.5,0.8,0.3,0.4
Dioon spinulosum,NoData,,Dioon,Zamiaceae,Btr,species,,,4,0.02,0.2,0.2,0.1,0.1,0.04,0.05,0.06,0.04,1.6,0.24,0.7,0.4,1,0.1,0.2,0.04,1.6,0.5,0.8,0.3,0.4
Diospyros,Diospyros,diospyros,Diospyros,Ebenaceae,Btr,genus,,,0.2,0.02,0.1,0.2,0.02,0.02,0.04,0.05,0.06,0.04,1.6,0.24,0.7,0.4,1,0.1,0.2,0.04,1.6,0.5,0.8,0.3,0.4
Diospyros durinoides,Diospyros,,Diospyros,Ebenaceae,Btr,species,,,0.2,0.02,0.1,0.2,0.02,0.02,0.04,0.05,0.06,0.04,1.6,0.24,0.7,0.4,1,0.1,0.2,0.04,1.6,0.5,0.8,0.3,0.4
Diospyros ebenaster,Diospyros,,Diospyros,Ebenaceae,Unknown,species,,,0.2,0.02,0.1,0.2,0.02,0.02,0.04,0.05,0.06,0.04,1.6,0.24,0.7,0.4,1,0.1,0.2,0.04,1.6,0.5,0.8,0.3,0.4
Diospyros ferrea,Diospyros,,Diospyros,Ebenaceae,Btr,species,,,0.2,0.02,0.1,0.2,0.02,0.02,0.04,0.05,0.06,0.04,1.6,0.24,0.7,0.4,1,0.1,0.2,0.04,1.6,0.5,0.8,0.3,0.4
Diospyros kaki,Diospyros,japanese persimmon,Diospyros,Ebenaceae,Btr,species,,,0.2,0.02,0.1,0.2,0.02,0.02,0.04,0.05,0.06,0.04,1.6,0.24,0.7,0.4,1,0.1,0.2,0.04,1.6,0.5,0.8,0.3,0.4
Diospyros lycoides,Diospyros,,Diospyros,Ebenaceae,Unknown,species,,,0.2,0.02,0.1,0.2,0.02,0.02,0.04,0.05,0.06,0.04,1.6,0.24,0.7,0.4,1,0.1,0.2,0.04,1.6,0.5,0.8,0.3,0.4
Diospyros mespiliformis,Diospyros,ebony diospyros,Diospyros,Ebenaceae,Unknown,species,,,0.2,0.02,0.1,0.2,0.02,0.02,0.04,0.05,0.06,0.04,1.6,0.24,0.7,0.4,1,0.1,0.2,0.04,1.6,0.5,0.8,0.3,0.4
Diospyros nigrocortex,Diospyros,,Diospyros,Ebenaceae,Unknown,species,,,0.2,0.02,0.1,0.2,0.02,0.02,0.04,0.05,0.06,0.04,1.6,0.24,0.7,0.4,1,0.1,0.2,0.04,1.6,0.5,0.8,0.3,0.4
Diospyros suaveolens,Diospyros,,Diospyros,Ebenaceae,Unknown,species,,,0.2,0.02,0.1,0.2,0.02,0.02,0.04,0.05,0.06,0.04,1.6,0.24,0.7,0.4,1,0.1,0.2,0.04,1.6,0.5,0.8,0.3,0.4
Diospyros texana,Diospyros,diospyros,Diospyros,Ebenaceae,Btr,genus,,,0.2,0.02,0.1,0.2,0.02,0.02,0.04,0.05,0.06,0.04,1.6,0.24,0.7,0.4,1,0.1,0.2,0.04,1.6,0.5,0.8,0.3,0.4
Diospyros virginiana,Diospyros,common persimmon,Diospyros,Ebenaceae,Btr,species,,,0.2,0.02,0.1,0.2,0.02,0.02,0.04,0.05,0.06,0.04,1.6,0.24,0.7,0.4,1,0.1,0.2,0.04,1.6,0.5,0.8,0.3,0.4
Diplorhynchus,NoData,,Diplorhynchus,Apocynaceae,Btr,genus,,,4,0.02,0.2,0.2,0.1,0.1,0.04,0.05,0.06,0.04,1.6,0.24,0.7,0.4,1,0.1,0.2,0.04,1.6,0.5,0.8,0.3,0.4
Diplorhynchus condylocarpon,NoData,,Diplorhynchus,Apocynaceae,Btr,species,,,4,0.02,0.2,0.2,0.1,0.1,0.04,0.05,0.06,0.04,1.6,0.24,0.7,0.4,1,0.1,0.2,0.04,1.6,0.5,0.8,0.3,0.4
Diplorynchus,NoData,,Diplorynchus,TBD,Unknown,genus,,,4,0.02,0.2,0.2,0.1,0.1,0.04,0.05,0.06,0.04,1.6,0.24,0.7,0.4,1,0.1,0.2,0.04,1.6,0.5,0.8,0.3,0.4
Diplorynchus condylocarpon,NoData,,Diplorynchus,TBD,Unknown,species,,,4,0.02,0.2,0.2,0.1,0.1,0.04,0.05,0.06,0.04,1.6,0.24,0.7,0.4,1,0.1,0.2,0.04,1.6,0.5,0.8,0.3,0.4
Dipterocarpus,NoData,,Dipterocarpus,Dipterocarpaceae,Btr,genus,,,4,0.02,0.2,0.2,0.1,0.1,0.04,0.05,0.06,0.04,1.6,0.24,0.7,0.4,1,0.1,0.2,0.04,1.6,0.5,0.8,0.3,0.4
Dipterocarpus aplanata,NoData,,Dipterocarpus,Dipterocarpaceae,Btr,species,,,4,0.02,0.2,0.2,0.1,0.1,0.04,0.05,0.06,0.04,1.6,0.24,0.7,0.4,1,0.1,0.2,0.04,1.6,0.5,0.8,0.3,0.4
Dipterocarpus gracilis,NoData,,Dipterocarpus,Dipterocarpaceae,Btr,species,,,4,0.02,0.2,0.2,0.1,0.1,0.04,0.05,0.06,0.04,1.6,0.24,0.7,0.4,1,0.1,0.2,0.04,1.6,0.5,0.8,0.3,0.4
Dipterocarpus tubinatus,NoData,,Dipterocarpus,Dipterocarpaceae,Unknown,species,,,4,0.02,0.2,0.2,0.1,0.1,0.04,0.05,0.06,0.04,1.6,0.24,0.7,0.4,1,0.1,0.2,0.04,1.6,0.5,0.8,0.3,0.4
Dipteryx,NoData,dipteryx,Dipteryx,Fabaceae,Unknown,genus,,,4,0.02,0.2,0.2,0.1,0.1,0.04,0.05,0.06,0.04,1.6,0.24,0.7,0.4,1,0.1,0.2,0.04,1.6,0.5,0.8,0.3,0.4
Dipteryx panamensis,NoData,,Dipteryx,Fabaceae,Unknown,species,,,4,0.02,0.2,0.2,0.1,0.1,0.04,0.05,0.06,0.04,1.6,0.24,0.7,0.4,1,0.1,0.2,0.04,1.6,0.5,0.8,0.3,0.4
Disoxylum,NoData,,Disoxylum,TBD,Unknown,genus,,,4,0.02,0.2,0.2,0.1,0.1,0.04,0.05,0.06,0.04,1.6,0.24,0.7,0.4,1,0.1,0.2,0.04,1.6,0.5,0.8,0.3,0.4
Disoxylum binecteriferum,NoData,,Disoxylum,TBD,Unknown,species,,,4,0.02,0.2,0.2,0.1,0.1,0.04,0.05,0.06,0.04,1.6,0.24,0.7,0.4,1,0.1,0.2,0.04,1.6,0.5,0.8,0.3,0.4
Dittrichia,NoData,,Dittrichia,Asteraceae,Shrub,genus,,,4,0.02,0.2,0.2,0.1,0.1,0.04,0.05,0.06,0.04,1.6,0.24,0.7,0.4,1,0.1,0.2,0.04,1.6,0.5,0.8,0.3,0.4
Dittrichia viscosa,NoData,false yellowhead,Dittrichia,Asteraceae,Shrub,species,,,4,0.02,0.2,0.2,0.1,0.1,0.04,0.05,0.06,0.04,1.6,0.24,0.7,0.4,1,0.1,0.2,0.04,1.6,0.5,0.8,0.3,0.4
Dodonaea,NoData,Florida hopbush,Dodonaea,Sapindaceae,Btr,genus,,,4,0.02,0.2,0.2,0.1,0.1,0.04,0.05,0.06,0.04,1.6,0.24,0.7,0.4,1,0.1,0.2,0.04,1.6,0.5,0.8,0.3,0.4
Dodonaea,NoData,,Dodonaea,Sapindaceae,Btr,genus,,,4,0.02,0.2,0.2,0.1,0.1,0.04,0.05,0.06,0.04,1.6,0.24,0.7,0.4,1,0.1,0.2,0.04,1.6,0.5,0.8,0.3,0.4
Dodonaea viscosa,NoData,,Dodonaea,Sapindaceae,Btr,species,,,4,0.02,0.2,0.2,0.1,0.1,0.04,0.05,0.06,0.04,1.6,0.24,0.7,0.4,1,0.1,0.2,0.04,1.6,0.5,0.8,0.3,0.4
Dolichandrone,NoData,,Dolichandrone,Bignoniaceae,Unknown,genus,,,4,0.02,0.2,0.2,0.1,0.1,0.04,0.05,0.06,0.04,1.6,0.24,0.7,0.4,1,0.1,0.2,0.04,1.6,0.5,0.8,0.3,0.4
Dolichandrone stipulata,NoData,,Dolichandrone,Bignoniaceae,Unknown,species,,,4,0.02,0.2,0.2,0.1,0.1,0.04,0.05,0.06,0.04,1.6,0.24,0.7,0.4,1,0.1,0.2,0.04,1.6,0.5,0.8,0.3,0.4
Doliocarpus,NoData,,Doliocarpus,Dilleniaceae,Shrub,genus,,,4,0.02,0.2,0.2,0.1,0.1,0.04,0.05,0.06,0.04,1.6,0.24,0.7,0.4,1,0.1,0.2,0.04,1.6,0.5,0.8,0.3,0.4
Doliocarpus major,NoData,caskfruit,Doliocarpus,Dilleniaceae,Shrub,species,,,4,0.02,0.2,0.2,0.1,0.1,0.04,0.05,0.06,0.04,1.6,0.24,0.7,0.4,1,0.1,0.2,0.04,1.6,0.5,0.8,0.3,0.4
Dombeya,NoData,,Dombeya,Sterculiaceae,Btr,genus,,,4,0.02,0.2,0.2,0.1,0.1,0.04,0.05,0.06,0.04,1.6,0.24,0.7,0.4,1,0.1,0.2,0.04,1.6,0.5,0.8,0.3,0.4
Dombeya cayeuxii,NoData,,Dombeya,Sterculiaceae,Btr,species,,,4,0.02,0.2,0.2,0.1,0.1,0.04,0.05,0.06,0.04,1.6,0.24,0.7,0.4,1,0.1,0.2,0.04,1.6,0.5,0.8,0.3,0.4
Dombeya rotundifolia,NoData,,Dombeya,Sterculiaceae,Unknown,species,,,4,0.02,0.2,0.2,0.1,0.1,0.04,0.05,0.06,0.04,1.6,0.24,0.7,0.4,1,0.1,0.2,0.04,1.6,0.5,0.8,0.3,0.4
Dombeya wallichii,NoData,,Dombeya,Sterculiaceae,Unknown,species,,,4,0.02,0.2,0.2,0.1,0.1,0.04,0.05,0.06,0.04,1.6,0.24,0.7,0.4,1,0.1,0.2,0.04,1.6,0.5,0.8,0.3,0.4
Dorycnium,NoData,,Dorycnium,Fabaceae,Unknown,genus,,,4,0.02,0.2,0.2,0.1,0.1,0.04,0.05,0.06,0.04,1.6,0.24,0.7,0.4,1,0.1,0.2,0.04,1.6,0.5,0.8,0.3,0.4
Dorycnium pentaphyllum,NoData,socarrillo,Dorycnium,Fabaceae,Unknown,species,,,4,0.02,0.2,0.2,0.1,0.1,0.04,0.05,0.06,0.04,1.6,0.24,0.7,0.4,1,0.1,0.2,0.04,1.6,0.5,0.8,0.3,0.4
Dovyalis,NoData,,Dovyalis,Flacourtiaceae,Unknown,genus,,,4,0.02,0.2,0.2,0.1,0.1,0.04,0.05,0.06,0.04,1.6,0.24,0.7,0.4,1,0.1,0.2,0.04,1.6,0.5,0.8,0.3,0.4
Dovyalis caffra,NoData,kei apple,Dovyalis,Flacourtiaceae,Unknown,species,,,4,0.02,0.2,0.2,0.1,0.1,0.04,0.05,0.06,0.04,1.6,0.24,0.7,0.4,1,0.1,0.2,0.04,1.6,0.5,0.8,0.3,0.4
Dracaena,NoData,,Dracaena,Agavaceae,Unknown,genus,,,4,0.02,0.2,0.2,0.1,0.1,0.04,0.05,0.06,0.04,1.6,0.24,0.7,0.4,1,0.1,0.2,0.04,1.6,0.5,0.8,0.3,0.4
Dracaena draco,NoData,dragontree,Dracaena,Agavaceae,Unknown,species,,,4,0.02,0.2,0.2,0.1,0.1,0.04,0.05,0.06,0.04,1.6,0.24,0.7,0.4,1,0.1,0.2,0.04,1.6,0.5,0.8,0.3,0.4
Dracontomelon,NoData,,Dracontomelon,Anacardiaceae,Unknown,genus,,,4,0.02,0.2,0.2,0.1,0.1,0.04,0.05,0.06,0.04,1.6,0.24,0.7,0.4,1,0.1,0.2,0.04,1.6,0.5,0.8,0.3,0.4
Dracontomelon macrocarpum,NoData,,Dracontomelon,Anacardiaceae,Unknown,species,,,4,0.02,0.2,0.2,0.1,0.1,0.04,0.05,0.06,0.04,1.6,0.24,0.7,0.4,1,0.1,0.2,0.04,1.6,0.5,0.8,0.3,0.4
Drimys,NoData,,Drimys,Winteraceae,Unknown,genus,,,4,0.02,0.2,0.2,0.1,0.1,0.04,0.05,0.06,0.04,1.6,0.24,0.7,0.4,1,0.1,0.2,0.04,1.6,0.5,0.8,0.3,0.4
Drimys winteri,NoData,Winter's bark,Drimys,Winteraceae,Unknown,species,,,4,0.02,0.2,0.2,0.1,0.1,0.04,0.05,0.06,0.04,1.6,0.24,0.7,0.4,1,0.1,0.2,0.04,1.6,0.5,0.8,0.3,0.4
Dryandra,NoData,,Dryandra,TBD,Unknown,genus,,,4,0.02,0.2,0.2,0.1,0.1,0.04,0.05,0.06,0.04,1.6,0.24,0.7,0.4,1,0.1,0.2,0.04,1.6,0.5,0.8,0.3,0.4
Dryandra calophylla,NoData,,Dryandra,TBD,Unknown,species,,,4,0.02,0.2,0.2,0.1,0.1,0.04,0.05,0.06,0.04,1.6,0.24,0.7,0.4,1,0.1,0.2,0.04,1.6,0.5,0.8,0.3,0.4
Drynaria,NoData,,Drynaria,Polypodiaceae,Shrub,genus,,,4,0.02,0.2,0.2,0.1,0.1,0.04,0.05,0.06,0.04,1.6,0.24,0.7,0.4,1,0.1,0.2,0.04,1.6,0.5,0.8,0.3,0.4
Drynaria fortunei,NoData,Drynaria roosii,Drynaria,Polypodiaceae,Shrub,species,,,4,0.02,0.2,0.2,0.1,0.1,0.04,0.05,0.06,0.04,1.6,0.24,0.7,0.4,1,0.1,0.2,0.04,1.6,0.5,0.8,0.3,0.4
Dryobalanops,NoData,,Dryobalanops,Dipterocarpaceae,Unknown,genus,,,4,0.02,0.2,0.2,0.1,0.1,0.04,0.05,0.06,0.04,1.6,0.24,0.7,0.4,1,0.1,0.2,0.04,1.6,0.5,0.8,0.3,0.4
Dryobalanops lanceolata,NoData,,Dryobalanops,Dipterocarpaceae,Unknown,species,,,4,0.02,0.2,0.2,0.1,0.1,0.04,0.05,0.06,0.04,1.6,0.24,0.7,0.4,1,0.1,0.2,0.04,1.6,0.5,0.8,0.3,0.4
Dryopteris,NoData,,Dryopteris,Dryopteridaceae,Herb,genus,,,4,0.02,0.2,0.2,0.1,0.1,0.04,0.05,0.06,0.04,1.6,0.24,0.7,0.4,1,0.1,0.2,0.04,1.6,0.5,0.8,0.3,0.4
Dryopteris filix-mas,NoData,male fern,Dryopteris,Dryopteridaceae,Herb,species,,,4,0.02,0.2,0.2,0.1,0.1,0.04,0.05,0.06,0.04,1.6,0.24,0.7,0.4,1,0.1,0.2,0.04,1.6,0.5,0.8,0.3,0.4
Drypetes,NoData,drypetes,Drypetes,Euphorbiaceae,Btr,genus,,,4,0.02,0.2,0.2,0.1,0.1,0.04,0.05,0.06,0.04,1.6,0.24,0.7,0.4,1,0.1,0.2,0.04,1.6,0.5,0.8,0.3,0.4
Duabanga,NoData,,Duabanga,Lythraceae,Unknown,genus,,,4,0.02,0.2,0.2,0.1,0.1,0.04,0.05,0.06,0.04,1.6,0.24,0.7,0.4,1,0.1,0.2,0.04,1.6,0.5,0.8,0.3,0.4
Duabanga grandiflora,NoData,,Duabanga,Lythraceae,Unknown,species,,,4,0.02,0.2,0.2,0.1,0.1,0.04,0.05,0.06,0.04,1.6,0.24,0.7,0.4,1,0.1,0.2,0.04,1.6,0.5,0.8,0.3,0.4
Duabanga moluccana,NoData,,Duabanga,Lythraceae,Unknown,species,,,4,0.02,0.2,0.2,0.1,0.1,0.04,0.05,0.06,0.04,1.6,0.24,0.7,0.4,1,0.1,0.2,0.04,1.6,0.5,0.8,0.3,0.4
Duboscia,NoData,,Duboscia,TBD,Unknown,genus,,,4,0.02,0.2,0.2,0.1,0.1,0.04,0.05,0.06,0.04,1.6,0.24,0.7,0.4,1,0.1,0.2,0.04,1.6,0.5,0.8,0.3,0.4
Duboscia macrocarpa,NoData,,Duboscia,TBD,Unknown,species,,,4,0.02,0.2,0.2,0.1,0.1,0.04,0.05,0.06,0.04,1.6,0.24,0.7,0.4,1,0.1,0.2,0.04,1.6,0.5,0.8,0.3,0.4
Duranta,NoData,,Duranta,Verbenaceae,Btr,genus,,,4,0.02,0.2,0.2,0.1,0.1,0.04,0.05,0.06,0.04,1.6,0.24,0.7,0.4,1,0.1,0.2,0.04,1.6,0.5,0.8,0.3,0.4
Duranta erecta,NoData,golden dewdrops,Duranta,Verbenaceae,Btr,species,,,4,0.02,0.2,0.2,0.1,0.1,0.04,0.05,0.06,0.04,1.6,0.24,0.7,0.4,1,0.1,0.2,0.04,1.6,0.5,0.8,0.3,0.4
Duranta repens,NoData,golden dewdrops,Duranta,Verbenaceae,Btr,species,,,4,0.02,0.2,0.2,0.1,0.1,0.04,0.05,0.06,0.04,1.6,0.24,0.7,0.4,1,0.1,0.2,0.04,1.6,0.5,0.8,0.3,0.4
Dussia,NoData,,Dussia,Fabaceae,Btr,genus,,,4,0.02,0.2,0.2,0.1,0.1,0.04,0.05,0.06,0.04,1.6,0.24,0.7,0.4,1,0.1,0.2,0.04,1.6,0.5,0.8,0.3,0.4
Dussia munda,NoData,,Dussia,Fabaceae,Btr,species,,,4,0.02,0.2,0.2,0.1,0.1,0.04,0.05,0.06,0.04,1.6,0.24,0.7,0.4,1,0.1,0.2,0.04,1.6,0.5,0.8,0.3,0.4
Dypsis,NoData,,Dypsis,Arecaceae,Btr,genus,,,4,0.02,0.2,0.2,0.1,0.1,0.04,0.05,0.06,0.04,1.6,0.24,0.7,0.4,1,0.1,0.2,0.04,1.6,0.5,0.8,0.3,0.4
Dypsis decaryi,NoData,,Dypsis,Arecaceae,Btr,species,,,4,0.02,0.2,0.2,0.1,0.1,0.04,0.05,0.06,0.04,1.6,0.24,0.7,0.4,1,0.1,0.2,0.04,1.6,0.5,0.8,0.3,0.4
Dypsis lutescens,NoData,yellow butterfly palm,Dypsis,Arecaceae,Btr,species,,,4,0.02,0.2,0.2,0.1,0.1,0.04,0.05,0.06,0.04,1.6,0.24,0.7,0.4,1,0.1,0.2,0.04,1.6,0.5,0.8,0.3,0.4
Ebenaceae,NoData,,Ebenaceae,Ebenaceae,Unknown,family,,,4,0.02,0.2,0.2,0.1,0.1,0.04,0.05,0.06,0.04,1.6,0.24,0.7,0.4,1,0.1,0.2,0.04,1.6,0.5,0.8,0.3,0.4
Ebenopsis,NoData,,Ebenopsis,Fabaceae,Btr,genus,,,4,0.02,0.2,0.2,0.1,0.1,0.04,0.05,0.06,0.04,1.6,0.24,0.7,0.4,1,0.1,0.2,0.04,1.6,0.5,0.8,0.3,0.4
Ebenopsis ebano,NoData,Texas ebony,Ebenopsis,Fabaceae,Btr,species,,,4,0.02,0.2,0.2,0.1,0.1,0.04,0.05,0.06,0.04,1.6,0.24,0.7,0.4,1,0.1,0.2,0.04,1.6,0.5,0.8,0.3,0.4
Echium,NoData,,Echium,Boaragniaceae,Shrub,genus,,,4,0.02,0.2,0.2,0.1,0.1,0.04,0.05,0.06,0.04,1.6,0.24,0.7,0.4,1,0.1,0.2,0.04,1.6,0.5,0.8,0.3,0.4
Ehretia,Ehretia anacua,,Ehretia,Boraginaceae,Btr,genus,,,0.6,0.02,0.1,0.1,0.1,0.1,0.04,0.05,0.06,0.04,1.6,0.24,0.7,0.4,1,0.1,0.2,0.04,1.6,0.5,0.8,0.3,0.4
Ehretia anacua,Ehretia anacua,knockaway,Ehretia,Boraginaceae,Btr,species,,,0.6,0.02,0.1,0.1,0.1,0.1,0.04,0.05,0.06,0.04,1.6,0.24,0.7,0.4,1,0.1,0.2,0.04,1.6,0.5,0.8,0.3,0.4
Ehretia obtusifolia,Ehretia anacua,,Ehretia,Boraginaceae,Unknown,species,,,0.6,0.02,0.1,0.1,0.1,0.1,0.04,0.05,0.06,0.04,1.6,0.24,0.7,0.4,1,0.1,0.2,0.04,1.6,0.5,0.8,0.3,0.4
Ehretia tinifolia,Ehretia anacua,ehretia,Ehretia,Boraginaceae,Btr,species,,,0.6,0.02,0.1,0.1,0.1,0.1,0.04,0.05,0.06,0.04,1.6,0.24,0.7,0.4,1,0.1,0.2,0.04,1.6,0.5,0.8,0.3,0.4
Eichhornia,NoData,,Eichhornia,Pontederiaceae,Herb,genus,,,4,0.02,0.2,0.2,0.1,0.1,0.04,0.05,0.06,0.04,1.6,0.24,0.7,0.4,1,0.1,0.2,0.04,1.6,0.5,0.8,0.3,0.4
Eichhornia crassipes,NoData,common water hyacinth,Eichhornia,Pontederiaceae,Herb,species,,,4,0.02,0.2,0.2,0.1,0.1,0.04,0.05,0.06,0.04,1.6,0.24,0.7,0.4,1,0.1,0.2,0.04,1.6,0.5,0.8,0.3,0.4
Ekebergia,NoData,,Ekebergia,TBD,Unknown,genus,,,4,0.02,0.2,0.2,0.1,0.1,0.04,0.05,0.06,0.04,1.6,0.24,0.7,0.4,1,0.1,0.2,0.04,1.6,0.5,0.8,0.3,0.4
Ekebergia capensis,NoData,,Ekebergia,TBD,Unknown,species,,,4,0.02,0.2,0.2,0.1,0.1,0.04,0.05,0.06,0.04,1.6,0.24,0.7,0.4,1,0.1,0.2,0.04,1.6,0.5,0.8,0.3,0.4
Elaeagnaceae,NoData,,Elaeagnaceae,Elaeagnaceae,Unknown,family,,,4,0.02,0.2,0.2,0.1,0.1,0.04,0.05,0.06,0.04,1.6,0.24,0.7,0.4,1,0.1,0.2,0.04,1.6,0.5,0.8,0.3,0.4
Elaeagnus,NoData,,Elaeagnus,Elaeagnaceae,Btr,genus,,,4,0.02,0.2,0.2,0.1,0.1,0.04,0.05,0.06,0.04,1.6,0.24,0.7,0.4,1,0.1,0.2,0.04,1.6,0.5,0.8,0.3,0.4
Elaeagnus angustifolia,NoData,Russian olive,Elaeagnus,Elaeagnaceae,Btr,species,,,4,0.02,0.2,0.2,0.1,0.1,0.04,0.05,0.06,0.04,1.6,0.24,0.7,0.4,1,0.1,0.2,0.04,1.6,0.5,0.8,0.3,0.4
Elaeagnus commutata,Elaeagnus commutata,silverberry,Elaeagnus,Elaeagnaceae,Shrub,species,,,8,0.02,0.2,0.2,0.1,0.2,0.04,0.05,0.06,0.04,1.6,0.24,0.7,0.4,1,0.1,0.2,0.04,1.6,0.5,0.8,0.3,0.4
Elaeis,Arundo,,Elaeis,Arecaceae,Btr,genus,,,8,0.02,0.4,0.4,0.2,0.2,0.04,0.05,0.06,0.04,1.6,0.24,0.7,0.4,1,0.1,0.2,0.04,1.6,0.5,0.8,0.3,0.4
Elaeis guineensis,Arundo,African oil palm,Elaeis,Arecaceae,Btr,species,,,8,0.02,0.4,0.4,0.2,0.2,0.04,0.05,0.06,0.04,1.6,0.24,0.7,0.4,1,0.1,0.2,0.04,1.6,0.5,0.8,0.3,0.4
Elaeocarpus,NoData,,Elaeocarpus,Elaeocarpaceae,Btr,genus,,,4,0.02,0.2,0.2,0.1,0.1,0.04,0.05,0.06,0.04,1.6,0.24,0.7,0.4,1,0.1,0.2,0.04,1.6,0.5,0.8,0.3,0.4
Elaeocarpus decipiens,NoData,elaeocarpus,Elaeocarpus,Elaeocarpaceae,Btr,species,,,4,0.02,0.2,0.2,0.1,0.1,0.04,0.05,0.06,0.04,1.6,0.24,0.7,0.4,1,0.1,0.2,0.04,1.6,0.5,0.8,0.3,0.4
Elaeocarpus sylvestris,NoData,,Elaeocarpus,Elaeocarpaceae,Btr,species,,,4,0.02,0.2,0.2,0.1,0.1,0.04,0.05,0.06,0.04,1.6,0.24,0.7,0.4,1,0.1,0.2,0.04,1.6,0.5,0.8,0.3,0.4
Elephantorrhiza,NoData,,Elephantorrhiza,TBD,Unknown,genus,,,4,0.02,0.2,0.2,0.1,0.1,0.04,0.05,0.06,0.04,1.6,0.24,0.7,0.4,1,0.1,0.2,0.04,1.6,0.5,0.8,0.3,0.4
Elephantorrhiza burkei,NoData,,Elephantorrhiza,TBD,Unknown,species,,,4,0.02,0.2,0.2,0.1,0.1,0.04,0.05,0.06,0.04,1.6,0.24,0.7,0.4,1,0.1,0.2,0.04,1.6,0.5,0.8,0.3,0.4
Embothrium,NoData,,Embothrium,Proteaceae,Unknown,genus,,,4,0.02,0.2,0.2,0.1,0.1,0.04,0.05,0.06,0.04,1.6,0.24,0.7,0.4,1,0.1,0.2,0.04,1.6,0.5,0.8,0.3,0.4
Embothrium coccineum,NoData,Chilean firebush,Embothrium,Proteaceae,Unknown,species,,,4,0.02,0.2,0.2,0.1,0.1,0.04,0.05,0.06,0.04,1.6,0.24,0.7,0.4,1,0.1,0.2,0.04,1.6,0.5,0.8,0.3,0.4
Emmotum,NoData,,Emmotum,TBD,Unknown,genus,,,4,0.02,0.2,0.2,0.1,0.1,0.04,0.05,0.06,0.04,1.6,0.24,0.7,0.4,1,0.1,0.2,0.04,1.6,0.5,0.8,0.3,0.4
Emmotum nitens,NoData,,Emmotum,TBD,Unknown,species,,,4,0.02,0.2,0.2,0.1,0.1,0.04,0.05,0.06,0.04,1.6,0.24,0.7,0.4,1,0.1,0.2,0.04,1.6,0.5,0.8,0.3,0.4
Empetrum,NoData,,Empetrum,Empetraceae,Shrub,genus,,,4,0.02,0.2,0.2,0.1,0.1,0.04,0.05,0.06,0.04,1.6,0.24,0.7,0.4,1,0.1,0.2,0.04,1.6,0.5,0.8,0.3,0.4
Empetrum hermaphroditum,NoData,,Empetrum,Empetraceae,Shrub,species,,,4,0.02,0.2,0.2,0.1,0.1,0.04,0.05,0.06,0.04,1.6,0.24,0.7,0.4,1,0.1,0.2,0.04,1.6,0.5,0.8,0.3,0.4
Enantia,NoData,,Enantia,TBD,Unknown,genus,,,4,0.02,0.2,0.2,0.1,0.1,0.04,0.05,0.06,0.04,1.6,0.24,0.7,0.4,1,0.1,0.2,0.04,1.6,0.5,0.8,0.3,0.4
Enantia chlorantha,NoData,,Enantia,TBD,Unknown,species,,,4,0.02,0.2,0.2,0.1,0.1,0.04,0.05,0.06,0.04,1.6,0.24,0.7,0.4,1,0.1,0.2,0.04,1.6,0.5,0.8,0.3,0.4
Encelia,NoData,,Encelia,Asteraceae,Shrub,genus,,,4,0.02,0.2,0.2,0.1,0.1,0.04,0.05,0.06,0.04,1.6,0.24,0.7,0.4,1,0.1,0.2,0.04,1.6,0.5,0.8,0.3,0.4
Encelia farinosa,NoData,brittlebush,Encelia,Asteraceae,Shrub,species,,,4,0.02,0.2,0.2,0.1,0.1,0.04,0.05,0.06,0.04,1.6,0.24,0.7,0.4,1,0.1,0.2,0.04,1.6,0.5,0.8,0.3,0.4
Endopleura,NoData,,Endopleura,Humiriaceae,Unknown,genus,,,4,0.02,0.2,0.2,0.1,0.1,0.04,0.05,0.06,0.04,1.6,0.24,0.7,0.4,1,0.1,0.2,0.04,1.6,0.5,0.8,0.3,0.4
Endopleura uchi,NoData,,Endopleura,Humiriaceae,Unknown,species,,,4,0.02,0.2,0.2,0.1,0.1,0.04,0.05,0.06,0.04,1.6,0.24,0.7,0.4,1,0.1,0.2,0.04,1.6,0.5,0.8,0.3,0.4
Engelhardtia,NoData,,Engelhardtia,TBD,Unknown,genus,,,4,0.02,0.2,0.2,0.1,0.1,0.04,0.05,0.06,0.04,1.6,0.24,0.7,0.4,1,0.1,0.2,0.04,1.6,0.5,0.8,0.3,0.4
Engelhardtia serrata,NoData,,Engelhardtia,TBD,Unknown,species,,,4,0.02,0.2,0.2,0.1,0.1,0.04,0.05,0.06,0.04,1.6,0.24,0.7,0.4,1,0.1,0.2,0.04,1.6,0.5,0.8,0.3,0.4
Engelhardtia spicata,NoData,,Engelhardtia,TBD,Unknown,species,,,4,0.02,0.2,0.2,0.1,0.1,0.04,0.05,0.06,0.04,1.6,0.24,0.7,0.4,1,0.1,0.2,0.04,1.6,0.5,0.8,0.3,0.4
Ensete,NoData,,Ensete,Musaceae,Unknown,genus,,,4,0.02,0.2,0.2,0.1,0.1,0.04,0.05,0.06,0.04,1.6,0.24,0.7,0.4,1,0.1,0.2,0.04,1.6,0.5,0.8,0.3,0.4
Ensete ventricosum,NoData,Abyssinian banana,Ensete,Musaceae,Unknown,species,,,4,0.02,0.2,0.2,0.1,0.1,0.04,0.05,0.06,0.04,1.6,0.24,0.7,0.4,1,0.1,0.2,0.04,1.6,0.5,0.8,0.3,0.4
Entandrophragma,NoData,,Entandrophragma,Meliaceae,Unknown,genus,,,4,0.02,0.2,0.2,0.1,0.1,0.04,0.05,0.06,0.04,1.6,0.24,0.7,0.4,1,0.1,0.2,0.04,1.6,0.5,0.8,0.3,0.4
Entandrophragma angolense,NoData,,Entandrophragma,Meliaceae,Unknown,species,,,4,0.02,0.2,0.2,0.1,0.1,0.04,0.05,0.06,0.04,1.6,0.24,0.7,0.4,1,0.1,0.2,0.04,1.6,0.5,0.8,0.3,0.4
Entandrophragma cylindricum,NoData,,Entandrophragma,Meliaceae,Unknown,species,,,4,0.02,0.2,0.2,0.1,0.1,0.04,0.05,0.06,0.04,1.6,0.24,0.7,0.4,1,0.1,0.2,0.04,1.6,0.5,0.8,0.3,0.4
Entandrophragma utile,NoData,,Entandrophragma,Meliaceae,Unknown,species,,,4,0.02,0.2,0.2,0.1,0.1,0.04,0.05,0.06,0.04,1.6,0.24,0.7,0.4,1,0.1,0.2,0.04,1.6,0.5,0.8,0.3,0.4
Enterolobium,NoData,,Enterolobium,Fabaceae,Btr,genus,,,4,0.02,0.2,0.2,0.1,0.1,0.04,0.05,0.06,0.04,1.6,0.24,0.7,0.4,1,0.1,0.2,0.04,1.6,0.5,0.8,0.3,0.4
Enterolobium cyclocarpum,NoData,monkeysoap,Enterolobium,Fabaceae,Btr,species,,,4,0.02,0.2,0.2,0.1,0.1,0.04,0.05,0.06,0.04,1.6,0.24,0.7,0.4,1,0.1,0.2,0.04,1.6,0.5,0.8,0.3,0.4
Ephedra,Arundo,jointfir,Ephedra,Ephedraceae,Shrub,genus,,,8,0.02,0.4,0.4,0.2,0.2,0.04,0.05,0.06,0.04,1.6,0.24,0.7,0.4,1,0.1,0.2,0.04,1.6,0.5,0.8,0.3,0.4
Ephedra californica,Arundo,California jointfir,Ephedra,Ephedraceae,Shrub,species,,,8,0.02,0.4,0.4,0.2,0.2,0.04,0.05,0.06,0.04,1.6,0.24,0.7,0.4,1,0.1,0.2,0.04,1.6,0.5,0.8,0.3,0.4
Ephedra chocuma,Arundo,,Ephedra,Ephedraceae,Unknown,species,,,8,0.02,0.4,0.4,0.2,0.2,0.04,0.05,0.06,0.04,1.6,0.24,0.7,0.4,1,0.1,0.2,0.04,1.6,0.5,0.8,0.3,0.4
Ephedra nevadensis,Arundo,Nevada jointfir,Ephedra,Ephedraceae,Shrub,species,,,8,0.02,0.4,0.4,0.2,0.2,0.04,0.05,0.06,0.04,1.6,0.24,0.7,0.4,1,0.1,0.2,0.04,1.6,0.5,0.8,0.3,0.4
Ephedra trifurca,Arundo,longleaf jointfir,Ephedra,Ephedraceae,Shrub,species,,,8,0.02,0.4,0.4,0.2,0.2,0.04,0.05,0.06,0.04,1.6,0.24,0.7,0.4,1,0.1,0.2,0.04,1.6,0.5,0.8,0.3,0.4
Ephedra viridis,Arundo,mormon tea,Ephedra,Ephedraceae,Shrub,species,,,8,0.02,0.4,0.4,0.2,0.2,0.04,0.05,0.06,0.04,1.6,0.24,0.7,0.4,1,0.1,0.2,0.04,1.6,0.5,0.8,0.3,0.4
Epilobium,NoData,,Epilobium,Onagraceae,Unknown,genus,,,4,0.02,0.2,0.2,0.1,0.1,0.04,0.05,0.06,0.04,1.6,0.24,0.7,0.4,1,0.1,0.2,0.04,1.6,0.5,0.8,0.3,0.4
Epilobium angustifolium,NoData,,Epilobium,Onagraceae,Unknown,species,,,4,0.02,0.2,0.2,0.1,0.1,0.04,0.05,0.06,0.04,1.6,0.24,0.7,0.4,1,0.1,0.2,0.04,1.6,0.5,0.8,0.3,0.4
Erica,NoData,,Erica,Ericaceae,Unknown,genus,,,4,0.02,0.2,0.2,0.1,0.1,0.04,0.05,0.06,0.04,1.6,0.24,0.7,0.4,1,0.1,0.2,0.04,1.6,0.5,0.8,0.3,0.4
Erica arborea,NoData,briar root,Erica,Ericaceae,Unknown,species,,,4,0.02,0.2,0.2,0.1,0.1,0.04,0.05,0.06,0.04,1.6,0.24,0.7,0.4,1,0.1,0.2,0.04,1.6,0.5,0.8,0.3,0.4
Erica carnea,NoData,,Erica,Ericaceae,Unknown,species,,,4,0.02,0.2,0.2,0.1,0.1,0.04,0.05,0.06,0.04,1.6,0.24,0.7,0.4,1,0.1,0.2,0.04,1.6,0.5,0.8,0.3,0.4
Erica ciliaris,NoData,,Erica,Ericaceae,Unknown,species,,,4,0.02,0.2,0.2,0.1,0.1,0.04,0.05,0.06,0.04,1.6,0.24,0.7,0.4,1,0.1,0.2,0.04,1.6,0.5,0.8,0.3,0.4
Erica cineria,NoData,,Erica,Ericaceae,Unknown,species,,,4,0.02,0.2,0.2,0.1,0.1,0.04,0.05,0.06,0.04,1.6,0.24,0.7,0.4,1,0.1,0.2,0.04,1.6,0.5,0.8,0.3,0.4
Erica multiflora,NoData,,Erica,Ericaceae,Unknown,species,,,4,0.02,0.2,0.2,0.1,0.1,0.04,0.05,0.06,0.04,1.6,0.24,0.7,0.4,1,0.1,0.2,0.04,1.6,0.5,0.8,0.3,0.4
Erica umbellata,NoData,,Erica,Ericaceae,Unknown,species,,,4,0.02,0.2,0.2,0.1,0.1,0.04,0.05,0.06,0.04,1.6,0.24,0.7,0.4,1,0.1,0.2,0.04,1.6,0.5,0.8,0.3,0.4
Ericaceae,NoData,,Ericaceae,Ericaceae,Unknown,family,,,4,0.02,0.2,0.2,0.1,0.1,0.04,0.05,0.06,0.04,1.6,0.24,0.7,0.4,1,0.1,0.2,0.04,1.6,0.5,0.8,0.3,0.4
Eriobotrya,Eriobotrya,,Eriobotrya,Rosaceae,Unknown,genus,,,0.005,0.02,0.005,0.02,0.005,0.01,0.2,0.05,0.001,0.001,1.6,0.24,0.7,0.4,1,0.1,0.2,0.04,1.6,0.5,0.8,0.3,0.4
Eriobotrya bengalensis,Eriobotrya,,Eriobotrya,Rosaceae,Unknown,species,,,0.005,0.02,0.005,0.02,0.005,0.01,0.2,0.05,0.001,0.001,1.6,0.24,0.7,0.4,1,0.1,0.2,0.04,1.6,0.5,0.8,0.3,0.4
Eriobotrya deflexa,Eriobotrya,loquat,Eriobotrya,Rosaceae,Btr,species,,,0.005,0.02,0.005,0.02,0.005,0.01,0.2,0.05,0.001,0.001,1.6,0.24,0.7,0.4,1,0.1,0.2,0.04,1.6,0.5,0.8,0.3,0.4
Eriobotrya japonica,Eriobotrya,loquat,Eriobotrya,Rosaceae,Btr,species,,,0.005,0.02,0.005,0.02,0.005,0.01,0.2,0.05,0.001,0.001,1.6,0.24,0.7,0.4,1,0.1,0.2,0.04,1.6,0.5,0.8,0.3,0.4
Eriogonum,NoData,,Eriogonum,Polygonaceae,Shrub,genus,,,4,0.02,0.2,0.2,0.1,0.1,0.04,0.05,0.06,0.04,1.6,0.24,0.7,0.4,1,0.1,0.2,0.04,1.6,0.5,0.8,0.3,0.4
Eriogonum fasciculatum,NoData,Eastern Mojave buckwheat,Eriogonum,Polygonaceae,Shrub,species,,,4,0.02,0.2,0.2,0.1,0.1,0.04,0.05,0.06,0.04,1.6,0.24,0.7,0.4,1,0.1,0.2,0.04,1.6,0.5,0.8,0.3,0.4
Eriolaena,NoData,,Eriolaena,TBD,Unknown,genus,,,4,0.02,0.2,0.2,0.1,0.1,0.04,0.05,0.06,0.04,1.6,0.24,0.7,0.4,1,0.1,0.2,0.04,1.6,0.5,0.8,0.3,0.4
Eriolaena kwangsiensis,NoData,,Eriolaena,TBD,Unknown,species,,,4,0.02,0.2,0.2,0.1,0.1,0.04,0.05,0.06,0.04,1.6,0.24,0.7,0.4,1,0.1,0.2,0.04,1.6,0.5,0.8,0.3,0.4
Erithalis,NoData,,Erithalis,Rubiaceae,Btr,genus,,,4,0.02,0.2,0.2,0.1,0.1,0.04,0.05,0.06,0.04,1.6,0.24,0.7,0.4,1,0.1,0.2,0.04,1.6,0.5,0.8,0.3,0.4
Erithalis fruticosa,NoData,blacktorch,Erithalis,Rubiaceae,Btr,species,,,4,0.02,0.2,0.2,0.1,0.1,0.04,0.05,0.06,0.04,1.6,0.24,0.7,0.4,1,0.1,0.2,0.04,1.6,0.5,0.8,0.3,0.4
Erythrina,NoData,erythrina,Erythrina,Fabaceae,Btr,genus,,,4,0.02,0.2,0.2,0.1,0.1,0.04,0.05,0.06,0.04,1.6,0.24,0.7,0.4,1,0.1,0.2,0.04,1.6,0.5,0.8,0.3,0.4
Erythrina bidwillii,NoData,erythrina,Erythrina,Fabaceae,Btr,species,,,4,0.02,0.2,0.2,0.1,0.1,0.04,0.05,0.06,0.04,1.6,0.24,0.7,0.4,1,0.1,0.2,0.04,1.6,0.5,0.8,0.3,0.4
Erythrina caffra,NoData,erythrina,Erythrina,Fabaceae,Btr,species,,,4,0.02,0.2,0.2,0.1,0.1,0.04,0.05,0.06,0.04,1.6,0.24,0.7,0.4,1,0.1,0.2,0.04,1.6,0.5,0.8,0.3,0.4
Erythrina coralloides,NoData,,Erythrina,Fabaceae,Btr,species,,,4,0.02,0.2,0.2,0.1,0.1,0.04,0.05,0.06,0.04,1.6,0.24,0.7,0.4,1,0.1,0.2,0.04,1.6,0.5,0.8,0.3,0.4
Erythrina crista-galli,NoData,crybabytree,Erythrina,Fabaceae,Btr,species,,,4,0.02,0.2,0.2,0.1,0.1,0.04,0.05,0.06,0.04,1.6,0.24,0.7,0.4,1,0.1,0.2,0.04,1.6,0.5,0.8,0.3,0.4
Erythrina falcata,NoData,erythrina,Erythrina,Fabaceae,Btr,species,,,4,0.02,0.2,0.2,0.1,0.1,0.04,0.05,0.06,0.04,1.6,0.24,0.7,0.4,1,0.1,0.2,0.04,1.6,0.5,0.8,0.3,0.4
Erythrina humeana,NoData,dwarf erythrina,Erythrina,Fabaceae,Unknown,species,,,4,0.02,0.2,0.2,0.1,0.1,0.04,0.05,0.06,0.04,1.6,0.24,0.7,0.4,1,0.1,0.2,0.04,1.6,0.5,0.8,0.3,0.4
Erythrina lithosperma,NoData,,Erythrina,Fabaceae,Unknown,species,,,4,0.02,0.2,0.2,0.1,0.1,0.04,0.05,0.06,0.04,1.6,0.24,0.7,0.4,1,0.1,0.2,0.04,1.6,0.5,0.8,0.3,0.4
Erythrina lysistemon,NoData,,Erythrina,Fabaceae,Unknown,species,,,4,0.02,0.2,0.2,0.1,0.1,0.04,0.05,0.06,0.04,1.6,0.24,0.7,0.4,1,0.1,0.2,0.04,1.6,0.5,0.8,0.3,0.4
Erythrina sigmoidea,NoData,,Erythrina,Fabaceae,Unknown,species,,,4,0.02,0.2,0.2,0.1,0.1,0.04,0.05,0.06,0.04,1.6,0.24,0.7,0.4,1,0.1,0.2,0.04,1.6,0.5,0.8,0.3,0.4
Erythrina variegata,NoData,tiger's claw,Erythrina,Fabaceae,Btr,species,,,4,0.02,0.2,0.2,0.1,0.1,0.04,0.05,0.06,0.04,1.6,0.24,0.7,0.4,1,0.1,0.2,0.04,1.6,0.5,0.8,0.3,0.4
Erythrina variegata var. orientalis,NoData,tiger's claw,Erythrina,Fabaceae,Btr,species,,,4,0.02,0.2,0.2,0.1,0.1,0.04,0.05,0.06,0.04,1.6,0.24,0.7,0.4,1,0.1,0.2,0.04,1.6,0.5,0.8,0.3,0.4
Erythrinastricta,NoData,,Erythrinastricta,TBD,Unknown,genus,,,4,0.02,0.2,0.2,0.1,0.1,0.04,0.05,0.06,0.04,1.6,0.24,0.7,0.4,1,0.1,0.2,0.04,1.6,0.5,0.8,0.3,0.4
Erythrophleum,NoData,sasswood,Erythrophleum,Fabaceae,Unknown,genus,,,4,0.02,0.2,0.2,0.1,0.1,0.04,0.05,0.06,0.04,1.6,0.24,0.7,0.4,1,0.1,0.2,0.04,1.6,0.5,0.8,0.3,0.4
Erythrophleum africanum,NoData,,Erythrophleum,Fabaceae,Unknown,species,,,4,0.02,0.2,0.2,0.1,0.1,0.04,0.05,0.06,0.04,1.6,0.24,0.7,0.4,1,0.1,0.2,0.04,1.6,0.5,0.8,0.3,0.4
Erythrophleum fordii,NoData,,Erythrophleum,Fabaceae,Unknown,species,,,4,0.02,0.2,0.2,0.1,0.1,0.04,0.05,0.06,0.04,1.6,0.24,0.7,0.4,1,0.1,0.2,0.04,1.6,0.5,0.8,0.3,0.4
Erythrophleum ivorense,NoData,,Erythrophleum,Fabaceae,Unknown,species,,,4,0.02,0.2,0.2,0.1,0.1,0.04,0.05,0.06,0.04,1.6,0.24,0.7,0.4,1,0.1,0.2,0.04,1.6,0.5,0.8,0.3,0.4
Erythrophleum suaveolens,NoData,sasswood,Erythrophleum,Fabaceae,Unknown,species,,,4,0.02,0.2,0.2,0.1,0.1,0.04,0.05,0.06,0.04,1.6,0.24,0.7,0.4,1,0.1,0.2,0.04,1.6,0.5,0.8,0.3,0.4
Erythroxylum,NoData,,Erythroxylum,Erythroxylaceae,Btr,genus,,,4,0.02,0.2,0.2,0.1,0.1,0.04,0.05,0.06,0.04,1.6,0.24,0.7,0.4,1,0.1,0.2,0.04,1.6,0.5,0.8,0.3,0.4
Erythroxylum rotundifolium,NoData,ratwood,Erythroxylum,Erythroxylaceae,Btr,species,,,4,0.02,0.2,0.2,0.1,0.1,0.04,0.05,0.06,0.04,1.6,0.24,0.7,0.4,1,0.1,0.2,0.04,1.6,0.5,0.8,0.3,0.4
Escallonia,NoData,,Escallonia,Grossulariaceae,Shrub,genus,,,4,0.02,0.2,0.2,0.1,0.1,0.04,0.05,0.06,0.04,1.6,0.24,0.7,0.4,1,0.1,0.2,0.04,1.6,0.5,0.8,0.3,0.4
Escallonia laevis,NoData,,Escallonia,Grossulariaceae,Shrub,species,,,4,0.02,0.2,0.2,0.1,0.1,0.04,0.05,0.06,0.04,1.6,0.24,0.7,0.4,1,0.1,0.2,0.04,1.6,0.5,0.8,0.3,0.4
Escallonia rubra,NoData,redclaws,Escallonia,Grossulariaceae,Shrub,species,,,4,0.02,0.2,0.2,0.1,0.1,0.04,0.05,0.06,0.04,1.6,0.24,0.7,0.4,1,0.1,0.2,0.04,1.6,0.5,0.8,0.3,0.4
Eschscholzia,NoData,,Eschscholzia,Papaveraceae,Herb,genus,,,4,0.02,0.2,0.2,0.1,0.1,0.04,0.05,0.06,0.04,1.6,0.24,0.7,0.4,1,0.1,0.2,0.04,1.6,0.5,0.8,0.3,0.4
Eschscholzia californica,NoData,California poppy,Eschscholzia,Papaveraceae,Herb,species,,,4,0.02,0.2,0.2,0.1,0.1,0.04,0.05,0.06,0.04,1.6,0.24,0.7,0.4,1,0.1,0.2,0.04,1.6,0.5,0.8,0.3,0.4
Eschweilera,NoData,,Eschweilera,Lecythidaceae,Btr,genus,,,4,0.02,0.2,0.2,0.1,0.1,0.04,0.05,0.06,0.04,1.6,0.24,0.7,0.4,1,0.1,0.2,0.04,1.6,0.5,0.8,0.3,0.4
Eschweilera odorata,NoData,,Eschweilera,Lecythidaceae,Btr,species,,,4,0.02,0.2,0.2,0.1,0.1,0.04,0.05,0.06,0.04,1.6,0.24,0.7,0.4,1,0.1,0.2,0.04,1.6,0.5,0.8,0.3,0.4
Eucalyptus,Eucalyptus,Eucalyptus,Eucalyptus,Myrtaceae,Unknown,genus,,,16,0.02,0.4,0.6,0.6,0.6,1,0.05,0.2,0.2,1.6,0.24,0.7,0.4,1,0.1,0.2,0.04,1.6,0.5,0.8,0.3,0.4
Eucalyptus,Eucalyptus,gum,Eucalyptus,Myrtaceae,Btr,genus,,,16,0.02,0.4,0.6,0.6,0.6,1,0.05,0.2,0.2,1.6,0.24,0.7,0.4,1,0.1,0.2,0.04,1.6,0.5,0.8,0.3,0.4
Eucalyptus amplifolia,Eucalyptus,cabbage gum,Eucalyptus,Myrtaceae,Unknown,species,,,16,0.02,0.4,0.6,0.6,0.6,1,0.05,0.2,0.2,1.6,0.24,0.7,0.4,1,0.1,0.2,0.04,1.6,0.5,0.8,0.3,0.4
Eucalyptus amygdalina,Eucalyptus,,Eucalyptus,Myrtaceae,Btr,species,,,16,0.02,0.4,0.6,0.6,0.6,1,0.05,0.2,0.2,1.6,0.24,0.7,0.4,1,0.1,0.2,0.04,1.6,0.5,0.8,0.3,0.4
Eucalyptus botryoides,Eucalyptus,southern mahogany,Eucalyptus,Myrtaceae,Btr,species,,,16,0.02,0.4,0.6,0.6,0.6,1,0.05,0.2,0.2,1.6,0.24,0.7,0.4,1,0.1,0.2,0.04,1.6,0.5,0.8,0.3,0.4
Eucalyptus bridgesiana,Eucalyptus,applebox,Eucalyptus,Myrtaceae,Btr,species,,,16,0.02,0.4,0.6,0.6,0.6,1,0.05,0.2,0.2,1.6,0.24,0.7,0.4,1,0.1,0.2,0.04,1.6,0.5,0.8,0.3,0.4
Eucalyptus calophylla,Eucalyptus,,Eucalyptus,Myrtaceae,Unknown,species,,,16,0.02,0.4,0.6,0.6,0.6,1,0.05,0.2,0.2,1.6,0.24,0.7,0.4,1,0.1,0.2,0.04,1.6,0.5,0.8,0.3,0.4
Eucalyptus camaldulensis,Eucalyptus,river redgum,Eucalyptus,Myrtaceae,Btr,species,,,16,0.02,0.4,0.6,0.6,0.6,1,0.05,0.2,0.2,1.6,0.24,0.7,0.4,1,0.1,0.2,0.04,1.6,0.5,0.8,0.3,0.4
Eucalyptus cinerea,Eucalyptus,argyle apple,Eucalyptus,Myrtaceae,Btr,species,,,16,0.02,0.4,0.6,0.6,0.6,1,0.05,0.2,0.2,1.6,0.24,0.7,0.4,1,0.1,0.2,0.04,1.6,0.5,0.8,0.3,0.4
Eucalyptus citriodora,Eucalyptus,,Eucalyptus,Myrtaceae,Unknown,species,,,16,0.02,0.4,0.6,0.6,0.6,1,0.05,0.2,0.2,1.6,0.24,0.7,0.4,1,0.1,0.2,0.04,1.6,0.5,0.8,0.3,0.4
Eucalyptus cladocalyx,Eucalyptus,sugargum,Eucalyptus,Myrtaceae,Btr,species,,,16,0.02,0.4,0.6,0.6,0.6,1,0.05,0.2,0.2,1.6,0.24,0.7,0.4,1,0.1,0.2,0.04,1.6,0.5,0.8,0.3,0.4
Eucalyptus cornuta,Eucalyptus,yate,Eucalyptus,Myrtaceae,Btr,species,,,16,0.02,0.4,0.6,0.6,0.6,1,0.05,0.2,0.2,1.6,0.24,0.7,0.4,1,0.1,0.2,0.04,1.6,0.5,0.8,0.3,0.4
Eucalyptus crebra,Eucalyptus,narrowleaf red ironbark,Eucalyptus,Myrtaceae,Btr,species,,,16,0.02,0.4,0.6,0.6,0.6,1,0.05,0.2,0.2,1.6,0.24,0.7,0.4,1,0.1,0.2,0.04,1.6,0.5,0.8,0.3,0.4
Eucalyptus dalrympleana,Eucalyptus,,Eucalyptus,Myrtaceae,Unknown,species,,,16,0.02,0.4,0.6,0.6,0.6,1,0.05,0.2,0.2,1.6,0.24,0.7,0.4,1,0.1,0.2,0.04,1.6,0.5,0.8,0.3,0.4
Eucalyptus deglupta,Eucalyptus,Indonesian gum,Eucalyptus,Myrtaceae,Btr,species,,,16,0.02,0.4,0.6,0.6,0.6,1,0.05,0.2,0.2,1.6,0.24,0.7,0.4,1,0.1,0.2,0.04,1.6,0.5,0.8,0.3,0.4
Eucalyptus erythrocorys,Eucalyptus,,Eucalyptus,Myrtaceae,Btr,species,,,16,0.02,0.4,0.6,0.6,0.6,1,0.05,0.2,0.2,1.6,0.24,0.7,0.4,1,0.1,0.2,0.04,1.6,0.5,0.8,0.3,0.4
Eucalyptus ficifolia,Eucalyptus,,Eucalyptus,Myrtaceae,Btr,species,,,16,0.02,0.4,0.6,0.6,0.6,1,0.05,0.2,0.2,1.6,0.24,0.7,0.4,1,0.1,0.2,0.04,1.6,0.5,0.8,0.3,0.4
Eucalyptus forrestiana,Eucalyptus,fuschia gum,Eucalyptus,Myrtaceae,Unknown,species,,,16,0.02,0.4,0.6,0.6,0.6,1,0.05,0.2,0.2,1.6,0.24,0.7,0.4,1,0.1,0.2,0.04,1.6,0.5,0.8,0.3,0.4
Eucalyptus glaucescens,Eucalyptus,tingiringi gum,Eucalyptus,Myrtaceae,Unknown,species,,,16,0.02,0.4,0.6,0.6,0.6,1,0.05,0.2,0.2,1.6,0.24,0.7,0.4,1,0.1,0.2,0.04,1.6,0.5,0.8,0.3,0.4
Eucalyptus globulus,Eucalyptus,Tasmanian bluegum,Eucalyptus,Myrtaceae,Btr,species,,,16,0.02,0.4,0.6,0.6,0.6,1,0.05,0.2,0.2,1.6,0.24,0.7,0.4,1,0.1,0.2,0.04,1.6,0.5,0.8,0.3,0.4
Eucalyptus globulus var compacta,Eucalyptus,,Eucalyptus,Myrtaceae,Btr,species,,,16,0.02,0.4,0.6,0.6,0.6,1,0.05,0.2,0.2,1.6,0.24,0.7,0.4,1,0.1,0.2,0.04,1.6,0.5,0.8,0.3,0.4
Eucalyptus gomphocephala,Eucalyptus,tuart,Eucalyptus,Myrtaceae,Btr,species,,,16,0.02,0.4,0.6,0.6,0.6,1,0.05,0.2,0.2,1.6,0.24,0.7,0.4,1,0.1,0.2,0.04,1.6,0.5,0.8,0.3,0.4
Eucalyptus grandis,Eucalyptus,grand eucalyptus,Eucalyptus,Myrtaceae,Btr,species,,,16,0.02,0.4,0.6,0.6,0.6,1,0.05,0.2,0.2,1.6,0.24,0.7,0.4,1,0.1,0.2,0.04,1.6,0.5,0.8,0.3,0.4
Eucalyptus gunnii,Eucalyptus,cider gum,Eucalyptus,Myrtaceae,Unknown,species,,,16,0.02,0.4,0.6,0.6,0.6,1,0.05,0.2,0.2,1.6,0.24,0.7,0.4,1,0.1,0.2,0.04,1.6,0.5,0.8,0.3,0.4
Eucalyptus incrassata,Eucalyptus,,Eucalyptus,Myrtaceae,Unknown,species,,,16,0.02,0.4,0.6,0.6,0.6,1,0.05,0.2,0.2,1.6,0.24,0.7,0.4,1,0.1,0.2,0.04,1.6,0.5,0.8,0.3,0.4
Eucalyptus intertexta,Eucalyptus,,Eucalyptus,Myrtaceae,Unknown,species,,,16,0.02,0.4,0.6,0.6,0.6,1,0.05,0.2,0.2,1.6,0.24,0.7,0.4,1,0.1,0.2,0.04,1.6,0.5,0.8,0.3,0.4
Eucalyptus lansdowneana,Eucalyptus,,Eucalyptus,Myrtaceae,Unknown,species,,,16,0.02,0.4,0.6,0.6,0.6,1,0.05,0.2,0.2,1.6,0.24,0.7,0.4,1,0.1,0.2,0.04,1.6,0.5,0.8,0.3,0.4
Eucalyptus lehmannii,Eucalyptus,bushy yate,Eucalyptus,Myrtaceae,Unknown,species,,,16,0.02,0.4,0.6,0.6,0.6,1,0.05,0.2,0.2,1.6,0.24,0.7,0.4,1,0.1,0.2,0.04,1.6,0.5,0.8,0.3,0.4
Eucalyptus leucoxylon,Eucalyptus,white ironbark,Eucalyptus,Myrtaceae,Unknown,species,,,16,0.02,0.4,0.6,0.6,0.6,1,0.05,0.2,0.2,1.6,0.24,0.7,0.4,1,0.1,0.2,0.04,1.6,0.5,0.8,0.3,0.4
Eucalyptus longifolia,Eucalyptus,woollybutt,Eucalyptus,Myrtaceae,Unknown,species,,,16,0.02,0.4,0.6,0.6,0.6,1,0.05,0.2,0.2,1.6,0.24,0.7,0.4,1,0.1,0.2,0.04,1.6,0.5,0.8,0.3,0.4
Eucalyptus macrandra,Eucalyptus,long-flower marlock,Eucalyptus,Myrtaceae,Unknown,species,,,16,0.02,0.4,0.6,0.6,0.6,1,0.05,0.2,0.2,1.6,0.24,0.7,0.4,1,0.1,0.2,0.04,1.6,0.5,0.8,0.3,0.4
Eucalyptus macrocarpa,Eucalyptus,mottlecah,Eucalyptus,Myrtaceae,Unknown,species,,,16,0.02,0.4,0.6,0.6,0.6,1,0.05,0.2,0.2,1.6,0.24,0.7,0.4,1,0.1,0.2,0.04,1.6,0.5,0.8,0.3,0.4
Eucalyptus maculata,Eucalyptus,spotted gum,Eucalyptus,Myrtaceae,Unknown,species,,,16,0.02,0.4,0.6,0.6,0.6,1,0.05,0.2,0.2,1.6,0.24,0.7,0.4,1,0.1,0.2,0.04,1.6,0.5,0.8,0.3,0.4
Eucalyptus marginata,Eucalyptus,jarrah,Eucalyptus,Myrtaceae,Btr,species,,,16,0.02,0.4,0.6,0.6,0.6,1,0.05,0.2,0.2,1.6,0.24,0.7,0.4,1,0.1,0.2,0.04,1.6,0.5,0.8,0.3,0.4
Eucalyptus melliodora,Eucalyptus,yellow-box,Eucalyptus,Myrtaceae,Unknown,species,,,16,0.02,0.4,0.6,0.6,0.6,1,0.05,0.2,0.2,1.6,0.24,0.7,0.4,1,0.1,0.2,0.04,1.6,0.5,0.8,0.3,0.4
Eucalyptus microtheca,Eucalyptus,coolabah,Eucalyptus,Myrtaceae,Unknown,species,,,16,0.02,0.4,0.6,0.6,0.6,1,0.05,0.2,0.2,1.6,0.24,0.7,0.4,1,0.1,0.2,0.04,1.6,0.5,0.8,0.3,0.4
Eucalyptus nicholii,Eucalyptus,,Eucalyptus,Myrtaceae,Unknown,species,,,16,0.02,0.4,0.6,0.6,0.6,1,0.05,0.2,0.2,1.6,0.24,0.7,0.4,1,0.1,0.2,0.04,1.6,0.5,0.8,0.3,0.4
Eucalyptus niphophilia,Eucalyptus,,Eucalyptus,Myrtaceae,Unknown,species,,,16,0.02,0.4,0.6,0.6,0.6,1,0.05,0.2,0.2,1.6,0.24,0.7,0.4,1,0.1,0.2,0.04,1.6,0.5,0.8,0.3,0.4
Eucalyptus occidentalis,Eucalyptus,flat-top yate,Eucalyptus,Myrtaceae,Unknown,species,,,16,0.02,0.4,0.6,0.6,0.6,1,0.05,0.2,0.2,1.6,0.24,0.7,0.4,1,0.1,0.2,0.04,1.6,0.5,0.8,0.3,0.4
Eucalyptus odorata,Eucalyptus,,Eucalyptus,Myrtaceae,Unknown,species,,,16,0.02,0.4,0.6,0.6,0.6,1,0.05,0.2,0.2,1.6,0.24,0.7,0.4,1,0.1,0.2,0.04,1.6,0.5,0.8,0.3,0.4
Eucalyptus paniculata,Eucalyptus,gray ironbark,Eucalyptus,Myrtaceae,Btr,species,,,16,0.02,0.4,0.6,0.6,0.6,1,0.05,0.2,0.2,1.6,0.24,0.7,0.4,1,0.1,0.2,0.04,1.6,0.5,0.8,0.3,0.4
Eucalyptus parvula,Eucalyptus,kybean gum,Eucalyptus,Myrtaceae,Unknown,species,,,16,0.02,0.4,0.6,0.6,0.6,1,0.05,0.2,0.2,1.6,0.24,0.7,0.4,1,0.1,0.2,0.04,1.6,0.5,0.8,0.3,0.4
Eucalyptus pauciflora,Eucalyptus,snow gum,Eucalyptus,Myrtaceae,Unknown,species,,,16,0.02,0.4,0.6,0.6,0.6,1,0.05,0.2,0.2,1.6,0.24,0.7,0.4,1,0.1,0.2,0.04,1.6,0.5,0.8,0.3,0.4
Eucalyptus platypus,Eucalyptus,,Eucalyptus,Myrtaceae,Unknown,species,,,16,0.02,0.4,0.6,0.6,0.6,1,0.05,0.2,0.2,1.6,0.24,0.7,0.4,1,0.1,0.2,0.04,1.6,0.5,0.8,0.3,0.4
Eucalyptus polyanthemos,Eucalyptus,redbox,Eucalyptus,Myrtaceae,Btr,species,,,16,0.02,0.4,0.6,0.6,0.6,1,0.05,0.2,0.2,1.6,0.24,0.7,0.4,1,0.1,0.2,0.04,1.6,0.5,0.8,0.3,0.4
Eucalyptus pulchella,Eucalyptus,,Eucalyptus,Myrtaceae,Unknown,species,,,16,0.02,0.4,0.6,0.6,0.6,1,0.05,0.2,0.2,1.6,0.24,0.7,0.4,1,0.1,0.2,0.04,1.6,0.5,0.8,0.3,0.4
Eucalyptus pulverulenta,Eucalyptus,silverleaf mountain gum,Eucalyptus,Myrtaceae,Btr,species,,,16,0.02,0.4,0.6,0.6,0.6,1,0.05,0.2,0.2,1.6,0.24,0.7,0.4,1,0.1,0.2,0.04,1.6,0.5,0.8,0.3,0.4
Eucalyptus pyriformis,Eucalyptus,pear-fruit mallee,Eucalyptus,Myrtaceae,Unknown,species,,,16,0.02,0.4,0.6,0.6,0.6,1,0.05,0.2,0.2,1.6,0.24,0.7,0.4,1,0.1,0.2,0.04,1.6,0.5,0.8,0.3,0.4
Eucalyptus robusta,Eucalyptus,swampmahogany,Eucalyptus,Myrtaceae,Btr,species,,,16,0.02,0.4,0.6,0.6,0.6,1,0.05,0.2,0.2,1.6,0.24,0.7,0.4,1,0.1,0.2,0.04,1.6,0.5,0.8,0.3,0.4
Eucalyptus rodantha,Eucalyptus,,Eucalyptus,Myrtaceae,Btr,species,,,16,0.02,0.4,0.6,0.6,0.6,1,0.05,0.2,0.2,1.6,0.24,0.7,0.4,1,0.1,0.2,0.04,1.6,0.5,0.8,0.3,0.4
Eucalyptus rudis,Eucalyptus,Western Australian floodedgum,Eucalyptus,Myrtaceae,Btr,species,,,16,0.02,0.4,0.6,0.6,0.6,1,0.05,0.2,0.2,1.6,0.24,0.7,0.4,1,0.1,0.2,0.04,1.6,0.5,0.8,0.3,0.4
Eucalyptus saligna,Eucalyptus,Sydney bluegum,Eucalyptus,Myrtaceae,Btr,species,,,16,0.02,0.4,0.6,0.6,0.6,1,0.05,0.2,0.2,1.6,0.24,0.7,0.4,1,0.1,0.2,0.04,1.6,0.5,0.8,0.3,0.4
Eucalyptus sargentii,Eucalyptus,eucalyptus,Eucalyptus,Myrtaceae,Unknown,species,,,16,0.02,0.4,0.6,0.6,0.6,1,0.05,0.2,0.2,1.6,0.24,0.7,0.4,1,0.1,0.2,0.04,1.6,0.5,0.8,0.3,0.4
Eucalyptus sideroxylon,Eucalyptus,red ironbark,Eucalyptus,Myrtaceae,Btr,species,,,16,0.02,0.4,0.6,0.6,0.6,1,0.05,0.2,0.2,1.6,0.24,0.7,0.4,1,0.1,0.2,0.04,1.6,0.5,0.8,0.3,0.4
Eucalyptus spathulata,Eucalyptus,eucalyptus,Eucalyptus,Myrtaceae,Unknown,species,,,16,0.02,0.4,0.6,0.6,0.6,1,0.05,0.2,0.2,1.6,0.24,0.7,0.4,1,0.1,0.2,0.04,1.6,0.5,0.8,0.3,0.4
Eucalyptus tereticornis,Eucalyptus,forest redgum,Eucalyptus,Myrtaceae,Btr,species,,,16,0.02,0.4,0.6,0.6,0.6,1,0.05,0.2,0.2,1.6,0.24,0.7,0.4,1,0.1,0.2,0.04,1.6,0.5,0.8,0.3,0.4
Eucalyptus torquata,Eucalyptus,coral gum,Eucalyptus,Myrtaceae,Btr,species,,,16,0.02,0.4,0.6,0.6,0.6,1,0.05,0.2,0.2,1.6,0.24,0.7,0.4,1,0.1,0.2,0.04,1.6,0.5,0.8,0.3,0.4
Eucalyptus urophylla,Eucalyptus,,Eucalyptus,Myrtaceae,Unknown,species,,,16,0.02,0.4,0.6,0.6,0.6,1,0.05,0.2,0.2,1.6,0.24,0.7,0.4,1,0.1,0.2,0.04,1.6,0.5,0.8,0.3,0.4
Eucalyptus viminalis,Eucalyptus,manna gum,Eucalyptus,Myrtaceae,Btr,species,,,16,0.02,0.4,0.6,0.6,0.6,1,0.05,0.2,0.2,1.6,0.24,0.7,0.4,1,0.1,0.2,0.04,1.6,0.5,0.8,0.3,0.4
Eucalyptus wandoo,Eucalyptus,wandoo,Eucalyptus,Myrtaceae,Unknown,species,,,16,0.02,0.4,0.6,0.6,0.6,1,0.05,0.2,0.2,1.6,0.24,0.7,0.4,1,0.1,0.2,0.04,1.6,0.5,0.8,0.3,0.4
Euclea,NoData,,Euclea,Ebenaceae,Unknown,genus,,,4,0.02,0.2,0.2,0.1,0.1,0.04,0.05,0.06,0.04,1.6,0.24,0.7,0.4,1,0.1,0.2,0.04,1.6,0.5,0.8,0.3,0.4
Euclea crispa,NoData,,Euclea,Ebenaceae,Unknown,species,,,4,0.02,0.2,0.2,0.1,0.1,0.04,0.05,0.06,0.04,1.6,0.24,0.7,0.4,1,0.1,0.2,0.04,1.6,0.5,0.8,0.3,0.4
Euclea natalensis,NoData,,Euclea,Ebenaceae,Unknown,species,,,4,0.02,0.2,0.2,0.1,0.1,0.04,0.05,0.06,0.04,1.6,0.24,0.7,0.4,1,0.1,0.2,0.04,1.6,0.5,0.8,0.3,0.4
Euclea undulata,NoData,,Euclea,Ebenaceae,Unknown,species,,,4,0.02,0.2,0.2,0.1,0.1,0.04,0.05,0.06,0.04,1.6,0.24,0.7,0.4,1,0.1,0.2,0.04,1.6,0.5,0.8,0.3,0.4
Eucommia,NoData,,Eucommia,Eucommiaceae,Btr,genus,,,4,0.02,0.2,0.2,0.1,0.1,0.04,0.05,0.06,0.04,1.6,0.24,0.7,0.4,1,0.1,0.2,0.04,1.6,0.5,0.8,0.3,0.4
Eucommia ulmoides,NoData,,Eucommia,Eucommiaceae,Btr,species,,,4,0.02,0.2,0.2,0.1,0.1,0.04,0.05,0.06,0.04,1.6,0.24,0.7,0.4,1,0.1,0.2,0.04,1.6,0.5,0.8,0.3,0.4
Eucryphia,NoData,,Eucryphia,Cunoniaceae,Unknown,genus,,,4,0.02,0.2,0.2,0.1,0.1,0.04,0.05,0.06,0.04,1.6,0.24,0.7,0.4,1,0.1,0.2,0.04,1.6,0.5,0.8,0.3,0.4
Eucryphia billardieri,NoData,,Eucryphia,Cunoniaceae,Unknown,species,,,4,0.02,0.2,0.2,0.1,0.1,0.04,0.05,0.06,0.04,1.6,0.24,0.7,0.4,1,0.1,0.2,0.04,1.6,0.5,0.8,0.3,0.4
Eugenia,NoData,stopper,Eugenia,Myrtaceae,Btr,genus,,,4,0.02,0.2,0.2,0.1,0.1,0.04,0.05,0.06,0.04,1.6,0.24,0.7,0.4,1,0.1,0.2,0.04,1.6,0.5,0.8,0.3,0.4
Eugenia foetida,NoData,boxleaf stopper,Eugenia,Myrtaceae,Btr,species,,,4,0.02,0.2,0.2,0.1,0.1,0.04,0.05,0.06,0.04,1.6,0.24,0.7,0.4,1,0.1,0.2,0.04,1.6,0.5,0.8,0.3,0.4
Eugenia grandis,NoData,,Eugenia,Myrtaceae,Unknown,species,,,4,0.02,0.2,0.2,0.1,0.1,0.04,0.05,0.06,0.04,1.6,0.24,0.7,0.4,1,0.1,0.2,0.04,1.6,0.5,0.8,0.3,0.4
Eugenia malacensis,NoData,,Eugenia,Myrtaceae,Unknown,species,,,4,0.02,0.2,0.2,0.1,0.1,0.04,0.05,0.06,0.04,1.6,0.24,0.7,0.4,1,0.1,0.2,0.04,1.6,0.5,0.8,0.3,0.4
Eugenia uniflora,NoData,Surinam cherry,Eugenia,Myrtaceae,Btr,species,,,4,0.02,0.2,0.2,0.1,0.1,0.04,0.05,0.06,0.04,1.6,0.24,0.7,0.4,1,0.1,0.2,0.04,1.6,0.5,0.8,0.3,0.4
Eugenia xerophytica,NoData,aridland stopper,Eugenia,Myrtaceae,Btr,species,,,4,0.02,0.2,0.2,0.1,0.1,0.04,0.05,0.06,0.04,1.6,0.24,0.7,0.4,1,0.1,0.2,0.04,1.6,0.5,0.8,0.3,0.4
Eugeniaa,NoData,,Eugeniaa,TBD,Unknown,genus,,,4,0.02,0.2,0.2,0.1,0.1,0.04,0.05,0.06,0.04,1.6,0.24,0.7,0.4,1,0.1,0.2,0.04,1.6,0.5,0.8,0.3,0.4
Eugeniaa uniflora,NoData,,Eugeniaa,TBD,Unknown,species,,,4,0.02,0.2,0.2,0.1,0.1,0.04,0.05,0.06,0.04,1.6,0.24,0.7,0.4,1,0.1,0.2,0.04,1.6,0.5,0.8,0.3,0.4
Euonymus,NoData,,Euonymus,Celastraceae,Btr,genus,,,4,0.02,0.2,0.2,0.1,0.1,0.04,0.05,0.06,0.04,1.6,0.24,0.7,0.4,1,0.1,0.2,0.04,1.6,0.5,0.8,0.3,0.4
Euonymus japonicus,NoData,Japanese spindletree,Euonymus,Celastraceae,Btr,species,,,4,0.02,0.2,0.2,0.1,0.1,0.04,0.05,0.06,0.04,1.6,0.24,0.7,0.4,1,0.1,0.2,0.04,1.6,0.5,0.8,0.3,0.4
Eupatorium,NoData,,Eupatorium,Asteraceae,Unknown,genus,,,4,0.02,0.2,0.2,0.1,0.1,0.04,0.05,0.06,0.04,1.6,0.24,0.7,0.4,1,0.1,0.2,0.04,1.6,0.5,0.8,0.3,0.4
Eupatorium odoratum,NoData,,Eupatorium,Asteraceae,Unknown,species,,,4,0.02,0.2,0.2,0.1,0.1,0.04,0.05,0.06,0.04,1.6,0.24,0.7,0.4,1,0.1,0.2,0.04,1.6,0.5,0.8,0.3,0.4
Euphorbia,NoData,spurge,Euphorbia,Euphorbiaceae,Btr,genus,,,4,0.02,0.2,0.2,0.1,0.1,0.04,0.05,0.06,0.04,1.6,0.24,0.7,0.4,1,0.1,0.2,0.04,1.6,0.5,0.8,0.3,0.4
Euphorbia cotinifolia,NoData,Mexican shrubby spurge,Euphorbia,Euphorbiaceae,Btr,species,,,4,0.02,0.2,0.2,0.1,0.1,0.04,0.05,0.06,0.04,1.6,0.24,0.7,0.4,1,0.1,0.2,0.04,1.6,0.5,0.8,0.3,0.4
Euphorbia fulgens,NoData,scarlet-plume,Euphorbia,Euphorbiaceae,Unknown,species,,,4,0.02,0.2,0.2,0.1,0.1,0.04,0.05,0.06,0.04,1.6,0.24,0.7,0.4,1,0.1,0.2,0.04,1.6,0.5,0.8,0.3,0.4
Euphorbia pulcherrima,NoData,poinsettia,Euphorbia,Euphorbiaceae,Btr,species,,,4,0.02,0.2,0.2,0.1,0.1,0.04,0.05,0.06,0.04,1.6,0.24,0.7,0.4,1,0.1,0.2,0.04,1.6,0.5,0.8,0.3,0.4
Euphorbia splendens,NoData,,Euphorbia,Euphorbiaceae,Unknown,species,,,4,0.02,0.2,0.2,0.1,0.1,0.04,0.05,0.06,0.04,1.6,0.24,0.7,0.4,1,0.1,0.2,0.04,1.6,0.5,0.8,0.3,0.4
Euphorbia tirucalli,NoData,Indiantree spurge,Euphorbia,Euphorbiaceae,Btr,species,,,4,0.02,0.2,0.2,0.1,0.1,0.04,0.05,0.06,0.04,1.6,0.24,0.7,0.4,1,0.1,0.2,0.04,1.6,0.5,0.8,0.3,0.4
Euphorbiaceae,NoData,,Euphorbiaceae,Euphorbiaceae,Unknown,family,,,4,0.02,0.2,0.2,0.1,0.1,0.04,0.05,0.06,0.04,1.6,0.24,0.7,0.4,1,0.1,0.2,0.04,1.6,0.5,0.8,0.3,0.4
Eurya,NoData,,Eurya,Theaceae,Unknown,genus,,,4,0.02,0.2,0.2,0.1,0.1,0.04,0.05,0.06,0.04,1.6,0.24,0.7,0.4,1,0.1,0.2,0.04,1.6,0.5,0.8,0.3,0.4
Eurya obliquifolia,NoData,,Eurya,Theaceae,Unknown,species,,,4,0.02,0.2,0.2,0.1,0.1,0.04,0.05,0.06,0.04,1.6,0.24,0.7,0.4,1,0.1,0.2,0.04,1.6,0.5,0.8,0.3,0.4
Euryops,NoData,,Euryops,Asteraceae,Unknown,genus,,,4,0.02,0.2,0.2,0.1,0.1,0.04,0.05,0.06,0.04,1.6,0.24,0.7,0.4,1,0.1,0.2,0.04,1.6,0.5,0.8,0.3,0.4
Euryops pectinatus,NoData,,Euryops,Asteraceae,Unknown,species,,,4,0.02,0.2,0.2,0.1,0.1,0.04,0.05,0.06,0.04,1.6,0.24,0.7,0.4,1,0.1,0.2,0.04,1.6,0.5,0.8,0.3,0.4
Eusideroxylon,NoData,,Eusideroxylon,Lauraceae,Unknown,genus,,,4,0.02,0.2,0.2,0.1,0.1,0.04,0.05,0.06,0.04,1.6,0.24,0.7,0.4,1,0.1,0.2,0.04,1.6,0.5,0.8,0.3,0.4
Eusideroxylon zwangeri,NoData,,Eusideroxylon,Lauraceae,Unknown,species,,,4,0.02,0.2,0.2,0.1,0.1,0.04,0.05,0.06,0.04,1.6,0.24,0.7,0.4,1,0.1,0.2,0.04,1.6,0.5,0.8,0.3,0.4
Euterpe,NoData,,Euterpe,Arecaceae,Unknown,genus,,,4,0.02,0.2,0.2,0.1,0.1,0.04,0.05,0.06,0.04,1.6,0.24,0.7,0.4,1,0.1,0.2,0.04,1.6,0.5,0.8,0.3,0.4
Euterpe macropadix,NoData,,Euterpe,Arecaceae,Unknown,species,,,4,0.02,0.2,0.2,0.1,0.1,0.04,0.05,0.06,0.04,1.6,0.24,0.7,0.4,1,0.1,0.2,0.04,1.6,0.5,0.8,0.3,0.4
Exostema,NoData,,Exostema,Rubiaceae,Btr,genus,,,4,0.02,0.2,0.2,0.1,0.1,0.04,0.05,0.06,0.04,1.6,0.24,0.7,0.4,1,0.1,0.2,0.04,1.6,0.5,0.8,0.3,0.4
Exostema caribaeum,NoData,Caribbean princewood,Exostema,Rubiaceae,Btr,species,,,4,0.02,0.2,0.2,0.1,0.1,0.04,0.05,0.06,0.04,1.6,0.24,0.7,0.4,1,0.1,0.2,0.04,1.6,0.5,0.8,0.3,0.4
Eysenhardtia,Eysenhardtia polystachya,,Eysenhardtia,Fabaceae,Btr,genus,,,16,0.02,0.2,0.2,0.1,0.2,0.04,0.05,0.06,0.04,1.6,0.24,0.7,0.4,1,0.1,0.2,0.04,1.6,0.5,0.8,0.3,0.4
Eysenhardtia polystachya,Eysenhardtia polystachya,,Eysenhardtia,Fabaceae,Btr,species,,,16,0.02,0.2,0.2,0.1,0.2,0.04,0.05,0.06,0.04,1.6,0.24,0.7,0.4,1,0.1,0.2,0.04,1.6,0.5,0.8,0.3,0.4
Eysenhardtia texana,NoData,Texas kidneywood,Eysenhardtia,Fabaceae,Btr,species,,,4,0.02,0.2,0.2,0.1,0.1,0.04,0.05,0.06,0.04,1.6,0.24,0.7,0.4,1,0.1,0.2,0.04,1.6,0.5,0.8,0.3,0.4
Fabaceae,NoData,,Fabaceae,Fabaceae,Unknown,family,,,4,0.02,0.2,0.2,0.1,0.1,0.04,0.05,0.06,0.04,1.6,0.24,0.7,0.4,1,0.1,0.2,0.04,1.6,0.5,0.8,0.3,0.4
Fagaceae,NoData,,Fagaceae,Fagaceae,Unknown,family,,,4,0.02,0.2,0.2,0.1,0.1,0.04,0.05,0.06,0.04,1.6,0.24,0.7,0.4,1,0.1,0.2,0.04,1.6,0.5,0.8,0.3,0.4
Fagara,NoData,,Fagara,TBD,Unknown,genus,,,4,0.02,0.2,0.2,0.1,0.1,0.04,0.05,0.06,0.04,1.6,0.24,0.7,0.4,1,0.1,0.2,0.04,1.6,0.5,0.8,0.3,0.4
Fagara heitzii,NoData,,Fagara,TBD,Unknown,species,,,4,0.02,0.2,0.2,0.1,0.1,0.04,0.05,0.06,0.04,1.6,0.24,0.7,0.4,1,0.1,0.2,0.04,1.6,0.5,0.8,0.3,0.4
Fagara macrophylla,NoData,,Fagara,TBD,Unknown,species,,,4,0.02,0.2,0.2,0.1,0.1,0.04,0.05,0.06,0.04,1.6,0.24,0.7,0.4,1,0.1,0.2,0.04,1.6,0.5,0.8,0.3,0.4
Fagraea,NoData,,Fagraea,Loganiaceae,Unknown,genus,,,4,0.02,0.2,0.2,0.1,0.1,0.04,0.05,0.06,0.04,1.6,0.24,0.7,0.4,1,0.1,0.2,0.04,1.6,0.5,0.8,0.3,0.4
Fagraea cuspidata,NoData,,Fagraea,Loganiaceae,Unknown,species,,,4,0.02,0.2,0.2,0.1,0.1,0.04,0.05,0.06,0.04,1.6,0.24,0.7,0.4,1,0.1,0.2,0.04,1.6,0.5,0.8,0.3,0.4
Fagus,Fagus,beech,Fagus,Fagaceae,Btr,genus,,,0.2,0.02,0.2,0.2,0.1,0.2,0.04,0.05,0.06,0.04,1.6,0.24,0.7,0.4,1,0.1,0.2,0.04,1.6,0.5,0.8,0.3,0.4
Fagus grandifolia,Fagus,American beech,Fagus,Fagaceae,Btr,species,,,0.2,0.02,0.2,0.2,0.1,0.2,0.04,0.05,0.06,0.04,1.6,0.24,0.7,0.4,1,0.1,0.2,0.04,1.6,0.5,0.8,0.3,0.4
Fagus orientalis,Fagus,beech,Fagus,Fagaceae,Btr,species,,,0.2,0.02,0.2,0.2,0.1,0.2,0.04,0.05,0.06,0.04,1.6,0.24,0.7,0.4,1,0.1,0.2,0.04,1.6,0.5,0.8,0.3,0.4
Fagus sylvatica,Fagus sylvatica,European beech,FagusMT,Fagaceae,Btr,species,,,0.2,0.02,2,2,0.6,2,0.04,0.05,0.06,0.04,1.6,0.24,0.7,0.4,1,0.1,0.2,0.04,1.6,0.5,0.8,0.3,0.4
Faidherbia,NoData,,Faidherbia,Fabaceae,Unknown,genus,,,4,0.02,0.2,0.2,0.1,0.1,0.04,0.05,0.06,0.04,1.6,0.24,0.7,0.4,1,0.1,0.2,0.04,1.6,0.5,0.8,0.3,0.4
Faidherbia albida,NoData,applering acacia,Faidherbia,Fabaceae,Unknown,species,,,4,0.02,0.2,0.2,0.1,0.1,0.04,0.05,0.06,0.04,1.6,0.24,0.7,0.4,1,0.1,0.2,0.04,1.6,0.5,0.8,0.3,0.4
Feijoa,NoData,,Feijoa,Myrtaceae,Unknown,genus,,,4,0.02,0.2,0.2,0.1,0.1,0.04,0.05,0.06,0.04,1.6,0.24,0.7,0.4,1,0.1,0.2,0.04,1.6,0.5,0.8,0.3,0.4
Feijoa sellowiana,NoData,feijoa,Feijoa,Myrtaceae,Unknown,species,,,4,0.02,0.2,0.2,0.1,0.1,0.04,0.05,0.06,0.04,1.6,0.24,0.7,0.4,1,0.1,0.2,0.04,1.6,0.5,0.8,0.3,0.4
Fernandoa,NoData,,Fernandoa,Bignoniaceae,Btr,genus,,,4,0.02,0.2,0.2,0.1,0.1,0.04,0.05,0.06,0.04,1.6,0.24,0.7,0.4,1,0.1,0.2,0.04,1.6,0.5,0.8,0.3,0.4
Fernandoa adenophyllum,NoData,Heterophragma adenophyllum,Fernandoa,Bignoniaceae,Btr,species,,,4,0.02,0.2,0.2,0.1,0.1,0.04,0.05,0.06,0.04,1.6,0.24,0.7,0.4,1,0.1,0.2,0.04,1.6,0.5,0.8,0.3,0.4
Festuca,NoData,,Festuca,Poaceae,Herb,genus,,,4,0.02,0.2,0.2,0.1,0.1,0.04,0.05,0.06,0.04,1.6,0.24,0.7,0.4,1,0.1,0.2,0.04,1.6,0.5,0.8,0.3,0.4
Festuca rubra,NoData,red fescue,Festuca,Poaceae,Herb,species,,,4,0.02,0.2,0.2,0.1,0.1,0.04,0.05,0.06,0.04,1.6,0.24,0.7,0.4,1,0.1,0.2,0.04,1.6,0.5,0.8,0.3,0.4
Ficus,Ficus,fig,Ficus,Moraceae,Btr,genus,,,12,0.02,0.05,0.1,0.01,0.02,0.04,0.05,0.04,0.02,1.6,0.24,0.7,0.4,1,0.1,0.2,0.04,1.6,0.5,0.8,0.3,0.4
Ficus altissima,Ficus,council tree,Ficus,Moraceae,Btr,species,,,12,0.02,0.05,0.1,0.01,0.02,0.04,0.05,0.04,0.02,1.6,0.24,0.7,0.4,1,0.1,0.2,0.04,1.6,0.5,0.8,0.3,0.4
Ficus annulata,Ficus,fig,Ficus,Moraceae,Btr,species,,,12,0.02,0.05,0.1,0.01,0.02,0.04,0.05,0.04,0.02,1.6,0.24,0.7,0.4,1,0.1,0.2,0.04,1.6,0.5,0.8,0.3,0.4
Ficus auriculata,Ficus,Roxburgh fig,Ficus,Moraceae,Unknown,species,,,12,0.02,0.05,0.1,0.01,0.02,0.04,0.05,0.04,0.02,1.6,0.24,0.7,0.4,1,0.1,0.2,0.04,1.6,0.5,0.8,0.3,0.4
Ficus benghalensis,Ficus,Indian banyan,Ficus,Moraceae,Btr,species,,,12,0.02,0.05,0.1,0.01,0.02,0.04,0.05,0.04,0.02,1.6,0.24,0.7,0.4,1,0.1,0.2,0.04,1.6,0.5,0.8,0.3,0.4
Ficus benjamina,Ficus,weeping fig,Ficus,Moraceae,Btr,species,,,12,0.02,0.05,0.1,0.01,0.02,0.04,0.05,0.04,0.02,1.6,0.24,0.7,0.4,1,0.1,0.2,0.04,1.6,0.5,0.8,0.3,0.4
Ficus callosa,Ficus,,Ficus,Moraceae,Unknown,species,,,12,0.02,0.05,0.1,0.01,0.02,0.04,0.05,0.04,0.02,1.6,0.24,0.7,0.4,1,0.1,0.2,0.04,1.6,0.5,0.8,0.3,0.4
Ficus capensis,Ficus,,Ficus,Moraceae,Unknown,species,,,12,0.02,0.05,0.1,0.01,0.02,0.04,0.05,0.04,0.02,1.6,0.24,0.7,0.4,1,0.1,0.2,0.04,1.6,0.5,0.8,0.3,0.4
Ficus carica,Ficus,edible fig,Ficus,Moraceae,Btr,species,,,12,0.02,0.05,0.1,0.01,0.02,0.04,0.05,0.04,0.02,1.6,0.24,0.7,0.4,1,0.1,0.2,0.04,1.6,0.5,0.8,0.3,0.4
Ficus celebensis,Ficus,fig,Ficus,Moraceae,Btr,species,,,12,0.02,0.05,0.1,0.01,0.02,0.04,0.05,0.04,0.02,1.6,0.24,0.7,0.4,1,0.1,0.2,0.04,1.6,0.5,0.8,0.3,0.4
Ficus costaricana,Ficus,,Ficus,Moraceae,Unknown,species,,,12,0.02,0.05,0.1,0.01,0.02,0.04,0.05,0.04,0.02,1.6,0.24,0.7,0.4,1,0.1,0.2,0.04,1.6,0.5,0.8,0.3,0.4
Ficus cyrtophylla,Ficus,,Ficus,Moraceae,Unknown,species,,,12,0.02,0.05,0.1,0.01,0.02,0.04,0.05,0.04,0.02,1.6,0.24,0.7,0.4,1,0.1,0.2,0.04,1.6,0.5,0.8,0.3,0.4
Ficus drupacea,Ficus,brown-woolly fig,Ficus,Moraceae,Btr,species,,,12,0.02,0.05,0.1,0.01,0.02,0.04,0.05,0.04,0.02,1.6,0.24,0.7,0.4,1,0.1,0.2,0.04,1.6,0.5,0.8,0.3,0.4
Ficus elastica,Ficus,Indian rubberplant,Ficus,Moraceae,Btr,species,,,12,0.02,0.05,0.1,0.01,0.02,0.04,0.05,0.04,0.02,1.6,0.24,0.7,0.4,1,0.1,0.2,0.04,1.6,0.5,0.8,0.3,0.4
Ficus erecta,Ficus,fig,Ficus,Moraceae,Btr,species,,,12,0.02,0.05,0.1,0.01,0.02,0.04,0.05,0.04,0.02,1.6,0.24,0.7,0.4,1,0.1,0.2,0.04,1.6,0.5,0.8,0.3,0.4
Ficus exasperata,Ficus,,Ficus,Moraceae,Unknown,species,,,12,0.02,0.05,0.1,0.01,0.02,0.04,0.05,0.04,0.02,1.6,0.24,0.7,0.4,1,0.1,0.2,0.04,1.6,0.5,0.8,0.3,0.4
Ficus fistulosa,Ficus,,Ficus,Moraceae,Unknown,species,,,12,0.02,0.05,0.1,0.01,0.02,0.04,0.05,0.04,0.02,1.6,0.24,0.7,0.4,1,0.1,0.2,0.04,1.6,0.5,0.8,0.3,0.4
Ficus glaberrima,Ficus,fig,Ficus,Moraceae,Btr,species,,,12,0.02,0.05,0.1,0.01,0.02,0.04,0.05,0.04,0.02,1.6,0.24,0.7,0.4,1,0.1,0.2,0.04,1.6,0.5,0.8,0.3,0.4
Ficus glomerata,Ficus,fig,Ficus,Moraceae,Btr,species,,,12,0.02,0.05,0.1,0.01,0.02,0.04,0.05,0.04,0.02,1.6,0.24,0.7,0.4,1,0.1,0.2,0.04,1.6,0.5,0.8,0.3,0.4
Ficus glumosa,Ficus,,Ficus,Moraceae,Unknown,species,,,12,0.02,0.05,0.1,0.01,0.02,0.04,0.05,0.04,0.02,1.6,0.24,0.7,0.4,1,0.1,0.2,0.04,1.6,0.5,0.8,0.3,0.4
Ficus hirta,Ficus,,Ficus,Moraceae,Unknown,species,,,12,0.02,0.05,0.1,0.01,0.02,0.04,0.05,0.04,0.02,1.6,0.24,0.7,0.4,1,0.1,0.2,0.04,1.6,0.5,0.8,0.3,0.4
Ficus hispida,Ficus,,Ficus,Moraceae,Unknown,species,,,12,0.02,0.05,0.1,0.01,0.02,0.04,0.05,0.04,0.02,1.6,0.24,0.7,0.4,1,0.1,0.2,0.04,1.6,0.5,0.8,0.3,0.4
Ficus infectoria,Ficus,fig,Ficus,Moraceae,Btr,species,,,12,0.02,0.05,0.1,0.01,0.02,0.04,0.05,0.04,0.02,1.6,0.24,0.7,0.4,1,0.1,0.2,0.04,1.6,0.5,0.8,0.3,0.4
Ficus ingens,Ficus,,Ficus,Moraceae,Unknown,species,,,12,0.02,0.05,0.1,0.01,0.02,0.04,0.05,0.04,0.02,1.6,0.24,0.7,0.4,1,0.1,0.2,0.04,1.6,0.5,0.8,0.3,0.4
Ficus insipida,Ficus,,Ficus,Moraceae,Unknown,species,,,12,0.02,0.05,0.1,0.01,0.02,0.04,0.05,0.04,0.02,1.6,0.24,0.7,0.4,1,0.1,0.2,0.04,1.6,0.5,0.8,0.3,0.4
Ficus langkokensis,Ficus,,Ficus,Moraceae,Unknown,species,,,12,0.02,0.05,0.1,0.01,0.02,0.04,0.05,0.04,0.02,1.6,0.24,0.7,0.4,1,0.1,0.2,0.04,1.6,0.5,0.8,0.3,0.4
Ficus lutea,Ficus,Lagos rubbertree,Ficus,Moraceae,Btr,species,,,12,0.02,0.05,0.1,0.01,0.02,0.04,0.05,0.04,0.02,1.6,0.24,0.7,0.4,1,0.1,0.2,0.04,1.6,0.5,0.8,0.3,0.4
Ficus lyrata,Ficus,fiddleleaf fig,Ficus,Moraceae,Btr,species,,,12,0.02,0.05,0.1,0.01,0.02,0.04,0.05,0.04,0.02,1.6,0.24,0.7,0.4,1,0.1,0.2,0.04,1.6,0.5,0.8,0.3,0.4
Ficus maclellandii,Ficus,fig,Ficus,Moraceae,Btr,species,,,12,0.02,0.05,0.1,0.01,0.02,0.04,0.05,0.04,0.02,1.6,0.24,0.7,0.4,1,0.1,0.2,0.04,1.6,0.5,0.8,0.3,0.4
Ficus macrocarpa,Ficus,,Ficus,Moraceae,Unknown,species,,,12,0.02,0.05,0.1,0.01,0.02,0.04,0.05,0.04,0.02,1.6,0.24,0.7,0.4,1,0.1,0.2,0.04,1.6,0.5,0.8,0.3,0.4
Ficus macrophylla,Ficus,,Ficus,Moraceae,Btr,species,,,12,0.02,0.05,0.1,0.01,0.02,0.04,0.05,0.04,0.02,1.6,0.24,0.7,0.4,1,0.1,0.2,0.04,1.6,0.5,0.8,0.3,0.4
Ficus microcarpa,Ficus,Chinese banyan,Ficus,Moraceae,Btr,species,,,12,0.02,0.05,0.1,0.01,0.02,0.04,0.05,0.04,0.02,1.6,0.24,0.7,0.4,1,0.1,0.2,0.04,1.6,0.5,0.8,0.3,0.4
Ficus mucuso,Ficus,,Ficus,Moraceae,Unknown,species,,,12,0.02,0.05,0.1,0.01,0.02,0.04,0.05,0.04,0.02,1.6,0.24,0.7,0.4,1,0.1,0.2,0.04,1.6,0.5,0.8,0.3,0.4
Ficus nitida,Ficus,fig,Ficus,Moraceae,Btr,species,,,12,0.02,0.05,0.1,0.01,0.02,0.04,0.05,0.04,0.02,1.6,0.24,0.7,0.4,1,0.1,0.2,0.04,1.6,0.5,0.8,0.3,0.4
Ficus petiolaris,Ficus,fig,Ficus,Moraceae,Btr,species,,,12,0.02,0.05,0.1,0.01,0.02,0.04,0.05,0.04,0.02,1.6,0.24,0.7,0.4,1,0.1,0.2,0.04,1.6,0.5,0.8,0.3,0.4
Ficus pumila,Ficus,climbingfig,Ficus,Moraceae,Shrub,species,,,12,0.02,0.05,0.1,0.01,0.02,0.04,0.05,0.04,0.02,1.6,0.24,0.7,0.4,1,0.1,0.2,0.04,1.6,0.5,0.8,0.3,0.4
Ficus racemosa,Ficus,clustertree,Ficus,Moraceae,Unknown,species,,,12,0.02,0.05,0.1,0.01,0.02,0.04,0.05,0.04,0.02,1.6,0.24,0.7,0.4,1,0.1,0.2,0.04,1.6,0.5,0.8,0.3,0.4
Ficus radicans,Ficus,,Ficus,Moraceae,Unknown,species,,,12,0.02,0.05,0.1,0.01,0.02,0.04,0.05,0.04,0.02,1.6,0.24,0.7,0.4,1,0.1,0.2,0.04,1.6,0.5,0.8,0.3,0.4
Ficus religiosa,Ficus,peepul tree,Ficus,Moraceae,Btr,species,,,12,0.02,0.05,0.1,0.01,0.02,0.04,0.05,0.04,0.02,1.6,0.24,0.7,0.4,1,0.1,0.2,0.04,1.6,0.5,0.8,0.3,0.4
Ficus retusa,Ficus,fig,Ficus,Moraceae,Btr,species,,,12,0.02,0.05,0.1,0.01,0.02,0.04,0.05,0.04,0.02,1.6,0.24,0.7,0.4,1,0.1,0.2,0.04,1.6,0.5,0.8,0.3,0.4
Ficus rubiginosa,Ficus,Port Jackson fig,Ficus,Moraceae,Btr,species,,,12,0.02,0.05,0.1,0.01,0.02,0.04,0.05,0.04,0.02,1.6,0.24,0.7,0.4,1,0.1,0.2,0.04,1.6,0.5,0.8,0.3,0.4
Ficus septica,Ficus,,Ficus,Moraceae,Unknown,species,,,12,0.02,0.05,0.1,0.01,0.02,0.04,0.05,0.04,0.02,1.6,0.24,0.7,0.4,1,0.1,0.2,0.04,1.6,0.5,0.8,0.3,0.4
Ficus stuhlmannii,Ficus,,Ficus,Moraceae,Unknown,species,,,12,0.02,0.05,0.1,0.01,0.02,0.04,0.05,0.04,0.02,1.6,0.24,0.7,0.4,1,0.1,0.2,0.04,1.6,0.5,0.8,0.3,0.4
Ficus superba,Ficus,sea fig,Ficus,Moraceae,Unknown,species,,,12,0.02,0.05,0.1,0.01,0.02,0.04,0.05,0.04,0.02,1.6,0.24,0.7,0.4,1,0.1,0.2,0.04,1.6,0.5,0.8,0.3,0.4
Ficus sycamorus,Ficus,,Ficus,Moraceae,Unknown,species,,,12,0.02,0.05,0.1,0.01,0.02,0.04,0.05,0.04,0.02,1.6,0.24,0.7,0.4,1,0.1,0.2,0.04,1.6,0.5,0.8,0.3,0.4
Ficus sycomorus,Ficus,sycamore fig,Ficus,Moraceae,Unknown,species,,,12,0.02,0.05,0.1,0.01,0.02,0.04,0.05,0.04,0.02,1.6,0.24,0.7,0.4,1,0.1,0.2,0.04,1.6,0.5,0.8,0.3,0.4
Ficus thonningii,Ficus,,Ficus,Moraceae,Btr,species,,,12,0.02,0.05,0.1,0.01,0.02,0.04,0.05,0.04,0.02,1.6,0.24,0.7,0.4,1,0.1,0.2,0.04,1.6,0.5,0.8,0.3,0.4
Ficus tinctoria,Ficus,fig,Ficus,Moraceae,Unknown,species,,,12,0.02,0.05,0.1,0.01,0.02,0.04,0.05,0.04,0.02,1.6,0.24,0.7,0.4,1,0.1,0.2,0.04,1.6,0.5,0.8,0.3,0.4
Ficus virens,Ficus,fig,Ficus,Moraceae,Btr,species,,,12,0.02,0.05,0.1,0.01,0.02,0.04,0.05,0.04,0.02,1.6,0.24,0.7,0.4,1,0.1,0.2,0.04,1.6,0.5,0.8,0.3,0.4
Ficus virgata,Ficus,fig,Ficus,Moraceae,Btr,species,,,12,0.02,0.05,0.1,0.01,0.02,0.04,0.05,0.04,0.02,1.6,0.24,0.7,0.4,1,0.1,0.2,0.04,1.6,0.5,0.8,0.3,0.4
Ficus watkinsiana,Ficus,fig,Ficus,Moraceae,Btr,species,,,12,0.02,0.05,0.1,0.01,0.02,0.04,0.05,0.04,0.02,1.6,0.24,0.7,0.4,1,0.1,0.2,0.04,1.6,0.5,0.8,0.3,0.4
Filipendula,NoData,,Filipendula,Rosaceae,Herb,genus,,,4,0.02,0.2,0.2,0.1,0.1,0.04,0.05,0.06,0.04,1.6,0.24,0.7,0.4,1,0.1,0.2,0.04,1.6,0.5,0.8,0.3,0.4
Filipendula ulmaria,NoData,queen of the meadow,Filipendula,Rosaceae,Herb,species,,,4,0.02,0.2,0.2,0.1,0.1,0.04,0.05,0.06,0.04,1.6,0.24,0.7,0.4,1,0.1,0.2,0.04,1.6,0.5,0.8,0.3,0.4
Firmiana,NoData,,Firmiana,Sterculiaceae,Btr,genus,,,4,0.02,0.2,0.2,0.1,0.1,0.04,0.05,0.06,0.04,1.6,0.24,0.7,0.4,1,0.1,0.2,0.04,1.6,0.5,0.8,0.3,0.4
Firmiana simplex,NoData,Chinese parasoltree,Firmiana,Sterculiaceae,Btr,species,,,4,0.02,0.2,0.2,0.1,0.1,0.04,0.05,0.06,0.04,1.6,0.24,0.7,0.4,1,0.1,0.2,0.04,1.6,0.5,0.8,0.3,0.4
Fissistigma,NoData,,Fissistigma,TBD,Unknown,genus,,,4,0.02,0.2,0.2,0.1,0.1,0.04,0.05,0.06,0.04,1.6,0.24,0.7,0.4,1,0.1,0.2,0.04,1.6,0.5,0.8,0.3,0.4
Fissistigma oldhamii,NoData,,Fissistigma,TBD,Unknown,species,,,4,0.02,0.2,0.2,0.1,0.1,0.04,0.05,0.06,0.04,1.6,0.24,0.7,0.4,1,0.1,0.2,0.04,1.6,0.5,0.8,0.3,0.4
Fissistigma poilanei,NoData,,Fissistigma,TBD,Unknown,species,,,4,0.02,0.2,0.2,0.1,0.1,0.04,0.05,0.06,0.04,1.6,0.24,0.7,0.4,1,0.1,0.2,0.04,1.6,0.5,0.8,0.3,0.4
Flemingia,NoData,,Flemingia,Fabaceae,Unknown,genus,,,4,0.02,0.2,0.2,0.1,0.1,0.04,0.05,0.06,0.04,1.6,0.24,0.7,0.4,1,0.1,0.2,0.04,1.6,0.5,0.8,0.3,0.4
Flemingia macrophylla,NoData,,Flemingia,Fabaceae,Unknown,species,,,4,0.02,0.2,0.2,0.1,0.1,0.04,0.05,0.06,0.04,1.6,0.24,0.7,0.4,1,0.1,0.2,0.04,1.6,0.5,0.8,0.3,0.4
Flueggia,NoData,,Flueggia,TBD,Unknown,genus,,,4,0.02,0.2,0.2,0.1,0.1,0.04,0.05,0.06,0.04,1.6,0.24,0.7,0.4,1,0.1,0.2,0.04,1.6,0.5,0.8,0.3,0.4
Flueggia virosa,NoData,,Flueggia,TBD,Unknown,species,,,4,0.02,0.2,0.2,0.1,0.1,0.04,0.05,0.06,0.04,1.6,0.24,0.7,0.4,1,0.1,0.2,0.04,1.6,0.5,0.8,0.3,0.4
Forestiera,NoData,,Forestiera,Oleaceae,Btr,genus,,,4,0.02,0.2,0.2,0.1,0.1,0.04,0.05,0.06,0.04,1.6,0.24,0.7,0.4,1,0.1,0.2,0.04,1.6,0.5,0.8,0.3,0.4
Forestiera segregata,NoData,Florida swampprivet,Forestiera,Oleaceae,Btr,species,,,4,0.02,0.2,0.2,0.1,0.1,0.04,0.05,0.06,0.04,1.6,0.24,0.7,0.4,1,0.1,0.2,0.04,1.6,0.5,0.8,0.3,0.4
Forsteronia,NoData,,Forsteronia,Apocynaceae,Unknown,genus,,,4,0.02,0.2,0.2,0.1,0.1,0.04,0.05,0.06,0.04,1.6,0.24,0.7,0.4,1,0.1,0.2,0.04,1.6,0.5,0.8,0.3,0.4
Forsteronia viridi,NoData,,Forsteronia,Apocynaceae,Unknown,species,,,4,0.02,0.2,0.2,0.1,0.1,0.04,0.05,0.06,0.04,1.6,0.24,0.7,0.4,1,0.1,0.2,0.04,1.6,0.5,0.8,0.3,0.4
Fortunella,NoData,,Fortunella,Rutaceae,Btr,genus,,,4,0.02,0.2,0.2,0.1,0.1,0.04,0.05,0.06,0.04,1.6,0.24,0.7,0.4,1,0.1,0.2,0.04,1.6,0.5,0.8,0.3,0.4
Fortunella japonica,NoData,round kumquat,Fortunella,Rutaceae,Btr,species,,,4,0.02,0.2,0.2,0.1,0.1,0.04,0.05,0.06,0.04,1.6,0.24,0.7,0.4,1,0.1,0.2,0.04,1.6,0.5,0.8,0.3,0.4
Fortunella margarita,NoData,oval kumquat,Fortunella,Rutaceae,Btr,species,,,4,0.02,0.2,0.2,0.1,0.1,0.04,0.05,0.06,0.04,1.6,0.24,0.7,0.4,1,0.1,0.2,0.04,1.6,0.5,0.8,0.3,0.4
Fouquieria,NoData,,Fouquieria,Fouquieriaceae,Shrub,genus,,,4,0.02,0.2,0.2,0.1,0.1,0.04,0.05,0.06,0.04,1.6,0.24,0.7,0.4,1,0.1,0.2,0.04,1.6,0.5,0.8,0.3,0.4
Fouquieria splendens,NoData,ocotillo,Fouquieria,Fouquieriaceae,Shrub,species,,,4,0.02,0.2,0.2,0.1,0.1,0.04,0.05,0.06,0.04,1.6,0.24,0.7,0.4,1,0.1,0.2,0.04,1.6,0.5,0.8,0.3,0.4
Fragaria,NoData,strawberry,Fragaria,Rosaceae,Herb,genus,,,4,0.02,0.2,0.2,0.1,0.1,0.04,0.05,0.06,0.04,1.6,0.24,0.7,0.4,1,0.1,0.2,0.04,1.6,0.5,0.8,0.3,0.4
Frangula,NoData,,Frangula,Rhamnaceae,Btr,genus,,,4,0.02,0.2,0.2,0.1,0.1,0.04,0.05,0.06,0.04,1.6,0.24,0.7,0.4,1,0.1,0.2,0.04,1.6,0.5,0.8,0.3,0.4
Frangula alnus,NoData,glossy buckthorn,Frangula,Rhamnaceae,Btr,species,,,4,0.02,0.2,0.2,0.1,0.1,0.04,0.05,0.06,0.04,1.6,0.24,0.7,0.4,1,0.1,0.2,0.04,1.6,0.5,0.8,0.3,0.4
Franseria,NoData,,Franseria,Asteraceae,Unknown,genus,,,4,0.02,0.2,0.2,0.1,0.1,0.04,0.05,0.06,0.04,1.6,0.24,0.7,0.4,1,0.1,0.2,0.04,1.6,0.5,0.8,0.3,0.4
Franseria deltoidea,NoData,,Franseria,Asteraceae,Unknown,species,,,4,0.02,0.2,0.2,0.1,0.1,0.04,0.05,0.06,0.04,1.6,0.24,0.7,0.4,1,0.1,0.2,0.04,1.6,0.5,0.8,0.3,0.4
Franseria dumosa,NoData,,Franseria,Asteraceae,Unknown,species,,,4,0.02,0.2,0.2,0.1,0.1,0.04,0.05,0.06,0.04,1.6,0.24,0.7,0.4,1,0.1,0.2,0.04,1.6,0.5,0.8,0.3,0.4
Fraxinus,Fraxinus,ash,Fraxinus,Oleaceae,Btr,genus,,,0.05,0.02,0.01,0.2,0.01,0.01,0.02,0.05,0.04,0.02,1.6,0.24,0.7,0.4,1,0.1,0.2,0.04,1.6,0.5,0.8,0.3,0.4
Fraxinus americana,Fraxinus,white ash,Fraxinus,Oleaceae,Btr,species,,,0.05,0.02,0.01,0.2,0.01,0.01,0.02,0.05,0.04,0.02,1.6,0.24,0.7,0.4,1,0.1,0.2,0.04,1.6,0.5,0.8,0.3,0.4
Fraxinus angustifolia,Fraxinus,ash,Fraxinus,Oleaceae,Btr,species,,,0.05,0.02,0.01,0.2,0.01,0.01,0.02,0.05,0.04,0.02,1.6,0.24,0.7,0.4,1,0.1,0.2,0.04,1.6,0.5,0.8,0.3,0.4
Fraxinus anomala,Fraxinus,singleleaf ash,Fraxinus,Oleaceae,Btr,species,,,0.05,0.02,0.01,0.2,0.01,0.01,0.02,0.05,0.04,0.02,1.6,0.24,0.7,0.4,1,0.1,0.2,0.04,1.6,0.5,0.8,0.3,0.4
Fraxinus berlandieriana,Fraxinus,,Fraxinus,Oleaceae,Btr,species,,,0.05,0.02,0.01,0.2,0.01,0.01,0.02,0.05,0.04,0.02,1.6,0.24,0.7,0.4,1,0.1,0.2,0.04,1.6,0.5,0.8,0.3,0.4
Fraxinus caroliniana,Fraxinus,Carolina ash,Fraxinus,Oleaceae,Btr,species,,,0.05,0.02,0.01,0.2,0.01,0.01,0.02,0.05,0.04,0.02,1.6,0.24,0.7,0.4,1,0.1,0.2,0.04,1.6,0.5,0.8,0.3,0.4
Fraxinus chinensis,Fraxinus,Chinese ash,Fraxinus,Oleaceae,Unknown,species,,,0.05,0.02,0.01,0.2,0.01,0.01,0.02,0.05,0.04,0.02,1.6,0.24,0.7,0.4,1,0.1,0.2,0.04,1.6,0.5,0.8,0.3,0.4
Fraxinus dipetala,Fraxinus,California ash,Fraxinus,Oleaceae,Btr,species,,,0.05,0.02,0.01,0.2,0.01,0.01,0.02,0.05,0.04,0.02,1.6,0.24,0.7,0.4,1,0.1,0.2,0.04,1.6,0.5,0.8,0.3,0.4
Fraxinus excelsior,Fraxinus,European ash,Fraxinus,Oleaceae,Btr,species,,,0.05,0.02,0.01,0.2,0.01,0.01,0.02,0.05,0.04,0.02,1.6,0.24,0.7,0.4,1,0.1,0.2,0.04,1.6,0.5,0.8,0.3,0.4
Fraxinus holotricha,Fraxinus,ash,Fraxinus,Oleaceae,Btr,species,,,0.05,0.02,0.01,0.2,0.01,0.01,0.02,0.05,0.04,0.02,1.6,0.24,0.7,0.4,1,0.1,0.2,0.04,1.6,0.5,0.8,0.3,0.4
Fraxinus latifolia,Fraxinus,Oregon ash,Fraxinus,Oleaceae,Btr,species,,,0.05,0.02,0.01,0.2,0.01,0.01,0.02,0.05,0.04,0.02,1.6,0.24,0.7,0.4,1,0.1,0.2,0.04,1.6,0.5,0.8,0.3,0.4
Fraxinus mandshurica,Fraxinus,Manchurian ash,Fraxinus,Oleaceae,Unknown,species,,,0.05,0.02,0.01,0.2,0.01,0.01,0.02,0.05,0.04,0.02,1.6,0.24,0.7,0.4,1,0.1,0.2,0.04,1.6,0.5,0.8,0.3,0.4
Fraxinus nigra,Fraxinus,black ash,Fraxinus,Oleaceae,Btr,species,,,0.05,0.02,0.01,0.2,0.01,0.01,0.02,0.05,0.04,0.02,1.6,0.24,0.7,0.4,1,0.1,0.2,0.04,1.6,0.5,0.8,0.3,0.4
Fraxinus ornus,Fraxinus,flowering ash,Fraxinus,Oleaceae,Unknown,species,,,0.05,0.02,0.01,0.2,0.01,0.01,0.02,0.05,0.04,0.02,1.6,0.24,0.7,0.4,1,0.1,0.2,0.04,1.6,0.5,0.8,0.3,0.4
Fraxinus oxycarpa,Fraxinus,Caucasian ash,Fraxinus,Oleaceae,Btr,species,,,0.05,0.02,0.01,0.2,0.01,0.01,0.02,0.05,0.04,0.02,1.6,0.24,0.7,0.4,1,0.1,0.2,0.04,1.6,0.5,0.8,0.3,0.4
Fraxinus pennsylvanica,Fraxinus,green ash,Fraxinus,Oleaceae,Btr,species,,,0.05,0.02,0.01,0.2,0.01,0.01,0.02,0.05,0.04,0.02,1.6,0.24,0.7,0.4,1,0.1,0.2,0.04,1.6,0.5,0.8,0.3,0.4
Fraxinus profunda,Fraxinus,pumpkin ash,Fraxinus,Oleaceae,Btr,species,,,0.05,0.02,0.01,0.2,0.01,0.01,0.02,0.05,0.04,0.02,1.6,0.24,0.7,0.4,1,0.1,0.2,0.04,1.6,0.5,0.8,0.3,0.4
Fraxinus quadrangulata,Fraxinus,blue ash,Fraxinus,Oleaceae,Btr,species,,,0.05,0.02,0.01,0.2,0.01,0.01,0.02,0.05,0.04,0.02,1.6,0.24,0.7,0.4,1,0.1,0.2,0.04,1.6,0.5,0.8,0.3,0.4
Fraxinus texensis,Fraxinus,,Fraxinus,Oleaceae,Btr,species,,,0.05,0.02,0.01,0.2,0.01,0.01,0.02,0.05,0.04,0.02,1.6,0.24,0.7,0.4,1,0.1,0.2,0.04,1.6,0.5,0.8,0.3,0.4
Fraxinus uhdei,Fraxinus,shamel ash,Fraxinus,Oleaceae,Btr,species,,,0.05,0.02,0.01,0.2,0.01,0.01,0.02,0.05,0.04,0.02,1.6,0.24,0.7,0.4,1,0.1,0.2,0.04,1.6,0.5,0.8,0.3,0.4
Fraxinus velutina,Fraxinus,velvet ash,Fraxinus,Oleaceae,Btr,species,,,0.05,0.02,0.01,0.2,0.01,0.01,0.02,0.05,0.04,0.02,1.6,0.24,0.7,0.4,1,0.1,0.2,0.04,1.6,0.5,0.8,0.3,0.4
Fremontia,NoData,,Fremontia,TBD,Unknown,genus,,,4,0.02,0.2,0.2,0.1,0.1,0.04,0.05,0.06,0.04,1.6,0.24,0.7,0.4,1,0.1,0.2,0.04,1.6,0.5,0.8,0.3,0.4
Fremontia californica,NoData,,Fremontia,TBD,Unknown,species,,,4,0.02,0.2,0.2,0.1,0.1,0.04,0.05,0.06,0.04,1.6,0.24,0.7,0.4,1,0.1,0.2,0.04,1.6,0.5,0.8,0.3,0.4
Fremontodendron,NoData,,Fremontodendron,Sterculiaceae,Btr,genus,,,4,0.02,0.2,0.2,0.1,0.1,0.04,0.05,0.06,0.04,1.6,0.24,0.7,0.4,1,0.1,0.2,0.04,1.6,0.5,0.8,0.3,0.4
Fremontodendron californicum,NoData,California flannelbush,Fremontodendron,Sterculiaceae,Btr,species,,,4,0.02,0.2,0.2,0.1,0.1,0.04,0.05,0.06,0.04,1.6,0.24,0.7,0.4,1,0.1,0.2,0.04,1.6,0.5,0.8,0.3,0.4
Funtumia,NoData,,Funtumia,Apocynaceae,Btr,genus,,,4,0.02,0.2,0.2,0.1,0.1,0.04,0.05,0.06,0.04,1.6,0.24,0.7,0.4,1,0.1,0.2,0.04,1.6,0.5,0.8,0.3,0.4
Funtumia elastica,NoData,silkrubber,Funtumia,Apocynaceae,Btr,species,,,4,0.02,0.2,0.2,0.1,0.1,0.04,0.05,0.06,0.04,1.6,0.24,0.7,0.4,1,0.1,0.2,0.04,1.6,0.5,0.8,0.3,0.4
Galpinia,NoData,,Galpinia,TBD,Unknown,genus,,,4,0.02,0.2,0.2,0.1,0.1,0.04,0.05,0.06,0.04,1.6,0.24,0.7,0.4,1,0.1,0.2,0.04,1.6,0.5,0.8,0.3,0.4
Galpinia transvaalica,NoData,,Galpinia,TBD,Unknown,species,,,4,0.02,0.2,0.2,0.1,0.1,0.04,0.05,0.06,0.04,1.6,0.24,0.7,0.4,1,0.1,0.2,0.04,1.6,0.5,0.8,0.3,0.4
Gambeya,NoData,,Gambeya,TBD,Unknown,genus,,,4,0.02,0.2,0.2,0.1,0.1,0.04,0.05,0.06,0.04,1.6,0.24,0.7,0.4,1,0.1,0.2,0.04,1.6,0.5,0.8,0.3,0.4
Gambeya beguei,NoData,,Gambeya,TBD,Unknown,species,,,4,0.02,0.2,0.2,0.1,0.1,0.04,0.05,0.06,0.04,1.6,0.24,0.7,0.4,1,0.1,0.2,0.04,1.6,0.5,0.8,0.3,0.4
Gambeya lacourtiana,NoData,,Gambeya,TBD,Unknown,species,,,4,0.02,0.2,0.2,0.1,0.1,0.04,0.05,0.06,0.04,1.6,0.24,0.7,0.4,1,0.1,0.2,0.04,1.6,0.5,0.8,0.3,0.4
Garcinia,NoData,saptree,Garcinia,Clusiaceae,Btr,genus,,,4,0.02,0.2,0.2,0.1,0.1,0.04,0.05,0.06,0.04,1.6,0.24,0.7,0.4,1,0.1,0.2,0.04,1.6,0.5,0.8,0.3,0.4
Garcinia cowa,NoData,,Garcinia,Clusiaceae,Unknown,species,,,4,0.02,0.2,0.2,0.1,0.1,0.04,0.05,0.06,0.04,1.6,0.24,0.7,0.4,1,0.1,0.2,0.04,1.6,0.5,0.8,0.3,0.4
Garcinia kola,NoData,garcinia,Garcinia,Clusiaceae,Unknown,species,,,4,0.02,0.2,0.2,0.1,0.1,0.04,0.05,0.06,0.04,1.6,0.24,0.7,0.4,1,0.1,0.2,0.04,1.6,0.5,0.8,0.3,0.4
Garcinia macrophylla,NoData,,Garcinia,Clusiaceae,Btr,species,,,4,0.02,0.2,0.2,0.1,0.1,0.04,0.05,0.06,0.04,1.6,0.24,0.7,0.4,1,0.1,0.2,0.04,1.6,0.5,0.8,0.3,0.4
Garcinia mangostana,NoData,mangosteen,Garcinia,Clusiaceae,Btr,species,,,4,0.02,0.2,0.2,0.1,0.1,0.04,0.05,0.06,0.04,1.6,0.24,0.7,0.4,1,0.1,0.2,0.04,1.6,0.5,0.8,0.3,0.4
Garcinia oblongifolia,NoData,,Garcinia,Clusiaceae,Unknown,species,,,4,0.02,0.2,0.2,0.1,0.1,0.04,0.05,0.06,0.04,1.6,0.24,0.7,0.4,1,0.1,0.2,0.04,1.6,0.5,0.8,0.3,0.4
Garcinia subelliptica,NoData,,Garcinia,Clusiaceae,Btr,species,,,4,0.02,0.2,0.2,0.1,0.1,0.04,0.05,0.06,0.04,1.6,0.24,0.7,0.4,1,0.1,0.2,0.04,1.6,0.5,0.8,0.3,0.4
Garcinia xanthochymus,NoData,garcinia,Garcinia,Clusiaceae,Unknown,species,,,4,0.02,0.2,0.2,0.1,0.1,0.04,0.05,0.06,0.04,1.6,0.24,0.7,0.4,1,0.1,0.2,0.04,1.6,0.5,0.8,0.3,0.4
Gardenia,NoData,,Gardenia,Rubiaceae,Unknown,genus,,,4,0.02,0.2,0.2,0.1,0.1,0.04,0.05,0.06,0.04,1.6,0.24,0.7,0.4,1,0.1,0.2,0.04,1.6,0.5,0.8,0.3,0.4
Gardenia ternifolia,NoData,,Gardenia,Rubiaceae,Unknown,species,,,4,0.02,0.2,0.2,0.1,0.1,0.04,0.05,0.06,0.04,1.6,0.24,0.7,0.4,1,0.1,0.2,0.04,1.6,0.5,0.8,0.3,0.4
Gardenia thunbergia,NoData,Thunberg's gardenia,Gardenia,Rubiaceae,Unknown,species,,,4,0.02,0.2,0.2,0.1,0.1,0.04,0.05,0.06,0.04,1.6,0.24,0.7,0.4,1,0.1,0.2,0.04,1.6,0.5,0.8,0.3,0.4
Gardenia volkensii,NoData,common gardenia,Gardenia,Rubiaceae,Unknown,species,,,4,0.02,0.2,0.2,0.1,0.1,0.04,0.05,0.06,0.04,1.6,0.24,0.7,0.4,1,0.1,0.2,0.04,1.6,0.5,0.8,0.3,0.4
Garrya,NoData,,Garrya,Garryaceae,Btr,genus,,,4,0.02,0.2,0.2,0.1,0.1,0.04,0.05,0.06,0.04,1.6,0.24,0.7,0.4,1,0.1,0.2,0.04,1.6,0.5,0.8,0.3,0.4
Garrya elliptica,NoData,wavyleaf silktassel,Garrya,Garryaceae,Btr,species,,,4,0.02,0.2,0.2,0.1,0.1,0.04,0.05,0.06,0.04,1.6,0.24,0.7,0.4,1,0.1,0.2,0.04,1.6,0.5,0.8,0.3,0.4
Gaultheria,NoData,,Gaultheria,Ericaceae,Unknown,genus,,,4,0.02,0.2,0.2,0.1,0.1,0.04,0.05,0.06,0.04,1.6,0.24,0.7,0.4,1,0.1,0.2,0.04,1.6,0.5,0.8,0.3,0.4
Gaultheria forrestii,NoData,,Gaultheria,Ericaceae,Unknown,species,,,4,0.02,0.2,0.2,0.1,0.1,0.04,0.05,0.06,0.04,1.6,0.24,0.7,0.4,1,0.1,0.2,0.04,1.6,0.5,0.8,0.3,0.4
Gaultheria griffithiana,NoData,,Gaultheria,Ericaceae,Unknown,species,,,4,0.02,0.2,0.2,0.1,0.1,0.04,0.05,0.06,0.04,1.6,0.24,0.7,0.4,1,0.1,0.2,0.04,1.6,0.5,0.8,0.3,0.4
Geijera,Geijera,,Geijera,Rutaceae,Btr,genus,,,0.2,0.02,2,0.6,2,0.6,0.6,0.05,0.6,0.2,1.6,0.24,0.7,0.4,1,0.1,0.2,0.04,1.6,0.5,0.8,0.3,0.4
Geijera parviflora,Geijera,Australian willow,Geijera,Rutaceae,Btr,species,,,0.2,0.02,2,0.6,2,0.6,0.6,0.05,0.6,0.2,1.6,0.24,0.7,0.4,1,0.1,0.2,0.04,1.6,0.5,0.8,0.3,0.4
Genista,NoData,,Genista,Fabaceae,Btr,genus,,,4,0.02,0.2,0.2,0.1,0.1,0.04,0.05,0.06,0.04,1.6,0.24,0.7,0.4,1,0.1,0.2,0.04,1.6,0.5,0.8,0.3,0.4
Genista canariensis,NoData,Canary broom,Genista,Fabaceae,Btr,species,,,4,0.02,0.2,0.2,0.1,0.1,0.04,0.05,0.06,0.04,1.6,0.24,0.7,0.4,1,0.1,0.2,0.04,1.6,0.5,0.8,0.3,0.4
Genista cinerea,NoData,,Genista,Fabaceae,Unknown,species,,,4,0.02,0.2,0.2,0.1,0.1,0.04,0.05,0.06,0.04,1.6,0.24,0.7,0.4,1,0.1,0.2,0.04,1.6,0.5,0.8,0.3,0.4
Genista germanica,NoData,,Genista,Fabaceae,Unknown,species,,,4,0.02,0.2,0.2,0.1,0.1,0.04,0.05,0.06,0.04,1.6,0.24,0.7,0.4,1,0.1,0.2,0.04,1.6,0.5,0.8,0.3,0.4
Genista scorpius,NoData,,Genista,Fabaceae,Unknown,species,,,4,0.02,0.2,0.2,0.1,0.1,0.04,0.05,0.06,0.04,1.6,0.24,0.7,0.4,1,0.1,0.2,0.04,1.6,0.5,0.8,0.3,0.4
Genista tridentata,NoData,,Genista,Fabaceae,Unknown,species,,,4,0.02,0.2,0.2,0.1,0.1,0.04,0.05,0.06,0.04,1.6,0.24,0.7,0.4,1,0.1,0.2,0.04,1.6,0.5,0.8,0.3,0.4
GFBtr,GFBtr,Broadleaf tree,Btr,Btr,Btr,GF,,,8,0.02,0.4,0.4,0.1,0.2,0.04,0.05,0.06,0.04,1.6,0.24,0.7,0.4,1,0.1,0.2,0.04,1.6,0.5,0.8,0.3,0.4
GFCrop,GFCrop,,Crop,Crop,Crop,GF,,,0.2,0.02,0.05,0.1,0.05,0.05,0.04,0.5,0.01,0.01,0.8,0.08,0.35,0.1,1,0.1,0.2,0.04,1.6,0.5,0.8,0.3,0.4
GFHerb,GFHerb,,Herb,Herb,Herb,GF,,,0.6,0.02,0.1,0.1,0.05,0.05,0.04,0.5,0.01,0.01,0.8,0.08,0.35,0.1,1,0.1,0.2,0.04,1.6,0.5,0.8,0.3,0.4
GFNtr,GFNtr,Needleleaf tree,Ntr,Ntr,Ntr,GF,,,0.6,0.3,0.6,0.4,0.2,0.4,0.04,0.05,0.1,0.06,1.6,0.24,0.7,0.4,1,0.1,0.2,0.04,1.6,0.5,0.8,0.3,0.4
GFShrub,GFShrub,,Shrub,Shrub,Shrub,GF,,,4,0.02,0.4,0.4,0.1,0.2,0.04,0.05,0.06,0.04,1.6,0.24,0.7,0.4,1,0.1,0.2,0.04,1.6,0.5,0.8,0.3,0.4
GFUnk,GFShrub,,Unknown,Unknown,Unknown,GF,,,4,0.02,0.4,0.4,0.1,0.2,0.04,0.05,0.06,0.04,1.6,0.24,0.7,0.4,1,0.1,0.2,0.04,1.6,0.5,0.8,0.3,0.4
Gilbertiodendron,NoData,,Gilbertiodendron,Fabaceae,Btr,genus,,,4,0.02,0.2,0.2,0.1,0.1,0.04,0.05,0.06,0.04,1.6,0.24,0.7,0.4,1,0.1,0.2,0.04,1.6,0.5,0.8,0.3,0.4
Gilbertiodendron dewevrei,NoData,,Gilbertiodendron,Fabaceae,Btr,species,,,4,0.02,0.2,0.2,0.1,0.1,0.04,0.05,0.06,0.04,1.6,0.24,0.7,0.4,1,0.1,0.2,0.04,1.6,0.5,0.8,0.3,0.4
Ginkgo,Ginko,ginkgo,Ginkgo,Ginkgoaceae,Ntr,genus,,,0.005,0.005,0.005,0.005,0.005,0.005,0.01,0.05,0.001,0.001,1.6,0.24,0.7,0.4,1,0.1,0.2,0.04,1.6,0.5,0.8,0.3,0.4
Ginkgo biloba,Ginko,maidenhair tree,Ginkgo,Ginkgoaceae,Ntr,species,,,0.005,0.005,0.005,0.005,0.005,0.005,0.01,0.05,0.001,0.001,1.6,0.24,0.7,0.4,1,0.1,0.2,0.04,1.6,0.5,0.8,0.3,0.4
Gleditsia,Fagus,,Gleditsia,Fabaceae,Btr,genus,,,0.2,0.02,0.2,0.2,0.1,0.2,0.04,0.05,0.06,0.04,1.6,0.24,0.7,0.4,1,0.1,0.2,0.04,1.6,0.5,0.8,0.3,0.4
Gleditsia aquatica,Fagus,water locust,Gleditsia,Fabaceae,Btr,species,,,0.2,0.02,0.2,0.2,0.1,0.2,0.04,0.05,0.06,0.04,1.6,0.24,0.7,0.4,1,0.1,0.2,0.04,1.6,0.5,0.8,0.3,0.4
Gleditsia sinensis,Fagus,,Gleditsia,Fabaceae,Unknown,species,,,0.2,0.02,0.2,0.2,0.1,0.2,0.04,0.05,0.06,0.04,1.6,0.24,0.7,0.4,1,0.1,0.2,0.04,1.6,0.5,0.8,0.3,0.4
Gleditsia texana,Fagus,,Gleditsia,Fabaceae,Unknown,species,,,0.2,0.02,0.2,0.2,0.1,0.2,0.04,0.05,0.06,0.04,1.6,0.24,0.7,0.4,1,0.1,0.2,0.04,1.6,0.5,0.8,0.3,0.4
Gleditsia triacanthos,Fagus,honeylocust,Gleditsia,Fabaceae,Btr,species,,,0.2,0.02,0.2,0.2,0.1,0.2,0.04,0.05,0.06,0.04,1.6,0.24,0.7,0.4,1,0.1,0.2,0.04,1.6,0.5,0.8,0.3,0.4
Gliricidia,NoData,,Gliricidia,Fabaceae,Unknown,genus,,,4,0.02,0.2,0.2,0.1,0.1,0.04,0.05,0.06,0.04,1.6,0.24,0.7,0.4,1,0.1,0.2,0.04,1.6,0.5,0.8,0.3,0.4
Gliricidia sepum,NoData,,Gliricidia,Fabaceae,Unknown,species,,,4,0.02,0.2,0.2,0.1,0.1,0.04,0.05,0.06,0.04,1.6,0.24,0.7,0.4,1,0.1,0.2,0.04,1.6,0.5,0.8,0.3,0.4
Glycine,NoData,,Glycine,Fabaceae,Herb,genus,,,4,0.02,0.2,0.2,0.1,0.1,0.04,0.05,0.06,0.04,1.6,0.24,0.7,0.4,1,0.1,0.2,0.04,1.6,0.5,0.8,0.3,0.4
Glycine max,NoData,soybean,Glycine,Fabaceae,Herb,species,,,4,0.02,0.2,0.2,0.1,0.1,0.04,0.05,0.06,0.04,1.6,0.24,0.7,0.4,1,0.1,0.2,0.04,1.6,0.5,0.8,0.3,0.4
Glyphea,NoData,,Glyphea,TBD,Unknown,genus,,,4,0.02,0.2,0.2,0.1,0.1,0.04,0.05,0.06,0.04,1.6,0.24,0.7,0.4,1,0.1,0.2,0.04,1.6,0.5,0.8,0.3,0.4
Glyphea brevis,NoData,,Glyphea,TBD,Unknown,species,,,4,0.02,0.2,0.2,0.1,0.1,0.04,0.05,0.06,0.04,1.6,0.24,0.7,0.4,1,0.1,0.2,0.04,1.6,0.5,0.8,0.3,0.4
Glyptostrobus,NoData,,Glyptostrobus,Cupressaceae,Unknown,genus,,,4,0.02,0.2,0.2,0.1,0.1,0.04,0.05,0.06,0.04,1.6,0.24,0.7,0.4,1,0.1,0.2,0.04,1.6,0.5,0.8,0.3,0.4
Glyptostrobus lineatus,NoData,,Glyptostrobus,Cupressaceae,Unknown,species,,,4,0.02,0.2,0.2,0.1,0.1,0.04,0.05,0.06,0.04,1.6,0.24,0.7,0.4,1,0.1,0.2,0.04,1.6,0.5,0.8,0.3,0.4
Gmelina,NoData,,Gmelina,Verbenaceae,Btr,genus,,,4,0.02,0.2,0.2,0.1,0.1,0.04,0.05,0.06,0.04,1.6,0.24,0.7,0.4,1,0.1,0.2,0.04,1.6,0.5,0.8,0.3,0.4
Gmelina arborea,NoData,gumhar,Gmelina,Verbenaceae,Btr,species,,,4,0.02,0.2,0.2,0.1,0.1,0.04,0.05,0.06,0.04,1.6,0.24,0.7,0.4,1,0.1,0.2,0.04,1.6,0.5,0.8,0.3,0.4
Godmania,NoData,,Godmania,TBD,Unknown,genus,,,4,0.02,0.2,0.2,0.1,0.1,0.04,0.05,0.06,0.04,1.6,0.24,0.7,0.4,1,0.1,0.2,0.04,1.6,0.5,0.8,0.3,0.4
Godmania aesqualifolia,NoData,,Godmania,TBD,Unknown,species,,,4,0.02,0.2,0.2,0.1,0.1,0.04,0.05,0.06,0.04,1.6,0.24,0.7,0.4,1,0.1,0.2,0.04,1.6,0.5,0.8,0.3,0.4
Goniothalamus,NoData,,Goniothalamus,TBD,Unknown,genus,,,4,0.02,0.2,0.2,0.1,0.1,0.04,0.05,0.06,0.04,1.6,0.24,0.7,0.4,1,0.1,0.2,0.04,1.6,0.5,0.8,0.3,0.4
Goniothalamus griffithii,NoData,,Goniothalamus,TBD,Unknown,species,,,4,0.02,0.2,0.2,0.1,0.1,0.04,0.05,0.06,0.04,1.6,0.24,0.7,0.4,1,0.1,0.2,0.04,1.6,0.5,0.8,0.3,0.4
Gordonia,Gordonia lasianthus,,Gordonia,Theaceae,Btr,genus,,,0.2,0.02,0.2,0.2,0.1,0.1,0.04,0.05,0.06,0.04,1.6,0.24,0.7,0.4,1,0.1,0.2,0.04,1.6,0.5,0.8,0.3,0.4
Gordonia lasianthus,Gordonia lasianthus,loblolly bay,Gordonia,Theaceae,Btr,species,,,0.2,0.02,0.2,0.2,0.1,0.1,0.04,0.05,0.06,0.04,1.6,0.24,0.7,0.4,1,0.1,0.2,0.04,1.6,0.5,0.8,0.3,0.4
Gossypium,NoData,,Gossypium,Malvaceae,Btr,genus,,,4,0.02,0.2,0.2,0.1,0.1,0.04,0.05,0.06,0.04,1.6,0.24,0.7,0.4,1,0.1,0.2,0.04,1.6,0.5,0.8,0.3,0.4
Gossypium barbadense,NoData,Creole cotton,Gossypium,Malvaceae,Btr,species,,,4,0.02,0.2,0.2,0.1,0.1,0.04,0.05,0.06,0.04,1.6,0.24,0.7,0.4,1,0.1,0.2,0.04,1.6,0.5,0.8,0.3,0.4
Gossypium hirsutum,NoData,upland cotton,Gossypium,Malvaceae,Btr,species,,,4,0.02,0.2,0.2,0.1,0.1,0.04,0.05,0.06,0.04,1.6,0.24,0.7,0.4,1,0.1,0.2,0.04,1.6,0.5,0.8,0.3,0.4
Gouania,NoData,,Gouania,Rhamnaceae,Shrub,genus,,,4,0.02,0.2,0.2,0.1,0.1,0.04,0.05,0.06,0.04,1.6,0.24,0.7,0.4,1,0.1,0.2,0.04,1.6,0.5,0.8,0.3,0.4
Gouania lupuloides,NoData,whiteroot,Gouania,Rhamnaceae,Shrub,species,,,4,0.02,0.2,0.2,0.1,0.1,0.04,0.05,0.06,0.04,1.6,0.24,0.7,0.4,1,0.1,0.2,0.04,1.6,0.5,0.8,0.3,0.4
Grevillea,NoData,,Grevillea,Proteaceae,Btr,genus,,,4,0.02,0.2,0.2,0.1,0.1,0.04,0.05,0.06,0.04,1.6,0.24,0.7,0.4,1,0.1,0.2,0.04,1.6,0.5,0.8,0.3,0.4
Grevillea banksii,NoData,kahiliflower,Grevillea,Proteaceae,Btr,species,,,4,0.02,0.2,0.2,0.1,0.1,0.04,0.05,0.06,0.04,1.6,0.24,0.7,0.4,1,0.1,0.2,0.04,1.6,0.5,0.8,0.3,0.4
Grevillea robusta,NoData,silkoak,Grevillea,Proteaceae,Btr,species,,,4,0.02,0.2,0.2,0.1,0.1,0.04,0.05,0.06,0.04,1.6,0.24,0.7,0.4,1,0.1,0.2,0.04,1.6,0.5,0.8,0.3,0.4
Grevillea rosmarinifolia,NoData,,Grevillea,Proteaceae,Unknown,species,,,4,0.02,0.2,0.2,0.1,0.1,0.04,0.05,0.06,0.04,1.6,0.24,0.7,0.4,1,0.1,0.2,0.04,1.6,0.5,0.8,0.3,0.4
Grewia,NoData,,Grewia,Tiliaceae,Unknown,genus,,,4,0.02,0.2,0.2,0.1,0.1,0.04,0.05,0.06,0.04,1.6,0.24,0.7,0.4,1,0.1,0.2,0.04,1.6,0.5,0.8,0.3,0.4
Grewia bicolor,NoData,,Grewia,Tiliaceae,Unknown,species,,,4,0.02,0.2,0.2,0.1,0.1,0.04,0.05,0.06,0.04,1.6,0.24,0.7,0.4,1,0.1,0.2,0.04,1.6,0.5,0.8,0.3,0.4
Grewia flavescens,NoData,,Grewia,Tiliaceae,Unknown,species,,,4,0.02,0.2,0.2,0.1,0.1,0.04,0.05,0.06,0.04,1.6,0.24,0.7,0.4,1,0.1,0.2,0.04,1.6,0.5,0.8,0.3,0.4
Grewia hexamita,NoData,,Grewia,Tiliaceae,Unknown,species,,,4,0.02,0.2,0.2,0.1,0.1,0.04,0.05,0.06,0.04,1.6,0.24,0.7,0.4,1,0.1,0.2,0.04,1.6,0.5,0.8,0.3,0.4
Grewia mollis,NoData,,Grewia,Tiliaceae,Unknown,species,,,4,0.02,0.2,0.2,0.1,0.1,0.04,0.05,0.06,0.04,1.6,0.24,0.7,0.4,1,0.1,0.2,0.04,1.6,0.5,0.8,0.3,0.4
Guaiacum,NoData,,Guaiacum,Zygophyllaceae,Unknown,genus,,,4,0.02,0.2,0.2,0.1,0.1,0.04,0.05,0.06,0.04,1.6,0.24,0.7,0.4,1,0.1,0.2,0.04,1.6,0.5,0.8,0.3,0.4
Guaiacum oficinale,NoData,,Guaiacum,Zygophyllaceae,Unknown,species,,,4,0.02,0.2,0.2,0.1,0.1,0.04,0.05,0.06,0.04,1.6,0.24,0.7,0.4,1,0.1,0.2,0.04,1.6,0.5,0.8,0.3,0.4
Guarea,NoData,guarea,Guarea,Meliaceae,Btr,genus,,,4,0.02,0.2,0.2,0.1,0.1,0.04,0.05,0.06,0.04,1.6,0.24,0.7,0.4,1,0.1,0.2,0.04,1.6,0.5,0.8,0.3,0.4
Guarea grandifolia,NoData,,Guarea,Meliaceae,Btr,species,,,4,0.02,0.2,0.2,0.1,0.1,0.04,0.05,0.06,0.04,1.6,0.24,0.7,0.4,1,0.1,0.2,0.04,1.6,0.5,0.8,0.3,0.4
Guatteria,NoData,guatteria,Guatteria,Annonaceae,Btr,genus,,,4,0.02,0.2,0.2,0.1,0.1,0.04,0.05,0.06,0.04,1.6,0.24,0.7,0.4,1,0.1,0.2,0.04,1.6,0.5,0.8,0.3,0.4
Guatteria dumerdum,NoData,,Guatteria,Annonaceae,Unknown,species,,,4,0.02,0.2,0.2,0.1,0.1,0.04,0.05,0.06,0.04,1.6,0.24,0.7,0.4,1,0.1,0.2,0.04,1.6,0.5,0.8,0.3,0.4
Guazuma,NoData,,Guazuma,Sterculiaceae,Btr,genus,,,4,0.02,0.2,0.2,0.1,0.1,0.04,0.05,0.06,0.04,1.6,0.24,0.7,0.4,1,0.1,0.2,0.04,1.6,0.5,0.8,0.3,0.4
Guazuma ulmifolia,NoData,bastardcedar,Guazuma,Sterculiaceae,Btr,species,,,4,0.02,0.2,0.2,0.1,0.1,0.04,0.05,0.06,0.04,1.6,0.24,0.7,0.4,1,0.1,0.2,0.04,1.6,0.5,0.8,0.3,0.4
Guetterda,NoData,,Guetterda,TBD,Unknown,genus,,,4,0.02,0.2,0.2,0.1,0.1,0.04,0.05,0.06,0.04,1.6,0.24,0.7,0.4,1,0.1,0.2,0.04,1.6,0.5,0.8,0.3,0.4
Guetterda elliptica,NoData,,Guetterda,TBD,Unknown,species,,,4,0.02,0.2,0.2,0.1,0.1,0.04,0.05,0.06,0.04,1.6,0.24,0.7,0.4,1,0.1,0.2,0.04,1.6,0.5,0.8,0.3,0.4
Guetterda krugii,NoData,,Guetterda,TBD,Unknown,species,,,4,0.02,0.2,0.2,0.1,0.1,0.04,0.05,0.06,0.04,1.6,0.24,0.7,0.4,1,0.1,0.2,0.04,1.6,0.5,0.8,0.3,0.4
Guibourtia,NoData,,Guibourtia,Fabaceae,Unknown,genus,,,4,0.02,0.2,0.2,0.1,0.1,0.04,0.05,0.06,0.04,1.6,0.24,0.7,0.4,1,0.1,0.2,0.04,1.6,0.5,0.8,0.3,0.4
Guibourtia coleosperma,NoData,Rhodesian copalwood,Guibourtia,Fabaceae,Unknown,species,,,4,0.02,0.2,0.2,0.1,0.1,0.04,0.05,0.06,0.04,1.6,0.24,0.7,0.4,1,0.1,0.2,0.04,1.6,0.5,0.8,0.3,0.4
Guibourtia demeusei,NoData,,Guibourtia,Fabaceae,Unknown,species,,,4,0.02,0.2,0.2,0.1,0.1,0.04,0.05,0.06,0.04,1.6,0.24,0.7,0.4,1,0.1,0.2,0.04,1.6,0.5,0.8,0.3,0.4
Gurania,NoData,,Gurania,TBD,Unknown,genus,,,4,0.02,0.2,0.2,0.1,0.1,0.04,0.05,0.06,0.04,1.6,0.24,0.7,0.4,1,0.1,0.2,0.04,1.6,0.5,0.8,0.3,0.4
Gurania seemaniana,NoData,,Gurania,TBD,Unknown,species,,,4,0.02,0.2,0.2,0.1,0.1,0.04,0.05,0.06,0.04,1.6,0.24,0.7,0.4,1,0.1,0.2,0.04,1.6,0.5,0.8,0.3,0.4
Gymnanthes,NoData,,Gymnanthes,Euphorbiaceae,Btr,genus,,,4,0.02,0.2,0.2,0.1,0.1,0.04,0.05,0.06,0.04,1.6,0.24,0.7,0.4,1,0.1,0.2,0.04,1.6,0.5,0.8,0.3,0.4
Gymnanthes lucida,NoData,oysterwood,Gymnanthes,Euphorbiaceae,Btr,species,,,4,0.02,0.2,0.2,0.1,0.1,0.04,0.05,0.06,0.04,1.6,0.24,0.7,0.4,1,0.1,0.2,0.04,1.6,0.5,0.8,0.3,0.4
Gymnocladus,NoData,,Gymnocladus,Fabaceae,Unknown,genus,,,4,0.02,0.2,0.2,0.1,0.1,0.04,0.05,0.06,0.04,1.6,0.24,0.7,0.4,1,0.1,0.2,0.04,1.6,0.5,0.8,0.3,0.4
Gymnocladus dioica,NoData,,Gymnocladus,Fabaceae,Unknown,species,,,4,0.02,0.2,0.2,0.1,0.1,0.04,0.05,0.06,0.04,1.6,0.24,0.7,0.4,1,0.1,0.2,0.04,1.6,0.5,0.8,0.3,0.4
Gymnocladus dioicus,Fagus,Kentucky coffeetree,Gymnocladus,Fabaceae,Btr,species,,,0.2,0.02,0.2,0.2,0.1,0.2,0.04,0.05,0.06,0.04,1.6,0.24,0.7,0.4,1,0.1,0.2,0.04,1.6,0.5,0.8,0.3,0.4
Hakea,NoData,,Hakea,Proteaceae,Unknown,genus,,,4,0.02,0.2,0.2,0.1,0.1,0.04,0.05,0.06,0.04,1.6,0.24,0.7,0.4,1,0.1,0.2,0.04,1.6,0.5,0.8,0.3,0.4
Hakea oleifolia,NoData,,Hakea,Proteaceae,Unknown,species,,,4,0.02,0.2,0.2,0.1,0.1,0.04,0.05,0.06,0.04,1.6,0.24,0.7,0.4,1,0.1,0.2,0.04,1.6,0.5,0.8,0.3,0.4
Hakea suaveolens,NoData,,Hakea,Proteaceae,Unknown,species,,,4,0.02,0.2,0.2,0.1,0.1,0.04,0.05,0.06,0.04,1.6,0.24,0.7,0.4,1,0.1,0.2,0.04,1.6,0.5,0.8,0.3,0.4
Haldina,NoData,,Haldina,Rubiaceae,Btr,genus,,,4,0.02,0.2,0.2,0.1,0.1,0.04,0.05,0.06,0.04,1.6,0.24,0.7,0.4,1,0.1,0.2,0.04,1.6,0.5,0.8,0.3,0.4
Halesia,Myrica,silverbell,Halesia,Styracaceae,Btr,genus,,,8,0.02,0.2,0.2,0.1,0.1,0.04,0.05,0.06,0.04,1.6,0.24,0.7,0.4,1,0.1,0.2,0.04,1.6,0.5,0.8,0.3,0.4
Halesia carolina,Halesia carolina,Carolina silverbell,Halesia,Styracaceae,Btr,species,,,1.8,0.02,0.05,0.1,0.02,0.1,0.04,0.05,0.06,0.04,1.6,0.24,0.7,0.4,1,0.1,0.2,0.04,1.6,0.5,0.8,0.3,0.4
Hamamelidaceae,NoData,,Hamamelidaceae,Hamamelidaceae,Unknown,family,,,4,0.02,0.2,0.2,0.1,0.1,0.04,0.05,0.06,0.04,1.6,0.24,0.7,0.4,1,0.1,0.2,0.04,1.6,0.5,0.8,0.3,0.4
Hamamelis,Arundo,,Hamamelis,Hamamelidaceae,Unknown,genus,,,8,0.02,0.4,0.4,0.2,0.2,0.04,0.05,0.06,0.04,1.6,0.24,0.7,0.4,1,0.1,0.2,0.04,1.6,0.5,0.8,0.3,0.4
Hamamelis jelena,Arundo,,Hamamelis,Hamamelidaceae,Unknown,species,,,8,0.02,0.4,0.4,0.2,0.2,0.04,0.05,0.06,0.04,1.6,0.24,0.7,0.4,1,0.1,0.2,0.04,1.6,0.5,0.8,0.3,0.4
Hamamelis virginiana,Arundo,American witchhazel,Hamamelis,Hamamelidaceae,Btr,species,,,8,0.02,0.4,0.4,0.2,0.2,0.04,0.05,0.06,0.04,1.6,0.24,0.7,0.4,1,0.1,0.2,0.04,1.6,0.5,0.8,0.3,0.4
Handroanthus,NoData,,Handroanthus,Bignoniaceae,Btr,genus,,,4,0.02,0.2,0.2,0.1,0.1,0.04,0.05,0.06,0.04,1.6,0.24,0.7,0.4,1,0.1,0.2,0.04,1.6,0.5,0.8,0.3,0.4
Handroanthus chrysotrichus,NoData,Golden trumpet tree,Handroanthus,Bignoniaceae,Btr,species,,,4,0.02,0.2,0.2,0.1,0.1,0.04,0.05,0.06,0.04,1.6,0.24,0.7,0.4,1,0.1,0.2,0.04,1.6,0.5,0.8,0.3,0.4
Handroanthus heptaphyllus,NoData,,Handroanthus,Bignoniaceae,Btr,species,,,4,0.02,0.2,0.2,0.1,0.1,0.04,0.05,0.06,0.04,1.6,0.24,0.7,0.4,1,0.1,0.2,0.04,1.6,0.5,0.8,0.3,0.4
Handroanthus heterophylla,NoData,,Handroanthus,Bignoniaceae,Btr,species,,,4,0.02,0.2,0.2,0.1,0.1,0.04,0.05,0.06,0.04,1.6,0.24,0.7,0.4,1,0.1,0.2,0.04,1.6,0.5,0.8,0.3,0.4
Handroanthus impetiginosus,NoData,Handroanthus avellanedae,Handroanthus,Bignoniaceae,Btr,species,,,4,0.02,0.2,0.2,0.1,0.1,0.04,0.05,0.06,0.04,1.6,0.24,0.7,0.4,1,0.1,0.2,0.04,1.6,0.5,0.8,0.3,0.4
Haplopappus,NoData,,Haplopappus,Asteraceae,Unknown,genus,,,4,0.02,0.2,0.2,0.1,0.1,0.04,0.05,0.06,0.04,1.6,0.24,0.7,0.4,1,0.1,0.2,0.04,1.6,0.5,0.8,0.3,0.4
Haplopappus ericoides,NoData,,Haplopappus,Asteraceae,Unknown,species,,,4,0.02,0.2,0.2,0.1,0.1,0.04,0.05,0.06,0.04,1.6,0.24,0.7,0.4,1,0.1,0.2,0.04,1.6,0.5,0.8,0.3,0.4
Harpephyllum,NoData,,Harpephyllum,Anacardiaceae,Btr,genus,,,4,0.02,0.2,0.2,0.1,0.1,0.04,0.05,0.06,0.04,1.6,0.24,0.7,0.4,1,0.1,0.2,0.04,1.6,0.5,0.8,0.3,0.4
Harpephyllum caffrum,NoData,,Harpephyllum,Anacardiaceae,Btr,species,,,4,0.02,0.2,0.2,0.1,0.1,0.04,0.05,0.06,0.04,1.6,0.24,0.7,0.4,1,0.1,0.2,0.04,1.6,0.5,0.8,0.3,0.4
Harpullia,NoData,,Harpullia,Sapindaceae,Btr,genus,,,4,0.02,0.2,0.2,0.1,0.1,0.04,0.05,0.06,0.04,1.6,0.24,0.7,0.4,1,0.1,0.2,0.04,1.6,0.5,0.8,0.3,0.4
Harpullia arborea,NoData,tulip-wood tree,Harpullia,Sapindaceae,Btr,species,,,4,0.02,0.2,0.2,0.1,0.1,0.04,0.05,0.06,0.04,1.6,0.24,0.7,0.4,1,0.1,0.2,0.04,1.6,0.5,0.8,0.3,0.4
Harpullia pendula,NoData,,Harpullia,Sapindaceae,Btr,species,,,4,0.02,0.2,0.2,0.1,0.1,0.04,0.05,0.06,0.04,1.6,0.24,0.7,0.4,1,0.1,0.2,0.04,1.6,0.5,0.8,0.3,0.4
Hartia,NoData,,Hartia,TBD,Unknown,genus,,,4,0.02,0.2,0.2,0.1,0.1,0.04,0.05,0.06,0.04,1.6,0.24,0.7,0.4,1,0.1,0.2,0.04,1.6,0.5,0.8,0.3,0.4
Hartia sinensis,NoData,,Hartia,TBD,Unknown,species,,,4,0.02,0.2,0.2,0.1,0.1,0.04,0.05,0.06,0.04,1.6,0.24,0.7,0.4,1,0.1,0.2,0.04,1.6,0.5,0.8,0.3,0.4
Harungana,NoData,,Harungana,TBD,Unknown,genus,,,4,0.02,0.2,0.2,0.1,0.1,0.04,0.05,0.06,0.04,1.6,0.24,0.7,0.4,1,0.1,0.2,0.04,1.6,0.5,0.8,0.3,0.4
Harungana madagascariensis,NoData,,Harungana,TBD,Unknown,species,,,4,0.02,0.2,0.2,0.1,0.1,0.04,0.05,0.06,0.04,1.6,0.24,0.7,0.4,1,0.1,0.2,0.04,1.6,0.5,0.8,0.3,0.4
Haumania,NoData,,Haumania,TBD,Unknown,genus,,,4,0.02,0.2,0.2,0.1,0.1,0.04,0.05,0.06,0.04,1.6,0.24,0.7,0.4,1,0.1,0.2,0.04,1.6,0.5,0.8,0.3,0.4
Haumania danckelmaniana,NoData,,Haumania,TBD,Unknown,species,,,4,0.02,0.2,0.2,0.1,0.1,0.04,0.05,0.06,0.04,1.6,0.24,0.7,0.4,1,0.1,0.2,0.04,1.6,0.5,0.8,0.3,0.4
Hedera,NoData,,Hedera,Araliaceae,Shrub,genus,,,4,0.02,0.2,0.2,0.1,0.1,0.04,0.05,0.06,0.04,1.6,0.24,0.7,0.4,1,0.1,0.2,0.04,1.6,0.5,0.8,0.3,0.4
Hedera helix,NoData,English ivy,Hedera,Araliaceae,Shrub,species,,,4,0.02,0.2,0.2,0.1,0.1,0.04,0.05,0.06,0.04,1.6,0.24,0.7,0.4,1,0.1,0.2,0.04,1.6,0.5,0.8,0.3,0.4
Hedychium,NoData,garland-lily,Hedychium,Zingiberaceae,Herb,genus,,,4,0.02,0.2,0.2,0.1,0.1,0.04,0.05,0.06,0.04,1.6,0.24,0.7,0.4,1,0.1,0.2,0.04,1.6,0.5,0.8,0.3,0.4
Helianthus,NoData,,Helianthus,Asteraceae,Herb,genus,,,4,0.02,0.2,0.2,0.1,0.1,0.04,0.05,0.06,0.04,1.6,0.24,0.7,0.4,1,0.1,0.2,0.04,1.6,0.5,0.8,0.3,0.4
Helianthus annuus,NoData,common sunflower,Helianthus,Asteraceae,Herb,species,,,4,0.02,0.2,0.2,0.1,0.1,0.04,0.05,0.06,0.04,1.6,0.24,0.7,0.4,1,0.1,0.2,0.04,1.6,0.5,0.8,0.3,0.4
Helichrysum,NoData,,Helichrysum,Asteraceae,Unknown,genus,,,4,0.02,0.2,0.2,0.1,0.1,0.04,0.05,0.06,0.04,1.6,0.24,0.7,0.4,1,0.1,0.2,0.04,1.6,0.5,0.8,0.3,0.4
Helichrysum stoechas,NoData,,Helichrysum,Asteraceae,Unknown,species,,,4,0.02,0.2,0.2,0.1,0.1,0.04,0.05,0.06,0.04,1.6,0.24,0.7,0.4,1,0.1,0.2,0.04,1.6,0.5,0.8,0.3,0.4
Helicostylis,NoData,,Helicostylis,Moraceae,Btr,genus,,,4,0.02,0.2,0.2,0.1,0.1,0.04,0.05,0.06,0.04,1.6,0.24,0.7,0.4,1,0.1,0.2,0.04,1.6,0.5,0.8,0.3,0.4
Hernandia,NoData,,Hernandia,Hernandiaceae,Btr,genus,,,4,0.02,0.2,0.2,0.1,0.1,0.04,0.05,0.06,0.04,1.6,0.24,0.7,0.4,1,0.1,0.2,0.04,1.6,0.5,0.8,0.3,0.4
Hernandia nymphaeaefolia,NoData,,Hernandia,Hernandiaceae,Btr,species,,,4,0.02,0.2,0.2,0.1,0.1,0.04,0.05,0.06,0.04,1.6,0.24,0.7,0.4,1,0.1,0.2,0.04,1.6,0.5,0.8,0.3,0.4
Hesperocyparis,NoData,,Hesperocyparis,Cupressaceae,Ntr,genus,,,0.1,0.02,0.2,0.2,0.1,0.1,0.04,0.05,0.06,0.04,1.6,0.24,0.7,0.4,1,0.1,0.2,0.04,1.6,0.5,0.8,0.3,0.4
Hesperocyparis arizonica,NoData,,Hesperocyparis,Cupressaceae,Ntr,species,,,0.1,0.02,0.2,0.2,0.1,0.1,0.04,0.05,0.06,0.04,1.6,0.24,0.7,0.4,1,0.1,0.2,0.04,1.6,0.5,0.8,0.3,0.4
Hesperocyparis macrocarpa,NoData,,Hesperocyparis,Cupressaceae,Ntr,species,,,0.1,0.02,0.2,0.2,0.1,0.1,0.04,0.05,0.06,0.04,1.6,0.24,0.7,0.4,1,0.1,0.2,0.04,1.6,0.5,0.8,0.3,0.4
Hesperocyparis nevadensis,NoData,,Hesperocyparis,Cupressaceae,Ntr,species,,,0.1,0.02,0.2,0.2,0.1,0.1,0.04,0.05,0.06,0.04,1.6,0.24,0.7,0.4,1,0.1,0.2,0.04,1.6,0.5,0.8,0.3,0.4
Heteromeles,NoData,,Heteromeles,Rosaceae,Btr,genus,,,4,0.02,0.2,0.2,0.1,0.1,0.04,0.05,0.06,0.04,1.6,0.24,0.7,0.4,1,0.1,0.2,0.04,1.6,0.5,0.8,0.3,0.4
Heteromeles arbutifolia,NoData,toyon,Heteromeles,Rosaceae,Btr,species,,,4,0.02,0.2,0.2,0.1,0.1,0.04,0.05,0.06,0.04,1.6,0.24,0.7,0.4,1,0.1,0.2,0.04,1.6,0.5,0.8,0.3,0.4
Heteropogon,Heteropogon contortus,,Heteropogon,Poaceae,Herb,genus,,,0.2,0.02,0.2,0.2,0.1,0.1,0.04,0.05,0.02,0.01,1.6,0.24,0.7,0.4,1,0.1,0.2,0.04,1.6,0.5,0.8,0.3,0.4
Heteropogon contortus,Heteropogon contortus,tanglehead,Heteropogon,Poaceae,Herb,species,,,0.2,0.02,0.2,0.2,0.1,0.1,0.04,0.05,0.02,0.01,1.6,0.24,0.7,0.4,1,0.1,0.2,0.04,1.6,0.5,0.8,0.3,0.4
Heteropyxis,NoData,,Heteropyxis,TBD,Unknown,genus,,,4,0.02,0.2,0.2,0.1,0.1,0.04,0.05,0.06,0.04,1.6,0.24,0.7,0.4,1,0.1,0.2,0.04,1.6,0.5,0.8,0.3,0.4
Heteropyxis natalensis,NoData,,Heteropyxis,TBD,Unknown,species,,,4,0.02,0.2,0.2,0.1,0.1,0.04,0.05,0.06,0.04,1.6,0.24,0.7,0.4,1,0.1,0.2,0.04,1.6,0.5,0.8,0.3,0.4
Hevea,NoData,,Hevea,Euphorbiaceae,Unknown,genus,,,4,0.02,0.2,0.2,0.1,0.1,0.04,0.05,0.06,0.04,1.6,0.24,0.7,0.4,1,0.1,0.2,0.04,1.6,0.5,0.8,0.3,0.4
Hevea brasiliensis,NoData,rubber tree,Hevea,Euphorbiaceae,Unknown,species,,,4,0.02,0.2,0.2,0.1,0.1,0.04,0.05,0.06,0.04,1.6,0.24,0.7,0.4,1,0.1,0.2,0.04,1.6,0.5,0.8,0.3,0.4
Hevea guianensis,NoData,,Hevea,Euphorbiaceae,Unknown,species,,,4,0.02,0.2,0.2,0.1,0.1,0.04,0.05,0.06,0.04,1.6,0.24,0.7,0.4,1,0.1,0.2,0.04,1.6,0.5,0.8,0.3,0.4
Hevea spruceana,NoData,,Hevea,Euphorbiaceae,Unknown,species,,,4,0.02,0.2,0.2,0.1,0.1,0.04,0.05,0.06,0.04,1.6,0.24,0.7,0.4,1,0.1,0.2,0.04,1.6,0.5,0.8,0.3,0.4
Hexalobus,NoData,,Hexalobus,TBD,Unknown,genus,,,4,0.02,0.2,0.2,0.1,0.1,0.04,0.05,0.06,0.04,1.6,0.24,0.7,0.4,1,0.1,0.2,0.04,1.6,0.5,0.8,0.3,0.4
Hexalobus monopetalus,NoData,,Hexalobus,TBD,Unknown,species,,,4,0.02,0.2,0.2,0.1,0.1,0.04,0.05,0.06,0.04,1.6,0.24,0.7,0.4,1,0.1,0.2,0.04,1.6,0.5,0.8,0.3,0.4
Hibiscus,NoData,rosemallow,Hibiscus,Malvaceae,Btr,genus,,,4,0.02,0.2,0.2,0.1,0.1,0.04,0.05,0.06,0.04,1.6,0.24,0.7,0.4,1,0.1,0.2,0.04,1.6,0.5,0.8,0.3,0.4
Hibiscus esculentus,NoData,,Hibiscus,Malvaceae,Unknown,species,,,4,0.02,0.2,0.2,0.1,0.1,0.04,0.05,0.06,0.04,1.6,0.24,0.7,0.4,1,0.1,0.2,0.04,1.6,0.5,0.8,0.3,0.4
Hibiscus rosa-sinensis,NoData,shoeblackplant,Hibiscus,Malvaceae,Btr,species,,,4,0.02,0.2,0.2,0.1,0.1,0.04,0.05,0.06,0.04,1.6,0.24,0.7,0.4,1,0.1,0.2,0.04,1.6,0.5,0.8,0.3,0.4
Hibiscus syriacus,NoData,rose of Sharon,Hibiscus,Malvaceae,Btr,species,,,4,0.02,0.2,0.2,0.1,0.1,0.04,0.05,0.06,0.04,1.6,0.24,0.7,0.4,1,0.1,0.2,0.04,1.6,0.5,0.8,0.3,0.4
Hibiscus tiliaceus,NoData,sea hibiscus,Hibiscus,Malvaceae,Btr,species,,,4,0.02,0.2,0.2,0.1,0.1,0.04,0.05,0.06,0.04,1.6,0.24,0.7,0.4,1,0.1,0.2,0.04,1.6,0.5,0.8,0.3,0.4
Hippocastanaceae,NoData,,Hippocastanaceae,Hippocastanaceae,Unknown,family,,,4,0.02,0.2,0.2,0.1,0.1,0.04,0.05,0.06,0.04,1.6,0.24,0.7,0.4,1,0.1,0.2,0.04,1.6,0.5,0.8,0.3,0.4
Holacantha,NoData,,Holacantha,Simaroubaceae,Unknown,genus,,,4,0.02,0.2,0.2,0.1,0.1,0.04,0.05,0.06,0.04,1.6,0.24,0.7,0.4,1,0.1,0.2,0.04,1.6,0.5,0.8,0.3,0.4
Holacantha emoryi,NoData,,Holacantha,Simaroubaceae,Unknown,species,,,4,0.02,0.2,0.2,0.1,0.1,0.04,0.05,0.06,0.04,1.6,0.24,0.7,0.4,1,0.1,0.2,0.04,1.6,0.5,0.8,0.3,0.4
Holcus,NoData,,Holcus,Poaceae,Herb,genus,,,4,0.02,0.2,0.2,0.1,0.1,0.04,0.05,0.06,0.04,1.6,0.24,0.7,0.4,1,0.1,0.2,0.04,1.6,0.5,0.8,0.3,0.4
Holcus lanatus,NoData,common velvetgrass,Holcus,Poaceae,Herb,species,,,4,0.02,0.2,0.2,0.1,0.1,0.04,0.05,0.06,0.04,1.6,0.24,0.7,0.4,1,0.1,0.2,0.04,1.6,0.5,0.8,0.3,0.4
Holocarpha,NoData,tarweed,Holocarpha,Asteraceae,Herb,genus,,,4,0.02,0.2,0.2,0.1,0.1,0.04,0.05,0.06,0.04,1.6,0.24,0.7,0.4,1,0.1,0.2,0.04,1.6,0.5,0.8,0.3,0.4
Homalium,NoData,,Homalium,Flacourtiaceae,Unknown,genus,,,4,0.02,0.2,0.2,0.1,0.1,0.04,0.05,0.06,0.04,1.6,0.24,0.7,0.4,1,0.1,0.2,0.04,1.6,0.5,0.8,0.3,0.4
Homalium dentatus,NoData,,Homalium,Flacourtiaceae,Unknown,species,,,4,0.02,0.2,0.2,0.1,0.1,0.04,0.05,0.06,0.04,1.6,0.24,0.7,0.4,1,0.1,0.2,0.04,1.6,0.5,0.8,0.3,0.4
Homalium laoticum,NoData,,Homalium,Flacourtiaceae,Unknown,species,,,4,0.02,0.2,0.2,0.1,0.1,0.04,0.05,0.06,0.04,1.6,0.24,0.7,0.4,1,0.1,0.2,0.04,1.6,0.5,0.8,0.3,0.4
Homonoia,NoData,,Homonoia,TBD,Unknown,genus,,,4,0.02,0.2,0.2,0.1,0.1,0.04,0.05,0.06,0.04,1.6,0.24,0.7,0.4,1,0.1,0.2,0.04,1.6,0.5,0.8,0.3,0.4
Homonoia riparia,NoData,,Homonoia,TBD,Unknown,species,,,4,0.02,0.2,0.2,0.1,0.1,0.04,0.05,0.06,0.04,1.6,0.24,0.7,0.4,1,0.1,0.2,0.04,1.6,0.5,0.8,0.3,0.4
Hopea,NoData,,Hopea,Dipterocarpaceae,Unknown,genus,,,4,0.02,0.2,0.2,0.1,0.1,0.04,0.05,0.06,0.04,1.6,0.24,0.7,0.4,1,0.1,0.2,0.04,1.6,0.5,0.8,0.3,0.4
Hopea nervosa,NoData,,Hopea,Dipterocarpaceae,Unknown,species,,,4,0.02,0.2,0.2,0.1,0.1,0.04,0.05,0.06,0.04,1.6,0.24,0.7,0.4,1,0.1,0.2,0.04,1.6,0.5,0.8,0.3,0.4
Hopea nutans,NoData,,Hopea,Dipterocarpaceae,Unknown,species,,,4,0.02,0.2,0.2,0.1,0.1,0.04,0.05,0.06,0.04,1.6,0.24,0.7,0.4,1,0.1,0.2,0.04,1.6,0.5,0.8,0.3,0.4
Hopea sangal,NoData,,Hopea,Dipterocarpaceae,Unknown,species,,,4,0.02,0.2,0.2,0.1,0.1,0.04,0.05,0.06,0.04,1.6,0.24,0.7,0.4,1,0.1,0.2,0.04,1.6,0.5,0.8,0.3,0.4
Hordeum,NoData,,Hordeum,Poaceae,Herb,genus,,,4,0.02,0.2,0.2,0.1,0.1,0.04,0.05,0.06,0.04,1.6,0.24,0.7,0.4,1,0.1,0.2,0.04,1.6,0.5,0.8,0.3,0.4
Hordeum vulgare,NoData,common barley,Hordeum,Poaceae,Herb,species,,,4,0.02,0.2,0.2,0.1,0.1,0.04,0.05,0.06,0.04,1.6,0.24,0.7,0.4,1,0.1,0.2,0.04,1.6,0.5,0.8,0.3,0.4
Horsfieldia,NoData,,Horsfieldia,Myristicaceae,Unknown,genus,,,4,0.02,0.2,0.2,0.1,0.1,0.04,0.05,0.06,0.04,1.6,0.24,0.7,0.4,1,0.1,0.2,0.04,1.6,0.5,0.8,0.3,0.4
Horsfieldia amygdalina,NoData,,Horsfieldia,Myristicaceae,Unknown,species,,,4,0.02,0.2,0.2,0.1,0.1,0.04,0.05,0.06,0.04,1.6,0.24,0.7,0.4,1,0.1,0.2,0.04,1.6,0.5,0.8,0.3,0.4
Horsfieldia pandurifolia,NoData,,Horsfieldia,Myristicaceae,Unknown,species,,,4,0.02,0.2,0.2,0.1,0.1,0.04,0.05,0.06,0.04,1.6,0.24,0.7,0.4,1,0.1,0.2,0.04,1.6,0.5,0.8,0.3,0.4
Houmiria,NoData,,Houmiria,TBD,Unknown,genus,,,4,0.02,0.2,0.2,0.1,0.1,0.04,0.05,0.06,0.04,1.6,0.24,0.7,0.4,1,0.1,0.2,0.04,1.6,0.5,0.8,0.3,0.4
Howea,NoData,,Howea,TBD,Unknown,genus,,,4,0.02,0.2,0.2,0.1,0.1,0.04,0.05,0.06,0.04,1.6,0.24,0.7,0.4,1,0.1,0.2,0.04,1.6,0.5,0.8,0.3,0.4
Howea forsteriana,NoData,,Howea,TBD,Unknown,species,,,4,0.02,0.2,0.2,0.1,0.1,0.04,0.05,0.06,0.04,1.6,0.24,0.7,0.4,1,0.1,0.2,0.04,1.6,0.5,0.8,0.3,0.4
Humulus,NoData,,Humulus,Cannabaceae,Shrub,genus,,,4,0.02,0.2,0.2,0.1,0.1,0.04,0.05,0.06,0.04,1.6,0.24,0.7,0.4,1,0.1,0.2,0.04,1.6,0.5,0.8,0.3,0.4
Humulus lupulus,NoData,common hop,Humulus,Cannabaceae,Shrub,species,,,4,0.02,0.2,0.2,0.1,0.1,0.04,0.05,0.06,0.04,1.6,0.24,0.7,0.4,1,0.1,0.2,0.04,1.6,0.5,0.8,0.3,0.4
Hydrangea,NoData,,Hydrangea,Hydrangeaceae,shrub,genus,,,4,0.02,0.2,0.2,0.1,0.1,0.04,0.05,0.06,0.04,1.6,0.24,0.7,0.4,1,0.1,0.2,0.04,1.6,0.5,0.8,0.3,0.4
Hydrophyllaceae,NoData,,Hydrophyllaceae,Hydrophyllaceae,Unknown,family,,,4,0.02,0.2,0.2,0.1,0.1,0.04,0.05,0.06,0.04,1.6,0.24,0.7,0.4,1,0.1,0.2,0.04,1.6,0.5,0.8,0.3,0.4
Hylocomium,NoData,,Hylocomium,TBD,Unknown,genus,,,4,0.02,0.2,0.2,0.1,0.1,0.04,0.05,0.06,0.04,1.6,0.24,0.7,0.4,1,0.1,0.2,0.04,1.6,0.5,0.8,0.3,0.4
Hylocomium splendens,NoData,,Hylocomium,TBD,Unknown,species,,,4,0.02,0.2,0.2,0.1,0.1,0.04,0.05,0.06,0.04,1.6,0.24,0.7,0.4,1,0.1,0.2,0.04,1.6,0.5,0.8,0.3,0.4
Hymenaea,NoData,,Hymenaea,Fabaceae,Unknown,genus,,,4,0.02,0.2,0.2,0.1,0.1,0.04,0.05,0.06,0.04,1.6,0.24,0.7,0.4,1,0.1,0.2,0.04,1.6,0.5,0.8,0.3,0.4
Hymenaea courbari,NoData,,Hymenaea,Fabaceae,Unknown,species,,,4,0.02,0.2,0.2,0.1,0.1,0.04,0.05,0.06,0.04,1.6,0.24,0.7,0.4,1,0.1,0.2,0.04,1.6,0.5,0.8,0.3,0.4
Hymenaea courbaril,NoData,stinkingtoe,Hymenaea,Fabaceae,Btr,species,,,4,0.02,0.2,0.2,0.1,0.1,0.04,0.05,0.06,0.04,1.6,0.24,0.7,0.4,1,0.1,0.2,0.04,1.6,0.5,0.8,0.3,0.4
Hymenocardia,NoData,,Hymenocardia,TBD,Unknown,genus,,,4,0.02,0.2,0.2,0.1,0.1,0.04,0.05,0.06,0.04,1.6,0.24,0.7,0.4,1,0.1,0.2,0.04,1.6,0.5,0.8,0.3,0.4
Hymenocardia acida,NoData,,Hymenocardia,TBD,Unknown,species,,,4,0.02,0.2,0.2,0.1,0.1,0.04,0.05,0.06,0.04,1.6,0.24,0.7,0.4,1,0.1,0.2,0.04,1.6,0.5,0.8,0.3,0.4
Hymenoclea,NoData,,Hymenoclea,Asteraceae,Shrub,genus,,,4,0.02,0.2,0.2,0.1,0.1,0.04,0.05,0.06,0.04,1.6,0.24,0.7,0.4,1,0.1,0.2,0.04,1.6,0.5,0.8,0.3,0.4
Hymenoclea salsola,NoData,burrobrush,Hymenoclea,Asteraceae,Shrub,species,,,4,0.02,0.2,0.2,0.1,0.1,0.04,0.05,0.06,0.04,1.6,0.24,0.7,0.4,1,0.1,0.2,0.04,1.6,0.5,0.8,0.3,0.4
Hymenosporum,NoData,,Hymenosporum,Pittosporaceae,Unknown,genus,,,4,0.02,0.2,0.2,0.1,0.1,0.04,0.05,0.06,0.04,1.6,0.24,0.7,0.4,1,0.1,0.2,0.04,1.6,0.5,0.8,0.3,0.4
Hymenosporum flavum,NoData,,Hymenosporum,Pittosporaceae,Unknown,species,,,4,0.02,0.2,0.2,0.1,0.1,0.04,0.05,0.06,0.04,1.6,0.24,0.7,0.4,1,0.1,0.2,0.04,1.6,0.5,0.8,0.3,0.4
Hymenostegia,NoData,,Hymenostegia,TBD,Unknown,genus,,,4,0.02,0.2,0.2,0.1,0.1,0.04,0.05,0.06,0.04,1.6,0.24,0.7,0.4,1,0.1,0.2,0.04,1.6,0.5,0.8,0.3,0.4
Hymenostegia floribunda,NoData,,Hymenostegia,TBD,Unknown,species,,,4,0.02,0.2,0.2,0.1,0.1,0.04,0.05,0.06,0.04,1.6,0.24,0.7,0.4,1,0.1,0.2,0.04,1.6,0.5,0.8,0.3,0.4
Hypelate,NoData,,Hypelate,Sapindaceae,Btr,genus,,,4,0.02,0.2,0.2,0.1,0.1,0.04,0.05,0.06,0.04,1.6,0.24,0.7,0.4,1,0.1,0.2,0.04,1.6,0.5,0.8,0.3,0.4
Hypelate trifoliata,NoData,inkwood,Hypelate,Sapindaceae,Btr,species,,,4,0.02,0.2,0.2,0.1,0.1,0.04,0.05,0.06,0.04,1.6,0.24,0.7,0.4,1,0.1,0.2,0.04,1.6,0.5,0.8,0.3,0.4
Hypericum,NoData,,Hypericum,Clusiaceae,Shrub,genus,,,4,0.02,0.2,0.2,0.1,0.1,0.04,0.05,0.06,0.04,1.6,0.24,0.7,0.4,1,0.1,0.2,0.04,1.6,0.5,0.8,0.3,0.4
Hypericum calycinum,NoData,Aaron's beard,Hypericum,Clusiaceae,Shrub,species,,,4,0.02,0.2,0.2,0.1,0.1,0.04,0.05,0.06,0.04,1.6,0.24,0.7,0.4,1,0.1,0.2,0.04,1.6,0.5,0.8,0.3,0.4
Hypericum kalmianum,NoData,Kalm's St. Johnswort,Hypericum,Clusiaceae,Shrub,species,,,4,0.02,0.2,0.2,0.1,0.1,0.04,0.05,0.06,0.04,1.6,0.24,0.7,0.4,1,0.1,0.2,0.04,1.6,0.5,0.8,0.3,0.4
Hypericum lanceolatum,NoData,,Hypericum,Clusiaceae,Unknown,species,,,4,0.02,0.2,0.2,0.1,0.1,0.04,0.05,0.06,0.04,1.6,0.24,0.7,0.4,1,0.1,0.2,0.04,1.6,0.5,0.8,0.3,0.4
Hypericum patulum,NoData,,Hypericum,Clusiaceae,Unknown,species,,,4,0.02,0.2,0.2,0.1,0.1,0.04,0.05,0.06,0.04,1.6,0.24,0.7,0.4,1,0.1,0.2,0.04,1.6,0.5,0.8,0.3,0.4
Hypericum perforatum,NoData,common St. Johnswort,Hypericum,Clusiaceae,Herb,species,,,4,0.02,0.2,0.2,0.1,0.1,0.04,0.05,0.06,0.04,1.6,0.24,0.7,0.4,1,0.1,0.2,0.04,1.6,0.5,0.8,0.3,0.4
Hypericum spathulatum,NoData,,Hypericum,Clusiaceae,Unknown,species,,,4,0.02,0.2,0.2,0.1,0.1,0.04,0.05,0.06,0.04,1.6,0.24,0.7,0.4,1,0.1,0.2,0.04,1.6,0.5,0.8,0.3,0.4
Idesia,NoData,,Idesia,TBD,Unknown,genus,,,4,0.02,0.2,0.2,0.1,0.1,0.04,0.05,0.06,0.04,1.6,0.24,0.7,0.4,1,0.1,0.2,0.04,1.6,0.5,0.8,0.3,0.4
Idesia polycarpa,NoData,,Idesia,TBD,Unknown,species,,,4,0.02,0.2,0.2,0.1,0.1,0.04,0.05,0.06,0.04,1.6,0.24,0.7,0.4,1,0.1,0.2,0.04,1.6,0.5,0.8,0.3,0.4
Ilex,Ilex,holly,Ilex,Aquifoliaceae,Btr,genus,,,0.2,0.02,0.2,0.4,0.1,0.2,0.04,0.05,0.06,0.04,1.6,0.24,0.7,0.4,1,0.1,0.2,0.04,1.6,0.5,0.8,0.3,0.4
Ilex altaclarensis,Ilex,holly,Ilex,Aquifoliaceae,Btr,species,,,0.2,0.02,0.2,0.4,0.1,0.2,0.04,0.05,0.06,0.04,1.6,0.24,0.7,0.4,1,0.1,0.2,0.04,1.6,0.5,0.8,0.3,0.4
Ilex aquifolium,Ilex,English holly,Ilex,Aquifoliaceae,Btr,species,,,0.2,0.02,0.2,0.4,0.1,0.2,0.04,0.05,0.06,0.04,1.6,0.24,0.7,0.4,1,0.1,0.2,0.04,1.6,0.5,0.8,0.3,0.4
Ilex cassine,Ilex,dahoon,Ilex,Aquifoliaceae,Btr,species,,,0.2,0.02,0.2,0.4,0.1,0.2,0.04,0.05,0.06,0.04,1.6,0.24,0.7,0.4,1,0.1,0.2,0.04,1.6,0.5,0.8,0.3,0.4
Ilex corallina,Ilex,,Ilex,Aquifoliaceae,Unknown,species,,,0.2,0.02,0.2,0.4,0.1,0.2,0.04,0.05,0.06,0.04,1.6,0.24,0.7,0.4,1,0.1,0.2,0.04,1.6,0.5,0.8,0.3,0.4
Ilex coriacea,Ilex,large gallberry,Ilex,Aquifoliaceae,Btr,species,,,0.2,0.02,0.2,0.4,0.1,0.2,0.04,0.05,0.06,0.04,1.6,0.24,0.7,0.4,1,0.1,0.2,0.04,1.6,0.5,0.8,0.3,0.4
Ilex cornuta,Ilex,Chinese holly,Ilex,Aquifoliaceae,Btr,species,,,0.2,0.02,0.2,0.4,0.1,0.2,0.04,0.05,0.06,0.04,1.6,0.24,0.7,0.4,1,0.1,0.2,0.04,1.6,0.5,0.8,0.3,0.4
Ilex decidua,Ilex,possumhaw,Ilex,Aquifoliaceae,Btr,species,,,0.2,0.02,0.2,0.4,0.1,0.2,0.04,0.05,0.06,0.04,1.6,0.24,0.7,0.4,1,0.1,0.2,0.04,1.6,0.5,0.8,0.3,0.4
Ilex glabra,Ilex,inkberry,Ilex,Aquifoliaceae,Shrub,species,,,0.2,0.02,0.2,0.4,0.1,0.2,0.04,0.05,0.06,0.04,1.6,0.24,0.7,0.4,1,0.1,0.2,0.04,1.6,0.5,0.8,0.3,0.4
Ilex godajam,Ilex,,Ilex,Aquifoliaceae,Unknown,species,,,0.2,0.02,0.2,0.4,0.1,0.2,0.04,0.05,0.06,0.04,1.6,0.24,0.7,0.4,1,0.1,0.2,0.04,1.6,0.5,0.8,0.3,0.4
Ilex micrococca,Ilex,,Ilex,Aquifoliaceae,Unknown,species,,,0.2,0.02,0.2,0.4,0.1,0.2,0.04,0.05,0.06,0.04,1.6,0.24,0.7,0.4,1,0.1,0.2,0.04,1.6,0.5,0.8,0.3,0.4
Ilex opaca,Ilex,American holly,Ilex,Aquifoliaceae,Btr,species,,,0.2,0.02,0.2,0.4,0.1,0.2,0.04,0.05,0.06,0.04,1.6,0.24,0.7,0.4,1,0.1,0.2,0.04,1.6,0.5,0.8,0.3,0.4
Ilex szechwanensis,Ilex,,Ilex,Aquifoliaceae,Unknown,species,,,0.2,0.02,0.2,0.4,0.1,0.2,0.04,0.05,0.06,0.04,1.6,0.24,0.7,0.4,1,0.1,0.2,0.04,1.6,0.5,0.8,0.3,0.4
Ilex verticillata,Ilex,common winterberry,Ilex,Aquifoliaceae,Btr,species,,,0.2,0.02,0.2,0.4,0.1,0.2,0.04,0.05,0.06,0.04,1.6,0.24,0.7,0.4,1,0.1,0.2,0.04,1.6,0.5,0.8,0.3,0.4
Ilex vomitoria,Ilex,yaupon,Ilex,Aquifoliaceae,Btr,species,,,0.2,0.02,0.2,0.4,0.1,0.2,0.04,0.05,0.06,0.04,1.6,0.24,0.7,0.4,1,0.1,0.2,0.04,1.6,0.5,0.8,0.3,0.4
Ilex wardii,Ilex,,Ilex,Aquifoliaceae,Unknown,species,,,0.2,0.02,0.2,0.4,0.1,0.2,0.04,0.05,0.06,0.04,1.6,0.24,0.7,0.4,1,0.1,0.2,0.04,1.6,0.5,0.8,0.3,0.4
Illicium,NoData,anisetree,Illicium,Illiciaceae,Btr,genus,,,4,0.02,0.2,0.2,0.1,0.1,0.04,0.05,0.06,0.04,1.6,0.24,0.7,0.4,1,0.1,0.2,0.04,1.6,0.5,0.8,0.3,0.4
Illicium macranthum,NoData,,Illicium,Illiciaceae,Unknown,species,,,4,0.02,0.2,0.2,0.1,0.1,0.04,0.05,0.06,0.04,1.6,0.24,0.7,0.4,1,0.1,0.2,0.04,1.6,0.5,0.8,0.3,0.4
Imperata,NoData,satintail,Imperata,Poaceae,Herb,genus,,,4,0.02,0.2,0.2,0.1,0.1,0.04,0.05,0.06,0.04,1.6,0.24,0.7,0.4,1,0.1,0.2,0.04,1.6,0.5,0.8,0.3,0.4
Imperata cylindrica,NoData,cogongrass,Imperata,Poaceae,Herb,species,,,4,0.02,0.2,0.2,0.1,0.1,0.04,0.05,0.06,0.04,1.6,0.24,0.7,0.4,1,0.1,0.2,0.04,1.6,0.5,0.8,0.3,0.4
Indigofera,NoData,,Indigofera,Fabaceae,Unknown,genus,,,4,0.02,0.2,0.2,0.1,0.1,0.04,0.05,0.06,0.04,1.6,0.24,0.7,0.4,1,0.1,0.2,0.04,1.6,0.5,0.8,0.3,0.4
Indigofera splendens,NoData,,Indigofera,Fabaceae,Unknown,species,,,4,0.02,0.2,0.2,0.1,0.1,0.04,0.05,0.06,0.04,1.6,0.24,0.7,0.4,1,0.1,0.2,0.04,1.6,0.5,0.8,0.3,0.4
Inga,NoData,inga,Inga,Fabaceae,Btr,genus,,,4,0.02,0.2,0.2,0.1,0.1,0.04,0.05,0.06,0.04,1.6,0.24,0.7,0.4,1,0.1,0.2,0.04,1.6,0.5,0.8,0.3,0.4
Inga capitata,NoData,,Inga,Fabaceae,Unknown,species,,,4,0.02,0.2,0.2,0.1,0.1,0.04,0.05,0.06,0.04,1.6,0.24,0.7,0.4,1,0.1,0.2,0.04,1.6,0.5,0.8,0.3,0.4
Inga caynendensis,NoData,,Inga,Fabaceae,Unknown,species,,,4,0.02,0.2,0.2,0.1,0.1,0.04,0.05,0.06,0.04,1.6,0.24,0.7,0.4,1,0.1,0.2,0.04,1.6,0.5,0.8,0.3,0.4
Inga heterophylla,NoData,,Inga,Fabaceae,Unknown,species,,,4,0.02,0.2,0.2,0.1,0.1,0.04,0.05,0.06,0.04,1.6,0.24,0.7,0.4,1,0.1,0.2,0.04,1.6,0.5,0.8,0.3,0.4
Inga spectabilis,NoData,,Inga,Fabaceae,Unknown,species,,,4,0.02,0.2,0.2,0.1,0.1,0.04,0.05,0.06,0.04,1.6,0.24,0.7,0.4,1,0.1,0.2,0.04,1.6,0.5,0.8,0.3,0.4
Ipomoea,NoData,,Ipomoea,Convolvulaceae,Unknown,genus,,,4,0.02,0.2,0.2,0.1,0.1,0.04,0.05,0.06,0.04,1.6,0.24,0.7,0.4,1,0.1,0.2,0.04,1.6,0.5,0.8,0.3,0.4
Ipomoea mauritana,NoData,,Ipomoea,Convolvulaceae,Unknown,species,,,4,0.02,0.2,0.2,0.1,0.1,0.04,0.05,0.06,0.04,1.6,0.24,0.7,0.4,1,0.1,0.2,0.04,1.6,0.5,0.8,0.3,0.4
Irvingia,NoData,,Irvingia,TBD,Unknown,genus,,,4,0.02,0.2,0.2,0.1,0.1,0.04,0.05,0.06,0.04,1.6,0.24,0.7,0.4,1,0.1,0.2,0.04,1.6,0.5,0.8,0.3,0.4
Irvingia gabonensis,NoData,,Irvingia,TBD,Unknown,species,,,4,0.02,0.2,0.2,0.1,0.1,0.04,0.05,0.06,0.04,1.6,0.24,0.7,0.4,1,0.1,0.2,0.04,1.6,0.5,0.8,0.3,0.4
Irvingia grandifolia,NoData,,Irvingia,TBD,Unknown,species,,,4,0.02,0.2,0.2,0.1,0.1,0.04,0.05,0.06,0.04,1.6,0.24,0.7,0.4,1,0.1,0.2,0.04,1.6,0.5,0.8,0.3,0.4
Irvingia smithii,NoData,,Irvingia,TBD,Unknown,species,,,4,0.02,0.2,0.2,0.1,0.1,0.04,0.05,0.06,0.04,1.6,0.24,0.7,0.4,1,0.1,0.2,0.04,1.6,0.5,0.8,0.3,0.4
Isoberlinia,Arundo,,Isoberlinia,Fabaceae,Btr,genus,,,8,0.02,0.4,0.4,0.2,0.2,0.04,0.05,0.06,0.04,1.6,0.24,0.7,0.4,1,0.1,0.2,0.04,1.6,0.5,0.8,0.3,0.4
Isoberlinia doka,Arundo,,Isoberlinia,Fabaceae,Btr,species,,,8,0.02,0.4,0.4,0.2,0.2,0.04,0.05,0.06,0.04,1.6,0.24,0.7,0.4,1,0.1,0.2,0.04,1.6,0.5,0.8,0.3,0.4
Itea,NoData,,Itea,Grossulariaceae,Unknown,genus,,,4,0.02,0.2,0.2,0.1,0.1,0.04,0.05,0.06,0.04,1.6,0.24,0.7,0.4,1,0.1,0.2,0.04,1.6,0.5,0.8,0.3,0.4
Itea macrophylla,NoData,,Itea,Grossulariaceae,Unknown,species,,,4,0.02,0.2,0.2,0.1,0.1,0.04,0.05,0.06,0.04,1.6,0.24,0.7,0.4,1,0.1,0.2,0.04,1.6,0.5,0.8,0.3,0.4
Jacaranda,Jacaranda,jacaranda,Jacaranda,Bignoniaceae,Btr,genus,,,0.005,0.005,0.01,0.1,0.005,0.005,0.01,0.05,0.005,0.001,1.6,0.24,0.7,0.4,1,0.1,0.2,0.04,1.6,0.5,0.8,0.3,0.4
Jacaranda acutifolia,Jacaranda,,Jacaranda,Bignoniaceae,Unknown,species,,,0.005,0.005,0.01,0.1,0.005,0.005,0.01,0.05,0.005,0.001,1.6,0.24,0.7,0.4,1,0.1,0.2,0.04,1.6,0.5,0.8,0.3,0.4
Jacaranda copaia,Jacaranda,,Jacaranda,Bignoniaceae,Unknown,species,,,0.005,0.005,0.01,0.1,0.005,0.005,0.01,0.05,0.005,0.001,1.6,0.24,0.7,0.4,1,0.1,0.2,0.04,1.6,0.5,0.8,0.3,0.4
Jacaranda mimosifolia,Jacaranda,black poui,Jacaranda,Bignoniaceae,Btr,species,,,0.005,0.005,0.01,0.1,0.005,0.005,0.01,0.05,0.005,0.001,1.6,0.24,0.7,0.4,1,0.1,0.2,0.04,1.6,0.5,0.8,0.3,0.4
Jacquemontia,NoData,,Jacquemontia,Convolvulaceae,Unknown,genus,,,4,0.02,0.2,0.2,0.1,0.1,0.04,0.05,0.06,0.04,1.6,0.24,0.7,0.4,1,0.1,0.2,0.04,1.6,0.5,0.8,0.3,0.4
Jacquemontia perryana,NoData,,Jacquemontia,Convolvulaceae,Unknown,species,,,4,0.02,0.2,0.2,0.1,0.1,0.04,0.05,0.06,0.04,1.6,0.24,0.7,0.4,1,0.1,0.2,0.04,1.6,0.5,0.8,0.3,0.4
Jacquinia,NoData,,Jacquinia,Theophrastaceae,Unknown,genus,,,4,0.02,0.2,0.2,0.1,0.1,0.04,0.05,0.06,0.04,1.6,0.24,0.7,0.4,1,0.1,0.2,0.04,1.6,0.5,0.8,0.3,0.4
Jacquinia berterii,NoData,,Jacquinia,Theophrastaceae,Unknown,species,,,4,0.02,0.2,0.2,0.1,0.1,0.04,0.05,0.06,0.04,1.6,0.24,0.7,0.4,1,0.1,0.2,0.04,1.6,0.5,0.8,0.3,0.4
Jasminum,NoData,jasmine,Jasminum,Oleaceae,Shrub,genus,,,4,0.02,0.2,0.2,0.1,0.1,0.04,0.05,0.06,0.04,1.6,0.24,0.7,0.4,1,0.1,0.2,0.04,1.6,0.5,0.8,0.3,0.4
Jubaea,NoData,,Jubaea,Arecaceae,Unknown,genus,,,4,0.02,0.2,0.2,0.1,0.1,0.04,0.05,0.06,0.04,1.6,0.24,0.7,0.4,1,0.1,0.2,0.04,1.6,0.5,0.8,0.3,0.4
Jubaea chilensis,NoData,Chile cocopalm,Jubaea,Arecaceae,Unknown,species,,,4,0.02,0.2,0.2,0.1,0.1,0.04,0.05,0.06,0.04,1.6,0.24,0.7,0.4,1,0.1,0.2,0.04,1.6,0.5,0.8,0.3,0.4
Jubaea spectabilis,NoData,,Jubaea,Arecaceae,Unknown,species,,,4,0.02,0.2,0.2,0.1,0.1,0.04,0.05,0.06,0.04,1.6,0.24,0.7,0.4,1,0.1,0.2,0.04,1.6,0.5,0.8,0.3,0.4
Juglandaceae,Juglans,,Juglandaceae,Juglandaceae,Unknown,family,,,0.2,0.02,0.2,0.02,0.1,0.2,0.04,0.05,0.06,0.04,1.6,0.24,0.7,0.4,1,0.1,0.2,0.04,1.6,0.5,0.8,0.3,0.4
Juglans,Juglans,walnut,Juglans,Juglandaceae,Btr,genus,,,0.2,0.02,0.2,0.02,0.1,0.2,0.04,0.05,0.06,0.04,1.6,0.24,0.7,0.4,1,0.1,0.2,0.04,1.6,0.5,0.8,0.3,0.4
Juglans californica,Juglans,Southern California walnut,Juglans,Juglandaceae,Btr,species,,,0.2,0.02,0.2,0.02,0.1,0.2,0.04,0.05,0.06,0.04,1.6,0.24,0.7,0.4,1,0.1,0.2,0.04,1.6,0.5,0.8,0.3,0.4
Juglans cinerea,Juglans,butternut,Juglans,Juglandaceae,Btr,species,,,0.2,0.02,0.2,0.02,0.1,0.2,0.04,0.05,0.06,0.04,1.6,0.24,0.7,0.4,1,0.1,0.2,0.04,1.6,0.5,0.8,0.3,0.4
Juglans hindsii,Juglans,Northern California walnut,Juglans,Juglandaceae,Btr,species,,,0.2,0.02,0.2,0.02,0.1,0.2,0.04,0.05,0.06,0.04,1.6,0.24,0.7,0.4,1,0.1,0.2,0.04,1.6,0.5,0.8,0.3,0.4
Juglans mandshurica,Juglans,Manchurian walnut,Juglans,Juglandaceae,Unknown,species,,,0.2,0.02,0.2,0.02,0.1,0.2,0.04,0.05,0.06,0.04,1.6,0.24,0.7,0.4,1,0.1,0.2,0.04,1.6,0.5,0.8,0.3,0.4
Juglans microcarpa,Juglans,,Juglans,Juglandaceae,Btr,species,,,0.2,0.02,0.2,0.02,0.1,0.2,0.04,0.05,0.06,0.04,1.6,0.24,0.7,0.4,1,0.1,0.2,0.04,1.6,0.5,0.8,0.3,0.4
Juglans nigra,Juglans,black walnut,Juglans,Juglandaceae,Btr,species,,,0.2,0.02,0.2,0.02,0.1,0.2,0.04,0.05,0.06,0.04,1.6,0.24,0.7,0.4,1,0.1,0.2,0.04,1.6,0.5,0.8,0.3,0.4
Juglans regia,Juglans,English walnut,Juglans,Juglandaceae,Btr,species,,,0.2,0.02,0.2,0.02,0.1,0.2,0.04,0.05,0.06,0.04,1.6,0.24,0.7,0.4,1,0.1,0.2,0.04,1.6,0.5,0.8,0.3,0.4
Juglans x paradox,Juglans,,Juglans,Juglandaceae,Btr,species,,,0.2,0.02,0.2,0.02,0.1,0.2,0.04,0.05,0.06,0.04,1.6,0.24,0.7,0.4,1,0.1,0.2,0.04,1.6,0.5,0.8,0.3,0.4
Julbernardia,NoData,,Julbernardia,Fabaceae,Btr,genus,,,4,0.02,0.2,0.2,0.1,0.1,0.04,0.05,0.06,0.04,1.6,0.24,0.7,0.4,1,0.1,0.2,0.04,1.6,0.5,0.8,0.3,0.4
Julbernardia paniculata,NoData,,Julbernardia,Fabaceae,Btr,species,,,4,0.02,0.2,0.2,0.1,0.1,0.04,0.05,0.06,0.04,1.6,0.24,0.7,0.4,1,0.1,0.2,0.04,1.6,0.5,0.8,0.3,0.4
Juncus,Arundo,,Juncus,Juncaceae,Herb,genus,,,8,0.02,0.4,0.4,0.2,0.2,0.04,0.05,0.06,0.04,1.6,0.24,0.7,0.4,1,0.1,0.2,0.04,1.6,0.5,0.8,0.3,0.4
Juncus effusus,Arundo,common rush,Juncus,Juncaceae,Herb,species,,,8,0.02,0.4,0.4,0.2,0.2,0.04,0.05,0.06,0.04,1.6,0.24,0.7,0.4,1,0.1,0.2,0.04,1.6,0.5,0.8,0.3,0.4
Juniperus,Juniperus,juniper,Juniperus,Cupressaceae,Ntr,genus,,,0.05,0.02,0.05,0.02,0.1,0.1,0.08,0.05,0.02,0.01,1.6,0.24,0.7,0.4,1,0.1,0.2,0.04,1.6,0.5,0.8,0.3,0.4
Juniperus ashei,Juniperus,Ashe's juniper,Juniperus,Cupressaceae,Ntr,species,,,0.05,0.02,0.05,0.02,0.1,0.1,0.08,0.05,0.02,0.01,1.6,0.24,0.7,0.4,1,0.1,0.2,0.04,1.6,0.5,0.8,0.3,0.4
Juniperus californica,Juniperus,California juniper,Juniperus,Cupressaceae,Ntr,species,,,0.05,0.02,0.05,0.02,0.1,0.1,0.08,0.05,0.02,0.01,1.6,0.24,0.7,0.4,1,0.1,0.2,0.04,1.6,0.5,0.8,0.3,0.4
Juniperus chinensis,Juniperus,Chinese juniper,Juniperus,Cupressaceae,Ntr,species,,,0.05,0.02,0.05,0.02,0.1,0.1,0.08,0.05,0.02,0.01,1.6,0.24,0.7,0.4,1,0.1,0.2,0.04,1.6,0.5,0.8,0.3,0.4
Juniperus communis,Juniperus,common juniper,Juniperus,Cupressaceae,Ntr,species,,,0.05,0.02,0.05,0.02,0.1,0.1,0.08,0.05,0.02,0.01,1.6,0.24,0.7,0.4,1,0.1,0.2,0.04,1.6,0.5,0.8,0.3,0.4
Juniperus deppeana,Juniperus,alligator juniper,Juniperus,Cupressaceae,Ntr,species,,,0.05,0.02,0.05,0.02,0.1,0.1,0.08,0.05,0.02,0.01,1.6,0.24,0.7,0.4,1,0.1,0.2,0.04,1.6,0.5,0.8,0.3,0.4
Juniperus excelsa,Juniperus,Grecian juniper,Juniperus,Cupressaceae,Ntr,species,,,0.05,0.02,0.05,0.02,0.1,0.1,0.08,0.05,0.02,0.01,1.6,0.24,0.7,0.4,1,0.1,0.2,0.04,1.6,0.5,0.8,0.3,0.4
Juniperus foetidissima,Juniperus,stinking juniper,Juniperus,Cupressaceae,Ntr,species,,,0.05,0.02,0.05,0.02,0.1,0.1,0.08,0.05,0.02,0.01,1.6,0.24,0.7,0.4,1,0.1,0.2,0.04,1.6,0.5,0.8,0.3,0.4
Juniperus horizontalis,Juniperus,creeping juniper,Juniperus,Cupressaceae,Shrub,species,,,0.05,0.02,0.05,0.02,0.1,0.1,0.08,0.05,0.02,0.01,1.6,0.24,0.7,0.4,1,0.1,0.2,0.04,1.6,0.5,0.8,0.3,0.4
Juniperus monosperma,Juniperus,oneseed juniper,Juniperus,Cupressaceae,Ntr,species,,,0.05,0.02,0.05,0.02,0.1,0.1,0.08,0.05,0.02,0.01,1.6,0.24,0.7,0.4,1,0.1,0.2,0.04,1.6,0.5,0.8,0.3,0.4
Juniperus occidentalis,Juniperus,western juniper,Juniperus,Cupressaceae,Ntr,species,,,0.05,0.02,0.05,0.02,0.1,0.1,0.08,0.05,0.02,0.01,1.6,0.24,0.7,0.4,1,0.1,0.2,0.04,1.6,0.5,0.8,0.3,0.4
Juniperus osteosperma,Juniperus,Utah juniper,Juniperus,Cupressaceae,Ntr,species,,,0.05,0.02,0.05,0.02,0.1,0.1,0.08,0.05,0.02,0.01,1.6,0.24,0.7,0.4,1,0.1,0.2,0.04,1.6,0.5,0.8,0.3,0.4
Juniperus oxicedrus,Juniperus,,Juniperus,Cupressaceae,Unknown,species,,,0.05,0.02,0.05,0.02,0.1,0.1,0.08,0.05,0.02,0.01,1.6,0.24,0.7,0.4,1,0.1,0.2,0.04,1.6,0.5,0.8,0.3,0.4
Juniperus oxycedrus,Juniperus,cade juniper,Juniperus,Cupressaceae,Shrub,species,,,0.05,0.02,0.05,0.02,0.1,0.1,0.08,0.05,0.02,0.01,1.6,0.24,0.7,0.4,1,0.1,0.2,0.04,1.6,0.5,0.8,0.3,0.4
Juniperus phoenicea,Juniperus,Phoenician juniper,Juniperus,Cupressaceae,Shrub,species,,,0.05,0.02,0.05,0.02,0.1,0.1,0.08,0.05,0.02,0.01,1.6,0.24,0.7,0.4,1,0.1,0.2,0.04,1.6,0.5,0.8,0.3,0.4
Juniperus pinchotii,Juniperus,,Juniperus,Cupressaceae,Ntr,genus,,,0.05,0.02,0.05,0.02,0.1,0.1,0.08,0.05,0.02,0.01,1.6,0.24,0.7,0.4,1,0.1,0.2,0.04,1.6,0.5,0.8,0.3,0.4
Juniperus recurva,Juniperus,,Juniperus,Cupressaceae,Ntr,species,,,0.05,0.02,0.05,0.02,0.1,0.1,0.08,0.05,0.02,0.01,1.6,0.24,0.7,0.4,1,0.1,0.2,0.04,1.6,0.5,0.8,0.3,0.4
Juniperus scopulorum,Juniperus,Rocky Mountain juniper,Juniperus,Cupressaceae,Ntr,species,,,0.05,0.02,0.05,0.02,0.1,0.1,0.08,0.05,0.02,0.01,1.6,0.24,0.7,0.4,1,0.1,0.2,0.04,1.6,0.5,0.8,0.3,0.4
Juniperus seravschanica,Juniperus,,Juniperus,Cupressaceae,Unknown,species,,,0.05,0.02,0.05,0.02,0.1,0.1,0.08,0.05,0.02,0.01,1.6,0.24,0.7,0.4,1,0.1,0.2,0.04,1.6,0.5,0.8,0.3,0.4
Juniperus silicicola,Juniperus,,Juniperus,Cupressaceae,Ntr,species,,,0.05,0.02,0.05,0.02,0.1,0.1,0.08,0.05,0.02,0.01,1.6,0.24,0.7,0.4,1,0.1,0.2,0.04,1.6,0.5,0.8,0.3,0.4
Juniperus virginiana,Juniperus,eastern redcedar,Juniperus,Cupressaceae,Ntr,species,,,0.05,0.02,0.05,0.02,0.1,0.1,0.08,0.05,0.02,0.01,1.6,0.24,0.7,0.4,1,0.1,0.2,0.04,1.6,0.5,0.8,0.3,0.4
Kalanchoe,NoData,widow's-thrill,Kalanchoe,Crassulaceae,Shrub,genus,,,4,0.02,0.2,0.2,0.1,0.1,0.04,0.05,0.06,0.04,1.6,0.24,0.7,0.4,1,0.1,0.2,0.04,1.6,0.5,0.8,0.3,0.4
Kalmia,NoData,,Kalmia,Ericaceae,Btr,genus,,,4,0.02,0.2,0.2,0.1,0.1,0.04,0.05,0.06,0.04,1.6,0.24,0.7,0.4,1,0.1,0.2,0.04,1.6,0.5,0.8,0.3,0.4
Kalmia latifolia,NoData,mountain laurel,Kalmia,Ericaceae,Btr,species,,,4,0.02,0.2,0.2,0.1,0.1,0.04,0.05,0.06,0.04,1.6,0.24,0.7,0.4,1,0.1,0.2,0.04,1.6,0.5,0.8,0.3,0.4
Karwinskia,NoData,,Karwinskia,Rhamnaceae,Btr,genus,,,4,0.02,0.2,0.2,0.1,0.1,0.04,0.05,0.06,0.04,1.6,0.24,0.7,0.4,1,0.1,0.2,0.04,1.6,0.5,0.8,0.3,0.4
Karwinskia humboldtiana,NoData,coyotillo,Karwinskia,Rhamnaceae,Btr,species,,,4,0.02,0.2,0.2,0.1,0.1,0.04,0.05,0.06,0.04,1.6,0.24,0.7,0.4,1,0.1,0.2,0.04,1.6,0.5,0.8,0.3,0.4
Keteleeria,NoData,,Keteleeria,Pinaceae,Unknown,genus,,,4,0.02,0.2,0.2,0.1,0.1,0.04,0.05,0.06,0.04,1.6,0.24,0.7,0.4,1,0.1,0.2,0.04,1.6,0.5,0.8,0.3,0.4
Keteleeria davidiana,NoData,,Keteleeria,Pinaceae,Unknown,species,,,4,0.02,0.2,0.2,0.1,0.1,0.04,0.05,0.06,0.04,1.6,0.24,0.7,0.4,1,0.1,0.2,0.04,1.6,0.5,0.8,0.3,0.4
Kigelia,NoData,,Kigelia,Bignoniaceae,Btr,genus,,,4,0.02,0.2,0.2,0.1,0.1,0.04,0.05,0.06,0.04,1.6,0.24,0.7,0.4,1,0.1,0.2,0.04,1.6,0.5,0.8,0.3,0.4
Kigelia africana,NoData,sausage tree,Kigelia,Bignoniaceae,Btr,species,,,4,0.02,0.2,0.2,0.1,0.1,0.04,0.05,0.06,0.04,1.6,0.24,0.7,0.4,1,0.1,0.2,0.04,1.6,0.5,0.8,0.3,0.4
Kiggelaria,NoData,,Kiggelaria,TBD,Unknown,genus,,,4,0.02,0.2,0.2,0.1,0.1,0.04,0.05,0.06,0.04,1.6,0.24,0.7,0.4,1,0.1,0.2,0.04,1.6,0.5,0.8,0.3,0.4
Kiggelaria africana,NoData,,Kiggelaria,TBD,Unknown,species,,,4,0.02,0.2,0.2,0.1,0.1,0.04,0.05,0.06,0.04,1.6,0.24,0.7,0.4,1,0.1,0.2,0.04,1.6,0.5,0.8,0.3,0.4
Kirkia,NoData,,Kirkia,TBD,Unknown,genus,,,4,0.02,0.2,0.2,0.1,0.1,0.04,0.05,0.06,0.04,1.6,0.24,0.7,0.4,1,0.1,0.2,0.04,1.6,0.5,0.8,0.3,0.4
Kirkia acuminata,NoData,,Kirkia,TBD,Unknown,species,,,4,0.02,0.2,0.2,0.1,0.1,0.04,0.05,0.06,0.04,1.6,0.24,0.7,0.4,1,0.1,0.2,0.04,1.6,0.5,0.8,0.3,0.4
Klainedoxa,NoData,,Klainedoxa,TBD,Unknown,genus,,,4,0.02,0.2,0.2,0.1,0.1,0.04,0.05,0.06,0.04,1.6,0.24,0.7,0.4,1,0.1,0.2,0.04,1.6,0.5,0.8,0.3,0.4
Klainedoxa gabonensis,NoData,,Klainedoxa,TBD,Unknown,species,,,4,0.02,0.2,0.2,0.1,0.1,0.04,0.05,0.06,0.04,1.6,0.24,0.7,0.4,1,0.1,0.2,0.04,1.6,0.5,0.8,0.3,0.4
Knema,NoData,,Knema,TBD,Unknown,genus,,,4,0.02,0.2,0.2,0.1,0.1,0.04,0.05,0.06,0.04,1.6,0.24,0.7,0.4,1,0.1,0.2,0.04,1.6,0.5,0.8,0.3,0.4
Knema cinerea,NoData,,Knema,TBD,Unknown,species,,,4,0.02,0.2,0.2,0.1,0.1,0.04,0.05,0.06,0.04,1.6,0.24,0.7,0.4,1,0.1,0.2,0.04,1.6,0.5,0.8,0.3,0.4
Knema furfuracea,NoData,,Knema,TBD,Unknown,species,,,4,0.02,0.2,0.2,0.1,0.1,0.04,0.05,0.06,0.04,1.6,0.24,0.7,0.4,1,0.1,0.2,0.04,1.6,0.5,0.8,0.3,0.4
Knightia,NoData,,Knightia,TBD,Unknown,genus,,,4,0.02,0.2,0.2,0.1,0.1,0.04,0.05,0.06,0.04,1.6,0.24,0.7,0.4,1,0.1,0.2,0.04,1.6,0.5,0.8,0.3,0.4
Knightia excelsa,NoData,,Knightia,TBD,Unknown,species,,,4,0.02,0.2,0.2,0.1,0.1,0.04,0.05,0.06,0.04,1.6,0.24,0.7,0.4,1,0.1,0.2,0.04,1.6,0.5,0.8,0.3,0.4
Koeberlinia,NoData,allthorn,Koeberlinia,Capparaceae,Btr,genus,,,4,0.02,0.2,0.2,0.1,0.1,0.04,0.05,0.06,0.04,1.6,0.24,0.7,0.4,1,0.1,0.2,0.04,1.6,0.5,0.8,0.3,0.4
Koelreuteria,Koelreuteria,koelreuteria,Koelreuteria,Sapindaceae,Btr,genus,,,0.05,0.02,0.6,0.1,0.2,0.1,0.1,0.05,0.001,0.001,1.6,0.24,0.7,0.4,1,0.1,0.2,0.04,1.6,0.5,0.8,0.3,0.4
Koelreuteria bipinnata,Koelreuteria,goldenrain tree,Koelreuteria,Sapindaceae,Unknown,species,,,0.05,0.02,0.6,0.1,0.2,0.1,0.1,0.05,0.001,0.001,1.6,0.24,0.7,0.4,1,0.1,0.2,0.04,1.6,0.5,0.8,0.3,0.4
Koelreuteria elegans,Koelreuteria,flamegold,Koelreuteria,Sapindaceae,Btr,species,,,0.05,0.02,0.6,0.1,0.2,0.1,0.1,0.05,0.001,0.001,1.6,0.24,0.7,0.4,1,0.1,0.2,0.04,1.6,0.5,0.8,0.3,0.4
Koelreuteria integrifolia,Koelreuteria,koelreuteria,Koelreuteria,Sapindaceae,Btr,species,,,0.05,0.02,0.6,0.1,0.2,0.1,0.1,0.05,0.001,0.001,1.6,0.24,0.7,0.4,1,0.1,0.2,0.04,1.6,0.5,0.8,0.3,0.4
Koelreuteria paniculata,Koelreuteria,goldenrain tree,Koelreuteria,Sapindaceae,Btr,species,,,0.05,0.02,0.6,0.1,0.2,0.1,0.1,0.05,0.001,0.001,1.6,0.24,0.7,0.4,1,0.1,0.2,0.04,1.6,0.5,0.8,0.3,0.4
Krameria,NoData,,Krameria,Krameriaceae,Shrub,genus,,,4,0.02,0.2,0.2,0.1,0.1,0.04,0.05,0.06,0.04,1.6,0.24,0.7,0.4,1,0.1,0.2,0.04,1.6,0.5,0.8,0.3,0.4
Krameria erecta,NoData,littleleaf ratany,Krameria,Krameriaceae,Shrub,species,,,4,0.02,0.2,0.2,0.1,0.1,0.04,0.05,0.06,0.04,1.6,0.24,0.7,0.4,1,0.1,0.2,0.04,1.6,0.5,0.8,0.3,0.4
Krugiodendron,NoData,,Krugiodendron,Rhamnaceae,Btr,genus,,,4,0.02,0.2,0.2,0.1,0.1,0.04,0.05,0.06,0.04,1.6,0.24,0.7,0.4,1,0.1,0.2,0.04,1.6,0.5,0.8,0.3,0.4
Krugiodendron ferreum,NoData,leadwood,Krugiodendron,Rhamnaceae,Btr,species,,,4,0.02,0.2,0.2,0.1,0.1,0.04,0.05,0.06,0.04,1.6,0.24,0.7,0.4,1,0.1,0.2,0.04,1.6,0.5,0.8,0.3,0.4
Kunzea,NoData,,Kunzea,Myrtaceae,Unknown,genus,,,4,0.02,0.2,0.2,0.1,0.1,0.04,0.05,0.06,0.04,1.6,0.24,0.7,0.4,1,0.1,0.2,0.04,1.6,0.5,0.8,0.3,0.4
Kunzea baxteri,NoData,,Kunzea,Myrtaceae,Unknown,species,,,4,0.02,0.2,0.2,0.1,0.1,0.04,0.05,0.06,0.04,1.6,0.24,0.7,0.4,1,0.1,0.2,0.04,1.6,0.5,0.8,0.3,0.4
Laburnum,NoData,,Laburnum,Fabaceae,Btr,genus,,,4,0.02,0.2,0.2,0.1,0.1,0.04,0.05,0.06,0.04,1.6,0.24,0.7,0.4,1,0.1,0.2,0.04,1.6,0.5,0.8,0.3,0.4
Laburnum x watereri,NoData,,Laburnum,Fabaceae,Btr,species,,,4,0.02,0.2,0.2,0.1,0.1,0.04,0.05,0.06,0.04,1.6,0.24,0.7,0.4,1,0.1,0.2,0.04,1.6,0.5,0.8,0.3,0.4
Lactuca,NoData,lettuce,Lactuca,Asteraceae,Herb,genus,,,4,0.02,0.2,0.2,0.1,0.1,0.04,0.05,0.06,0.04,1.6,0.24,0.7,0.4,1,0.1,0.2,0.04,1.6,0.5,0.8,0.3,0.4
Lactuca sativa,NoData,garden lettuce,Lactuca,Asteraceae,Herb,species,,,4,0.02,0.2,0.2,0.1,0.1,0.04,0.05,0.06,0.04,1.6,0.24,0.7,0.4,1,0.1,0.2,0.04,1.6,0.5,0.8,0.3,0.4
Lagerstroemia,Lagerstroemia,lagerstroemia,Lagerstroemia,Lythraceae,Btr,genus,,,0.05,0.02,0.005,0.01,0.005,0.01,0.01,0.05,0.02,0.01,1.6,0.24,0.7,0.4,1,0.1,0.2,0.04,1.6,0.5,0.8,0.3,0.4
Lagerstroemia floribunda,Lagerstroemia,lagerstroemia,Lagerstroemia,Lythraceae,Btr,species,,,0.05,0.02,0.005,0.01,0.005,0.01,0.01,0.05,0.02,0.01,1.6,0.24,0.7,0.4,1,0.1,0.2,0.04,1.6,0.5,0.8,0.3,0.4
Lagerstroemia indica,Lagerstroemia,crapemyrtle,Lagerstroemia,Lythraceae,Btr,species,,,0.05,0.02,0.005,0.01,0.005,0.01,0.01,0.05,0.02,0.01,1.6,0.24,0.7,0.4,1,0.1,0.2,0.04,1.6,0.5,0.8,0.3,0.4
Lagerstroemia intermedia,Lagerstroemia,,Lagerstroemia,Lythraceae,Unknown,species,,,0.05,0.02,0.005,0.01,0.005,0.01,0.01,0.05,0.02,0.01,1.6,0.24,0.7,0.4,1,0.1,0.2,0.04,1.6,0.5,0.8,0.3,0.4
Lagerstroemia speciosa,Lagerstroemia,pride of India,Lagerstroemia,Lythraceae,Btr,species,,,0.05,0.02,0.005,0.01,0.005,0.01,0.01,0.05,0.02,0.01,1.6,0.24,0.7,0.4,1,0.1,0.2,0.04,1.6,0.5,0.8,0.3,0.4
Lagerstroemia tomentosa,Lagerstroemia,,Lagerstroemia,Lythraceae,Unknown,species,,,0.05,0.02,0.005,0.01,0.005,0.01,0.01,0.05,0.02,0.01,1.6,0.24,0.7,0.4,1,0.1,0.2,0.04,1.6,0.5,0.8,0.3,0.4
Lagunaria,NoData,,Lagunaria,Malvaceae,Unknown,genus,,,4,0.02,0.2,0.2,0.1,0.1,0.04,0.05,0.06,0.04,1.6,0.24,0.7,0.4,1,0.1,0.2,0.04,1.6,0.5,0.8,0.3,0.4
Lagunaria patersonii,NoData,cow itch tree,Lagunaria,Malvaceae,Unknown,species,,,4,0.02,0.2,0.2,0.1,0.1,0.04,0.05,0.06,0.04,1.6,0.24,0.7,0.4,1,0.1,0.2,0.04,1.6,0.5,0.8,0.3,0.4
Laguncularia,NoData,,Laguncularia,Combretaceae,Btr,genus,,,4,0.02,0.2,0.2,0.1,0.1,0.04,0.05,0.06,0.04,1.6,0.24,0.7,0.4,1,0.1,0.2,0.04,1.6,0.5,0.8,0.3,0.4
Laguncularia racemosa,NoData,white mangrove,Laguncularia,Combretaceae,Btr,species,,,4,0.02,0.2,0.2,0.1,0.1,0.04,0.05,0.06,0.04,1.6,0.24,0.7,0.4,1,0.1,0.2,0.04,1.6,0.5,0.8,0.3,0.4
Lamiaceae,NoData,,Lamiaceae,Lamiaceae,Unknown,family,,,4,0.02,0.2,0.2,0.1,0.1,0.04,0.05,0.06,0.04,1.6,0.24,0.7,0.4,1,0.1,0.2,0.04,1.6,0.5,0.8,0.3,0.4
Landolphia,NoData,landolphia,Landolphia,Apocynaceae,Unknown,genus,,,4,0.02,0.2,0.2,0.1,0.1,0.04,0.05,0.06,0.04,1.6,0.24,0.7,0.4,1,0.1,0.2,0.04,1.6,0.5,0.8,0.3,0.4
Lannea,NoData,,Lannea,TBD,Unknown,genus,,,4,0.02,0.2,0.2,0.1,0.1,0.04,0.05,0.06,0.04,1.6,0.24,0.7,0.4,1,0.1,0.2,0.04,1.6,0.5,0.8,0.3,0.4
Lannea discolor,NoData,,Lannea,TBD,Unknown,species,,,4,0.02,0.2,0.2,0.1,0.1,0.04,0.05,0.06,0.04,1.6,0.24,0.7,0.4,1,0.1,0.2,0.04,1.6,0.5,0.8,0.3,0.4
Lannea kerstingii,NoData,,Lannea,TBD,Unknown,species,,,4,0.02,0.2,0.2,0.1,0.1,0.04,0.05,0.06,0.04,1.6,0.24,0.7,0.4,1,0.1,0.2,0.04,1.6,0.5,0.8,0.3,0.4
Lannea stuhlmanni,NoData,,Lannea,TBD,Unknown,species,,,4,0.02,0.2,0.2,0.1,0.1,0.04,0.05,0.06,0.04,1.6,0.24,0.7,0.4,1,0.1,0.2,0.04,1.6,0.5,0.8,0.3,0.4
Lantana,NoData,,Lantana,Verbenaceae,Shrub,genus,,,4,0.02,0.2,0.2,0.1,0.1,0.04,0.05,0.06,0.04,1.6,0.24,0.7,0.4,1,0.1,0.2,0.04,1.6,0.5,0.8,0.3,0.4
Lantana camara,NoData,lantana,Lantana,Verbenaceae,Shrub,species,,,4,0.02,0.2,0.2,0.1,0.1,0.04,0.05,0.06,0.04,1.6,0.24,0.7,0.4,1,0.1,0.2,0.04,1.6,0.5,0.8,0.3,0.4
Lantana involuca,NoData,,Lantana,Verbenaceae,Unknown,species,,,4,0.02,0.2,0.2,0.1,0.1,0.04,0.05,0.06,0.04,1.6,0.24,0.7,0.4,1,0.1,0.2,0.04,1.6,0.5,0.8,0.3,0.4
Larix,Larix,larch,Larix,Pinaceae,Ntr,genus,,,0.2,0.02,0.4,0.2,0.05,0.2,0.04,0.05,0.1,0.06,1.6,0.24,0.7,0.4,1,0.1,0.2,0.04,1.6,0.5,0.8,0.3,0.4
Larix cajanderi,Larix,,Larix,Pinaceae,Ntr,species,,,0.2,0.02,0.4,0.2,0.05,0.2,0.04,0.05,0.1,0.06,1.6,0.24,0.7,0.4,1,0.1,0.2,0.04,1.6,0.5,0.8,0.3,0.4
Larix decidua,Larix,European larch,Larix,Pinaceae,Ntr,species,,,0.2,0.02,0.4,0.2,0.05,0.2,0.04,0.05,0.1,0.06,1.6,0.24,0.7,0.4,1,0.1,0.2,0.04,1.6,0.5,0.8,0.3,0.4
Larix gmelinii,Larix,Dahurian larch,Larix,Pinaceae,Ntr,species,,,0.2,0.02,0.4,0.2,0.05,0.2,0.04,0.05,0.1,0.06,1.6,0.24,0.7,0.4,1,0.1,0.2,0.04,1.6,0.5,0.8,0.3,0.4
Larix laricina,Larix,tamarack,Larix,Pinaceae,Ntr,species,,,0.2,0.02,0.4,0.2,0.05,0.2,0.04,0.05,0.1,0.06,1.6,0.24,0.7,0.4,1,0.1,0.2,0.04,1.6,0.5,0.8,0.3,0.4
Larix lyallii,Larix,subalpine larch,Larix,Pinaceae,Ntr,species,,,0.2,0.02,0.4,0.2,0.05,0.2,0.04,0.05,0.1,0.06,1.6,0.24,0.7,0.4,1,0.1,0.2,0.04,1.6,0.5,0.8,0.3,0.4
Larix occidentalis,Larix,western larch,Larix,Pinaceae,Ntr,species,,,0.2,0.02,0.4,0.2,0.05,0.2,0.04,0.05,0.1,0.06,1.6,0.24,0.7,0.4,1,0.1,0.2,0.04,1.6,0.5,0.8,0.3,0.4
Larrea,NoData,,Larrea,Zygophyllaceae,Unknown,genus,,,4,0.02,0.2,0.2,0.1,0.1,0.04,0.05,0.06,0.04,1.6,0.24,0.7,0.4,1,0.1,0.2,0.04,1.6,0.5,0.8,0.3,0.4
Larrea divaricata,NoData,,Larrea,Zygophyllaceae,Unknown,species,,,4,0.02,0.2,0.2,0.1,0.1,0.04,0.05,0.06,0.04,1.6,0.24,0.7,0.4,1,0.1,0.2,0.04,1.6,0.5,0.8,0.3,0.4
Larrea tridentata,NoData,creosote bush,Larrea,Zygophyllaceae,Shrub,species,,,4,0.02,0.2,0.2,0.1,0.1,0.04,0.05,0.06,0.04,1.6,0.24,0.7,0.4,1,0.1,0.2,0.04,1.6,0.5,0.8,0.3,0.4
Lathyrus,NoData,,Lathyrus,Fabaceae,Shrub,genus,,,4,0.02,0.2,0.2,0.1,0.1,0.04,0.05,0.06,0.04,1.6,0.24,0.7,0.4,1,0.1,0.2,0.04,1.6,0.5,0.8,0.3,0.4
Lathyrus latifolius,NoData,perennial pea,Lathyrus,Fabaceae,Shrub,species,,,4,0.02,0.2,0.2,0.1,0.1,0.04,0.05,0.06,0.04,1.6,0.24,0.7,0.4,1,0.1,0.2,0.04,1.6,0.5,0.8,0.3,0.4
Lauraceae,NoData,,Lauraceae,Lauraceae,Unknown,family,,,4,0.02,0.2,0.2,0.1,0.1,0.04,0.05,0.06,0.04,1.6,0.24,0.7,0.4,1,0.1,0.2,0.04,1.6,0.5,0.8,0.3,0.4
Laurocerasus,NoData,,Laurocerasus,TBD,Unknown,genus,,,4,0.02,0.2,0.2,0.1,0.1,0.04,0.05,0.06,0.04,1.6,0.24,0.7,0.4,1,0.1,0.2,0.04,1.6,0.5,0.8,0.3,0.4
Laurocerasus undulata,NoData,,Laurocerasus,TBD,Unknown,species,,,4,0.02,0.2,0.2,0.1,0.1,0.04,0.05,0.06,0.04,1.6,0.24,0.7,0.4,1,0.1,0.2,0.04,1.6,0.5,0.8,0.3,0.4
Laurus,NoData,,Laurus,Lauraceae,Btr,genus,,,4,0.02,0.2,0.2,0.1,0.1,0.04,0.05,0.06,0.04,1.6,0.24,0.7,0.4,1,0.1,0.2,0.04,1.6,0.5,0.8,0.3,0.4
Laurus nobilis,NoData,sweet bay,Laurus,Lauraceae,Btr,species,,,4,0.02,0.2,0.2,0.1,0.1,0.04,0.05,0.06,0.04,1.6,0.24,0.7,0.4,1,0.1,0.2,0.04,1.6,0.5,0.8,0.3,0.4
Lavandula,NoData,lavender,Lavandula,Lamiaceae,Shrub,genus,,,4,0.02,0.2,0.2,0.1,0.1,0.04,0.05,0.06,0.04,1.6,0.24,0.7,0.4,1,0.1,0.2,0.04,1.6,0.5,0.8,0.3,0.4
Lavandula luisieri,NoData,,Lavandula,Lamiaceae,Unknown,species,,,4,0.02,0.2,0.2,0.1,0.1,0.04,0.05,0.06,0.04,1.6,0.24,0.7,0.4,1,0.1,0.2,0.04,1.6,0.5,0.8,0.3,0.4
Lavandula stoechas,NoData,French lavender,Lavandula,Lamiaceae,Shrub,species,,,4,0.02,0.2,0.2,0.1,0.1,0.04,0.05,0.06,0.04,1.6,0.24,0.7,0.4,1,0.1,0.2,0.04,1.6,0.5,0.8,0.3,0.4
Lavatera,NoData,,Lavatera,Malvaceae,Shrub,genus,,,4,0.02,0.2,0.2,0.1,0.1,0.04,0.05,0.06,0.04,1.6,0.24,0.7,0.4,1,0.1,0.2,0.04,1.6,0.5,0.8,0.3,0.4
Lavatera assurgentiflora,NoData,island mallow,Lavatera,Malvaceae,Shrub,species,,,4,0.02,0.2,0.2,0.1,0.1,0.04,0.05,0.06,0.04,1.6,0.24,0.7,0.4,1,0.1,0.2,0.04,1.6,0.5,0.8,0.3,0.4
Ledum,NoData,,Ledum,Ericaceae,Shrub,genus,,,4,0.02,0.2,0.2,0.1,0.1,0.04,0.05,0.06,0.04,1.6,0.24,0.7,0.4,1,0.1,0.2,0.04,1.6,0.5,0.8,0.3,0.4
Ledum groenlandicum,NoData,bog Labrador tea,Ledum,Ericaceae,Shrub,species,,,4,0.02,0.2,0.2,0.1,0.1,0.04,0.05,0.06,0.04,1.6,0.24,0.7,0.4,1,0.1,0.2,0.04,1.6,0.5,0.8,0.3,0.4
Ledum palustre,NoData,marsh Labrador tea,Ledum,Ericaceae,Shrub,species,,,4,0.02,0.2,0.2,0.1,0.1,0.04,0.05,0.06,0.04,1.6,0.24,0.7,0.4,1,0.1,0.2,0.04,1.6,0.5,0.8,0.3,0.4
Leea,NoData,,Leea,TBD,Unknown,genus,,,4,0.02,0.2,0.2,0.1,0.1,0.04,0.05,0.06,0.04,1.6,0.24,0.7,0.4,1,0.1,0.2,0.04,1.6,0.5,0.8,0.3,0.4
Leea crispa,NoData,,Leea,TBD,Unknown,species,,,4,0.02,0.2,0.2,0.1,0.1,0.04,0.05,0.06,0.04,1.6,0.24,0.7,0.4,1,0.1,0.2,0.04,1.6,0.5,0.8,0.3,0.4
Leptocereus,NoData,,Leptocereus,Cactaceae,Btr,genus,,,4,0.02,0.2,0.2,0.1,0.1,0.04,0.05,0.06,0.04,1.6,0.24,0.7,0.4,1,0.1,0.2,0.04,1.6,0.5,0.8,0.3,0.4
Leptocereus quadricostatus,NoData,pitahaya,Leptocereus,Cactaceae,Btr,species,,,4,0.02,0.2,0.2,0.1,0.1,0.04,0.05,0.06,0.04,1.6,0.24,0.7,0.4,1,0.1,0.2,0.04,1.6,0.5,0.8,0.3,0.4
Leptoderris,NoData,,Leptoderris,TBD,Unknown,genus,,,4,0.02,0.2,0.2,0.1,0.1,0.04,0.05,0.06,0.04,1.6,0.24,0.7,0.4,1,0.1,0.2,0.04,1.6,0.5,0.8,0.3,0.4
Leptoderris capassa,NoData,,Leptoderris,TBD,Unknown,species,,,4,0.02,0.2,0.2,0.1,0.1,0.04,0.05,0.06,0.04,1.6,0.24,0.7,0.4,1,0.1,0.2,0.04,1.6,0.5,0.8,0.3,0.4
Leptoderris hypargyrea,NoData,,Leptoderris,TBD,Unknown,species,,,4,0.02,0.2,0.2,0.1,0.1,0.04,0.05,0.06,0.04,1.6,0.24,0.7,0.4,1,0.1,0.2,0.04,1.6,0.5,0.8,0.3,0.4
Leptoderris longifolius,NoData,,Leptoderris,TBD,Unknown,species,,,4,0.02,0.2,0.2,0.1,0.1,0.04,0.05,0.06,0.04,1.6,0.24,0.7,0.4,1,0.1,0.2,0.04,1.6,0.5,0.8,0.3,0.4
Leptospermum,NoData,teatree,Leptospermum,Myrtaceae,Btr,genus,,,4,0.02,0.2,0.2,0.1,0.1,0.04,0.05,0.06,0.04,1.6,0.24,0.7,0.4,1,0.1,0.2,0.04,1.6,0.5,0.8,0.3,0.4
Leptospermum laevigatum,NoData,Australian teatree,Leptospermum,Myrtaceae,Btr,species,,,4,0.02,0.2,0.2,0.1,0.1,0.04,0.05,0.06,0.04,1.6,0.24,0.7,0.4,1,0.1,0.2,0.04,1.6,0.5,0.8,0.3,0.4
Leptospermum scoparium,NoData,broom teatree,Leptospermum,Myrtaceae,Btr,species,,,4,0.02,0.2,0.2,0.1,0.1,0.04,0.05,0.06,0.04,1.6,0.24,0.7,0.4,1,0.1,0.2,0.04,1.6,0.5,0.8,0.3,0.4
Lespedeza,NoData,,Lespedeza,Fabaceae,Shrub,genus,,,4,0.02,0.2,0.2,0.1,0.1,0.04,0.05,0.06,0.04,1.6,0.24,0.7,0.4,1,0.1,0.2,0.04,1.6,0.5,0.8,0.3,0.4
Lespedeza bicolor,NoData,shrub lespedeza,Lespedeza,Fabaceae,Shrub,species,,,4,0.02,0.2,0.2,0.1,0.1,0.04,0.05,0.06,0.04,1.6,0.24,0.7,0.4,1,0.1,0.2,0.04,1.6,0.5,0.8,0.3,0.4
Leucadendron,NoData,,Leucadendron,TBD,Unknown,genus,,,4,0.02,0.2,0.2,0.1,0.1,0.04,0.05,0.06,0.04,1.6,0.24,0.7,0.4,1,0.1,0.2,0.04,1.6,0.5,0.8,0.3,0.4
Leucadendron argenteum,NoData,,Leucadendron,TBD,Unknown,species,,,4,0.02,0.2,0.2,0.1,0.1,0.04,0.05,0.06,0.04,1.6,0.24,0.7,0.4,1,0.1,0.2,0.04,1.6,0.5,0.8,0.3,0.4
Leucaena,NoData,leadtree,Leucaena,Fabaceae,Btr,genus,,,4,0.02,0.2,0.2,0.1,0.1,0.04,0.05,0.06,0.04,1.6,0.24,0.7,0.4,1,0.1,0.2,0.04,1.6,0.5,0.8,0.3,0.4
Leucaena esculenta,NoData,guaje,Leucaena,Fabaceae,Btr,species,,,4,0.02,0.2,0.2,0.1,0.1,0.04,0.05,0.06,0.04,1.6,0.24,0.7,0.4,1,0.1,0.2,0.04,1.6,0.5,0.8,0.3,0.4
Leucaena leucocephala,NoData,white leadtree,Leucaena,Fabaceae,Btr,species,,,4,0.02,0.2,0.2,0.1,0.1,0.04,0.05,0.06,0.04,1.6,0.24,0.7,0.4,1,0.1,0.2,0.04,1.6,0.5,0.8,0.3,0.4
Leucaena retusa,NoData,littleleaf leadtree,Leucaena,Fabaceae,Btr,species,,,4,0.02,0.2,0.2,0.1,0.1,0.04,0.05,0.06,0.04,1.6,0.24,0.7,0.4,1,0.1,0.2,0.04,1.6,0.5,0.8,0.3,0.4
Leucobryum,NoData,,Leucobryum,TBD,Unknown,genus,,,4,0.02,0.2,0.2,0.1,0.1,0.04,0.05,0.06,0.04,1.6,0.24,0.7,0.4,1,0.1,0.2,0.04,1.6,0.5,0.8,0.3,0.4
Leucobryum glaucum,NoData,,Leucobryum,TBD,Unknown,species,,,4,0.02,0.2,0.2,0.1,0.1,0.04,0.05,0.06,0.04,1.6,0.24,0.7,0.4,1,0.1,0.2,0.04,1.6,0.5,0.8,0.3,0.4
Leucospermum,NoData,,Leucospermum,Proteaceae,Unknown,genus,,,4,0.02,0.2,0.2,0.1,0.1,0.04,0.05,0.06,0.04,1.6,0.24,0.7,0.4,1,0.1,0.2,0.04,1.6,0.5,0.8,0.3,0.4
Leucospermum reflexum,NoData,,Leucospermum,Proteaceae,Unknown,species,,,4,0.02,0.2,0.2,0.1,0.1,0.04,0.05,0.06,0.04,1.6,0.24,0.7,0.4,1,0.1,0.2,0.04,1.6,0.5,0.8,0.3,0.4
Leuhea,NoData,,Leuhea,TBD,Unknown,genus,,,4,0.02,0.2,0.2,0.1,0.1,0.04,0.05,0.06,0.04,1.6,0.24,0.7,0.4,1,0.1,0.2,0.04,1.6,0.5,0.8,0.3,0.4
Leuhea seemanii,NoData,,Leuhea,TBD,Unknown,species,,,4,0.02,0.2,0.2,0.1,0.1,0.04,0.05,0.06,0.04,1.6,0.24,0.7,0.4,1,0.1,0.2,0.04,1.6,0.5,0.8,0.3,0.4
Libocedrus,Callitris,,Libocedrus,Cupressaceae,Ntr,genus,,,0.2,0.02,0.4,0.05,0.2,0.2,0.04,0.05,0.1,0.06,1.6,0.24,0.7,0.4,1,0.1,0.2,0.04,1.6,0.5,0.8,0.3,0.4
Libocedrus decurrens,Callitris,Kawaka,Libocedrus,Cupressaceae,Ntr,species,,,0.2,0.02,0.4,0.05,0.2,0.2,0.04,0.05,0.1,0.06,1.6,0.24,0.7,0.4,1,0.1,0.2,0.04,1.6,0.5,0.8,0.3,0.4
Librocedrus,Callitris,,Libocedrus,Cupressaceae,Unknown,genus,,,0.2,0.02,0.4,0.05,0.2,0.2,0.04,0.05,0.1,0.06,1.6,0.24,0.7,0.4,1,0.1,0.2,0.04,1.6,0.5,0.8,0.3,0.4
Librocedrus decurrens,Callitris,,Libocedrus,Cupressaceae,Unknown,species,,,0.2,0.02,0.4,0.05,0.2,0.2,0.04,0.05,0.1,0.06,1.6,0.24,0.7,0.4,1,0.1,0.2,0.04,1.6,0.5,0.8,0.3,0.4
Licania,NoData,,Licania,Chrysobalanaceae,Unknown,genus,,,4,0.02,0.2,0.2,0.1,0.1,0.04,0.05,0.06,0.04,1.6,0.24,0.7,0.4,1,0.1,0.2,0.04,1.6,0.5,0.8,0.3,0.4
Licania hypoleuca,NoData,,Licania,Chrysobalanaceae,Unknown,species,,,4,0.02,0.2,0.2,0.1,0.1,0.04,0.05,0.06,0.04,1.6,0.24,0.7,0.4,1,0.1,0.2,0.04,1.6,0.5,0.8,0.3,0.4
Ligustrum,Ligustrum,privet,Ligustrum,Oleaceae,Btr,genus,,,0.05,0.02,0.02,0.02,0.01,0.02,0.01,0.05,0.02,0.01,1.6,0.24,0.7,0.4,1,0.1,0.2,0.04,1.6,0.5,0.8,0.3,0.4
Ligustrum amurense,Ligustrum,,Ligustrum,Oleaceae,Btr,genus,,,0.05,0.02,0.02,0.02,0.01,0.02,0.01,0.05,0.02,0.01,1.6,0.24,0.7,0.4,1,0.1,0.2,0.04,1.6,0.5,0.8,0.3,0.4
Ligustrum confusum,Ligustrum,privet,Ligustrum,Oleaceae,Btr,species,,,0.05,0.02,0.02,0.02,0.01,0.02,0.01,0.05,0.02,0.01,1.6,0.24,0.7,0.4,1,0.1,0.2,0.04,1.6,0.5,0.8,0.3,0.4
Ligustrum coriaceum,Ligustrum,,Ligustrum,Oleaceae,Unknown,species,,,0.05,0.02,0.02,0.02,0.01,0.02,0.01,0.05,0.02,0.01,1.6,0.24,0.7,0.4,1,0.1,0.2,0.04,1.6,0.5,0.8,0.3,0.4
Ligustrum indicum,Ligustrum,privet,Ligustrum,Oleaceae,Btr,species,,,0.05,0.02,0.02,0.02,0.01,0.02,0.01,0.05,0.02,0.01,1.6,0.24,0.7,0.4,1,0.1,0.2,0.04,1.6,0.5,0.8,0.3,0.4
Ligustrum japonicum,Ligustrum,Japanese privet,Ligustrum,Oleaceae,Btr,species,,,0.05,0.02,0.02,0.02,0.01,0.02,0.01,0.05,0.02,0.01,1.6,0.24,0.7,0.4,1,0.1,0.2,0.04,1.6,0.5,0.8,0.3,0.4
Ligustrum lucidum,Ligustrum,glossy privet,Ligustrum,Oleaceae,Btr,species,,,0.05,0.02,0.02,0.02,0.01,0.02,0.01,0.05,0.02,0.01,1.6,0.24,0.7,0.4,1,0.1,0.2,0.04,1.6,0.5,0.8,0.3,0.4
Ligustrum ovalifolium,Ligustrum,California privet,Ligustrum,Oleaceae,Btr,species,,,0.05,0.02,0.02,0.02,0.01,0.02,0.01,0.05,0.02,0.01,1.6,0.24,0.7,0.4,1,0.1,0.2,0.04,1.6,0.5,0.8,0.3,0.4
Ligustrum sinense,Ligustrum,,Ligustrum,Oleaceae,Btr,genus,,,0.05,0.02,0.02,0.02,0.01,0.02,0.01,0.05,0.02,0.01,1.6,0.24,0.7,0.4,1,0.1,0.2,0.04,1.6,0.5,0.8,0.3,0.4
Ligustrum vulgare,Ligustrum,European privet,Ligustrum,Oleaceae,Shrub,species,,,0.05,0.02,0.02,0.02,0.01,0.02,0.01,0.05,0.02,0.01,1.6,0.24,0.7,0.4,1,0.1,0.2,0.04,1.6,0.5,0.8,0.3,0.4
Liliaceae,NoData,,Liliaceae,Liliaceae,Unknown,family,,,4,0.02,0.2,0.2,0.1,0.1,0.04,0.05,0.06,0.04,1.6,0.24,0.7,0.4,1,0.1,0.2,0.04,1.6,0.5,0.8,0.3,0.4
Lindera,Oxydendrum,,Lindera,Lauraceae,Btr,genus,,,0.2,0.02,0.1,0.2,0.1,0.1,0.04,0.05,0.06,0.04,1.6,0.24,0.7,0.4,1,0.1,0.2,0.04,1.6,0.5,0.8,0.3,0.4
Lindera benzoin,Oxydendrum,northern spicebush,Lindera,Lauraceae,Btr,species,,,0.2,0.02,0.1,0.2,0.1,0.1,0.04,0.05,0.06,0.04,1.6,0.24,0.7,0.4,1,0.1,0.2,0.04,1.6,0.5,0.8,0.3,0.4
Linociera,NoData,,Linociera,TBD,Unknown,genus,,,4,0.02,0.2,0.2,0.1,0.1,0.04,0.05,0.06,0.04,1.6,0.24,0.7,0.4,1,0.1,0.2,0.04,1.6,0.5,0.8,0.3,0.4
Linociera insignis,NoData,,Linociera,TBD,Unknown,species,,,4,0.02,0.2,0.2,0.1,0.1,0.04,0.05,0.06,0.04,1.6,0.24,0.7,0.4,1,0.1,0.2,0.04,1.6,0.5,0.8,0.3,0.4
Linospadix,NoData,,Linospadix,Arecaceae,Unknown,genus,,,4,0.02,0.2,0.2,0.1,0.1,0.04,0.05,0.06,0.04,1.6,0.24,0.7,0.4,1,0.1,0.2,0.04,1.6,0.5,0.8,0.3,0.4
Linospadix monostachyos,NoData,,Linospadix,Arecaceae,Unknown,species,,,4,0.02,0.2,0.2,0.1,0.1,0.04,0.05,0.06,0.04,1.6,0.24,0.7,0.4,1,0.1,0.2,0.04,1.6,0.5,0.8,0.3,0.4
Lippia,Lippia,lippia,Lippia,Verbenaceae,Shrub,genus,,,0.2,0.02,0.2,0.2,0.1,0.1,0.04,0.05,0.06,0.04,1.6,0.24,0.7,0.4,1,0.1,0.2,0.04,1.6,0.5,0.8,0.3,0.4
Liquidambar,Liquidambar,sweetgum,Liquidambar,Hamamelidaceae,Btr,genus,,,24,0.02,1,0.4,0.6,2,0.6,0.05,0.6,0.1,1.6,0.24,0.7,0.4,1,0.1,0.2,0.04,1.6,0.5,0.8,0.3,0.4
Liquidambar formosana,Liquidambar,sweetgum,Liquidambar,Hamamelidaceae,Btr,species,,,24,0.02,1,0.4,0.6,2,0.6,0.05,0.6,0.1,1.6,0.24,0.7,0.4,1,0.1,0.2,0.04,1.6,0.5,0.8,0.3,0.4
Liquidambar orientalis,Liquidambar,Oriental sweetgum,Liquidambar,Hamamelidaceae,Unknown,species,,,24,0.02,1,0.4,0.6,2,0.6,0.05,0.6,0.1,1.6,0.24,0.7,0.4,1,0.1,0.2,0.04,1.6,0.5,0.8,0.3,0.4
Liquidambar styraciflua,Liquidambar,sweetgum,Liquidambar,Hamamelidaceae,Btr,species,,,24,0.02,1,0.4,0.6,2,0.6,0.05,0.6,0.1,1.6,0.24,0.7,0.4,1,0.1,0.2,0.04,1.6,0.5,0.8,0.3,0.4
Liriodendron,Liriodendron,tuliptree,Liriodendron,Magnoliaceae,Btr,genus,,,0.2,0.02,0.02,0.05,0.02,0.2,0.04,0.05,0.01,0.005,1.6,0.24,0.7,0.4,1,0.1,0.2,0.04,1.6,0.5,0.8,0.3,0.4
Liriodendron chinense,Liriodendron,Chinese tuliptree,Liriodendron,Magnoliaceae,Unknown,species,,,0.2,0.02,0.02,0.05,0.02,0.2,0.04,0.05,0.01,0.005,1.6,0.24,0.7,0.4,1,0.1,0.2,0.04,1.6,0.5,0.8,0.3,0.4
Liriodendron tulipifera,Liriodendron,tuliptree,Liriodendron,Magnoliaceae,Btr,species,,,0.2,0.02,0.02,0.05,0.02,0.2,0.04,0.05,0.01,0.005,1.6,0.24,0.7,0.4,1,0.1,0.2,0.04,1.6,0.5,0.8,0.3,0.4
Litchi,NoData,,Litchi,Sapindaceae,Btr,genus,,,4,0.02,0.2,0.2,0.1,0.1,0.04,0.05,0.06,0.04,1.6,0.24,0.7,0.4,1,0.1,0.2,0.04,1.6,0.5,0.8,0.3,0.4
Litchi chinensis,NoData,lychee,Litchi,Sapindaceae,Btr,species,,,4,0.02,0.2,0.2,0.1,0.1,0.04,0.05,0.06,0.04,1.6,0.24,0.7,0.4,1,0.1,0.2,0.04,1.6,0.5,0.8,0.3,0.4
Lithocarpus,Notholithocarpus,,Lithocarpus,Fagaceae,Btr,genus,,,0.2,0.02,0.2,0.2,0.2,0.2,0.04,0.05,0.04,0.02,1.6,0.24,0.7,0.4,1,0.1,0.2,0.04,1.6,0.5,0.8,0.3,0.4
Lithocarpus chintungensis,Notholithocarpus,,Lithocarpus,Fagaceae,Unknown,species,,,0.2,0.02,0.2,0.2,0.2,0.2,0.04,0.05,0.04,0.02,1.6,0.24,0.7,0.4,1,0.1,0.2,0.04,1.6,0.5,0.8,0.3,0.4
Lithocarpus densiflora,Notholithocarpus,,Lithocarpus,Fagaceae,Unknown,species,,,0.2,0.02,0.2,0.2,0.2,0.2,0.04,0.05,0.04,0.02,1.6,0.24,0.7,0.4,1,0.1,0.2,0.04,1.6,0.5,0.8,0.3,0.4
Lithocarpus densiflorus,Notholithocarpus,tanoak,Lithocarpus,Fagaceae,Btr,species,,Now Notholithocarpus densiflorus,0.2,0.02,0.2,0.2,0.2,0.2,0.04,0.05,0.04,0.02,1.6,0.24,0.7,0.4,1,0.1,0.2,0.04,1.6,0.5,0.8,0.3,0.4
Lithocarpus edulis,Notholithocarpus,,Lithocarpus,Fagaceae,Btr,species,,,0.2,0.02,0.2,0.2,0.2,0.2,0.04,0.05,0.04,0.02,1.6,0.24,0.7,0.4,1,0.1,0.2,0.04,1.6,0.5,0.8,0.3,0.4
Lithocarpus fenestratus,Notholithocarpus,,Lithocarpus,Fagaceae,Unknown,species,,,0.2,0.02,0.2,0.2,0.2,0.2,0.04,0.05,0.04,0.02,1.6,0.24,0.7,0.4,1,0.1,0.2,0.04,1.6,0.5,0.8,0.3,0.4
Lithocarpus hypoviridis,Notholithocarpus,,Lithocarpus,Fagaceae,Unknown,species,,,0.2,0.02,0.2,0.2,0.2,0.2,0.04,0.05,0.04,0.02,1.6,0.24,0.7,0.4,1,0.1,0.2,0.04,1.6,0.5,0.8,0.3,0.4
Lithocarpus pachyphylloides,Notholithocarpus,,Lithocarpus,Fagaceae,Unknown,species,,,0.2,0.02,0.2,0.2,0.2,0.2,0.04,0.05,0.04,0.02,1.6,0.24,0.7,0.4,1,0.1,0.2,0.04,1.6,0.5,0.8,0.3,0.4
Lithocarpus truncatus,Notholithocarpus,,Lithocarpus,Fagaceae,Unknown,species,,,0.2,0.02,0.2,0.2,0.2,0.2,0.04,0.05,0.04,0.02,1.6,0.24,0.7,0.4,1,0.1,0.2,0.04,1.6,0.5,0.8,0.3,0.4
Lithocarpus xylocarpa,Notholithocarpus,,Lithocarpus,Fagaceae,Unknown,species,,,0.2,0.02,0.2,0.2,0.2,0.2,0.04,0.05,0.04,0.02,1.6,0.24,0.7,0.4,1,0.1,0.2,0.04,1.6,0.5,0.8,0.3,0.4
Lithocarpus yunnanensis,Notholithocarpus,,Lithocarpus,Fagaceae,Unknown,species,,,0.2,0.02,0.2,0.2,0.2,0.2,0.04,0.05,0.04,0.02,1.6,0.24,0.7,0.4,1,0.1,0.2,0.04,1.6,0.5,0.8,0.3,0.4
Litsea,NoData,,Litsea,Lauraceae,Unknown,genus,,,4,0.02,0.2,0.2,0.1,0.1,0.04,0.05,0.06,0.04,1.6,0.24,0.7,0.4,1,0.1,0.2,0.04,1.6,0.5,0.8,0.3,0.4
Litsea cubeba,NoData,litsea,Litsea,Lauraceae,Unknown,species,,,4,0.02,0.2,0.2,0.1,0.1,0.04,0.05,0.06,0.04,1.6,0.24,0.7,0.4,1,0.1,0.2,0.04,1.6,0.5,0.8,0.3,0.4
Litsea dilleniiefolia,NoData,,Litsea,Lauraceae,Unknown,species,,,4,0.02,0.2,0.2,0.1,0.1,0.04,0.05,0.06,0.04,1.6,0.24,0.7,0.4,1,0.1,0.2,0.04,1.6,0.5,0.8,0.3,0.4
Litsea elongata,NoData,,Litsea,Lauraceae,Unknown,species,,,4,0.02,0.2,0.2,0.1,0.1,0.04,0.05,0.06,0.04,1.6,0.24,0.7,0.4,1,0.1,0.2,0.04,1.6,0.5,0.8,0.3,0.4
Litsea euosma,NoData,,Litsea,Lauraceae,Unknown,species,,,4,0.02,0.2,0.2,0.1,0.1,0.04,0.05,0.06,0.04,1.6,0.24,0.7,0.4,1,0.1,0.2,0.04,1.6,0.5,0.8,0.3,0.4
Litsea glutinosa,NoData,,Litsea,Lauraceae,Unknown,species,,,4,0.02,0.2,0.2,0.1,0.1,0.04,0.05,0.06,0.04,1.6,0.24,0.7,0.4,1,0.1,0.2,0.04,1.6,0.5,0.8,0.3,0.4
Litsea monopetala,NoData,,Litsea,Lauraceae,Unknown,species,,,4,0.02,0.2,0.2,0.1,0.1,0.04,0.05,0.06,0.04,1.6,0.24,0.7,0.4,1,0.1,0.2,0.04,1.6,0.5,0.8,0.3,0.4
Litsea panamonja,NoData,,Litsea,Lauraceae,Unknown,species,,,4,0.02,0.2,0.2,0.1,0.1,0.04,0.05,0.06,0.04,1.6,0.24,0.7,0.4,1,0.1,0.2,0.04,1.6,0.5,0.8,0.3,0.4
Litsea pierrei,NoData,,Litsea,Lauraceae,Unknown,species,,,4,0.02,0.2,0.2,0.1,0.1,0.04,0.05,0.06,0.04,1.6,0.24,0.7,0.4,1,0.1,0.2,0.04,1.6,0.5,0.8,0.3,0.4
Livistona,NoData,livistona,Livistona,Arecaceae,Btr,genus,,,4,0.02,0.2,0.2,0.1,0.1,0.04,0.05,0.06,0.04,1.6,0.24,0.7,0.4,1,0.1,0.2,0.04,1.6,0.5,0.8,0.3,0.4
Livistona australis,NoData,livistona,Livistona,Arecaceae,Btr,species,,,4,0.02,0.2,0.2,0.1,0.1,0.04,0.05,0.06,0.04,1.6,0.24,0.7,0.4,1,0.1,0.2,0.04,1.6,0.5,0.8,0.3,0.4
Livistona chinensis,NoData,fountain palm,Livistona,Arecaceae,Btr,species,,,4,0.02,0.2,0.2,0.1,0.1,0.04,0.05,0.06,0.04,1.6,0.24,0.7,0.4,1,0.1,0.2,0.04,1.6,0.5,0.8,0.3,0.4
Livistona decipiens,NoData,livistona,Livistona,Arecaceae,Btr,species,,,4,0.02,0.2,0.2,0.1,0.1,0.04,0.05,0.06,0.04,1.6,0.24,0.7,0.4,1,0.1,0.2,0.04,1.6,0.5,0.8,0.3,0.4
Livistona saribus,NoData,,Livistona,Arecaceae,Unknown,species,,,4,0.02,0.2,0.2,0.1,0.1,0.04,0.05,0.06,0.04,1.6,0.24,0.7,0.4,1,0.1,0.2,0.04,1.6,0.5,0.8,0.3,0.4
Lolium,NoData,,Lolium,Poaceae,Herb,genus,,,4,0.02,0.2,0.2,0.1,0.1,0.04,0.05,0.06,0.04,1.6,0.24,0.7,0.4,1,0.1,0.2,0.04,1.6,0.5,0.8,0.3,0.4
Lolium perenne,NoData,perennial ryegrass,Lolium,Poaceae,Herb,species,,,4,0.02,0.2,0.2,0.1,0.1,0.04,0.05,0.06,0.04,1.6,0.24,0.7,0.4,1,0.1,0.2,0.04,1.6,0.5,0.8,0.3,0.4
Lomatia,NoData,,Lomatia,TBD,Unknown,genus,,,4,0.02,0.2,0.2,0.1,0.1,0.04,0.05,0.06,0.04,1.6,0.24,0.7,0.4,1,0.1,0.2,0.04,1.6,0.5,0.8,0.3,0.4
Lomatia fraxinifolia,NoData,,Lomatia,TBD,Unknown,species,,,4,0.02,0.2,0.2,0.1,0.1,0.04,0.05,0.06,0.04,1.6,0.24,0.7,0.4,1,0.1,0.2,0.04,1.6,0.5,0.8,0.3,0.4
Lonchocarpus,NoData,,Lonchocarpus,Fabaceae,Unknown,genus,,,4,0.02,0.2,0.2,0.1,0.1,0.04,0.05,0.06,0.04,1.6,0.24,0.7,0.4,1,0.1,0.2,0.04,1.6,0.5,0.8,0.3,0.4
Lonchocarpus capassa,NoData,,Lonchocarpus,Fabaceae,Unknown,species,,,4,0.02,0.2,0.2,0.1,0.1,0.04,0.05,0.06,0.04,1.6,0.24,0.7,0.4,1,0.1,0.2,0.04,1.6,0.5,0.8,0.3,0.4
Lonicera,NoData,,Lonicera,Caprifoliaceae,Shrub,genus,,,4,0.02,0.2,0.2,0.1,0.1,0.04,0.05,0.06,0.04,1.6,0.24,0.7,0.4,1,0.1,0.2,0.04,1.6,0.5,0.8,0.3,0.4
Lonicera canadensis,NoData,American fly honeysuckle,Lonicera,Caprifoliaceae,Shrub,species,,,4,0.02,0.2,0.2,0.1,0.1,0.04,0.05,0.06,0.04,1.6,0.24,0.7,0.4,1,0.1,0.2,0.04,1.6,0.5,0.8,0.3,0.4
Lonicera chrysantha,NoData,,Lonicera,Caprifoliaceae,Unknown,species,,,4,0.02,0.2,0.2,0.1,0.1,0.04,0.05,0.06,0.04,1.6,0.24,0.7,0.4,1,0.1,0.2,0.04,1.6,0.5,0.8,0.3,0.4
Lonicera edulis,NoData,,Lonicera,Caprifoliaceae,Unknown,species,,,4,0.02,0.2,0.2,0.1,0.1,0.04,0.05,0.06,0.04,1.6,0.24,0.7,0.4,1,0.1,0.2,0.04,1.6,0.5,0.8,0.3,0.4
Lophira,NoData,,Lophira,Ochnaceae,Btr,genus,,,4,0.02,0.2,0.2,0.1,0.1,0.04,0.05,0.06,0.04,1.6,0.24,0.7,0.4,1,0.1,0.2,0.04,1.6,0.5,0.8,0.3,0.4
Lophira alata,NoData,,Lophira,Ochnaceae,Unknown,species,,,4,0.02,0.2,0.2,0.1,0.1,0.04,0.05,0.06,0.04,1.6,0.24,0.7,0.4,1,0.1,0.2,0.04,1.6,0.5,0.8,0.3,0.4
Lophira lanceolata,NoData,,Lophira,Ochnaceae,Btr,species,,,4,0.02,0.2,0.2,0.1,0.1,0.04,0.05,0.06,0.04,1.6,0.24,0.7,0.4,1,0.1,0.2,0.04,1.6,0.5,0.8,0.3,0.4
Lophostemon,Lophostemon,,Lophostemon,Myrtaceae,Btr,genus,,,16,0.02,0.6,0.2,0.05,0.02,0.01,0.05,0.1,0.005,1.6,0.24,0.7,0.4,1,0.1,0.2,0.04,1.6,0.5,0.8,0.3,0.4
Lophostemon confertus,Lophostemon,vinegartree,Lophostemon,Myrtaceae,Btr,species,,,16,0.02,0.6,0.2,0.05,0.02,0.01,0.05,0.1,0.005,1.6,0.24,0.7,0.4,1,0.1,0.2,0.04,1.6,0.5,0.8,0.3,0.4
Loropetalum,NoData,,Loropetalum,Hamamelidaceae,Btr,genus,,,4,0.02,0.2,0.2,0.1,0.1,0.04,0.05,0.06,0.04,1.6,0.24,0.7,0.4,1,0.1,0.2,0.04,1.6,0.5,0.8,0.3,0.4
Lotus,NoData,,Lotus,Fabaceae,Herb,genus,,,4,0.02,0.2,0.2,0.1,0.1,0.04,0.05,0.06,0.04,1.6,0.24,0.7,0.4,1,0.1,0.2,0.04,1.6,0.5,0.8,0.3,0.4
Lotus corniculatus,NoData,bird's-foot trefoil,Lotus,Fabaceae,Herb,species,,,4,0.02,0.2,0.2,0.1,0.1,0.04,0.05,0.06,0.04,1.6,0.24,0.7,0.4,1,0.1,0.2,0.04,1.6,0.5,0.8,0.3,0.4
Lotus pedunculatus,NoData,big trefoil,Lotus,Fabaceae,Herb,species,,,4,0.02,0.2,0.2,0.1,0.1,0.04,0.05,0.06,0.04,1.6,0.24,0.7,0.4,1,0.1,0.2,0.04,1.6,0.5,0.8,0.3,0.4
Luehea,NoData,,Luehea,Tiliaceae,Btr,genus,,,4,0.02,0.2,0.2,0.1,0.1,0.04,0.05,0.06,0.04,1.6,0.24,0.7,0.4,1,0.1,0.2,0.04,1.6,0.5,0.8,0.3,0.4
Luehea divaricata,NoData,,Luehea,Tiliaceae,Btr,species,,,4,0.02,0.2,0.2,0.1,0.1,0.04,0.05,0.06,0.04,1.6,0.24,0.7,0.4,1,0.1,0.2,0.04,1.6,0.5,0.8,0.3,0.4
Luma,NoData,,Luma,Myrtaceae,Btr,genus,,,4,0.02,0.2,0.2,0.1,0.1,0.04,0.05,0.06,0.04,1.6,0.24,0.7,0.4,1,0.1,0.2,0.04,1.6,0.5,0.8,0.3,0.4
Luma apiculata,NoData,temu,Luma,Myrtaceae,Btr,species,,,4,0.02,0.2,0.2,0.1,0.1,0.04,0.05,0.06,0.04,1.6,0.24,0.7,0.4,1,0.1,0.2,0.04,1.6,0.5,0.8,0.3,0.4
Lunularia,NoData,,Lunularia,TBD,Unknown,genus,,,4,0.02,0.2,0.2,0.1,0.1,0.04,0.05,0.06,0.04,1.6,0.24,0.7,0.4,1,0.1,0.2,0.04,1.6,0.5,0.8,0.3,0.4
Lunularia cruciata,NoData,,Lunularia,TBD,Unknown,species,,,4,0.02,0.2,0.2,0.1,0.1,0.04,0.05,0.06,0.04,1.6,0.24,0.7,0.4,1,0.1,0.2,0.04,1.6,0.5,0.8,0.3,0.4
Lupinus,NoData,lupine,Lupinus,Fabaceae,Shrub,genus,,,4,0.02,0.2,0.2,0.1,0.1,0.04,0.05,0.06,0.04,1.6,0.24,0.7,0.4,1,0.1,0.2,0.04,1.6,0.5,0.8,0.3,0.4
Lupinus albicaulis,NoData,sicklekeel lupine,Lupinus,Fabaceae,Herb,species,,,4,0.02,0.2,0.2,0.1,0.1,0.04,0.05,0.06,0.04,1.6,0.24,0.7,0.4,1,0.1,0.2,0.04,1.6,0.5,0.8,0.3,0.4
Lycianthes,NoData,,Lycianthes,Solanaceae,Shrub,genus,,,4,0.02,0.2,0.2,0.1,0.1,0.04,0.05,0.06,0.04,1.6,0.24,0.7,0.4,1,0.1,0.2,0.04,1.6,0.5,0.8,0.3,0.4
Lycianthes rantonnettii,NoData,blue potatobush,Lycianthes,Solanaceae,Shrub,species,,,4,0.02,0.2,0.2,0.1,0.1,0.04,0.05,0.06,0.04,1.6,0.24,0.7,0.4,1,0.1,0.2,0.04,1.6,0.5,0.8,0.3,0.4
Lycidice,NoData,,Lycidice,TBD,Unknown,genus,,,4,0.02,0.2,0.2,0.1,0.1,0.04,0.05,0.06,0.04,1.6,0.24,0.7,0.4,1,0.1,0.2,0.04,1.6,0.5,0.8,0.3,0.4
Lycidice rhodoslegia,NoData,,Lycidice,TBD,Unknown,species,,,4,0.02,0.2,0.2,0.1,0.1,0.04,0.05,0.06,0.04,1.6,0.24,0.7,0.4,1,0.1,0.2,0.04,1.6,0.5,0.8,0.3,0.4
Lycium,Lycium,desert-thorn,Lycium,Solanaceae,Shrub,genus,,,0.2,0.02,0.4,0.4,0.05,0.4,0.04,0.05,0.06,0.04,1.6,0.24,0.7,0.4,1,0.1,0.2,0.04,1.6,0.5,0.8,0.3,0.4
Lycium andersonii,Lycium,water jacket,Lycium,Solanaceae,Shrub,species,,,0.2,0.02,0.4,0.4,0.05,0.4,0.04,0.05,0.06,0.04,1.6,0.24,0.7,0.4,1,0.1,0.2,0.04,1.6,0.5,0.8,0.3,0.4
Lycium cooperi,Lycium,peach thorn,Lycium,Solanaceae,Shrub,species,,,0.2,0.02,0.4,0.4,0.05,0.4,0.04,0.05,0.06,0.04,1.6,0.24,0.7,0.4,1,0.1,0.2,0.04,1.6,0.5,0.8,0.3,0.4
Lycium fremontii,Lycium,Fremont's desert-thorn,Lycium,Solanaceae,Shrub,species,,,0.2,0.02,0.4,0.4,0.05,0.4,0.04,0.05,0.06,0.04,1.6,0.24,0.7,0.4,1,0.1,0.2,0.04,1.6,0.5,0.8,0.3,0.4
Lycium pallidum,Lycium,pale desert-thorn,Lycium,Solanaceae,Shrub,species,,,0.2,0.02,0.4,0.4,0.05,0.4,0.04,0.05,0.06,0.04,1.6,0.24,0.7,0.4,1,0.1,0.2,0.04,1.6,0.5,0.8,0.3,0.4
Lycium torreyi,Lycium,Torrey wolfberry,Lycium,Solanaceae,Shrub,species,,,0.2,0.02,0.4,0.4,0.05,0.4,0.04,0.05,0.06,0.04,1.6,0.24,0.7,0.4,1,0.1,0.2,0.04,1.6,0.5,0.8,0.3,0.4
Lycopersicon,NoData,tomato,Lycopersicon,Solanaceae,Herb,genus,,,4,0.02,0.2,0.2,0.1,0.1,0.04,0.05,0.06,0.04,1.6,0.24,0.7,0.4,1,0.1,0.2,0.04,1.6,0.5,0.8,0.3,0.4
Lycopersicon esculatum,NoData,,Lycopersicon,Solanaceae,Unknown,species,,,4,0.02,0.2,0.2,0.1,0.1,0.04,0.05,0.06,0.04,1.6,0.24,0.7,0.4,1,0.1,0.2,0.04,1.6,0.5,0.8,0.3,0.4
Lycopersicon lycopersicon,NoData,,Lycopersicon,Solanaceae,Unknown,species,,,4,0.02,0.2,0.2,0.1,0.1,0.04,0.05,0.06,0.04,1.6,0.24,0.7,0.4,1,0.1,0.2,0.04,1.6,0.5,0.8,0.3,0.4
Lycopersicon lycopersicum,NoData,,Lycopersicon,Solanaceae,Unknown,species,,,4,0.02,0.2,0.2,0.1,0.1,0.04,0.05,0.06,0.04,1.6,0.24,0.7,0.4,1,0.1,0.2,0.04,1.6,0.5,0.8,0.3,0.4
Lyonia,NoData,,Lyonia,Ericaceae,Unknown,genus,,,4,0.02,0.2,0.2,0.1,0.1,0.04,0.05,0.06,0.04,1.6,0.24,0.7,0.4,1,0.1,0.2,0.04,1.6,0.5,0.8,0.3,0.4
Lyonia ovalifolia,NoData,,Lyonia,Ericaceae,Unknown,species,,,4,0.02,0.2,0.2,0.1,0.1,0.04,0.05,0.06,0.04,1.6,0.24,0.7,0.4,1,0.1,0.2,0.04,1.6,0.5,0.8,0.3,0.4
Lyonothamnus,NoData,,Lyonothamnus,Rosaceae,Btr,genus,,,4,0.02,0.2,0.2,0.1,0.1,0.04,0.05,0.06,0.04,1.6,0.24,0.7,0.4,1,0.1,0.2,0.04,1.6,0.5,0.8,0.3,0.4
Lyonothamnus floribundus,NoData,Catalina ironwood,Lyonothamnus,Rosaceae,Btr,species,,,4,0.02,0.2,0.2,0.1,0.1,0.04,0.05,0.06,0.04,1.6,0.24,0.7,0.4,1,0.1,0.2,0.04,1.6,0.5,0.8,0.3,0.4
Lysiloma,Fagus,false tamarind,Lysiloma,Fabaceae,Btr,genus,,,0.2,0.02,0.2,0.2,0.1,0.2,0.04,0.05,0.06,0.04,1.6,0.24,0.7,0.4,1,0.1,0.2,0.04,1.6,0.5,0.8,0.3,0.4
Lysiloma microphylla,NoData,,Lysiloma,Fabaceae,Btr,species,,,4,0.02,0.2,0.2,0.1,0.1,0.04,0.05,0.06,0.04,1.6,0.24,0.7,0.4,1,0.1,0.2,0.04,1.6,0.5,0.8,0.3,0.4
Lysiloma microphyllum,NoData,,Lysiloma,Fabaceae,Btr,species,,,4,0.02,0.2,0.2,0.1,0.1,0.04,0.05,0.06,0.04,1.6,0.24,0.7,0.4,1,0.1,0.2,0.04,1.6,0.5,0.8,0.3,0.4
Lysiloma watsonii,NoData,littleleaf false tamarind,Lysiloma,Fabaceae,Btr,species,,,4,0.02,0.2,0.2,0.1,0.1,0.04,0.05,0.06,0.04,1.6,0.24,0.7,0.4,1,0.1,0.2,0.04,1.6,0.5,0.8,0.3,0.4
Maackia,NoData,,Maackia,Fabaceae,Unknown,genus,,,4,0.02,0.2,0.2,0.1,0.1,0.04,0.05,0.06,0.04,1.6,0.24,0.7,0.4,1,0.1,0.2,0.04,1.6,0.5,0.8,0.3,0.4
Maackia amurensis,NoData,Amur maackia,Maackia,Fabaceae,Unknown,species,,,4,0.02,0.2,0.2,0.1,0.1,0.04,0.05,0.06,0.04,1.6,0.24,0.7,0.4,1,0.1,0.2,0.04,1.6,0.5,0.8,0.3,0.4
Maackia chinensis,NoData,,Maackia,Fabaceae,Unknown,species,,,4,0.02,0.2,0.2,0.1,0.1,0.04,0.05,0.06,0.04,1.6,0.24,0.7,0.4,1,0.1,0.2,0.04,1.6,0.5,0.8,0.3,0.4
Mabea,NoData,,Mabea,TBD,Unknown,genus,,,4,0.02,0.2,0.2,0.1,0.1,0.04,0.05,0.06,0.04,1.6,0.24,0.7,0.4,1,0.1,0.2,0.04,1.6,0.5,0.8,0.3,0.4
Macadamia,NoData,,Macadamia,Proteaceae,Btr,genus,,,4,0.02,0.2,0.2,0.1,0.1,0.04,0.05,0.06,0.04,1.6,0.24,0.7,0.4,1,0.1,0.2,0.04,1.6,0.5,0.8,0.3,0.4
Macadamia integrifolia,NoData,macadamia nut,Macadamia,Proteaceae,Btr,species,,,4,0.02,0.2,0.2,0.1,0.1,0.04,0.05,0.06,0.04,1.6,0.24,0.7,0.4,1,0.1,0.2,0.04,1.6,0.5,0.8,0.3,0.4
Macadamia ternifolia,NoData,,Macadamia,Proteaceae,Unknown,species,,,4,0.02,0.2,0.2,0.1,0.1,0.04,0.05,0.06,0.04,1.6,0.24,0.7,0.4,1,0.1,0.2,0.04,1.6,0.5,0.8,0.3,0.4
Macadamia tetraphylla,NoData,macadamia nut,Macadamia,Proteaceae,Unknown,species,,,4,0.02,0.2,0.2,0.1,0.1,0.04,0.05,0.06,0.04,1.6,0.24,0.7,0.4,1,0.1,0.2,0.04,1.6,0.5,0.8,0.3,0.4
Macaranga,NoData,,Macaranga,Euphorbiaceae,Unknown,genus,,,4,0.02,0.2,0.2,0.1,0.1,0.04,0.05,0.06,0.04,1.6,0.24,0.7,0.4,1,0.1,0.2,0.04,1.6,0.5,0.8,0.3,0.4
Macaranga barteri,NoData,,Macaranga,Euphorbiaceae,Unknown,species,,,4,0.02,0.2,0.2,0.1,0.1,0.04,0.05,0.06,0.04,1.6,0.24,0.7,0.4,1,0.1,0.2,0.04,1.6,0.5,0.8,0.3,0.4
Macaranga triloba,NoData,,Macaranga,Euphorbiaceae,Unknown,species,,,4,0.02,0.2,0.2,0.1,0.1,0.04,0.05,0.06,0.04,1.6,0.24,0.7,0.4,1,0.1,0.2,0.04,1.6,0.5,0.8,0.3,0.4
Macaraunga,NoData,,Macaraunga,TBD,Unknown,genus,,,4,0.02,0.2,0.2,0.1,0.1,0.04,0.05,0.06,0.04,1.6,0.24,0.7,0.4,1,0.1,0.2,0.04,1.6,0.5,0.8,0.3,0.4
Macaraunga barbatus,NoData,,Macaraunga,TBD,Unknown,species,,,4,0.02,0.2,0.2,0.1,0.1,0.04,0.05,0.06,0.04,1.6,0.24,0.7,0.4,1,0.1,0.2,0.04,1.6,0.5,0.8,0.3,0.4
Macaraunga denticulata,NoData,,Macaraunga,TBD,Unknown,species,,,4,0.02,0.2,0.2,0.1,0.1,0.04,0.05,0.06,0.04,1.6,0.24,0.7,0.4,1,0.1,0.2,0.04,1.6,0.5,0.8,0.3,0.4
Macaraunga indica,NoData,,Macaraunga,TBD,Unknown,species,,,4,0.02,0.2,0.2,0.1,0.1,0.04,0.05,0.06,0.04,1.6,0.24,0.7,0.4,1,0.1,0.2,0.04,1.6,0.5,0.8,0.3,0.4
Macaraunga macrostachys,NoData,,Macaraunga,TBD,Unknown,species,,,4,0.02,0.2,0.2,0.1,0.1,0.04,0.05,0.06,0.04,1.6,0.24,0.7,0.4,1,0.1,0.2,0.04,1.6,0.5,0.8,0.3,0.4
Macaraunga paniculatus,NoData,,Macaraunga,TBD,Unknown,species,,,4,0.02,0.2,0.2,0.1,0.1,0.04,0.05,0.06,0.04,1.6,0.24,0.7,0.4,1,0.1,0.2,0.04,1.6,0.5,0.8,0.3,0.4
Macaraunga philipinensis,NoData,,Macaraunga,TBD,Unknown,species,,,4,0.02,0.2,0.2,0.1,0.1,0.04,0.05,0.06,0.04,1.6,0.24,0.7,0.4,1,0.1,0.2,0.04,1.6,0.5,0.8,0.3,0.4
Macaraunga triloba,NoData,,Macaraunga,TBD,Unknown,species,,,4,0.02,0.2,0.2,0.1,0.1,0.04,0.05,0.06,0.04,1.6,0.24,0.7,0.4,1,0.1,0.2,0.04,1.6,0.5,0.8,0.3,0.4
Macfadyena,NoData,,Macfadyena,Bignoniaceae,Shrub,genus,,,4,0.02,0.2,0.2,0.1,0.1,0.04,0.05,0.06,0.04,1.6,0.24,0.7,0.4,1,0.1,0.2,0.04,1.6,0.5,0.8,0.3,0.4
Macfadyena unguis-cati,NoData,catclawvine,Macfadyena,Bignoniaceae,Shrub,species,,,4,0.02,0.2,0.2,0.1,0.1,0.04,0.05,0.06,0.04,1.6,0.24,0.7,0.4,1,0.1,0.2,0.04,1.6,0.5,0.8,0.3,0.4
Mackaya,NoData,,Mackaya,TBD,Unknown,genus,,,4,0.02,0.2,0.2,0.1,0.1,0.04,0.05,0.06,0.04,1.6,0.24,0.7,0.4,1,0.1,0.2,0.04,1.6,0.5,0.8,0.3,0.4
Mackaya bella,NoData,,Mackaya,TBD,Unknown,species,,,4,0.02,0.2,0.2,0.1,0.1,0.04,0.05,0.06,0.04,1.6,0.24,0.7,0.4,1,0.1,0.2,0.04,1.6,0.5,0.8,0.3,0.4
Maclura,Yucca,,Maclura,Moraceae,Btr,genus,,,0.2,0.02,0.2,0.2,0.1,0.1,0.04,0.05,0.06,0.04,1.6,0.24,0.7,0.4,1,0.1,0.2,0.04,1.6,0.5,0.8,0.3,0.4
Maclura pomifera,Yucca,osage orange,Maclura,Moraceae,Btr,species,,,0.2,0.02,0.2,0.2,0.1,0.1,0.04,0.05,0.06,0.04,1.6,0.24,0.7,0.4,1,0.1,0.2,0.04,1.6,0.5,0.8,0.3,0.4
Maclura tinctoria,Yucca,fustictree,Maclura,Moraceae,Btr,species,,,0.2,0.02,0.2,0.2,0.1,0.1,0.04,0.05,0.06,0.04,1.6,0.24,0.7,0.4,1,0.1,0.2,0.04,1.6,0.5,0.8,0.3,0.4
Macrolobium,NoData,,Macrolobium,TBD,Unknown,genus,,,4,0.02,0.2,0.2,0.1,0.1,0.04,0.05,0.06,0.04,1.6,0.24,0.7,0.4,1,0.1,0.2,0.04,1.6,0.5,0.8,0.3,0.4
Macrolobium arenarium,NoData,,Macrolobium,TBD,Unknown,species,,,4,0.02,0.2,0.2,0.1,0.1,0.04,0.05,0.06,0.04,1.6,0.24,0.7,0.4,1,0.1,0.2,0.04,1.6,0.5,0.8,0.3,0.4
Macropanax,NoData,,Macropanax,TBD,Unknown,genus,,,4,0.02,0.2,0.2,0.1,0.1,0.04,0.05,0.06,0.04,1.6,0.24,0.7,0.4,1,0.1,0.2,0.04,1.6,0.5,0.8,0.3,0.4
Macropanax chienii,NoData,,Macropanax,TBD,Unknown,species,,,4,0.02,0.2,0.2,0.1,0.1,0.04,0.05,0.06,0.04,1.6,0.24,0.7,0.4,1,0.1,0.2,0.04,1.6,0.5,0.8,0.3,0.4
Macropanax dispermus,NoData,,Macropanax,TBD,Unknown,species,,,4,0.02,0.2,0.2,0.1,0.1,0.04,0.05,0.06,0.04,1.6,0.24,0.7,0.4,1,0.1,0.2,0.04,1.6,0.5,0.8,0.3,0.4
Macrozamia,NoData,macrozamia,Macrozamia,Zamiaceae,Btr,genus,,,4,0.02,0.2,0.2,0.1,0.1,0.04,0.05,0.06,0.04,1.6,0.24,0.7,0.4,1,0.1,0.2,0.04,1.6,0.5,0.8,0.3,0.4
Maesopsis,NoData,,Maesopsis,Rhamnaceae,Btr,genus,,,4,0.02,0.2,0.2,0.1,0.1,0.04,0.05,0.06,0.04,1.6,0.24,0.7,0.4,1,0.1,0.2,0.04,1.6,0.5,0.8,0.3,0.4
Maesopsis eminii,NoData,umbrella-tree,Maesopsis,Rhamnaceae,Btr,species,,,4,0.02,0.2,0.2,0.1,0.1,0.04,0.05,0.06,0.04,1.6,0.24,0.7,0.4,1,0.1,0.2,0.04,1.6,0.5,0.8,0.3,0.4
Magnolia,Magnolia,magnolia,Magnolia,Magnoliaceae,Btr,genus,,,0.05,0.02,0.2,0.02,0.2,0.2,0.02,0.05,0.01,0.02,1.6,0.24,0.7,0.4,1,0.1,0.2,0.04,1.6,0.5,0.8,0.3,0.4
Magnolia acuminata,Magnolia,cucumber-tree,Magnolia,Magnoliaceae,Btr,species,,,0.05,0.02,0.2,0.02,0.2,0.2,0.02,0.05,0.01,0.02,1.6,0.24,0.7,0.4,1,0.1,0.2,0.04,1.6,0.5,0.8,0.3,0.4
Magnolia champaca,Magnolia,,Magnolia,Magnoliaceae,Btr,species,,,0.05,0.02,0.2,0.02,0.2,0.2,0.02,0.05,0.01,0.02,1.6,0.24,0.7,0.4,1,0.1,0.2,0.04,1.6,0.5,0.8,0.3,0.4
magnolia communis,Magnolia,,magnolia,Magnoliaceae,Unknown,species,,,0.05,0.02,0.2,0.02,0.2,0.2,0.02,0.05,0.01,0.02,1.6,0.24,0.7,0.4,1,0.1,0.2,0.04,1.6,0.5,0.8,0.3,0.4
Magnolia fraseri,Magnolia,mountain magnolia,Magnolia,Magnoliaceae,Btr,species,,,0.05,0.02,0.2,0.02,0.2,0.2,0.02,0.05,0.01,0.02,1.6,0.24,0.7,0.4,1,0.1,0.2,0.04,1.6,0.5,0.8,0.3,0.4
Magnolia grandiflora,Magnolia,southern magnolia,Magnolia,Magnoliaceae,Btr,species,,,0.05,0.02,0.2,0.02,0.2,0.2,0.02,0.05,0.01,0.02,1.6,0.24,0.7,0.4,1,0.1,0.2,0.04,1.6,0.5,0.8,0.3,0.4
Magnolia hodgsonii,Magnolia,,Magnolia,Magnoliaceae,Btr,species,,,0.05,0.02,0.2,0.02,0.2,0.2,0.02,0.05,0.01,0.02,1.6,0.24,0.7,0.4,1,0.1,0.2,0.04,1.6,0.5,0.8,0.3,0.4
Magnolia macrophylla,Magnolia,bigleaf magnolia,Magnolia,Magnoliaceae,Btr,species,,,0.05,0.02,0.2,0.02,0.2,0.2,0.02,0.05,0.01,0.02,1.6,0.24,0.7,0.4,1,0.1,0.2,0.04,1.6,0.5,0.8,0.3,0.4
Magnolia soulangeana,Magnolia,,Magnolia,Magnoliaceae,Unknown,species,,,0.05,0.02,0.2,0.02,0.2,0.2,0.02,0.05,0.01,0.02,1.6,0.24,0.7,0.4,1,0.1,0.2,0.04,1.6,0.5,0.8,0.3,0.4
Magnolia soulangiana,Magnolia,Chinese magnolia,Magnolia,Magnoliaceae,Btr,species,,,0.05,0.02,0.2,0.02,0.2,0.2,0.02,0.05,0.01,0.02,1.6,0.24,0.7,0.4,1,0.1,0.2,0.04,1.6,0.5,0.8,0.3,0.4
Magnolia stellata,Magnolia,star magnolia,Magnolia,Magnoliaceae,Btr,species,,,0.05,0.02,0.2,0.02,0.2,0.2,0.02,0.05,0.01,0.02,1.6,0.24,0.7,0.4,1,0.1,0.2,0.04,1.6,0.5,0.8,0.3,0.4
Magnolia virginiana,Magnolia,sweetbay,Magnolia,Magnoliaceae,Btr,species,,,0.05,0.02,0.2,0.02,0.2,0.2,0.02,0.05,0.01,0.02,1.6,0.24,0.7,0.4,1,0.1,0.2,0.04,1.6,0.5,0.8,0.3,0.4
Magnoliaceae,Magnolia,,Magnoliaceae,Magnoliaceae,Unknown,family,,,0.05,0.02,0.2,0.02,0.2,0.2,0.02,0.05,0.01,0.02,1.6,0.24,0.7,0.4,1,0.1,0.2,0.04,1.6,0.5,0.8,0.3,0.4
Mahonia,NoData,barberry,Mahonia,Berberidaceae,Shrub,genus,,,4,0.02,0.2,0.2,0.1,0.1,0.04,0.05,0.06,0.04,1.6,0.24,0.7,0.4,1,0.1,0.2,0.04,1.6,0.5,0.8,0.3,0.4
Mahonia aquifolium,NoData,hollyleaved barberry,Mahonia,Berberidaceae,Shrub,species,,,4,0.02,0.2,0.2,0.1,0.1,0.04,0.05,0.06,0.04,1.6,0.24,0.7,0.4,1,0.1,0.2,0.04,1.6,0.5,0.8,0.3,0.4
Mahonia converta,Arundo,,Mahonia,Berberidaceae,Unknown,species,,,8,0.02,0.4,0.4,0.2,0.2,0.04,0.05,0.06,0.04,1.6,0.24,0.7,0.4,1,0.1,0.2,0.04,1.6,0.5,0.8,0.3,0.4
Malaleuca,NoData,,Malaleuca,TBD,Unknown,genus,,,4,0.02,0.2,0.2,0.1,0.1,0.04,0.05,0.06,0.04,1.6,0.24,0.7,0.4,1,0.1,0.2,0.04,1.6,0.5,0.8,0.3,0.4
Malaleuca leucadendron,NoData,,Malaleuca,TBD,Unknown,species,,,4,0.02,0.2,0.2,0.1,0.1,0.04,0.05,0.06,0.04,1.6,0.24,0.7,0.4,1,0.1,0.2,0.04,1.6,0.5,0.8,0.3,0.4
Malaleuca linariifolia,NoData,,Malaleuca,TBD,Unknown,species,,,4,0.02,0.2,0.2,0.1,0.1,0.04,0.05,0.06,0.04,1.6,0.24,0.7,0.4,1,0.1,0.2,0.04,1.6,0.5,0.8,0.3,0.4
Malaleuca quinquenervia,NoData,,Malaleuca,TBD,Unknown,species,,,4,0.02,0.2,0.2,0.1,0.1,0.04,0.05,0.06,0.04,1.6,0.24,0.7,0.4,1,0.1,0.2,0.04,1.6,0.5,0.8,0.3,0.4
Mallotus,NoData,mallotus,Mallotus,Euphorbiaceae,Btr,genus,,,4,0.02,0.2,0.2,0.1,0.1,0.04,0.05,0.06,0.04,1.6,0.24,0.7,0.4,1,0.1,0.2,0.04,1.6,0.5,0.8,0.3,0.4
Mallotus oppositifolius,NoData,,Mallotus,Euphorbiaceae,Unknown,species,,,4,0.02,0.2,0.2,0.1,0.1,0.04,0.05,0.06,0.04,1.6,0.24,0.7,0.4,1,0.1,0.2,0.04,1.6,0.5,0.8,0.3,0.4
Mallotus paniculatis,NoData,,Mallotus,Euphorbiaceae,Unknown,species,,,4,0.02,0.2,0.2,0.1,0.1,0.04,0.05,0.06,0.04,1.6,0.24,0.7,0.4,1,0.1,0.2,0.04,1.6,0.5,0.8,0.3,0.4
Malosma,NoData,,Malosma,Anacardiaceae,Btr,genus,,,4,0.02,0.2,0.2,0.1,0.1,0.04,0.05,0.06,0.04,1.6,0.24,0.7,0.4,1,0.1,0.2,0.04,1.6,0.5,0.8,0.3,0.4
Malosma laurina,NoData,laurel sumac,Malosma,Anacardiaceae,Btr,species,,,4,0.02,0.2,0.2,0.1,0.1,0.04,0.05,0.06,0.04,1.6,0.24,0.7,0.4,1,0.1,0.2,0.04,1.6,0.5,0.8,0.3,0.4
Malouetia,NoData,,Malouetia,TBD,Unknown,genus,,,4,0.02,0.2,0.2,0.1,0.1,0.04,0.05,0.06,0.04,1.6,0.24,0.7,0.4,1,0.1,0.2,0.04,1.6,0.5,0.8,0.3,0.4
Malouetia heudelotii,NoData,,Malouetia,TBD,Unknown,species,,,4,0.02,0.2,0.2,0.1,0.1,0.04,0.05,0.06,0.04,1.6,0.24,0.7,0.4,1,0.1,0.2,0.04,1.6,0.5,0.8,0.3,0.4
Malpighiaceae,NoData,,Malpighiaceae,Malpighiaceae,Unknown,family,,,4,0.02,0.2,0.2,0.1,0.1,0.04,0.05,0.06,0.04,1.6,0.24,0.7,0.4,1,0.1,0.2,0.04,1.6,0.5,0.8,0.3,0.4
Malus,Malus,apple,Malus,Rosaceae,Btr,genus,,,0.2,0.02,0.05,0.4,0.05,0.05,0.04,0.05,0.06,0.04,1.6,0.24,0.7,0.4,1,0.1,0.2,0.04,1.6,0.5,0.8,0.3,0.4
Malus domestica,Malus,,Malus,Rosaceae,Unknown,species,,,0.2,0.02,0.05,0.4,0.05,0.05,0.04,0.05,0.06,0.04,1.6,0.24,0.7,0.4,1,0.1,0.2,0.04,1.6,0.5,0.8,0.3,0.4
Malus floribunda,Malus,Japanese flowering crab apple,Malus,Rosaceae,Btr,species,,,0.2,0.02,0.05,0.4,0.05,0.05,0.04,0.05,0.06,0.04,1.6,0.24,0.7,0.4,1,0.1,0.2,0.04,1.6,0.5,0.8,0.3,0.4
Malus ioensis,Malus,prairie crab apple,Malus,Rosaceae,Btr,species,,,0.2,0.02,0.05,0.4,0.05,0.05,0.04,0.05,0.06,0.04,1.6,0.24,0.7,0.4,1,0.1,0.2,0.04,1.6,0.5,0.8,0.3,0.4
Malus pumila,Malus,paradise apple,Malus,Rosaceae,Btr,species,,,0.2,0.02,0.05,0.4,0.05,0.05,0.04,0.05,0.06,0.04,1.6,0.24,0.7,0.4,1,0.1,0.2,0.04,1.6,0.5,0.8,0.3,0.4
Malus sylvestris,Malus,European crab apple,Malus,Rosaceae,Btr,species,,,0.2,0.02,0.05,0.4,0.05,0.05,0.04,0.05,0.06,0.04,1.6,0.24,0.7,0.4,1,0.1,0.2,0.04,1.6,0.5,0.8,0.3,0.4
Malvaceae,NoData,,Malvaceae,Malvaceae,Unknown,family,,,4,0.02,0.2,0.2,0.1,0.1,0.04,0.05,0.06,0.04,1.6,0.24,0.7,0.4,1,0.1,0.2,0.04,1.6,0.5,0.8,0.3,0.4
Malvaviscus,NoData,,Malvaviscus,Malvaceae,Shrub,genus,,,4,0.02,0.2,0.2,0.1,0.1,0.04,0.05,0.06,0.04,1.6,0.24,0.7,0.4,1,0.1,0.2,0.04,1.6,0.5,0.8,0.3,0.4
Malvaviscus arboreus,NoData,wax mallow,Malvaviscus,Malvaceae,Shrub,species,,,4,0.02,0.2,0.2,0.1,0.1,0.04,0.05,0.06,0.04,1.6,0.24,0.7,0.4,1,0.1,0.2,0.04,1.6,0.5,0.8,0.3,0.4
Mangifera,Arundo,,Mangifera,Anacardiaceae,Btr,genus,,,8,0.02,0.4,0.4,0.2,0.2,0.04,0.05,0.06,0.04,1.6,0.24,0.7,0.4,1,0.1,0.2,0.04,1.6,0.5,0.8,0.3,0.4
Mangifera indica,Arundo,mango,Mangifera,Anacardiaceae,Btr,species,,,8,0.02,0.4,0.4,0.2,0.2,0.04,0.05,0.06,0.04,1.6,0.24,0.7,0.4,1,0.1,0.2,0.04,1.6,0.5,0.8,0.3,0.4
Mangifera sylvatica,Arundo,,Mangifera,Anacardiaceae,Unknown,species,,,8,0.02,0.4,0.4,0.2,0.2,0.04,0.05,0.06,0.04,1.6,0.24,0.7,0.4,1,0.1,0.2,0.04,1.6,0.5,0.8,0.3,0.4
Manglietia,NoData,,Manglietia,TBD,Unknown,genus,,,4,0.02,0.2,0.2,0.1,0.1,0.04,0.05,0.06,0.04,1.6,0.24,0.7,0.4,1,0.1,0.2,0.04,1.6,0.5,0.8,0.3,0.4
Manglietia insignis,NoData,,Manglietia,TBD,Unknown,species,,,4,0.02,0.2,0.2,0.1,0.1,0.04,0.05,0.06,0.04,1.6,0.24,0.7,0.4,1,0.1,0.2,0.04,1.6,0.5,0.8,0.3,0.4
Manglietia wangii,NoData,,Manglietia,TBD,Unknown,species,,,4,0.02,0.2,0.2,0.1,0.1,0.04,0.05,0.06,0.04,1.6,0.24,0.7,0.4,1,0.1,0.2,0.04,1.6,0.5,0.8,0.3,0.4
Manihot,NoData,,Manihot,Euphorbiaceae,Unknown,genus,,,4,0.02,0.2,0.2,0.1,0.1,0.04,0.05,0.06,0.04,1.6,0.24,0.7,0.4,1,0.1,0.2,0.04,1.6,0.5,0.8,0.3,0.4
Manihot ultissima,NoData,,Manihot,Euphorbiaceae,Unknown,species,,,4,0.02,0.2,0.2,0.1,0.1,0.04,0.05,0.06,0.04,1.6,0.24,0.7,0.4,1,0.1,0.2,0.04,1.6,0.5,0.8,0.3,0.4
Manilkara,NoData,,Manilkara,Sapotaceae,Unknown,genus,,,4,0.02,0.2,0.2,0.1,0.1,0.04,0.05,0.06,0.04,1.6,0.24,0.7,0.4,1,0.1,0.2,0.04,1.6,0.5,0.8,0.3,0.4
Manilkara amazonica,NoData,,Manilkara,Sapotaceae,Unknown,species,,,4,0.02,0.2,0.2,0.1,0.1,0.04,0.05,0.06,0.04,1.6,0.24,0.7,0.4,1,0.1,0.2,0.04,1.6,0.5,0.8,0.3,0.4
Manilkara bidentata,NoData,bulletwood,Manilkara,Sapotaceae,Btr,species,,,4,0.02,0.2,0.2,0.1,0.1,0.04,0.05,0.06,0.04,1.6,0.24,0.7,0.4,1,0.1,0.2,0.04,1.6,0.5,0.8,0.3,0.4
Manilkara fouilloyana,NoData,,Manilkara,Sapotaceae,Unknown,species,,,4,0.02,0.2,0.2,0.1,0.1,0.04,0.05,0.06,0.04,1.6,0.24,0.7,0.4,1,0.1,0.2,0.04,1.6,0.5,0.8,0.3,0.4
Manilkara letouzeyi,NoData,,Manilkara,Sapotaceae,Unknown,species,,,4,0.02,0.2,0.2,0.1,0.1,0.04,0.05,0.06,0.04,1.6,0.24,0.7,0.4,1,0.1,0.2,0.04,1.6,0.5,0.8,0.3,0.4
Manilkara mochisia,NoData,,Manilkara,Sapotaceae,Unknown,species,,,4,0.02,0.2,0.2,0.1,0.1,0.04,0.05,0.06,0.04,1.6,0.24,0.7,0.4,1,0.1,0.2,0.04,1.6,0.5,0.8,0.3,0.4
Manilkara zapota,NoData,sapodilla,Manilkara,Sapotaceae,Btr,species,,,4,0.02,0.2,0.2,0.1,0.1,0.04,0.05,0.06,0.04,1.6,0.24,0.7,0.4,1,0.1,0.2,0.04,1.6,0.5,0.8,0.3,0.4
Manniophyton,NoData,,Manniophyton,TBD,Unknown,genus,,,4,0.02,0.2,0.2,0.1,0.1,0.04,0.05,0.06,0.04,1.6,0.24,0.7,0.4,1,0.1,0.2,0.04,1.6,0.5,0.8,0.3,0.4
Manniophyton fulvum,NoData,,Manniophyton,TBD,Unknown,species,,,4,0.02,0.2,0.2,0.1,0.1,0.04,0.05,0.06,0.04,1.6,0.24,0.7,0.4,1,0.1,0.2,0.04,1.6,0.5,0.8,0.3,0.4
Mansonia,NoData,,Mansonia,TBD,Unknown,genus,,,4,0.02,0.2,0.2,0.1,0.1,0.04,0.05,0.06,0.04,1.6,0.24,0.7,0.4,1,0.1,0.2,0.04,1.6,0.5,0.8,0.3,0.4
Mansonia altissima,NoData,,Mansonia,TBD,Unknown,species,,,4,0.02,0.2,0.2,0.1,0.1,0.04,0.05,0.06,0.04,1.6,0.24,0.7,0.4,1,0.1,0.2,0.04,1.6,0.5,0.8,0.3,0.4
Marantochloa,NoData,,Marantochloa,Marantaceae,Unknown,genus,,,4,0.02,0.2,0.2,0.1,0.1,0.04,0.05,0.06,0.04,1.6,0.24,0.7,0.4,1,0.1,0.2,0.04,1.6,0.5,0.8,0.3,0.4
Marantochloa mannii,NoData,,Marantochloa,Marantaceae,Unknown,species,,,4,0.02,0.2,0.2,0.1,0.1,0.04,0.05,0.06,0.04,1.6,0.24,0.7,0.4,1,0.1,0.2,0.04,1.6,0.5,0.8,0.3,0.4
Marchantia,NoData,,Marchantia,TBD,Unknown,genus,,,4,0.02,0.2,0.2,0.1,0.1,0.04,0.05,0.06,0.04,1.6,0.24,0.7,0.4,1,0.1,0.2,0.04,1.6,0.5,0.8,0.3,0.4
Marchantia polymorpha,NoData,,Marchantia,TBD,Unknown,species,,,4,0.02,0.2,0.2,0.1,0.1,0.04,0.05,0.06,0.04,1.6,0.24,0.7,0.4,1,0.1,0.2,0.04,1.6,0.5,0.8,0.3,0.4
Marila,NoData,,Marila,TBD,Unknown,genus,,,4,0.02,0.2,0.2,0.1,0.1,0.04,0.05,0.06,0.04,1.6,0.24,0.7,0.4,1,0.1,0.2,0.04,1.6,0.5,0.8,0.3,0.4
Marila laxiflora,NoData,,Marila,TBD,Unknown,species,,,4,0.02,0.2,0.2,0.1,0.1,0.04,0.05,0.06,0.04,1.6,0.24,0.7,0.4,1,0.1,0.2,0.04,1.6,0.5,0.8,0.3,0.4
Mariosousa,CLMPFT4,mimosoid clade of the subfamily Caesalpinioideae,Mariosousa,Fabaceae,Btr,genus,,,8,0.02,0.4,0.4,0.1,0.2,0.04,0.05,0.06,0.04,1.6,0.24,0.7,0.4,1,0.1,0.2,0.04,1.6,0.5,0.8,0.3,0.4
Markhamia,NoData,,Markhamia,Bignoniaceae,Unknown,genus,,,4,0.02,0.2,0.2,0.1,0.1,0.04,0.05,0.06,0.04,1.6,0.24,0.7,0.4,1,0.1,0.2,0.04,1.6,0.5,0.8,0.3,0.4
Markhamia lutea,NoData,siala,Markhamia,Bignoniaceae,Unknown,species,,,4,0.02,0.2,0.2,0.1,0.1,0.04,0.05,0.06,0.04,1.6,0.24,0.7,0.4,1,0.1,0.2,0.04,1.6,0.5,0.8,0.3,0.4
Markhamia tomentosa,NoData,,Markhamia,Bignoniaceae,Unknown,species,,,4,0.02,0.2,0.2,0.1,0.1,0.04,0.05,0.06,0.04,1.6,0.24,0.7,0.4,1,0.1,0.2,0.04,1.6,0.5,0.8,0.3,0.4
Markhamia zanzibarica,NoData,,Markhamia,Bignoniaceae,Unknown,species,,,4,0.02,0.2,0.2,0.1,0.1,0.04,0.05,0.06,0.04,1.6,0.24,0.7,0.4,1,0.1,0.2,0.04,1.6,0.5,0.8,0.3,0.4
Marsilea,NoData,waterclover,Marsilea,Marsileaceae,Herb,genus,,,4,0.02,0.2,0.2,0.1,0.1,0.04,0.05,0.06,0.04,1.6,0.24,0.7,0.4,1,0.1,0.2,0.04,1.6,0.5,0.8,0.3,0.4
Mattuccia,NoData,,Mattuccia,TBD,Unknown,genus,,,4,0.02,0.2,0.2,0.1,0.1,0.04,0.05,0.06,0.04,1.6,0.24,0.7,0.4,1,0.1,0.2,0.04,1.6,0.5,0.8,0.3,0.4
Mattuccia struthiopteris,NoData,,Mattuccia,TBD,Unknown,species,,,4,0.02,0.2,0.2,0.1,0.1,0.04,0.05,0.06,0.04,1.6,0.24,0.7,0.4,1,0.1,0.2,0.04,1.6,0.5,0.8,0.3,0.4
Mayodendron,NoData,,Mayodendron,TBD,Unknown,genus,,,4,0.02,0.2,0.2,0.1,0.1,0.04,0.05,0.06,0.04,1.6,0.24,0.7,0.4,1,0.1,0.2,0.04,1.6,0.5,0.8,0.3,0.4
Mayodendron igneum,NoData,,Mayodendron,TBD,Unknown,species,,,4,0.02,0.2,0.2,0.1,0.1,0.04,0.05,0.06,0.04,1.6,0.24,0.7,0.4,1,0.1,0.2,0.04,1.6,0.5,0.8,0.3,0.4
Maytenus,NoData,,Maytenus,Celastraceae,Btr,genus,,,4,0.02,0.2,0.2,0.1,0.1,0.04,0.05,0.06,0.04,1.6,0.24,0.7,0.4,1,0.1,0.2,0.04,1.6,0.5,0.8,0.3,0.4
Maytenus boaria,NoData,mayten,Maytenus,Celastraceae,Btr,species,,,4,0.02,0.2,0.2,0.1,0.1,0.04,0.05,0.06,0.04,1.6,0.24,0.7,0.4,1,0.1,0.2,0.04,1.6,0.5,0.8,0.3,0.4
Maytenus heterophylla,NoData,,Maytenus,Celastraceae,Unknown,species,,,4,0.02,0.2,0.2,0.1,0.1,0.04,0.05,0.06,0.04,1.6,0.24,0.7,0.4,1,0.1,0.2,0.04,1.6,0.5,0.8,0.3,0.4
Maytenus hookeri,NoData,,Maytenus,Celastraceae,Unknown,species,,,4,0.02,0.2,0.2,0.1,0.1,0.04,0.05,0.06,0.04,1.6,0.24,0.7,0.4,1,0.1,0.2,0.04,1.6,0.5,0.8,0.3,0.4
Maytenus undata,NoData,,Maytenus,Celastraceae,Unknown,species,,,4,0.02,0.2,0.2,0.1,0.1,0.04,0.05,0.06,0.04,1.6,0.24,0.7,0.4,1,0.1,0.2,0.04,1.6,0.5,0.8,0.3,0.4
Medicago,NoData,alfalfa,Medicago,Fabaceae,Herb,genus,,,4,0.02,0.2,0.2,0.1,0.1,0.04,0.05,0.06,0.04,1.6,0.24,0.7,0.4,1,0.1,0.2,0.04,1.6,0.5,0.8,0.3,0.4
Medicago sativa,NoData,alfalfa,Medicago,Fabaceae,Herb,species,,,4,0.02,0.2,0.2,0.1,0.1,0.04,0.05,0.06,0.04,1.6,0.24,0.7,0.4,1,0.1,0.2,0.04,1.6,0.5,0.8,0.3,0.4
Megaphrynium,NoData,,Megaphrynium,TBD,Unknown,genus,,,4,0.02,0.2,0.2,0.1,0.1,0.04,0.05,0.06,0.04,1.6,0.24,0.7,0.4,1,0.1,0.2,0.04,1.6,0.5,0.8,0.3,0.4
Megaphrynium macrostachyeum,NoData,,Megaphrynium,TBD,Unknown,species,,,4,0.02,0.2,0.2,0.1,0.1,0.04,0.05,0.06,0.04,1.6,0.24,0.7,0.4,1,0.1,0.2,0.04,1.6,0.5,0.8,0.3,0.4
Melaleuca,Melaleuca,melaleuca,Melaleuca,Myrtaceae,Btr,genus,,,16,0.02,0.4,0.2,0.1,0.4,0.04,0.05,0.06,0.04,1.6,0.24,0.7,0.4,1,0.1,0.2,0.04,1.6,0.5,0.8,0.3,0.4
Melaleuca armillaris,Melaleuca,,Melaleuca,Myrtaceae,Btr,species,,,16,0.02,0.4,0.2,0.1,0.4,0.04,0.05,0.06,0.04,1.6,0.24,0.7,0.4,1,0.1,0.2,0.04,1.6,0.5,0.8,0.3,0.4
Melaleuca citrina,Melaleuca,,Melaleuca,Myrtaceae,Btr,species,,,16,0.02,0.4,0.2,0.1,0.4,0.04,0.05,0.06,0.04,1.6,0.24,0.7,0.4,1,0.1,0.2,0.04,1.6,0.5,0.8,0.3,0.4
Melaleuca decora,Melaleuca,melaleuca,Melaleuca,Myrtaceae,Btr,species,,,16,0.02,0.4,0.2,0.1,0.4,0.04,0.05,0.06,0.04,1.6,0.24,0.7,0.4,1,0.1,0.2,0.04,1.6,0.5,0.8,0.3,0.4
Melaleuca decussata,Melaleuca,melaleuca,Melaleuca,Myrtaceae,Btr,species,,,16,0.02,0.4,0.2,0.1,0.4,0.04,0.05,0.06,0.04,1.6,0.24,0.7,0.4,1,0.1,0.2,0.04,1.6,0.5,0.8,0.3,0.4
Melaleuca ericifolia,Melaleuca,swamp paperbark,Melaleuca,Myrtaceae,Unknown,species,,,16,0.02,0.4,0.2,0.1,0.4,0.04,0.05,0.06,0.04,1.6,0.24,0.7,0.4,1,0.1,0.2,0.04,1.6,0.5,0.8,0.3,0.4
Melaleuca leucadendra,Melaleuca,,Melaleuca,Myrtaceae,Btr,species,,,16,0.02,0.4,0.2,0.1,0.4,0.04,0.05,0.06,0.04,1.6,0.24,0.7,0.4,1,0.1,0.2,0.04,1.6,0.5,0.8,0.3,0.4
Melaleuca linariifolia,Melaleuca,cajeput tree,Melaleuca,Myrtaceae,Btr,species,,,16,0.02,0.4,0.2,0.1,0.4,0.04,0.05,0.06,0.04,1.6,0.24,0.7,0.4,1,0.1,0.2,0.04,1.6,0.5,0.8,0.3,0.4
Melaleuca nesophila,Melaleuca,,Melaleuca,Myrtaceae,Unknown,species,,,16,0.02,0.4,0.2,0.1,0.4,0.04,0.05,0.06,0.04,1.6,0.24,0.7,0.4,1,0.1,0.2,0.04,1.6,0.5,0.8,0.3,0.4
Melaleuca quinquenervia,Melaleuca,punktree,Melaleuca,Myrtaceae,Btr,species,,,16,0.02,0.4,0.2,0.1,0.4,0.04,0.05,0.06,0.04,1.6,0.24,0.7,0.4,1,0.1,0.2,0.04,1.6,0.5,0.8,0.3,0.4
Melaleuca styphelioides,Melaleuca,prickly-leaf teatree,Melaleuca,Myrtaceae,Unknown,species,,,16,0.02,0.4,0.2,0.1,0.4,0.04,0.05,0.06,0.04,1.6,0.24,0.7,0.4,1,0.1,0.2,0.04,1.6,0.5,0.8,0.3,0.4
Melaleuca viminalis,Melaleuca,,Melaleuca,Myrtaceae,Btr,species,,,16,0.02,0.4,0.2,0.1,0.4,0.04,0.05,0.06,0.04,1.6,0.24,0.7,0.4,1,0.1,0.2,0.04,1.6,0.5,0.8,0.3,0.4
Melia,Lagerstroemia,melia,Melia,Meliaceae,Btr,genus,,,0.05,0.02,0.005,0.01,0.005,0.01,0.01,0.05,0.02,0.01,1.6,0.24,0.7,0.4,1,0.1,0.2,0.04,1.6,0.5,0.8,0.3,0.4
Melia azedarach,Lagerstroemia,Chinaberrytree,Melia,Meliaceae,Btr,species,,,0.05,0.02,0.005,0.01,0.005,0.01,0.01,0.05,0.02,0.01,1.6,0.24,0.7,0.4,1,0.1,0.2,0.04,1.6,0.5,0.8,0.3,0.4
Melia toosenden,Lagerstroemia,,Melia,Meliaceae,Unknown,species,,,0.05,0.02,0.005,0.01,0.005,0.01,0.01,0.05,0.02,0.01,1.6,0.24,0.7,0.4,1,0.1,0.2,0.04,1.6,0.5,0.8,0.3,0.4
Meliaceae,Lagerstroemia,,Meliaceae,Meliaceae,Unknown,family,,,0.05,0.02,0.005,0.01,0.005,0.01,0.01,0.05,0.02,0.01,1.6,0.24,0.7,0.4,1,0.1,0.2,0.04,1.6,0.5,0.8,0.3,0.4
Meliosma,NoData,meliosma,Meliosma,Sabiaceae,Btr,genus,,,4,0.02,0.2,0.2,0.1,0.1,0.04,0.05,0.06,0.04,1.6,0.24,0.7,0.4,1,0.1,0.2,0.04,1.6,0.5,0.8,0.3,0.4
Mentha,NoData,mint,Mentha,Lamiaceae,Herb,genus,,,4,0.02,0.2,0.2,0.1,0.1,0.04,0.05,0.06,0.04,1.6,0.24,0.7,0.4,1,0.1,0.2,0.04,1.6,0.5,0.8,0.3,0.4
Metasequoia,NoData,dawn redwood,Metasequoia,Cupressaceae,Ntr,genus,,,4,0.02,0.2,0.2,0.1,0.1,0.04,0.05,0.06,0.04,1.6,0.24,0.7,0.4,1,0.1,0.2,0.04,1.6,0.5,0.8,0.3,0.4
Metasequoia glyptostroboides,NoData,dawn redwood,Metasequoia,Cupressaceae,Ntr,species,,,4,0.02,0.2,0.2,0.1,0.1,0.04,0.05,0.06,0.04,1.6,0.24,0.7,0.4,1,0.1,0.2,0.04,1.6,0.5,0.8,0.3,0.4
Metopium,Metopium toxiferum,,Metopium,Anacardiaceae,Btr,genus,,,0.6,0.02,0.4,0.2,0.2,0.1,0.04,0.05,0.06,0.04,1.6,0.24,0.7,0.4,1,0.1,0.2,0.04,1.6,0.5,0.8,0.3,0.4
Metopium toxiferum,Metopium toxiferum,Florida poisontree,Metopium,Anacardiaceae,Btr,species,,,0.6,0.02,0.4,0.2,0.2,0.1,0.04,0.05,0.06,0.04,1.6,0.24,0.7,0.4,1,0.1,0.2,0.04,1.6,0.5,0.8,0.3,0.4
Metrosideros,Meterosideros,,Metrosideros,Myrtaceae,Btr,genus,,,16,0.02,0.02,0.005,0.02,0.005,0.02,0.05,0.005,0.001,1.6,0.24,0.7,0.4,1,0.1,0.2,0.04,1.6,0.5,0.8,0.3,0.4
Metrosideros collina,Meterosideros,,Metrosideros,Myrtaceae,Btr,species,,,16,0.02,0.02,0.005,0.02,0.005,0.02,0.05,0.005,0.001,1.6,0.24,0.7,0.4,1,0.1,0.2,0.04,1.6,0.5,0.8,0.3,0.4
Metrosideros excelsa,Meterosideros,,Metrosideros,Myrtaceae,Unknown,species,,,16,0.02,0.02,0.005,0.02,0.005,0.02,0.05,0.005,0.001,1.6,0.24,0.7,0.4,1,0.1,0.2,0.04,1.6,0.5,0.8,0.3,0.4
Metrosideros excelsus,Meterosideros,,Metrosideros,Myrtaceae,Btr,species,,,16,0.02,0.02,0.005,0.02,0.005,0.02,0.05,0.005,0.001,1.6,0.24,0.7,0.4,1,0.1,0.2,0.04,1.6,0.5,0.8,0.3,0.4
Metrosideros kermadecensis,Meterosideros,,Metrosideros,Myrtaceae,Unknown,species,,,16,0.02,0.02,0.005,0.02,0.005,0.02,0.05,0.005,0.001,1.6,0.24,0.7,0.4,1,0.1,0.2,0.04,1.6,0.5,0.8,0.3,0.4
Michelia,NoData,,Michelia,Magnoliaceae,Unknown,genus,,,4,0.02,0.2,0.2,0.1,0.1,0.04,0.05,0.06,0.04,1.6,0.24,0.7,0.4,1,0.1,0.2,0.04,1.6,0.5,0.8,0.3,0.4
Michelia champaca,NoData,michelia,Michelia,Magnoliaceae,Unknown,species,,,4,0.02,0.2,0.2,0.1,0.1,0.04,0.05,0.06,0.04,1.6,0.24,0.7,0.4,1,0.1,0.2,0.04,1.6,0.5,0.8,0.3,0.4
Michelia doltsopa,NoData,sweet michelia,Michelia,Magnoliaceae,Unknown,species,,,4,0.02,0.2,0.2,0.1,0.1,0.04,0.05,0.06,0.04,1.6,0.24,0.7,0.4,1,0.1,0.2,0.04,1.6,0.5,0.8,0.3,0.4
Miconia,NoData,johnnyberry,Miconia,Melastomataceae,Btr,genus,,,4,0.02,0.2,0.2,0.1,0.1,0.04,0.05,0.06,0.04,1.6,0.24,0.7,0.4,1,0.1,0.2,0.04,1.6,0.5,0.8,0.3,0.4
Miconia impetiolaris,NoData,camasey de costilla,Miconia,Melastomataceae,Btr,species,,,4,0.02,0.2,0.2,0.1,0.1,0.04,0.05,0.06,0.04,1.6,0.24,0.7,0.4,1,0.1,0.2,0.04,1.6,0.5,0.8,0.3,0.4
Microbiota,NoData,,Microbiota,TBD,Shrub,genus,,,4,0.02,0.2,0.2,0.1,0.1,0.04,0.05,0.06,0.04,1.6,0.24,0.7,0.4,1,0.1,0.2,0.04,1.6,0.5,0.8,0.3,0.4
Microcos,NoData,,Microcos,TBD,Unknown,genus,,,4,0.02,0.2,0.2,0.1,0.1,0.04,0.05,0.06,0.04,1.6,0.24,0.7,0.4,1,0.1,0.2,0.04,1.6,0.5,0.8,0.3,0.4
Microcos nervosa,NoData,,Microcos,TBD,Unknown,species,,,4,0.02,0.2,0.2,0.1,0.1,0.04,0.05,0.06,0.04,1.6,0.24,0.7,0.4,1,0.1,0.2,0.04,1.6,0.5,0.8,0.3,0.4
Mikania,NoData,,Mikania,Asteraceae,Unknown,genus,,,4,0.02,0.2,0.2,0.1,0.1,0.04,0.05,0.06,0.04,1.6,0.24,0.7,0.4,1,0.1,0.2,0.04,1.6,0.5,0.8,0.3,0.4
Mikania leiostachya,NoData,,Mikania,Asteraceae,Unknown,species,,,4,0.02,0.2,0.2,0.1,0.1,0.04,0.05,0.06,0.04,1.6,0.24,0.7,0.4,1,0.1,0.2,0.04,1.6,0.5,0.8,0.3,0.4
Milletia,NoData,,Milletia,TBD,Unknown,genus,,,4,0.02,0.2,0.2,0.1,0.1,0.04,0.05,0.06,0.04,1.6,0.24,0.7,0.4,1,0.1,0.2,0.04,1.6,0.5,0.8,0.3,0.4
Milletia leptobotrya,NoData,,Milletia,TBD,Unknown,species,,,4,0.02,0.2,0.2,0.1,0.1,0.04,0.05,0.06,0.04,1.6,0.24,0.7,0.4,1,0.1,0.2,0.04,1.6,0.5,0.8,0.3,0.4
Milletia pulchra,NoData,,Milletia,TBD,Unknown,species,,,4,0.02,0.2,0.2,0.1,0.1,0.04,0.05,0.06,0.04,1.6,0.24,0.7,0.4,1,0.1,0.2,0.04,1.6,0.5,0.8,0.3,0.4
Millettia,NoData,,Millettia,Fabaceae,Btr,genus,,,4,0.02,0.2,0.2,0.1,0.1,0.04,0.05,0.06,0.04,1.6,0.24,0.7,0.4,1,0.1,0.2,0.04,1.6,0.5,0.8,0.3,0.4
Millettia sanagana,NoData,,Millettia,Fabaceae,Unknown,species,,,4,0.02,0.2,0.2,0.1,0.1,0.04,0.05,0.06,0.04,1.6,0.24,0.7,0.4,1,0.1,0.2,0.04,1.6,0.5,0.8,0.3,0.4
Mimosa,Fagus,,Mimosa,Fabaceae,Unknown,genus,,,0.2,0.02,0.2,0.2,0.1,0.2,0.04,0.05,0.06,0.04,1.6,0.24,0.7,0.4,1,0.1,0.2,0.04,1.6,0.5,0.8,0.3,0.4
Mimosa biuncifera,Fagus,,Mimosa,Fabaceae,Unknown,species,,,0.2,0.02,0.2,0.2,0.1,0.2,0.04,0.05,0.06,0.04,1.6,0.24,0.7,0.4,1,0.1,0.2,0.04,1.6,0.5,0.8,0.3,0.4
Mimosa borealis,Fagus,fragrant mimosa,Mimosa,Fabaceae,Shrub,species,,,0.2,0.02,0.2,0.2,0.1,0.2,0.04,0.05,0.06,0.04,1.6,0.24,0.7,0.4,1,0.1,0.2,0.04,1.6,0.5,0.8,0.3,0.4
Mimosa microphylla,Fagus,littleleaf sensitive-briar,Mimosa,Fabaceae,Shrub,species,,,0.2,0.02,0.2,0.2,0.1,0.2,0.04,0.05,0.06,0.04,1.6,0.24,0.7,0.4,1,0.1,0.2,0.04,1.6,0.5,0.8,0.3,0.4
Mimosa pudica,NoData,shameplant,Mimosa,Fabaceae,Herb,species,,,4,0.02,0.2,0.2,0.1,0.1,0.04,0.05,0.06,0.04,1.6,0.24,0.7,0.4,1,0.1,0.2,0.04,1.6,0.5,0.8,0.3,0.4
Miscanthus,NoData,silvergrass,Miscanthus,Poaceae,Herb,genus,,,4,0.02,0.2,0.2,0.1,0.1,0.04,0.05,0.06,0.04,1.6,0.24,0.7,0.4,1,0.1,0.2,0.04,1.6,0.5,0.8,0.3,0.4
Miscanthus x giganteus,NoData,giant miscanthus,Miscanthus,Poaceae,Herb,species,,,4,0.02,0.2,0.2,0.1,0.1,0.04,0.05,0.06,0.04,1.6,0.24,0.7,0.4,1,0.1,0.2,0.04,1.6,0.5,0.8,0.3,0.4
Mitrephora,NoData,,Mitrephora,TBD,Unknown,genus,,,4,0.02,0.2,0.2,0.1,0.1,0.04,0.05,0.06,0.04,1.6,0.24,0.7,0.4,1,0.1,0.2,0.04,1.6,0.5,0.8,0.3,0.4
Mitrephora wangii,NoData,,Mitrephora,TBD,Unknown,species,,,4,0.02,0.2,0.2,0.1,0.1,0.04,0.05,0.06,0.04,1.6,0.24,0.7,0.4,1,0.1,0.2,0.04,1.6,0.5,0.8,0.3,0.4
Molinia,NoData,,Molinia,Poaceae,Herb,genus,,,4,0.02,0.2,0.2,0.1,0.1,0.04,0.05,0.06,0.04,1.6,0.24,0.7,0.4,1,0.1,0.2,0.04,1.6,0.5,0.8,0.3,0.4
Molinia caerulea,NoData,purple moorgrass,Molinia,Poaceae,Herb,species,,,4,0.02,0.2,0.2,0.1,0.1,0.04,0.05,0.06,0.04,1.6,0.24,0.7,0.4,1,0.1,0.2,0.04,1.6,0.5,0.8,0.3,0.4
Monodora,NoData,,Monodora,Annonaceae,Unknown,genus,,,4,0.02,0.2,0.2,0.1,0.1,0.04,0.05,0.06,0.04,1.6,0.24,0.7,0.4,1,0.1,0.2,0.04,1.6,0.5,0.8,0.3,0.4
Monodora myristica,NoData,calabash nutmeg,Monodora,Annonaceae,Unknown,species,,,4,0.02,0.2,0.2,0.1,0.1,0.04,0.05,0.06,0.04,1.6,0.24,0.7,0.4,1,0.1,0.2,0.04,1.6,0.5,0.8,0.3,0.4
Montanoa,NoData,,Montanoa,Asteraceae,Btr,genus,,,4,0.02,0.2,0.2,0.1,0.1,0.04,0.05,0.06,0.04,1.6,0.24,0.7,0.4,1,0.1,0.2,0.04,1.6,0.5,0.8,0.3,0.4
Montanoa arborescens,NoData,montanoa,Montanoa,Asteraceae,Btr,species,,,4,0.02,0.2,0.2,0.1,0.1,0.04,0.05,0.06,0.04,1.6,0.24,0.7,0.4,1,0.1,0.2,0.04,1.6,0.5,0.8,0.3,0.4
Moraceae,NoData,,Moraceae,Moraceae,Unknown,family,,,4,0.02,0.2,0.2,0.1,0.1,0.04,0.05,0.06,0.04,1.6,0.24,0.7,0.4,1,0.1,0.2,0.04,1.6,0.5,0.8,0.3,0.4
Morella,Yucca,,Morella,Myricaceae,Btr,genus,,,0.2,0.02,0.2,0.2,0.1,0.1,0.04,0.05,0.06,0.04,1.6,0.24,0.7,0.4,1,0.1,0.2,0.04,1.6,0.5,0.8,0.3,0.4
Morella californica,Yucca,California wax myrtle,Morella,Myricaceae,Btr,species,,,0.2,0.02,0.2,0.2,0.1,0.1,0.04,0.05,0.06,0.04,1.6,0.24,0.7,0.4,1,0.1,0.2,0.04,1.6,0.5,0.8,0.3,0.4
Morinda,NoData,,Morinda,Rubiaceae,Unknown,genus,,,4,0.02,0.2,0.2,0.1,0.1,0.04,0.05,0.06,0.04,1.6,0.24,0.7,0.4,1,0.1,0.2,0.04,1.6,0.5,0.8,0.3,0.4
Morinda angustifolia,NoData,,Morinda,Rubiaceae,Unknown,species,,,4,0.02,0.2,0.2,0.1,0.1,0.04,0.05,0.06,0.04,1.6,0.24,0.7,0.4,1,0.1,0.2,0.04,1.6,0.5,0.8,0.3,0.4
Morinda lucida,NoData,,Morinda,Rubiaceae,Unknown,species,,,4,0.02,0.2,0.2,0.1,0.1,0.04,0.05,0.06,0.04,1.6,0.24,0.7,0.4,1,0.1,0.2,0.04,1.6,0.5,0.8,0.3,0.4
Moringa,GFBtr,,Moringa,Moringaceae,Btr,genus,,,8,0.02,0.4,0.4,0.1,0.2,0.04,0.05,0.06,0.04,1.6,0.24,0.7,0.4,1,0.1,0.2,0.04,1.6,0.5,0.8,0.3,0.4
Morus,Morus,mulberry,Morus,Moraceae,Btr,genus,,,0.2,0.02,0.1,0.1,0.05,0.1,0.04,0.05,0.06,0.04,1.6,0.24,0.7,0.4,1,0.1,0.2,0.04,1.6,0.5,0.8,0.3,0.4
Morus alba,Morus,white mulberry,Morus,Moraceae,Btr,species,,,0.2,0.02,0.1,0.1,0.05,0.1,0.04,0.05,0.06,0.04,1.6,0.24,0.7,0.4,1,0.1,0.2,0.04,1.6,0.5,0.8,0.3,0.4
Morus cathayana,Morus,,Morus,Moraceae,Unknown,species,,,0.2,0.02,0.1,0.1,0.05,0.1,0.04,0.05,0.06,0.04,1.6,0.24,0.7,0.4,1,0.1,0.2,0.04,1.6,0.5,0.8,0.3,0.4
Morus macroura,Morus,,Morus,Moraceae,Unknown,species,,,0.2,0.02,0.1,0.1,0.05,0.1,0.04,0.05,0.06,0.04,1.6,0.24,0.7,0.4,1,0.1,0.2,0.04,1.6,0.5,0.8,0.3,0.4
Morus nigra,Morus,black mulberry,Morus,Moraceae,Btr,species,,,0.2,0.02,0.1,0.1,0.05,0.1,0.04,0.05,0.06,0.04,1.6,0.24,0.7,0.4,1,0.1,0.2,0.04,1.6,0.5,0.8,0.3,0.4
Morus rubra,Morus,red mulberry,Morus,Moraceae,Btr,species,,,0.2,0.02,0.1,0.1,0.05,0.1,0.04,0.05,0.06,0.04,1.6,0.24,0.7,0.4,1,0.1,0.2,0.04,1.6,0.5,0.8,0.3,0.4
Mucuna,Arundo,mucuna,Mucuna,Fabaceae,Shrub,genus,,,8,0.02,0.4,0.4,0.2,0.2,0.04,0.05,0.06,0.04,1.6,0.24,0.7,0.4,1,0.1,0.2,0.04,1.6,0.5,0.8,0.3,0.4
Mucuna pruriens,Arundo,cowitch,Mucuna,Fabaceae,Shrub,species,,,8,0.02,0.4,0.4,0.2,0.2,0.04,0.05,0.06,0.04,1.6,0.24,0.7,0.4,1,0.1,0.2,0.04,1.6,0.5,0.8,0.3,0.4
Mundulea,NoData,,Mundulea,TBD,Unknown,genus,,,4,0.02,0.2,0.2,0.1,0.1,0.04,0.05,0.06,0.04,1.6,0.24,0.7,0.4,1,0.1,0.2,0.04,1.6,0.5,0.8,0.3,0.4
Mundulea sericea,NoData,,Mundulea,TBD,Unknown,species,,,4,0.02,0.2,0.2,0.1,0.1,0.04,0.05,0.06,0.04,1.6,0.24,0.7,0.4,1,0.1,0.2,0.04,1.6,0.5,0.8,0.3,0.4
Murraya,NoData,,Murraya,Rutaceae,Btr,genus,,,4,0.02,0.2,0.2,0.1,0.1,0.04,0.05,0.06,0.04,1.6,0.24,0.7,0.4,1,0.1,0.2,0.04,1.6,0.5,0.8,0.3,0.4
Murraya paniculata,NoData,murraya,Murraya,Rutaceae,Btr,species,,,4,0.02,0.2,0.2,0.1,0.1,0.04,0.05,0.06,0.04,1.6,0.24,0.7,0.4,1,0.1,0.2,0.04,1.6,0.5,0.8,0.3,0.4
Musa,NoData,banana,Musa,Musaceae,Btr,genus,,,4,0.02,0.2,0.2,0.1,0.1,0.04,0.05,0.06,0.04,1.6,0.24,0.7,0.4,1,0.1,0.2,0.04,1.6,0.5,0.8,0.3,0.4
Musa acuminata,NoData,edible banana,Musa,Musaceae,Btr,species,,,4,0.02,0.2,0.2,0.1,0.1,0.04,0.05,0.06,0.04,1.6,0.24,0.7,0.4,1,0.1,0.2,0.04,1.6,0.5,0.8,0.3,0.4
Musa ensete,NoData,,Musa,Musaceae,Unknown,species,,,4,0.02,0.2,0.2,0.1,0.1,0.04,0.05,0.06,0.04,1.6,0.24,0.7,0.4,1,0.1,0.2,0.04,1.6,0.5,0.8,0.3,0.4
Musa sapientum,NoData,,Musa,Musaceae,Unknown,species,,,4,0.02,0.2,0.2,0.1,0.1,0.04,0.05,0.06,0.04,1.6,0.24,0.7,0.4,1,0.1,0.2,0.04,1.6,0.5,0.8,0.3,0.4
Musa x paradisiaca,NoData,French plantain,Musa,Musaceae,Btr,species,,,4,0.02,0.2,0.2,0.1,0.1,0.04,0.05,0.06,0.04,1.6,0.24,0.7,0.4,1,0.1,0.2,0.04,1.6,0.5,0.8,0.3,0.4
Musanga,NoData,,Musanga,Moraceae,Unknown,genus,,,4,0.02,0.2,0.2,0.1,0.1,0.04,0.05,0.06,0.04,1.6,0.24,0.7,0.4,1,0.1,0.2,0.04,1.6,0.5,0.8,0.3,0.4
Musanga cecropioides,NoData,,Musanga,Moraceae,Unknown,species,,,4,0.02,0.2,0.2,0.1,0.1,0.04,0.05,0.06,0.04,1.6,0.24,0.7,0.4,1,0.1,0.2,0.04,1.6,0.5,0.8,0.3,0.4
Myoporum,NoData,,Myoporum,Myoporaceae,Btr,genus,,,4,0.02,0.2,0.2,0.1,0.1,0.04,0.05,0.06,0.04,1.6,0.24,0.7,0.4,1,0.1,0.2,0.04,1.6,0.5,0.8,0.3,0.4
Myoporum laetum,NoData,ngaio tree,Myoporum,Myoporaceae,Btr,species,,,4,0.02,0.2,0.2,0.1,0.1,0.04,0.05,0.06,0.04,1.6,0.24,0.7,0.4,1,0.1,0.2,0.04,1.6,0.5,0.8,0.3,0.4
Myrcia,NoData,rodwood,Myrcia,Myrtaceae,Btr,genus,,,4,0.02,0.2,0.2,0.1,0.1,0.04,0.05,0.06,0.04,1.6,0.24,0.7,0.4,1,0.1,0.2,0.04,1.6,0.5,0.8,0.3,0.4
Myrcia suruata,NoData,,Myrcia,Myrtaceae,Unknown,species,,,4,0.02,0.2,0.2,0.1,0.1,0.04,0.05,0.06,0.04,1.6,0.24,0.7,0.4,1,0.1,0.2,0.04,1.6,0.5,0.8,0.3,0.4
Myrianthus,NoData,,Myrianthus,TBD,Unknown,genus,,,4,0.02,0.2,0.2,0.1,0.1,0.04,0.05,0.06,0.04,1.6,0.24,0.7,0.4,1,0.1,0.2,0.04,1.6,0.5,0.8,0.3,0.4
Myrianthus arboreus,NoData,,Myrianthus,TBD,Unknown,species,,,4,0.02,0.2,0.2,0.1,0.1,0.04,0.05,0.06,0.04,1.6,0.24,0.7,0.4,1,0.1,0.2,0.04,1.6,0.5,0.8,0.3,0.4
Myrica,Myrica,sweetgale,Myrica,Myricaceae,Shrub,genus,,,8,0.02,0.2,0.2,0.1,0.1,0.04,0.05,0.06,0.04,1.6,0.24,0.7,0.4,1,0.1,0.2,0.04,1.6,0.5,0.8,0.3,0.4
Myrica aspleniifolia,Myrica,,Myrica,Myricaceae,Unknown,species,,,8,0.02,0.2,0.2,0.1,0.1,0.04,0.05,0.06,0.04,1.6,0.24,0.7,0.4,1,0.1,0.2,0.04,1.6,0.5,0.8,0.3,0.4
Myrica californica,Myrica,,Myrica,Myricaceae,Unknown,species,,,8,0.02,0.2,0.2,0.1,0.1,0.04,0.05,0.06,0.04,1.6,0.24,0.7,0.4,1,0.1,0.2,0.04,1.6,0.5,0.8,0.3,0.4
Myrica cerifera,Myrica,,Myrica,Myricaceae,Unknown,species,,,8,0.02,0.2,0.2,0.1,0.1,0.04,0.05,0.06,0.04,1.6,0.24,0.7,0.4,1,0.1,0.2,0.04,1.6,0.5,0.8,0.3,0.4
Myrica mexicana,Myrica,,Myrica,Myricaceae,Unknown,species,,,8,0.02,0.2,0.2,0.1,0.1,0.04,0.05,0.06,0.04,1.6,0.24,0.7,0.4,1,0.1,0.2,0.04,1.6,0.5,0.8,0.3,0.4
Myrica pensylvanica,Myrica,,Myrica,Myricaceae,Unknown,species,,,8,0.02,0.2,0.2,0.1,0.1,0.04,0.05,0.06,0.04,1.6,0.24,0.7,0.4,1,0.1,0.2,0.04,1.6,0.5,0.8,0.3,0.4
Myricaceae,NoData,,Myricaceae,Myricaceae,Unknown,family,,,4,0.02,0.2,0.2,0.1,0.1,0.04,0.05,0.06,0.04,1.6,0.24,0.7,0.4,1,0.1,0.2,0.04,1.6,0.5,0.8,0.3,0.4
Myristica,NoData,,Myristica,Myristicaceae,Btr,genus,,,4,0.02,0.2,0.2,0.1,0.1,0.04,0.05,0.06,0.04,1.6,0.24,0.7,0.4,1,0.1,0.2,0.04,1.6,0.5,0.8,0.3,0.4
Myristica fragrans,NoData,nutmeg,Myristica,Myristicaceae,Btr,species,,,4,0.02,0.2,0.2,0.1,0.1,0.04,0.05,0.06,0.04,1.6,0.24,0.7,0.4,1,0.1,0.2,0.04,1.6,0.5,0.8,0.3,0.4
Myristica yunnanensis,NoData,,Myristica,Myristicaceae,Unknown,species,,,4,0.02,0.2,0.2,0.1,0.1,0.04,0.05,0.06,0.04,1.6,0.24,0.7,0.4,1,0.1,0.2,0.04,1.6,0.5,0.8,0.3,0.4
Myrsine,NoData,,Myrsine,Myrsinaceae,Unknown,genus,,,4,0.02,0.2,0.2,0.1,0.1,0.04,0.05,0.06,0.04,1.6,0.24,0.7,0.4,1,0.1,0.2,0.04,1.6,0.5,0.8,0.3,0.4
Myrsine africana,NoData,,Myrsine,Myrsinaceae,Unknown,species,,,4,0.02,0.2,0.2,0.1,0.1,0.04,0.05,0.06,0.04,1.6,0.24,0.7,0.4,1,0.1,0.2,0.04,1.6,0.5,0.8,0.3,0.4
Myrtaceae,NoData,,Myrtaceae,Myrtaceae,Unknown,family,,,4,0.02,0.2,0.2,0.1,0.1,0.04,0.05,0.06,0.04,1.6,0.24,0.7,0.4,1,0.1,0.2,0.04,1.6,0.5,0.8,0.3,0.4
Myrtica,NoData,,Myrtica,TBD,Unknown,genus,,,4,0.02,0.2,0.2,0.1,0.1,0.04,0.05,0.06,0.04,1.6,0.24,0.7,0.4,1,0.1,0.2,0.04,1.6,0.5,0.8,0.3,0.4
Myrtica cerifera,NoData,,Myrtica,TBD,Unknown,species,,,4,0.02,0.2,0.2,0.1,0.1,0.04,0.05,0.06,0.04,1.6,0.24,0.7,0.4,1,0.1,0.2,0.04,1.6,0.5,0.8,0.3,0.4
Myrtus,NoData,myrtus,Myrtus,Myrtaceae,Unknown,genus,,,4,0.02,0.2,0.2,0.1,0.1,0.04,0.05,0.06,0.04,1.6,0.24,0.7,0.4,1,0.1,0.2,0.04,1.6,0.5,0.8,0.3,0.4
Myrtus communis,NoData,myrtle,Myrtus,Myrtaceae,Unknown,species,,,4,0.02,0.2,0.2,0.1,0.1,0.04,0.05,0.06,0.04,1.6,0.24,0.7,0.4,1,0.1,0.2,0.04,1.6,0.5,0.8,0.3,0.4
Myrtus pedunculata,NoData,,Myrtus,Myrtaceae,Unknown,species,,,4,0.02,0.2,0.2,0.1,0.1,0.04,0.05,0.06,0.04,1.6,0.24,0.7,0.4,1,0.1,0.2,0.04,1.6,0.5,0.8,0.3,0.4
Nageia,NoData,,Nageia,Podocarpaceae,Btr,genus,,,4,0.02,0.2,0.2,0.1,0.1,0.04,0.05,0.06,0.04,1.6,0.24,0.7,0.4,1,0.1,0.2,0.04,1.6,0.5,0.8,0.3,0.4
Nageia nagi,NoData,,Nageia,Podocarpaceae,Btr,species,,,4,0.02,0.2,0.2,0.1,0.1,0.04,0.05,0.06,0.04,1.6,0.24,0.7,0.4,1,0.1,0.2,0.04,1.6,0.5,0.8,0.3,0.4
Nandina,Arundo,nandina,Nandina,Berberidaceae,Shrub,genus,,,8,0.02,0.4,0.4,0.2,0.2,0.04,0.05,0.06,0.04,1.6,0.24,0.7,0.4,1,0.1,0.2,0.04,1.6,0.5,0.8,0.3,0.4
Nandina domestica,Arundo,sacred bamboo,Nandina,Berberidaceae,Shrub,species,,,8,0.02,0.4,0.4,0.2,0.2,0.04,0.05,0.06,0.04,1.6,0.24,0.7,0.4,1,0.1,0.2,0.04,1.6,0.5,0.8,0.3,0.4
Nardus,NoData,,Nardus,Poaceae,Herb,genus,,,4,0.02,0.2,0.2,0.1,0.1,0.04,0.05,0.06,0.04,1.6,0.24,0.7,0.4,1,0.1,0.2,0.04,1.6,0.5,0.8,0.3,0.4
Nardus stricta,NoData,matgrass,Nardus,Poaceae,Herb,species,,,4,0.02,0.2,0.2,0.1,0.1,0.04,0.05,0.06,0.04,1.6,0.24,0.7,0.4,1,0.1,0.2,0.04,1.6,0.5,0.8,0.3,0.4
Nauclea,NoData,,Nauclea,TBD,Unknown,genus,,,4,0.02,0.2,0.2,0.1,0.1,0.04,0.05,0.06,0.04,1.6,0.24,0.7,0.4,1,0.1,0.2,0.04,1.6,0.5,0.8,0.3,0.4
Nauclea diderrichii,NoData,,Nauclea,TBD,Unknown,species,,,4,0.02,0.2,0.2,0.1,0.1,0.04,0.05,0.06,0.04,1.6,0.24,0.7,0.4,1,0.1,0.2,0.04,1.6,0.5,0.8,0.3,0.4
Nauclea latifolia,NoData,,Nauclea,TBD,Unknown,species,,,4,0.02,0.2,0.2,0.1,0.1,0.04,0.05,0.06,0.04,1.6,0.24,0.7,0.4,1,0.1,0.2,0.04,1.6,0.5,0.8,0.3,0.4
Neckera,NoData,,Neckera,TBD,Unknown,genus,,,4,0.02,0.2,0.2,0.1,0.1,0.04,0.05,0.06,0.04,1.6,0.24,0.7,0.4,1,0.1,0.2,0.04,1.6,0.5,0.8,0.3,0.4
Neckera pennata,NoData,,Neckera,TBD,Unknown,species,,,4,0.02,0.2,0.2,0.1,0.1,0.04,0.05,0.06,0.04,1.6,0.24,0.7,0.4,1,0.1,0.2,0.04,1.6,0.5,0.8,0.3,0.4
Nectandra,NoData,,Nectandra,Lauraceae,Unknown,genus,,,4,0.02,0.2,0.2,0.1,0.1,0.04,0.05,0.06,0.04,1.6,0.24,0.7,0.4,1,0.1,0.2,0.04,1.6,0.5,0.8,0.3,0.4
Nectandra purpurescens,NoData,,Nectandra,Lauraceae,Unknown,species,,,4,0.02,0.2,0.2,0.1,0.1,0.04,0.05,0.06,0.04,1.6,0.24,0.7,0.4,1,0.1,0.2,0.04,1.6,0.5,0.8,0.3,0.4
Neocinnamomum,NoData,,Neocinnamomum,TBD,Unknown,genus,,,4,0.02,0.2,0.2,0.1,0.1,0.04,0.05,0.06,0.04,1.6,0.24,0.7,0.4,1,0.1,0.2,0.04,1.6,0.5,0.8,0.3,0.4
Neocinnamomum caudatum,NoData,,Neocinnamomum,TBD,Unknown,species,,,4,0.02,0.2,0.2,0.1,0.1,0.04,0.05,0.06,0.04,1.6,0.24,0.7,0.4,1,0.1,0.2,0.04,1.6,0.5,0.8,0.3,0.4
Nephelium,NoData,,Nephelium,Sapindaceae,Unknown,genus,,,4,0.02,0.2,0.2,0.1,0.1,0.04,0.05,0.06,0.04,1.6,0.24,0.7,0.4,1,0.1,0.2,0.04,1.6,0.5,0.8,0.3,0.4
Nephelium chryseum,NoData,,Nephelium,Sapindaceae,Unknown,species,,,4,0.02,0.2,0.2,0.1,0.1,0.04,0.05,0.06,0.04,1.6,0.24,0.7,0.4,1,0.1,0.2,0.04,1.6,0.5,0.8,0.3,0.4
Nephelium mutabile,NoData,pulasan,Nephelium,Sapindaceae,Unknown,species,,,4,0.02,0.2,0.2,0.1,0.1,0.04,0.05,0.06,0.04,1.6,0.24,0.7,0.4,1,0.1,0.2,0.04,1.6,0.5,0.8,0.3,0.4
Nephrolepsis,NoData,,Nephrolepsis,TBD,Unknown,genus,,,4,0.02,0.2,0.2,0.1,0.1,0.04,0.05,0.06,0.04,1.6,0.24,0.7,0.4,1,0.1,0.2,0.04,1.6,0.5,0.8,0.3,0.4
Nephrolepsis exaltata,NoData,,Nephrolepsis,TBD,Unknown,species,,,4,0.02,0.2,0.2,0.1,0.1,0.04,0.05,0.06,0.04,1.6,0.24,0.7,0.4,1,0.1,0.2,0.04,1.6,0.5,0.8,0.3,0.4
Nerium,NoData,,Nerium,Apocynaceae,Btr,genus,,,4,0.02,0.2,0.2,0.1,0.1,0.04,0.05,0.06,0.04,1.6,0.24,0.7,0.4,1,0.1,0.2,0.04,1.6,0.5,0.8,0.3,0.4
Nerium oleander,NoData,oleander,Nerium,Apocynaceae,Btr,species,,,4,0.02,0.2,0.2,0.1,0.1,0.04,0.05,0.06,0.04,1.6,0.24,0.7,0.4,1,0.1,0.2,0.04,1.6,0.5,0.8,0.3,0.4
Newbouldia,NoData,,Newbouldia,TBD,Unknown,genus,,,4,0.02,0.2,0.2,0.1,0.1,0.04,0.05,0.06,0.04,1.6,0.24,0.7,0.4,1,0.1,0.2,0.04,1.6,0.5,0.8,0.3,0.4
Newbouldia laevis,NoData,,Newbouldia,TBD,Unknown,species,,,4,0.02,0.2,0.2,0.1,0.1,0.04,0.05,0.06,0.04,1.6,0.24,0.7,0.4,1,0.1,0.2,0.04,1.6,0.5,0.8,0.3,0.4
Nicotiana,NoData,tobacco,Nicotiana,Solanaceae,Btr,genus,,,4,0.02,0.2,0.2,0.1,0.1,0.04,0.05,0.06,0.04,1.6,0.24,0.7,0.4,1,0.1,0.2,0.04,1.6,0.5,0.8,0.3,0.4
Nicotiana glauca,NoData,tree tobacco,Nicotiana,Solanaceae,Btr,species,,,4,0.02,0.2,0.2,0.1,0.1,0.04,0.05,0.06,0.04,1.6,0.24,0.7,0.4,1,0.1,0.2,0.04,1.6,0.5,0.8,0.3,0.4
Nicotiana tabacum,NoData,cultivated tobacco,Nicotiana,Solanaceae,Herb,species,,,4,0.02,0.2,0.2,0.1,0.1,0.04,0.05,0.06,0.04,1.6,0.24,0.7,0.4,1,0.1,0.2,0.04,1.6,0.5,0.8,0.3,0.4
Nolina,NoData,beargrass,Nolina,Liliaceae,Btr,genus,,,4,0.02,0.2,0.2,0.1,0.1,0.04,0.05,0.06,0.04,1.6,0.24,0.7,0.4,1,0.1,0.2,0.04,1.6,0.5,0.8,0.3,0.4
Nolina bigelovii,NoData,Bigelow's nolina,Nolina,Liliaceae,Btr,species,,,4,0.02,0.2,0.2,0.1,0.1,0.04,0.05,0.06,0.04,1.6,0.24,0.7,0.4,1,0.1,0.2,0.04,1.6,0.5,0.8,0.3,0.4
Nolina longifolia,NoData,,Nolina,Liliaceae,Shrub,species,,,4,0.02,0.2,0.2,0.1,0.1,0.04,0.05,0.06,0.04,1.6,0.24,0.7,0.4,1,0.1,0.2,0.04,1.6,0.5,0.8,0.3,0.4
Nolina recurvata,NoData,,Nolina,Liliaceae,Shrub,species,,,4,0.02,0.2,0.2,0.1,0.1,0.04,0.05,0.06,0.04,1.6,0.24,0.7,0.4,1,0.1,0.2,0.04,1.6,0.5,0.8,0.3,0.4
Nothofagus,NoData,,Nothofagus,Betulaceae,Unknown,genus,,,4,0.02,0.2,0.2,0.1,0.1,0.04,0.05,0.06,0.04,1.6,0.24,0.7,0.4,1,0.1,0.2,0.04,1.6,0.5,0.8,0.3,0.4
Nothofagus antarctica,NoData,,Nothofagus,Betulaceae,Unknown,species,,,4,0.02,0.2,0.2,0.1,0.1,0.04,0.05,0.06,0.04,1.6,0.24,0.7,0.4,1,0.1,0.2,0.04,1.6,0.5,0.8,0.3,0.4
Nothofagus cliffortoides,NoData,,Nothofagus,Betulaceae,Unknown,species,,,4,0.02,0.2,0.2,0.1,0.1,0.04,0.05,0.06,0.04,1.6,0.24,0.7,0.4,1,0.1,0.2,0.04,1.6,0.5,0.8,0.3,0.4
Nothofagus dombeyi,NoData,coigue,Nothofagus,Betulaceae,Unknown,species,,,4,0.02,0.2,0.2,0.1,0.1,0.04,0.05,0.06,0.04,1.6,0.24,0.7,0.4,1,0.1,0.2,0.04,1.6,0.5,0.8,0.3,0.4
Nothofagus procera,NoData,,Nothofagus,Betulaceae,Unknown,species,,,4,0.02,0.2,0.2,0.1,0.1,0.04,0.05,0.06,0.04,1.6,0.24,0.7,0.4,1,0.1,0.2,0.04,1.6,0.5,0.8,0.3,0.4
Notholithocarpus,Notholithocarpus,tanoak,Notholithocarpus,Fagaceae,Btr,genus,,,0.2,0.02,0.2,0.2,0.2,0.2,0.04,0.05,0.04,0.02,1.6,0.24,0.7,0.4,1,0.1,0.2,0.04,1.6,0.5,0.8,0.3,0.4
Nyssa,Nyssa,tupelo,Nyssa,Cornaceae,Btr,genus,,,24,0.02,0.1,0.1,0.1,0.1,0.04,0.05,0.06,0.04,1.6,0.24,0.7,0.4,1,0.1,0.2,0.04,1.6,0.5,0.8,0.3,0.4
Nyssa aquatica,Nyssa,water tupelo,Nyssa,Nyssaceae,Btr,species,,,24,0.02,0.1,0.1,0.1,0.1,0.04,0.05,0.06,0.04,1.6,0.24,0.7,0.4,1,0.1,0.2,0.04,1.6,0.5,0.8,0.3,0.4
Nyssa ogeche,Nyssa,Ogeechee tupelo,Nyssa,Nyssaceae,Btr,species,,,24,0.02,0.1,0.1,0.1,0.1,0.04,0.05,0.06,0.04,1.6,0.24,0.7,0.4,1,0.1,0.2,0.04,1.6,0.5,0.8,0.3,0.4
Nyssa sylvatica,Nyssa,blackgum,Nyssa,Cornaceae,Btr,species,,,24,0.02,0.1,0.1,0.1,0.1,0.04,0.05,0.06,0.04,1.6,0.24,0.7,0.4,1,0.1,0.2,0.04,1.6,0.5,0.8,0.3,0.4
Nyssa sylvatica var. biflora,Nyssa,,Nyssa,Nyssaceae,Btr,species,,,24,0.02,0.1,0.1,0.1,0.1,0.04,0.05,0.06,0.04,1.6,0.24,0.7,0.4,1,0.1,0.2,0.04,1.6,0.5,0.8,0.3,0.4
Ochna,NoData,,Ochna,Ochnaceae,Unknown,genus,,,4,0.02,0.2,0.2,0.1,0.1,0.04,0.05,0.06,0.04,1.6,0.24,0.7,0.4,1,0.1,0.2,0.04,1.6,0.5,0.8,0.3,0.4
Ochna natalita,NoData,,Ochna,Ochnaceae,Unknown,species,,,4,0.02,0.2,0.2,0.1,0.1,0.04,0.05,0.06,0.04,1.6,0.24,0.7,0.4,1,0.1,0.2,0.04,1.6,0.5,0.8,0.3,0.4
Ochna pulchra,NoData,,Ochna,Ochnaceae,Unknown,species,,,4,0.02,0.2,0.2,0.1,0.1,0.04,0.05,0.06,0.04,1.6,0.24,0.7,0.4,1,0.1,0.2,0.04,1.6,0.5,0.8,0.3,0.4
Ocotea,NoData,sweetwood,Ocotea,Lauraceae,Btr,genus,,,4,0.02,0.2,0.2,0.1,0.1,0.04,0.05,0.06,0.04,1.6,0.24,0.7,0.4,1,0.1,0.2,0.04,1.6,0.5,0.8,0.3,0.4
Oemleria,Oemleria cerasiformis,,Oemleria,Rosaceae,Btr,genus,,,0.6,0.02,0.2,0.2,0.1,0.1,0.04,0.05,0.06,0.04,1.6,0.24,0.7,0.4,1,0.1,0.2,0.04,1.6,0.5,0.8,0.3,0.4
Oemleria cerasiformis,Oemleria cerasiformis,Indian plum,Oemleria,Rosaceae,Btr,species,,,0.6,0.02,0.2,0.2,0.1,0.1,0.04,0.05,0.06,0.04,1.6,0.24,0.7,0.4,1,0.1,0.2,0.04,1.6,0.5,0.8,0.3,0.4
Oenocarpus,NoData,,Oenocarpus,TBD,Unknown,genus,,,4,0.02,0.2,0.2,0.1,0.1,0.04,0.05,0.06,0.04,1.6,0.24,0.7,0.4,1,0.1,0.2,0.04,1.6,0.5,0.8,0.3,0.4
Oenocarpus bataua,NoData,,Oenocarpus,TBD,Unknown,species,,,4,0.02,0.2,0.2,0.1,0.1,0.04,0.05,0.06,0.04,1.6,0.24,0.7,0.4,1,0.1,0.2,0.04,1.6,0.5,0.8,0.3,0.4
Olea,Olea,olive,Olea,Oleaceae,Btr,genus,,,0.05,0.005,0.005,0.005,0.005,0.005,0.005,0.05,0.02,0.05,1.6,0.24,0.7,0.4,1,0.1,0.2,0.04,1.6,0.5,0.8,0.3,0.4
Olea europaea,Olea,olive,Olea,Oleaceae,Btr,species,,,0.05,0.005,0.005,0.005,0.005,0.005,0.005,0.05,0.02,0.05,1.6,0.24,0.7,0.4,1,0.1,0.2,0.04,1.6,0.5,0.8,0.3,0.4
Olea rosea,Olea,,Olea,Oleaceae,Unknown,species,,,0.05,0.005,0.005,0.005,0.005,0.005,0.005,0.05,0.02,0.05,1.6,0.24,0.7,0.4,1,0.1,0.2,0.04,1.6,0.5,0.8,0.3,0.4
Oleaceae,Olea,,Oleaceae,Oleaceae,Unknown,family,,,0.05,0.005,0.005,0.005,0.005,0.005,0.005,0.05,0.02,0.05,1.6,0.24,0.7,0.4,1,0.1,0.2,0.04,1.6,0.5,0.8,0.3,0.4
Olearia,NoData,,Olearia,Asteraceae,Unknown,genus,,,4,0.02,0.2,0.2,0.1,0.1,0.04,0.05,0.06,0.04,1.6,0.24,0.7,0.4,1,0.1,0.2,0.04,1.6,0.5,0.8,0.3,0.4
Olearia phlogopappa,NoData,,Olearia,Asteraceae,Unknown,species,,,4,0.02,0.2,0.2,0.1,0.1,0.04,0.05,0.06,0.04,1.6,0.24,0.7,0.4,1,0.1,0.2,0.04,1.6,0.5,0.8,0.3,0.4
Olmediella,NoData,,Olmediella,Salicaceae,Btr,genus,,,4,0.02,0.2,0.2,0.1,0.1,0.04,0.05,0.06,0.04,1.6,0.24,0.7,0.4,1,0.1,0.2,0.04,1.6,0.5,0.8,0.3,0.4
Olmediella betschleriana,NoData,,Olmediella,Salicaceae,Btr,species,,,4,0.02,0.2,0.2,0.1,0.1,0.04,0.05,0.06,0.04,1.6,0.24,0.7,0.4,1,0.1,0.2,0.04,1.6,0.5,0.8,0.3,0.4
Olneya,Robinia,olneya,Olneya,Fabaceae,Btr,genus,,,24,0.02,0.05,0.05,0.05,0.05,0.04,0.05,0.06,0.04,1.6,0.24,0.7,0.4,1,0.1,0.2,0.04,1.6,0.5,0.8,0.3,0.4
Olneya tesota,Robinia,desert ironwood,Olneya,Fabaceae,Btr,species,,,24,0.02,0.05,0.05,0.05,0.05,0.04,0.05,0.06,0.04,1.6,0.24,0.7,0.4,1,0.1,0.2,0.04,1.6,0.5,0.8,0.3,0.4
Oncoba,NoData,,Oncoba,Flacourtiaceae,Unknown,genus,,,4,0.02,0.2,0.2,0.1,0.1,0.04,0.05,0.06,0.04,1.6,0.24,0.7,0.4,1,0.1,0.2,0.04,1.6,0.5,0.8,0.3,0.4
Oncoba spinosa,NoData,,Oncoba,Flacourtiaceae,Unknown,species,,,4,0.02,0.2,0.2,0.1,0.1,0.04,0.05,0.06,0.04,1.6,0.24,0.7,0.4,1,0.1,0.2,0.04,1.6,0.5,0.8,0.3,0.4
Opuntia,NoData,,Opuntia,Cactaceae,Btr,genus,,,4,0.02,0.2,0.2,0.1,0.1,0.04,0.05,0.06,0.04,1.6,0.24,0.7,0.4,1,0.1,0.2,0.04,1.6,0.5,0.8,0.3,0.4
Opuntia basilaris,NoData,beavertail pricklypear,Opuntia,Cactaceae,Btr,species,,,4,0.02,0.2,0.2,0.1,0.1,0.04,0.05,0.06,0.04,1.6,0.24,0.7,0.4,1,0.1,0.2,0.04,1.6,0.5,0.8,0.3,0.4
Opuntia lindheimeri,NoData,,Opuntia,Cactaceae,Unknown,species,,,4,0.02,0.2,0.2,0.1,0.1,0.04,0.05,0.06,0.04,1.6,0.24,0.7,0.4,1,0.1,0.2,0.04,1.6,0.5,0.8,0.3,0.4
Opuntia microdasys,NoData,angel's-wings,Opuntia,Cactaceae,Shrub,species,,,4,0.02,0.2,0.2,0.1,0.1,0.04,0.05,0.06,0.04,1.6,0.24,0.7,0.4,1,0.1,0.2,0.04,1.6,0.5,0.8,0.3,0.4
Orchidaceae,NoData,,Orchidaceae,Orchidaceae,Unknown,family,,,4,0.02,0.2,0.2,0.1,0.1,0.04,0.05,0.06,0.04,1.6,0.24,0.7,0.4,1,0.1,0.2,0.04,1.6,0.5,0.8,0.3,0.4
Ormocarpum,NoData,,Ormocarpum,TBD,Unknown,genus,,,4,0.02,0.2,0.2,0.1,0.1,0.04,0.05,0.06,0.04,1.6,0.24,0.7,0.4,1,0.1,0.2,0.04,1.6,0.5,0.8,0.3,0.4
Ormocarpum trichocarpum,NoData,,Ormocarpum,TBD,Unknown,species,,,4,0.02,0.2,0.2,0.1,0.1,0.04,0.05,0.06,0.04,1.6,0.24,0.7,0.4,1,0.1,0.2,0.04,1.6,0.5,0.8,0.3,0.4
Ormosia,NoData,,Ormosia,Fabaceae,Unknown,genus,,,4,0.02,0.2,0.2,0.1,0.1,0.04,0.05,0.06,0.04,1.6,0.24,0.7,0.4,1,0.1,0.2,0.04,1.6,0.5,0.8,0.3,0.4
Ormosia pinnata,NoData,,Ormosia,Fabaceae,Unknown,species,,,4,0.02,0.2,0.2,0.1,0.1,0.04,0.05,0.06,0.04,1.6,0.24,0.7,0.4,1,0.1,0.2,0.04,1.6,0.5,0.8,0.3,0.4
Oroxylum,NoData,,Oroxylum,TBD,Unknown,genus,,,4,0.02,0.2,0.2,0.1,0.1,0.04,0.05,0.06,0.04,1.6,0.24,0.7,0.4,1,0.1,0.2,0.04,1.6,0.5,0.8,0.3,0.4
Oroxylum indicum,NoData,,Oroxylum,TBD,Unknown,species,,,4,0.02,0.2,0.2,0.1,0.1,0.04,0.05,0.06,0.04,1.6,0.24,0.7,0.4,1,0.1,0.2,0.04,1.6,0.5,0.8,0.3,0.4
Oryza,NoDataLowIso,,Oryza,Poaceae,Herb,genus,,,0.2,0.02,0.2,0.2,0.2,0.2,0.04,0.05,0.04,0.02,1.6,0.24,0.7,0.4,1,0.1,0.2,0.04,1.6,0.5,0.8,0.3,0.4
Oryza sativa,NoDataLowIso,rice,Oryza,Poaceae,Herb,species,,,0.2,0.02,0.2,0.2,0.2,0.2,0.04,0.05,0.04,0.02,1.6,0.24,0.7,0.4,1,0.1,0.2,0.04,1.6,0.5,0.8,0.3,0.4
Osmanthus,NoData,,Osmanthus,Oleaceae,Unknown,genus,,,4,0.02,0.2,0.2,0.1,0.1,0.04,0.05,0.06,0.04,1.6,0.24,0.7,0.4,1,0.1,0.2,0.04,1.6,0.5,0.8,0.3,0.4
Osmanthus fragrans,NoData,sweet osmanthus,Osmanthus,Oleaceae,Unknown,species,,,4,0.02,0.2,0.2,0.1,0.1,0.04,0.05,0.06,0.04,1.6,0.24,0.7,0.4,1,0.1,0.2,0.04,1.6,0.5,0.8,0.3,0.4
Osteospermum,NoData,,Osteospermum,Asteraceae,Herb,genus,,,4,0.02,0.2,0.2,0.1,0.1,0.04,0.05,0.06,0.04,1.6,0.24,0.7,0.4,1,0.1,0.2,0.04,1.6,0.5,0.8,0.3,0.4
Osteospermum fruticosum,NoData,shrubby daisybush,Osteospermum,Asteraceae,Herb,species,,,4,0.02,0.2,0.2,0.1,0.1,0.04,0.05,0.06,0.04,1.6,0.24,0.7,0.4,1,0.1,0.2,0.04,1.6,0.5,0.8,0.3,0.4
Ostrya,Yucca,,Ostrya,Betulaceae,Unknown,genus,,,0.2,0.02,0.2,0.2,0.1,0.1,0.04,0.05,0.06,0.04,1.6,0.24,0.7,0.4,1,0.1,0.2,0.04,1.6,0.5,0.8,0.3,0.4
Ostrya carpinifolia,Yucca,,Ostrya,Betulaceae,Unknown,species,,,0.2,0.02,0.2,0.2,0.1,0.1,0.04,0.05,0.06,0.04,1.6,0.24,0.7,0.4,1,0.1,0.2,0.04,1.6,0.5,0.8,0.3,0.4
Ostrya virginiana,Yucca,hophornbeam,Ostrya,Betulaceae,Btr,species,,,0.2,0.02,0.2,0.2,0.1,0.1,0.04,0.05,0.06,0.04,1.6,0.24,0.7,0.4,1,0.1,0.2,0.04,1.6,0.5,0.8,0.3,0.4
Ouratea,NoData,ouratea,Ouratea,Ochnaceae,Btr,genus,,,4,0.02,0.2,0.2,0.1,0.1,0.04,0.05,0.06,0.04,1.6,0.24,0.7,0.4,1,0.1,0.2,0.04,1.6,0.5,0.8,0.3,0.4
Oxydendrum,Oxydendrum,sourwood,Oxydendrum,Ericaceae,Btr,genus,,,0.2,0.02,0.1,0.2,0.1,0.1,0.04,0.05,0.06,0.04,1.6,0.24,0.7,0.4,1,0.1,0.2,0.04,1.6,0.5,0.8,0.3,0.4
Oxydendrum arboreum,Oxydendrum,sourwood,Oxydendrum,Ericaceae,Btr,species,,,0.2,0.02,0.1,0.2,0.1,0.1,0.04,0.05,0.06,0.04,1.6,0.24,0.7,0.4,1,0.1,0.2,0.04,1.6,0.5,0.8,0.3,0.4
Oxythenantera,NoData,,Oxythenantera,TBD,Unknown,genus,,,4,0.02,0.2,0.2,0.1,0.1,0.04,0.05,0.06,0.04,1.6,0.24,0.7,0.4,1,0.1,0.2,0.04,1.6,0.5,0.8,0.3,0.4
Oxythenantera abyssinica,NoData,,Oxythenantera,TBD,Unknown,species,,,4,0.02,0.2,0.2,0.1,0.1,0.04,0.05,0.06,0.04,1.6,0.24,0.7,0.4,1,0.1,0.2,0.04,1.6,0.5,0.8,0.3,0.4
Ozoroa,NoData,,Ozoroa,TBD,Unknown,genus,,,4,0.02,0.2,0.2,0.1,0.1,0.04,0.05,0.06,0.04,1.6,0.24,0.7,0.4,1,0.1,0.2,0.04,1.6,0.5,0.8,0.3,0.4
Ozoroa paniculosa,NoData,,Ozoroa,TBD,Unknown,species,,,4,0.02,0.2,0.2,0.1,0.1,0.04,0.05,0.06,0.04,1.6,0.24,0.7,0.4,1,0.1,0.2,0.04,1.6,0.5,0.8,0.3,0.4
Pachyelasma,NoData,,Pachyelasma,TBD,Unknown,genus,,,4,0.02,0.2,0.2,0.1,0.1,0.04,0.05,0.06,0.04,1.6,0.24,0.7,0.4,1,0.1,0.2,0.04,1.6,0.5,0.8,0.3,0.4
Pachyelasma tessmannii,NoData,,Pachyelasma,TBD,Unknown,species,,,4,0.02,0.2,0.2,0.1,0.1,0.04,0.05,0.06,0.04,1.6,0.24,0.7,0.4,1,0.1,0.2,0.04,1.6,0.5,0.8,0.3,0.4
Pachyra,NoData,,Pachyra,TBD,Unknown,genus,,,4,0.02,0.2,0.2,0.1,0.1,0.04,0.05,0.06,0.04,1.6,0.24,0.7,0.4,1,0.1,0.2,0.04,1.6,0.5,0.8,0.3,0.4
Pachyra insignis,NoData,,Pachyra,TBD,Unknown,species,,,4,0.02,0.2,0.2,0.1,0.1,0.04,0.05,0.06,0.04,1.6,0.24,0.7,0.4,1,0.1,0.2,0.04,1.6,0.5,0.8,0.3,0.4
Pachysandra,NoData,,Pachysandra,Buxaceae,Shrub,genus,,,4,0.02,0.2,0.2,0.1,0.1,0.04,0.05,0.06,0.04,1.6,0.24,0.7,0.4,1,0.1,0.2,0.04,1.6,0.5,0.8,0.3,0.4
Pachysandra terminalis,NoData,Japanese pachysandra,Pachysandra,Buxaceae,Shrub,species,,,4,0.02,0.2,0.2,0.1,0.1,0.04,0.05,0.06,0.04,1.6,0.24,0.7,0.4,1,0.1,0.2,0.04,1.6,0.5,0.8,0.3,0.4
Pachystigma,NoData,,Pachystigma,TBD,Unknown,genus,,,4,0.02,0.2,0.2,0.1,0.1,0.04,0.05,0.06,0.04,1.6,0.24,0.7,0.4,1,0.1,0.2,0.04,1.6,0.5,0.8,0.3,0.4
Pachystigma macrocalyx,NoData,,Pachystigma,TBD,Unknown,species,,,4,0.02,0.2,0.2,0.1,0.1,0.04,0.05,0.06,0.04,1.6,0.24,0.7,0.4,1,0.1,0.2,0.04,1.6,0.5,0.8,0.3,0.4
Pagamea,NoData,,Pagamea,TBD,Unknown,genus,,,4,0.02,0.2,0.2,0.1,0.1,0.04,0.05,0.06,0.04,1.6,0.24,0.7,0.4,1,0.1,0.2,0.04,1.6,0.5,0.8,0.3,0.4
Pagamea duckei,NoData,,Pagamea,TBD,Unknown,species,,,4,0.02,0.2,0.2,0.1,0.1,0.04,0.05,0.06,0.04,1.6,0.24,0.7,0.4,1,0.1,0.2,0.04,1.6,0.5,0.8,0.3,0.4
Palisota,NoData,,Palisota,TBD,Unknown,genus,,,4,0.02,0.2,0.2,0.1,0.1,0.04,0.05,0.06,0.04,1.6,0.24,0.7,0.4,1,0.1,0.2,0.04,1.6,0.5,0.8,0.3,0.4
Palisota ambigua,NoData,,Palisota,TBD,Unknown,species,,,4,0.02,0.2,0.2,0.1,0.1,0.04,0.05,0.06,0.04,1.6,0.24,0.7,0.4,1,0.1,0.2,0.04,1.6,0.5,0.8,0.3,0.4
Pancovia,NoData,,Pancovia,TBD,Unknown,genus,,,4,0.02,0.2,0.2,0.1,0.1,0.04,0.05,0.06,0.04,1.6,0.24,0.7,0.4,1,0.1,0.2,0.04,1.6,0.5,0.8,0.3,0.4
Pancovia laurentii,NoData,,Pancovia,TBD,Unknown,species,,,4,0.02,0.2,0.2,0.1,0.1,0.04,0.05,0.06,0.04,1.6,0.24,0.7,0.4,1,0.1,0.2,0.04,1.6,0.5,0.8,0.3,0.4
Panda,NoData,,Panda,TBD,Unknown,genus,,,4,0.02,0.2,0.2,0.1,0.1,0.04,0.05,0.06,0.04,1.6,0.24,0.7,0.4,1,0.1,0.2,0.04,1.6,0.5,0.8,0.3,0.4
Panda oleosa,NoData,,Panda,TBD,Unknown,species,,,4,0.02,0.2,0.2,0.1,0.1,0.04,0.05,0.06,0.04,1.6,0.24,0.7,0.4,1,0.1,0.2,0.04,1.6,0.5,0.8,0.3,0.4
Pandanaceae,NoData,,Pandanaceae,Pandanaceae,Unknown,family,,,4,0.02,0.2,0.2,0.1,0.1,0.04,0.05,0.06,0.04,1.6,0.24,0.7,0.4,1,0.1,0.2,0.04,1.6,0.5,0.8,0.3,0.4
Panicum,NoData,panicgrass,Panicum,Poaceae,Herb,genus,,,4,0.02,0.2,0.2,0.1,0.1,0.04,0.05,0.06,0.04,1.6,0.24,0.7,0.4,1,0.1,0.2,0.04,1.6,0.5,0.8,0.3,0.4
Pappea,NoData,,Pappea,TBD,Unknown,genus,,,4,0.02,0.2,0.2,0.1,0.1,0.04,0.05,0.06,0.04,1.6,0.24,0.7,0.4,1,0.1,0.2,0.04,1.6,0.5,0.8,0.3,0.4
Pappea capensis,NoData,,Pappea,TBD,Unknown,species,,,4,0.02,0.2,0.2,0.1,0.1,0.04,0.05,0.06,0.04,1.6,0.24,0.7,0.4,1,0.1,0.2,0.04,1.6,0.5,0.8,0.3,0.4
Paramichellia,NoData,,Paramichellia,TBD,Unknown,genus,,,4,0.02,0.2,0.2,0.1,0.1,0.04,0.05,0.06,0.04,1.6,0.24,0.7,0.4,1,0.1,0.2,0.04,1.6,0.5,0.8,0.3,0.4
Paramichellia baillonii,NoData,,Paramichellia,TBD,Unknown,species,,,4,0.02,0.2,0.2,0.1,0.1,0.04,0.05,0.06,0.04,1.6,0.24,0.7,0.4,1,0.1,0.2,0.04,1.6,0.5,0.8,0.3,0.4
Paraserianthes,NoData,,Paraserianthes,Fabaceae,Btr,genus,,,4,0.02,0.2,0.2,0.1,0.1,0.04,0.05,0.06,0.04,1.6,0.24,0.7,0.4,1,0.1,0.2,0.04,1.6,0.5,0.8,0.3,0.4
Paraserianthes lophantha,NoData,plume albizia,Paraserianthes,Fabaceae,Btr,species,,,4,0.02,0.2,0.2,0.1,0.1,0.04,0.05,0.06,0.04,1.6,0.24,0.7,0.4,1,0.1,0.2,0.04,1.6,0.5,0.8,0.3,0.4
Parinari,NoData,,Parinari,TBD,Unknown,genus,,,4,0.02,0.2,0.2,0.1,0.1,0.04,0.05,0.06,0.04,1.6,0.24,0.7,0.4,1,0.1,0.2,0.04,1.6,0.5,0.8,0.3,0.4
Parinari cunatellifolia,NoData,,Parinari,TBD,Unknown,species,,,4,0.02,0.2,0.2,0.1,0.1,0.04,0.05,0.06,0.04,1.6,0.24,0.7,0.4,1,0.1,0.2,0.04,1.6,0.5,0.8,0.3,0.4
Parinari excelsa,NoData,,Parinari,TBD,Unknown,species,,,4,0.02,0.2,0.2,0.1,0.1,0.04,0.05,0.06,0.04,1.6,0.24,0.7,0.4,1,0.1,0.2,0.04,1.6,0.5,0.8,0.3,0.4
Parkia,NoData,parkia,Parkia,Fabaceae,Unknown,genus,,,4,0.02,0.2,0.2,0.1,0.1,0.04,0.05,0.06,0.04,1.6,0.24,0.7,0.4,1,0.1,0.2,0.04,1.6,0.5,0.8,0.3,0.4
Parkia biglobosa,NoData,,Parkia,Fabaceae,Unknown,species,,,4,0.02,0.2,0.2,0.1,0.1,0.04,0.05,0.06,0.04,1.6,0.24,0.7,0.4,1,0.1,0.2,0.04,1.6,0.5,0.8,0.3,0.4
Parkinsonia,Robinia,paloverde,Parkinsonia,Fabaceae,Btr,genus,,,24,0.02,0.05,0.05,0.05,0.05,0.04,0.05,0.06,0.04,1.6,0.24,0.7,0.4,1,0.1,0.2,0.04,1.6,0.5,0.8,0.3,0.4
Parkinsonia aculeata,Robinia,Jerusalem thorn,Parkinsonia,Fabaceae,Btr,species,,,24,0.02,0.05,0.05,0.05,0.05,0.04,0.05,0.06,0.04,1.6,0.24,0.7,0.4,1,0.1,0.2,0.04,1.6,0.5,0.8,0.3,0.4
Parkinsonia florida,Robinia,blue paloverde,Parkinsonia,Fabaceae,Btr,species,,,24,0.02,0.05,0.05,0.05,0.05,0.04,0.05,0.06,0.04,1.6,0.24,0.7,0.4,1,0.1,0.2,0.04,1.6,0.5,0.8,0.3,0.4
Parkinsonia microphylla,Robinia,yellow paloverde,Parkinsonia,Fabaceae,Btr,species,,,24,0.02,0.05,0.05,0.05,0.05,0.04,0.05,0.06,0.04,1.6,0.24,0.7,0.4,1,0.1,0.2,0.04,1.6,0.5,0.8,0.3,0.4
Parkinsonia praecox,Robinia,paloverde,Parkinsonia,Fabaceae,Btr,species,,,24,0.02,0.05,0.05,0.05,0.05,0.04,0.05,0.06,0.04,1.6,0.24,0.7,0.4,1,0.1,0.2,0.04,1.6,0.5,0.8,0.3,0.4
Parkinsonia x 'Desert Museum',Robinia,,Parkinsonia,Fabaceae,Btr,species,,,24,0.02,0.05,0.05,0.05,0.05,0.04,0.05,0.06,0.04,1.6,0.24,0.7,0.4,1,0.1,0.2,0.04,1.6,0.5,0.8,0.3,0.4
Parrotia,NoData,,Parrotia,Hamamelidaceae,Unknown,genus,,,4,0.02,0.2,0.2,0.1,0.1,0.04,0.05,0.06,0.04,1.6,0.24,0.7,0.4,1,0.1,0.2,0.04,1.6,0.5,0.8,0.3,0.4
Parrotia persica,NoData,Persian ironwood,Parrotia,Hamamelidaceae,Unknown,species,,,4,0.02,0.2,0.2,0.1,0.1,0.04,0.05,0.06,0.04,1.6,0.24,0.7,0.4,1,0.1,0.2,0.04,1.6,0.5,0.8,0.3,0.4
Parrotiopsis,NoData,,Parrotiopsis,TBD,Unknown,genus,,,4,0.02,0.2,0.2,0.1,0.1,0.04,0.05,0.06,0.04,1.6,0.24,0.7,0.4,1,0.1,0.2,0.04,1.6,0.5,0.8,0.3,0.4
Parrotiopsis jacquemontiana,NoData,,Parrotiopsis,TBD,Unknown,species,,,4,0.02,0.2,0.2,0.1,0.1,0.04,0.05,0.06,0.04,1.6,0.24,0.7,0.4,1,0.1,0.2,0.04,1.6,0.5,0.8,0.3,0.4
Paspalum,NoData,,Paspalum,Poaceae,Herb,genus,,,4,0.02,0.2,0.2,0.1,0.1,0.04,0.05,0.06,0.04,1.6,0.24,0.7,0.4,1,0.1,0.2,0.04,1.6,0.5,0.8,0.3,0.4
Paspalum notatum,NoData,bahiagrass,Paspalum,Poaceae,Herb,species,,,4,0.02,0.2,0.2,0.1,0.1,0.04,0.05,0.06,0.04,1.6,0.24,0.7,0.4,1,0.1,0.2,0.04,1.6,0.5,0.8,0.3,0.4
Paubrasilia,NoData,,Paubrasilia,Poaceae,Herb,genus,,,4,0.02,0.2,0.2,0.1,0.1,0.04,0.05,0.06,0.04,1.6,0.24,0.7,0.4,1,0.1,0.2,0.04,1.6,0.5,0.8,0.3,0.4
Paullinia,NoData,,Paullinia,Sapindaceae,Shrub,genus,,,4,0.02,0.2,0.2,0.1,0.1,0.04,0.05,0.06,0.04,1.6,0.24,0.7,0.4,1,0.1,0.2,0.04,1.6,0.5,0.8,0.3,0.4
Paullinia pinnata,NoData,bread and cheese,Paullinia,Sapindaceae,Shrub,species,,,4,0.02,0.2,0.2,0.1,0.1,0.04,0.05,0.06,0.04,1.6,0.24,0.7,0.4,1,0.1,0.2,0.04,1.6,0.5,0.8,0.3,0.4
Paulowinia,Yucca,,Paulownia,Scrophulariaceae,Btr,genus,,,0.2,0.02,0.2,0.2,0.1,0.1,0.04,0.05,0.06,0.04,1.6,0.24,0.7,0.4,1,0.1,0.2,0.04,1.6,0.5,0.8,0.3,0.4
Paulowinia kawakamii,Yucca,paulownia,Paulownia,Scrophulariaceae,Btr,species,,,0.2,0.02,0.2,0.2,0.1,0.1,0.04,0.05,0.06,0.04,1.6,0.24,0.7,0.4,1,0.1,0.2,0.04,1.6,0.5,0.8,0.3,0.4
Paulownia,Yucca,,Paulownia,Scrophulariaceae,Btr,genus,,,0.2,0.02,0.2,0.2,0.1,0.1,0.04,0.05,0.06,0.04,1.6,0.24,0.7,0.4,1,0.1,0.2,0.04,1.6,0.5,0.8,0.3,0.4
Paulownia tomentosa,Yucca,princesstree,Paulownia,Scrophulariaceae,Btr,species,,,0.2,0.02,0.2,0.2,0.1,0.1,0.04,0.05,0.06,0.04,1.6,0.24,0.7,0.4,1,0.1,0.2,0.04,1.6,0.5,0.8,0.3,0.4
Pauridiantha,NoData,,Pauridiantha,TBD,Unknown,genus,,,4,0.02,0.2,0.2,0.1,0.1,0.04,0.05,0.06,0.04,1.6,0.24,0.7,0.4,1,0.1,0.2,0.04,1.6,0.5,0.8,0.3,0.4
Pauridiantha dewevrei,NoData,,Pauridiantha,TBD,Unknown,species,,,4,0.02,0.2,0.2,0.1,0.1,0.04,0.05,0.06,0.04,1.6,0.24,0.7,0.4,1,0.1,0.2,0.04,1.6,0.5,0.8,0.3,0.4
Pellaea,NoData,,Pellaea,Pteridaceae,Unknown,genus,,,4,0.02,0.2,0.2,0.1,0.1,0.04,0.05,0.06,0.04,1.6,0.24,0.7,0.4,1,0.1,0.2,0.04,1.6,0.5,0.8,0.3,0.4
Pellaea rotundifolia,NoData,,Pellaea,Pteridaceae,Unknown,species,,,4,0.02,0.2,0.2,0.1,0.1,0.04,0.05,0.06,0.04,1.6,0.24,0.7,0.4,1,0.1,0.2,0.04,1.6,0.5,0.8,0.3,0.4
Peltophorum,NoData,,Peltophorum,Fabaceae,Unknown,genus,,,4,0.02,0.2,0.2,0.1,0.1,0.04,0.05,0.06,0.04,1.6,0.24,0.7,0.4,1,0.1,0.2,0.04,1.6,0.5,0.8,0.3,0.4
Peltophorum africanum,NoData,,Peltophorum,Fabaceae,Unknown,species,,,4,0.02,0.2,0.2,0.1,0.1,0.04,0.05,0.06,0.04,1.6,0.24,0.7,0.4,1,0.1,0.2,0.04,1.6,0.5,0.8,0.3,0.4
Pentaclethra,NoData,,Pentaclethra,Fabaceae,Unknown,genus,,,4,0.02,0.2,0.2,0.1,0.1,0.04,0.05,0.06,0.04,1.6,0.24,0.7,0.4,1,0.1,0.2,0.04,1.6,0.5,0.8,0.3,0.4
Pentaclethra macroloba,NoData,,Pentaclethra,Fabaceae,Unknown,species,,,4,0.02,0.2,0.2,0.1,0.1,0.04,0.05,0.06,0.04,1.6,0.24,0.7,0.4,1,0.1,0.2,0.04,1.6,0.5,0.8,0.3,0.4
Pentaclethra macrophylla,NoData,oilbean tree,Pentaclethra,Fabaceae,Unknown,species,,,4,0.02,0.2,0.2,0.1,0.1,0.04,0.05,0.06,0.04,1.6,0.24,0.7,0.4,1,0.1,0.2,0.04,1.6,0.5,0.8,0.3,0.4
Pera,NoData,,Pera,Euphorbiaceae,Unknown,genus,,,4,0.02,0.2,0.2,0.1,0.1,0.04,0.05,0.06,0.04,1.6,0.24,0.7,0.4,1,0.1,0.2,0.04,1.6,0.5,0.8,0.3,0.4
Pera arborea,NoData,,Pera,Euphorbiaceae,Unknown,species,,,4,0.02,0.2,0.2,0.1,0.1,0.04,0.05,0.06,0.04,1.6,0.24,0.7,0.4,1,0.1,0.2,0.04,1.6,0.5,0.8,0.3,0.4
Perebea,NoData,,Perebea,TBD,Unknown,genus,,,4,0.02,0.2,0.2,0.1,0.1,0.04,0.05,0.06,0.04,1.6,0.24,0.7,0.4,1,0.1,0.2,0.04,1.6,0.5,0.8,0.3,0.4
Perebea xanthochyma,NoData,,Perebea,TBD,Unknown,species,,,4,0.02,0.2,0.2,0.1,0.1,0.04,0.05,0.06,0.04,1.6,0.24,0.7,0.4,1,0.1,0.2,0.04,1.6,0.5,0.8,0.3,0.4
Pericopsis,NoData,,Pericopsis,Fabaceae,Unknown,genus,,,4,0.02,0.2,0.2,0.1,0.1,0.04,0.05,0.06,0.04,1.6,0.24,0.7,0.4,1,0.1,0.2,0.04,1.6,0.5,0.8,0.3,0.4
Pericopsis laxiflora,NoData,,Pericopsis,Fabaceae,Unknown,species,,,4,0.02,0.2,0.2,0.1,0.1,0.04,0.05,0.06,0.04,1.6,0.24,0.7,0.4,1,0.1,0.2,0.04,1.6,0.5,0.8,0.3,0.4
Peritossa,NoData,,Peritossa,TBD,Unknown,genus,,,4,0.02,0.2,0.2,0.1,0.1,0.04,0.05,0.06,0.04,1.6,0.24,0.7,0.4,1,0.1,0.2,0.04,1.6,0.5,0.8,0.3,0.4
Peritossa pruninosa,NoData,,Peritossa,TBD,Unknown,species,,,4,0.02,0.2,0.2,0.1,0.1,0.04,0.05,0.06,0.04,1.6,0.24,0.7,0.4,1,0.1,0.2,0.04,1.6,0.5,0.8,0.3,0.4
Persea,Persea,bay,Persea,Lauraceae,Btr,genus,,,0.2,0.02,0.2,0.02,0.1,0.2,0.04,0.05,0.06,0.04,1.6,0.24,0.7,0.4,1,0.1,0.2,0.04,1.6,0.5,0.8,0.3,0.4
Persea americana,Persea,avocado,Persea,Lauraceae,Btr,species,,,0.2,0.02,0.2,0.02,0.1,0.2,0.04,0.05,0.06,0.04,1.6,0.24,0.7,0.4,1,0.1,0.2,0.04,1.6,0.5,0.8,0.3,0.4
Persea borbonia,Persea,redbay,Persea,Lauraceae,Btr,species,,,0.2,0.02,0.2,0.02,0.1,0.2,0.04,0.05,0.06,0.04,1.6,0.24,0.7,0.4,1,0.1,0.2,0.04,1.6,0.5,0.8,0.3,0.4
Persea indica,Persea,bay,Persea,Lauraceae,Btr,species,,,0.2,0.02,0.2,0.02,0.1,0.2,0.04,0.05,0.06,0.04,1.6,0.24,0.7,0.4,1,0.1,0.2,0.04,1.6,0.5,0.8,0.3,0.4
Petersianthus,NoData,,Petersianthus,TBD,Unknown,genus,,,4,0.02,0.2,0.2,0.1,0.1,0.04,0.05,0.06,0.04,1.6,0.24,0.7,0.4,1,0.1,0.2,0.04,1.6,0.5,0.8,0.3,0.4
Petersianthus macrocarpus,NoData,,Petersianthus,TBD,Unknown,species,,,4,0.02,0.2,0.2,0.1,0.1,0.04,0.05,0.06,0.04,1.6,0.24,0.7,0.4,1,0.1,0.2,0.04,1.6,0.5,0.8,0.3,0.4
Petroselinum,NoData,parsley,Petroselinum,Apiaceae,Herb,genus,,,4,0.02,0.2,0.2,0.1,0.1,0.04,0.05,0.06,0.04,1.6,0.24,0.7,0.4,1,0.1,0.2,0.04,1.6,0.5,0.8,0.3,0.4
Phaseolus,NoData,,Phaseolus,Fabaceae,Shrub,genus,,,4,0.02,0.2,0.2,0.1,0.1,0.04,0.05,0.06,0.04,1.6,0.24,0.7,0.4,1,0.1,0.2,0.04,1.6,0.5,0.8,0.3,0.4
Phaseolus vulgaris,NoData,kidney bean,Phaseolus,Fabaceae,Shrub,species,,,4,0.02,0.2,0.2,0.1,0.1,0.04,0.05,0.06,0.04,1.6,0.24,0.7,0.4,1,0.1,0.2,0.04,1.6,0.5,0.8,0.3,0.4
Phellodendron,NoData,,Phellodendron,Rutaceae,Btr,genus,,,4,0.02,0.2,0.2,0.1,0.1,0.04,0.05,0.06,0.04,1.6,0.24,0.7,0.4,1,0.1,0.2,0.04,1.6,0.5,0.8,0.3,0.4
Phellodendron amurense,NoData,Amur corktree,Phellodendron,Rutaceae,Btr,species,,,4,0.02,0.2,0.2,0.1,0.1,0.04,0.05,0.06,0.04,1.6,0.24,0.7,0.4,1,0.1,0.2,0.04,1.6,0.5,0.8,0.3,0.4
Phillyrea,NoData,,Phillyrea,TBD,Unknown,genus,,,4,0.02,0.2,0.2,0.1,0.1,0.04,0.05,0.06,0.04,1.6,0.24,0.7,0.4,1,0.1,0.2,0.04,1.6,0.5,0.8,0.3,0.4
Phillyrea angustifolia,NoData,,Phillyrea,TBD,Unknown,species,,,4,0.02,0.2,0.2,0.1,0.1,0.04,0.05,0.06,0.04,1.6,0.24,0.7,0.4,1,0.1,0.2,0.04,1.6,0.5,0.8,0.3,0.4
Philodendron,NoData,,Philodendron,Arecaceae,herb,genus,,,4,0.02,0.2,0.2,0.1,0.1,0.04,0.05,0.06,0.04,1.6,0.24,0.7,0.4,1,0.1,0.2,0.04,1.6,0.5,0.8,0.3,0.4
Philonotis,NoData,,Philonotis,TBD,Unknown,genus,,,4,0.02,0.2,0.2,0.1,0.1,0.04,0.05,0.06,0.04,1.6,0.24,0.7,0.4,1,0.1,0.2,0.04,1.6,0.5,0.8,0.3,0.4
Philonotis fontanum,NoData,,Philonotis,TBD,Unknown,species,,,4,0.02,0.2,0.2,0.1,0.1,0.04,0.05,0.06,0.04,1.6,0.24,0.7,0.4,1,0.1,0.2,0.04,1.6,0.5,0.8,0.3,0.4
Phlogacanthus,NoData,,Phlogacanthus,TBD,Unknown,genus,,,4,0.02,0.2,0.2,0.1,0.1,0.04,0.05,0.06,0.04,1.6,0.24,0.7,0.4,1,0.1,0.2,0.04,1.6,0.5,0.8,0.3,0.4
Phlogacanthus curviflorus,NoData,,Phlogacanthus,TBD,Unknown,species,,,4,0.02,0.2,0.2,0.1,0.1,0.04,0.05,0.06,0.04,1.6,0.24,0.7,0.4,1,0.1,0.2,0.04,1.6,0.5,0.8,0.3,0.4
Phoebe,NoData,,Phoebe,Lauraceae,Btr,genus,,,4,0.02,0.2,0.2,0.1,0.1,0.04,0.05,0.06,0.04,1.6,0.24,0.7,0.4,1,0.1,0.2,0.04,1.6,0.5,0.8,0.3,0.4
Phoebe mexicana,NoData,,Phoebe,Lauraceae,Unknown,species,,,4,0.02,0.2,0.2,0.1,0.1,0.04,0.05,0.06,0.04,1.6,0.24,0.7,0.4,1,0.1,0.2,0.04,1.6,0.5,0.8,0.3,0.4
Phoenix,Phoenix canariensis,,Phoenix,Arecaceae,Btr,genus,,,8,0.02,0.2,0.2,0.05,0.1,0.04,0.05,0.06,0.04,1.6,0.24,0.7,0.4,1,0.1,0.2,0.04,1.6,0.5,0.8,0.3,0.4
Phoenix canariensis,Phoenix canariensis,Canary Island date palm,Phoenix,Arecaceae,Btr,species,,,8,0.02,0.2,0.2,0.05,0.1,0.04,0.05,0.06,0.04,1.6,0.24,0.7,0.4,1,0.1,0.2,0.04,1.6,0.5,0.8,0.3,0.4
Phoenix dactylifera,Phoenix canariensis,date palm,Phoenix,Arecaceae,Btr,species,,,8,0.02,0.2,0.2,0.05,0.1,0.04,0.05,0.06,0.04,1.6,0.24,0.7,0.4,1,0.1,0.2,0.04,1.6,0.5,0.8,0.3,0.4
Phoenix loureiroi,Phoenix canariensis,Loureir's date palm,Phoenix,Arecaceae,Unknown,species,,,8,0.02,0.2,0.2,0.05,0.1,0.04,0.05,0.06,0.04,1.6,0.24,0.7,0.4,1,0.1,0.2,0.04,1.6,0.5,0.8,0.3,0.4
Phoenix paludosa,Phoenix canariensis,,Phoenix,Arecaceae,Unknown,species,,,8,0.02,0.2,0.2,0.05,0.1,0.04,0.05,0.06,0.04,1.6,0.24,0.7,0.4,1,0.1,0.2,0.04,1.6,0.5,0.8,0.3,0.4
Phoenix reclinata,Phoenix canariensis,Senegal date palm,Phoenix,Arecaceae,Btr,species,,,8,0.02,0.2,0.2,0.05,0.1,0.04,0.05,0.06,0.04,1.6,0.24,0.7,0.4,1,0.1,0.2,0.04,1.6,0.5,0.8,0.3,0.4
Phoenix robelinii,Phoenix canariensis,,Phoenix,Arecaceae,Unknown,species,,,8,0.02,0.2,0.2,0.05,0.1,0.04,0.05,0.06,0.04,1.6,0.24,0.7,0.4,1,0.1,0.2,0.04,1.6,0.5,0.8,0.3,0.4
Phoenix roebelenii,Phoenix canariensis,pygmy date palm,Phoenix,Arecaceae,Unknown,species,,,8,0.02,0.2,0.2,0.05,0.1,0.04,0.05,0.06,0.04,1.6,0.24,0.7,0.4,1,0.1,0.2,0.04,1.6,0.5,0.8,0.3,0.4
Phoenix rupicola,Phoenix canariensis,,Phoenix,Arecaceae,Unknown,species,,,8,0.02,0.2,0.2,0.05,0.1,0.04,0.05,0.06,0.04,1.6,0.24,0.7,0.4,1,0.1,0.2,0.04,1.6,0.5,0.8,0.3,0.4
Phoenix sylvestris,Phoenix canariensis,wild date palm,Phoenix,Arecaceae,Unknown,species,,,8,0.02,0.2,0.2,0.05,0.1,0.04,0.05,0.06,0.04,1.6,0.24,0.7,0.4,1,0.1,0.2,0.04,1.6,0.5,0.8,0.3,0.4
Photinia,NoData,Fraser's photinia,Photinia,Rosaceae,Btr,genus,,,4,0.02,0.2,0.2,0.1,0.1,0.04,0.05,0.06,0.04,1.6,0.24,0.7,0.4,1,0.1,0.2,0.04,1.6,0.5,0.8,0.3,0.4
Photinia,NoData,,Photinia,Rosaceae,Btr,genus,,,4,0.02,0.2,0.2,0.1,0.1,0.04,0.05,0.06,0.04,1.6,0.24,0.7,0.4,1,0.1,0.2,0.04,1.6,0.5,0.8,0.3,0.4
Photinia serrulata,NoData,,Photinia,Rosaceae,Btr,species,,,4,0.02,0.2,0.2,0.1,0.1,0.04,0.05,0.06,0.04,1.6,0.24,0.7,0.4,1,0.1,0.2,0.04,1.6,0.5,0.8,0.3,0.4
Phragmanthera,NoData,,Phragmanthera,TBD,Unknown,genus,,,4,0.02,0.2,0.2,0.1,0.1,0.04,0.05,0.06,0.04,1.6,0.24,0.7,0.4,1,0.1,0.2,0.04,1.6,0.5,0.8,0.3,0.4
Phragmites,Phragmites australis,,Phragmites,Poaceae,Shrub,genus,,,12,0.02,0.4,0.4,0.2,0.2,0.04,0.05,0.06,0.04,1.6,0.24,0.7,0.4,1,0.1,0.2,0.04,1.6,0.5,0.8,0.3,0.4
Phragmites australis,Phragmites australis,common reed,Phragmites,Poaceae,Shrub,species,,,12,0.02,0.4,0.4,0.2,0.2,0.04,0.05,0.06,0.04,1.6,0.24,0.7,0.4,1,0.1,0.2,0.04,1.6,0.5,0.8,0.3,0.4
Phragmites mauritianum,Phragmites australis,,Phragmites,Poaceae,Unknown,species,,,12,0.02,0.4,0.4,0.2,0.2,0.04,0.05,0.06,0.04,1.6,0.24,0.7,0.4,1,0.1,0.2,0.04,1.6,0.5,0.8,0.3,0.4
Phyllanthus,Arundo,,Phyllanthus,Euphorbiaceae,Unknown,genus,,,8,0.02,0.4,0.4,0.2,0.2,0.04,0.05,0.06,0.04,1.6,0.24,0.7,0.4,1,0.1,0.2,0.04,1.6,0.5,0.8,0.3,0.4
Phyllanthus emblia,Arundo,,Phyllanthus,Euphorbiaceae,Unknown,species,,,8,0.02,0.4,0.4,0.2,0.2,0.04,0.05,0.06,0.04,1.6,0.24,0.7,0.4,1,0.1,0.2,0.04,1.6,0.5,0.8,0.3,0.4
Phyllanthus flexuosus,Arundo,,Phyllanthus,Euphorbiaceae,Unknown,species,,,8,0.02,0.4,0.4,0.2,0.2,0.04,0.05,0.06,0.04,1.6,0.24,0.7,0.4,1,0.1,0.2,0.04,1.6,0.5,0.8,0.3,0.4
Phyllostachys,Arundo,,Phyllostachys,Poaceae,Shrub,genus,,,8,0.02,0.4,0.4,0.2,0.2,0.04,0.05,0.06,0.04,1.6,0.24,0.7,0.4,1,0.1,0.2,0.04,1.6,0.5,0.8,0.3,0.4
Phyllostachys aurea,Arundo,golden bamboo,Phyllostachys,Poaceae,Shrub,species,,,8,0.02,0.4,0.4,0.2,0.2,0.04,0.05,0.06,0.04,1.6,0.24,0.7,0.4,1,0.1,0.2,0.04,1.6,0.5,0.8,0.3,0.4
Phyllostachys dulcis,Arundo,sweetshoot bamboo,Phyllostachys,Poaceae,Shrub,species,,,8,0.02,0.4,0.4,0.2,0.2,0.04,0.05,0.06,0.04,1.6,0.24,0.7,0.4,1,0.1,0.2,0.04,1.6,0.5,0.8,0.3,0.4
Phyllostachys pubescens,Arundo,,Phyllostachys,Poaceae,Shrub,species,,,8,0.02,0.4,0.4,0.2,0.2,0.04,0.05,0.06,0.04,1.6,0.24,0.7,0.4,1,0.1,0.2,0.04,1.6,0.5,0.8,0.3,0.4
Phyllostachys viridis,Arundo,,Phyllostachys,Poaceae,Unknown,species,,,8,0.02,0.4,0.4,0.2,0.2,0.04,0.05,0.06,0.04,1.6,0.24,0.7,0.4,1,0.1,0.2,0.04,1.6,0.5,0.8,0.3,0.4
Phytolacca,NoData,,Phytolacca,Phytolaccaceae,Unknown,genus,,,4,0.02,0.2,0.2,0.1,0.1,0.04,0.05,0.06,0.04,1.6,0.24,0.7,0.4,1,0.1,0.2,0.04,1.6,0.5,0.8,0.3,0.4
Phytolacca dioica,NoData,,Phytolacca,Phytolaccaceae,Unknown,species,,,4,0.02,0.2,0.2,0.1,0.1,0.04,0.05,0.06,0.04,1.6,0.24,0.7,0.4,1,0.1,0.2,0.04,1.6,0.5,0.8,0.3,0.4
Picea,PiceaIso,spruce,Picea,Pinaceae,Ntr,genus,,,8,0.02,0.4,0.4,0.2,0.6,0.04,0.05,0.1,0.06,1.6,0.24,0.7,0.4,1,0.1,0.2,0.04,1.6,0.5,0.8,0.3,0.4
Picea abies,Picea abies,Norway spruce,Picea_E,Pinaceae,Ntr,species,,,1.8,0.02,0.6,0.4,0.4,1,0.04,0.05,0.1,0.06,1.6,0.24,0.7,0.4,1,0.1,0.2,0.04,1.6,0.5,0.8,0.3,0.4
Picea alcoquiana,PiceaIso,,Picea_A,Pinaceae,Ntr,species,,,8,0.02,0.4,0.4,0.2,0.6,0.04,0.05,0.1,0.06,1.6,0.24,0.7,0.4,1,0.1,0.2,0.04,1.6,0.5,0.8,0.3,0.4
Picea asperata,PiceaIso,,Picea_A,Pinaceae,Ntr,species,,,8,0.02,0.4,0.4,0.2,0.6,0.04,0.05,0.1,0.06,1.6,0.24,0.7,0.4,1,0.1,0.2,0.04,1.6,0.5,0.8,0.3,0.4
Picea aurantiaca,PiceaIso,,Picea_A,Pinaceae,Ntr,species,,,8,0.02,0.4,0.4,0.2,0.6,0.04,0.05,0.1,0.06,1.6,0.24,0.7,0.4,1,0.1,0.2,0.04,1.6,0.5,0.8,0.3,0.4
Picea breweriana,Picea breweriana,Brewer spruce,Picea_N,Pinaceae,Ntr,species,,,8,0.02,0.2,0.4,0.1,0.2,0.04,0.05,0.1,0.06,1.6,0.24,0.7,0.4,1,0.1,0.2,0.04,1.6,0.5,0.8,0.3,0.4
Picea engelmanii,PiceaIso,,Picea_N,Pinaceae,Ntr,species,,,8,0.02,0.4,0.4,0.2,0.6,0.04,0.05,0.1,0.06,1.6,0.24,0.7,0.4,1,0.1,0.2,0.04,1.6,0.5,0.8,0.3,0.4
Picea engelmannii,PiceaIso,Engelmann spruce,Picea_N,Pinaceae,Ntr,species,,,8,0.02,0.4,0.4,0.2,0.6,0.04,0.05,0.1,0.06,1.6,0.24,0.7,0.4,1,0.1,0.2,0.04,1.6,0.5,0.8,0.3,0.4
Picea glauca,PiceaIso,white spruce,Picea_N,Pinaceae,Ntr,species,,,8,0.02,0.4,0.4,0.2,0.6,0.04,0.05,0.1,0.06,1.6,0.24,0.7,0.4,1,0.1,0.2,0.04,1.6,0.5,0.8,0.3,0.4
Picea koyamai,PiceaIso,,Picea_A,Pinaceae,Ntr,species,,,8,0.02,0.4,0.4,0.2,0.6,0.04,0.05,0.1,0.06,1.6,0.24,0.7,0.4,1,0.1,0.2,0.04,1.6,0.5,0.8,0.3,0.4
Picea likiangensis,PiceaIso,,Picea_A,Pinaceae,Ntr,species,,,8,0.02,0.4,0.4,0.2,0.6,0.04,0.05,0.1,0.06,1.6,0.24,0.7,0.4,1,0.1,0.2,0.04,1.6,0.5,0.8,0.3,0.4
Picea mariana,PiceaIso,black spruce,Picea_N,Pinaceae,Ntr,species,,,8,0.02,0.4,0.4,0.2,0.6,0.04,0.05,0.1,0.06,1.6,0.24,0.7,0.4,1,0.1,0.2,0.04,1.6,0.5,0.8,0.3,0.4
Picea meyeri,PiceaIso,,Picea_A,Pinaceae,Ntr,species,,,8,0.02,0.4,0.4,0.2,0.6,0.04,0.05,0.1,0.06,1.6,0.24,0.7,0.4,1,0.1,0.2,0.04,1.6,0.5,0.8,0.3,0.4
Picea montigena,PiceaIso,,Picea_A,Pinaceae,Ntr,species,,,8,0.02,0.4,0.4,0.2,0.6,0.04,0.05,0.1,0.06,1.6,0.24,0.7,0.4,1,0.1,0.2,0.04,1.6,0.5,0.8,0.3,0.4
Picea morrisonicola,PiceaIso,,Picea_A,Pinaceae,Ntr,species,,,8,0.02,0.4,0.4,0.2,0.6,0.04,0.05,0.1,0.06,1.6,0.24,0.7,0.4,1,0.1,0.2,0.04,1.6,0.5,0.8,0.3,0.4
Picea omorika,PiceaIso,Serbian spruce,Picea_A,Pinaceae,Ntr,species,,,8,0.02,0.4,0.4,0.2,0.6,0.04,0.05,0.1,0.06,1.6,0.24,0.7,0.4,1,0.1,0.2,0.04,1.6,0.5,0.8,0.3,0.4
Picea orientalis,PiceaIso,,Picea_A,Pinaceae,Ntr,species,,,8,0.02,0.4,0.4,0.2,0.6,0.04,0.05,0.1,0.06,1.6,0.24,0.7,0.4,1,0.1,0.2,0.04,1.6,0.5,0.8,0.3,0.4
Picea pungens,PiceaIso,blue spruce,Picea_N,Pinaceae,Ntr,species,,,8,0.02,0.4,0.4,0.2,0.6,0.04,0.05,0.1,0.06,1.6,0.24,0.7,0.4,1,0.1,0.2,0.04,1.6,0.5,0.8,0.3,0.4
Picea rubens,PiceaIso,red spruce,Picea_N,Pinaceae,Ntr,species,,,8,0.02,0.4,0.4,0.2,0.6,0.04,0.05,0.1,0.06,1.6,0.24,0.7,0.4,1,0.1,0.2,0.04,1.6,0.5,0.8,0.3,0.4
Picea sitchensis,PiceaIso,Sitka spruce,Picea_N,Pinaceae,Ntr,species,,,8,0.02,0.4,0.4,0.2,0.6,0.04,0.05,0.1,0.06,1.6,0.24,0.7,0.4,1,0.1,0.2,0.04,1.6,0.5,0.8,0.3,0.4
Picea smithiana,PiceaIso,morinda spruce,Picea_A,Pinaceae,Ntr,species,,,8,0.02,0.4,0.4,0.2,0.6,0.04,0.05,0.1,0.06,1.6,0.24,0.7,0.4,1,0.1,0.2,0.04,1.6,0.5,0.8,0.3,0.4
Picralima,NoData,,Picralima,TBD,Unknown,genus,,,4,0.02,0.2,0.2,0.1,0.1,0.04,0.05,0.06,0.04,1.6,0.24,0.7,0.4,1,0.1,0.2,0.04,1.6,0.5,0.8,0.3,0.4
Picralima nitida,NoData,,Picralima,TBD,Unknown,species,,,4,0.02,0.2,0.2,0.1,0.1,0.04,0.05,0.06,0.04,1.6,0.24,0.7,0.4,1,0.1,0.2,0.04,1.6,0.5,0.8,0.3,0.4
Pictetia,NoData,,Pictetia,Fabaceae,Unknown,genus,,,4,0.02,0.2,0.2,0.1,0.1,0.04,0.05,0.06,0.04,1.6,0.24,0.7,0.4,1,0.1,0.2,0.04,1.6,0.5,0.8,0.3,0.4
Pictetia aculete,NoData,,Pictetia,Fabaceae,Unknown,species,,,4,0.02,0.2,0.2,0.1,0.1,0.04,0.05,0.06,0.04,1.6,0.24,0.7,0.4,1,0.1,0.2,0.04,1.6,0.5,0.8,0.3,0.4
Pieris,NoData,,Pieris,Ericaceae,Btr,genus,,,4,0.02,0.2,0.2,0.1,0.1,0.04,0.05,0.06,0.04,1.6,0.24,0.7,0.4,1,0.1,0.2,0.04,1.6,0.5,0.8,0.3,0.4
Piliostigma,NoData,,Piliostigma,TBD,Unknown,genus,,,4,0.02,0.2,0.2,0.1,0.1,0.04,0.05,0.06,0.04,1.6,0.24,0.7,0.4,1,0.1,0.2,0.04,1.6,0.5,0.8,0.3,0.4
Piliostigma refuscens,NoData,,Piliostigma,TBD,Unknown,species,,,4,0.02,0.2,0.2,0.1,0.1,0.04,0.05,0.06,0.04,1.6,0.24,0.7,0.4,1,0.1,0.2,0.04,1.6,0.5,0.8,0.3,0.4
Piliostigma thonningii,NoData,,Piliostigma,TBD,Unknown,species,,,4,0.02,0.2,0.2,0.1,0.1,0.04,0.05,0.06,0.04,1.6,0.24,0.7,0.4,1,0.1,0.2,0.04,1.6,0.5,0.8,0.3,0.4
Pinaceae,PinusAustral,,Pinaceae,Pinaceae,Unknown,family,,,0.2,3,4,1,2,1,0.5,0.05,1,0.4,1.6,0.24,0.7,0.4,1,0.1,0.2,0.04,1.6,0.5,0.8,0.3,0.4
Pinus,PinusAustral,pine,Pinus,Pinaceae,Ntr,genus,,,0.2,3,4,1,2,1,0.5,0.05,1,0.4,1.6,0.24,0.7,0.4,1,0.1,0.2,0.04,1.6,0.5,0.8,0.3,0.4
Pinus albicaulis,PinusQuinque,whitebark pine,Pinus,Pinaceae,Ntr,species,,,0.2,0.3,2,0.6,2,2,0.5,0.05,0.6,0.4,1.6,0.24,0.7,0.4,1,0.1,0.2,0.04,1.6,0.5,0.8,0.3,0.4
Pinus aristata,PinusPinus,bristlecone pine,Pinus,Pinaceae,Ntr,species,,,0.2,0.02,4,1,2,1,0.5,0.05,1,0.4,1.6,0.24,0.7,0.4,1,0.1,0.2,0.04,1.6,0.5,0.8,0.3,0.4
Pinus armandii,PinusPinus,Armand pine,Pinus,Pinaceae,Ntr,species,,,0.2,0.02,4,1,2,1,0.5,0.05,1,0.4,1.6,0.24,0.7,0.4,1,0.1,0.2,0.04,1.6,0.5,0.8,0.3,0.4
Pinus attenuata,PinusAustral,knobcone pine,Pinus_MBO2,Pinaceae,Ntr,species,,,0.2,3,4,1,2,1,0.5,0.05,1,0.4,1.6,0.24,0.7,0.4,1,0.1,0.2,0.04,1.6,0.5,0.8,0.3,0.4
Pinus balfouriana,PinusPinus,foxtail pine,Pinus,Pinaceae,Ntr,species,,,0.2,0.02,4,1,2,1,0.5,0.05,1,0.4,1.6,0.24,0.7,0.4,1,0.1,0.2,0.04,1.6,0.5,0.8,0.3,0.4
Pinus banksiana,PinusTrifol,jack pine,Pinus_MBO1,Pinaceae,Ntr,species,,,0.2,12,2,0.6,2,2,0.5,0.05,0.6,0.4,1.6,0.24,0.7,0.4,1,0.1,0.2,0.04,1.6,0.5,0.8,0.3,0.4
Pinus brutia,PinusPinus,Calabrian pine,Pinus,Pinaceae,Ntr,species,,,0.2,0.02,4,1,2,1,0.5,0.05,1,0.4,1.6,0.24,0.7,0.4,1,0.1,0.2,0.04,1.6,0.5,0.8,0.3,0.4
Pinus brutia var. eldarica,PinusPinus,Afghan pine,Pinus,Pinaceae,Ntr,species,,,0.2,0.02,4,1,2,1,0.5,0.05,1,0.4,1.6,0.24,0.7,0.4,1,0.1,0.2,0.04,1.6,0.5,0.8,0.3,0.4
Pinus bungeana,PinusPinus,Bunge's pine,Pinus,Pinaceae,Ntr,species,,,0.2,0.02,4,1,2,1,0.5,0.05,1,0.4,1.6,0.24,0.7,0.4,1,0.1,0.2,0.04,1.6,0.5,0.8,0.3,0.4
Pinus canariensis,PinusPinus,Canary Island pine,Pinus,Pinaceae,Ntr,species,,,0.2,0.02,4,1,2,1,0.5,0.05,1,0.4,1.6,0.24,0.7,0.4,1,0.1,0.2,0.04,1.6,0.5,0.8,0.3,0.4
Pinus caribaea,PinusPinus,Caribbean pine,Pinus,Pinaceae,Ntr,species,,,0.2,0.02,4,1,2,1,0.5,0.05,1,0.4,1.6,0.24,0.7,0.4,1,0.1,0.2,0.04,1.6,0.5,0.8,0.3,0.4
Pinus cembroides,PinusQuinque,Mexican pinyon,Pinus,Pinaceae,Ntr,species,,,0.2,0.3,2,0.6,2,2,0.5,0.05,0.6,0.4,1.6,0.24,0.7,0.4,1,0.1,0.2,0.04,1.6,0.5,0.8,0.3,0.4
Pinus clausa,PinusAustral,sand pine,Pinus_MBO2,Pinaceae,Ntr,species,,,0.2,3,4,1,2,1,0.5,0.05,1,0.4,1.6,0.24,0.7,0.4,1,0.1,0.2,0.04,1.6,0.5,0.8,0.3,0.4
Pinus contorta,PinusTrifol,lodgepole pine,Pinus_MBO1,Pinaceae,Ntr,species,,,0.2,12,2,0.6,2,2,0.5,0.05,0.6,0.4,1.6,0.24,0.7,0.4,1,0.1,0.2,0.04,1.6,0.5,0.8,0.3,0.4
Pinus contorta var. contorta,PinusTrifol,beach pine,Pinus_MBO1,Pinaceae,Ntr,species,,,0.2,12,2,0.6,2,2,0.5,0.05,0.6,0.4,1.6,0.24,0.7,0.4,1,0.1,0.2,0.04,1.6,0.5,0.8,0.3,0.4
Pinus coulteri,PinusTrifol,Coulter pine,Pinus_MBO1,Pinaceae,Ntr,species,,,0.2,12,2,0.6,2,2,0.5,0.05,0.6,0.4,1.6,0.24,0.7,0.4,1,0.1,0.2,0.04,1.6,0.5,0.8,0.3,0.4
Pinus densiflora,PinusPinus,Japanese red pine,Pinus,Pinaceae,Ntr,species,,,0.2,0.02,4,1,2,1,0.5,0.05,1,0.4,1.6,0.24,0.7,0.4,1,0.1,0.2,0.04,1.6,0.5,0.8,0.3,0.4
Pinus discolor,PinusQuinque,border pinyon,Pinus,Pinaceae,Ntr,species,,,0.2,0.3,2,0.6,2,2,0.5,0.05,0.6,0.4,1.6,0.24,0.7,0.4,1,0.1,0.2,0.04,1.6,0.5,0.8,0.3,0.4
Pinus echinata,PinusPinus,shortleaf pine,Pinus,Pinaceae,Ntr,species,,,0.2,0.02,4,1,2,1,0.5,0.05,1,0.4,1.6,0.24,0.7,0.4,1,0.1,0.2,0.04,1.6,0.5,0.8,0.3,0.4
Pinus edulis,PinusPinus,twoneedle pinyon,Pinus,Pinaceae,Ntr,species,,,0.2,0.02,4,1,2,1,0.5,0.05,1,0.4,1.6,0.24,0.7,0.4,1,0.1,0.2,0.04,1.6,0.5,0.8,0.3,0.4
Pinus eldarica,PinusPinus,,Pinus,Pinaceae,Ntr,species,,,0.2,0.02,4,1,2,1,0.5,0.05,1,0.4,1.6,0.24,0.7,0.4,1,0.1,0.2,0.04,1.6,0.5,0.8,0.3,0.4
Pinus elliotii,PinusAustral,,Pinus_MBO2,Pinaceae,Unknown,species,,,0.2,3,4,1,2,1,0.5,0.05,1,0.4,1.6,0.24,0.7,0.4,1,0.1,0.2,0.04,1.6,0.5,0.8,0.3,0.4
Pinus elliottii,PinusAustral,slash pine,Pinus,Pinaceae,Ntr,species,,,0.2,3,4,1,2,1,0.5,0.05,1,0.4,1.6,0.24,0.7,0.4,1,0.1,0.2,0.04,1.6,0.5,0.8,0.3,0.4
Pinus elliottii var. densa,PinusQuinque,Florida slash pine,Pinus,Pinaceae,Ntr,species,,,0.2,0.3,2,0.6,2,2,0.5,0.05,0.6,0.4,1.6,0.24,0.7,0.4,1,0.1,0.2,0.04,1.6,0.5,0.8,0.3,0.4
Pinus engelmannii,PinusPinus,Apache pine,Pinus,Pinaceae,Ntr,species,,,0.2,0.02,4,1,2,1,0.5,0.05,1,0.4,1.6,0.24,0.7,0.4,1,0.1,0.2,0.04,1.6,0.5,0.8,0.3,0.4
Pinus flexilis,PinusQuinque,limber pine,Pinus,Pinaceae,Ntr,species,,,0.2,0.3,2,0.6,2,2,0.5,0.05,0.6,0.4,1.6,0.24,0.7,0.4,1,0.1,0.2,0.04,1.6,0.5,0.8,0.3,0.4
Pinus glabra,PinusAustral,spruce pine,Pinus_MBO2,Pinaceae,Ntr,species,,,0.2,3,4,1,2,1,0.5,0.05,1,0.4,1.6,0.24,0.7,0.4,1,0.1,0.2,0.04,1.6,0.5,0.8,0.3,0.4
Pinus halepensis,PinusPinus,aleppo pine,Pinus,Pinaceae,Ntr,species,,,0.2,0.02,4,1,2,1,0.5,0.05,1,0.4,1.6,0.24,0.7,0.4,1,0.1,0.2,0.04,1.6,0.5,0.8,0.3,0.4
Pinus jeffreyi,PinusTrifol,Jeffrey pine,Pinus_MBO1,Pinaceae,Ntr,species,,,0.2,12,2,0.6,2,2,0.5,0.05,0.6,0.4,1.6,0.24,0.7,0.4,1,0.1,0.2,0.04,1.6,0.5,0.8,0.3,0.4
Pinus koraiensis,PinusPinus,Chinese pinenut,Pinus,Pinaceae,Ntr,species,,,0.2,0.02,4,1,2,1,0.5,0.05,1,0.4,1.6,0.24,0.7,0.4,1,0.1,0.2,0.04,1.6,0.5,0.8,0.3,0.4
Pinus kwangatungensis,PinusTrifol,,Pinus_MBO,Pinaceae,Ntr,species,,,0.2,12,2,0.6,2,2,0.5,0.05,0.6,0.4,1.6,0.24,0.7,0.4,1,0.1,0.2,0.04,1.6,0.5,0.8,0.3,0.4
Pinus lambertiana,PinusPinus,sugar pine,Pinus,Pinaceae,Ntr,species,,,0.2,0.02,4,1,2,1,0.5,0.05,1,0.4,1.6,0.24,0.7,0.4,1,0.1,0.2,0.04,1.6,0.5,0.8,0.3,0.4
Pinus leiophylla,PinusAustral,Chihuahuan pine,Pinus_MBO2,Pinaceae,Ntr,species,,,0.2,3,4,1,2,1,0.5,0.05,1,0.4,1.6,0.24,0.7,0.4,1,0.1,0.2,0.04,1.6,0.5,0.8,0.3,0.4
Pinus luchuensis,PinusPinus,,Pinus,Pinaceae,Ntr,species,,,0.2,0.02,4,1,2,1,0.5,0.05,1,0.4,1.6,0.24,0.7,0.4,1,0.1,0.2,0.04,1.6,0.5,0.8,0.3,0.4
Pinus massoniana,PinusPinus,Chinese red pine,Pinus,Pinaceae,Ntr,species,,,0.2,0.02,4,1,2,1,0.5,0.05,1,0.4,1.6,0.24,0.7,0.4,1,0.1,0.2,0.04,1.6,0.5,0.8,0.3,0.4
Pinus monophylla,PinusQuinque,singleleaf pinyon,Pinus,Pinaceae,Ntr,species,,,0.2,0.3,2,0.6,2,2,0.5,0.05,0.6,0.4,1.6,0.24,0.7,0.4,1,0.1,0.2,0.04,1.6,0.5,0.8,0.3,0.4
Pinus montezumae,PinusAustral,,Pinus_MBO2,Pinaceae,Ntr,species,,,0.2,3,4,1,2,1,0.5,0.05,1,0.4,1.6,0.24,0.7,0.4,1,0.1,0.2,0.04,1.6,0.5,0.8,0.3,0.4
Pinus monticola,PinusPinus,western white pine,Pinus,Pinaceae,Ntr,species,,,0.2,0.02,4,1,2,1,0.5,0.05,1,0.4,1.6,0.24,0.7,0.4,1,0.1,0.2,0.04,1.6,0.5,0.8,0.3,0.4
Pinus mugo,PinusPinus,mugo pine,Pinus,Pinaceae,Ntr,species,,,0.2,0.02,4,1,2,1,0.5,0.05,1,0.4,1.6,0.24,0.7,0.4,1,0.1,0.2,0.04,1.6,0.5,0.8,0.3,0.4
Pinus muricata,PinusTrifol,Bishop pine,Pinus_MBO1,Pinaceae,Ntr,species,,,0.2,12,2,0.6,2,2,0.5,0.05,0.6,0.4,1.6,0.24,0.7,0.4,1,0.1,0.2,0.04,1.6,0.5,0.8,0.3,0.4
Pinus murraybanksiana,PinusTrifol,,Pinus_MBO1,Pinaceae,Ntr,species,,,0.2,12,2,0.6,2,2,0.5,0.05,0.6,0.4,1.6,0.24,0.7,0.4,1,0.1,0.2,0.04,1.6,0.5,0.8,0.3,0.4
Pinus nigra,PinusPinus,Austrian pine,Pinus,Pinaceae,Ntr,species,,,0.2,0.02,4,1,2,1,0.5,0.05,1,0.4,1.6,0.24,0.7,0.4,1,0.1,0.2,0.04,1.6,0.5,0.8,0.3,0.4
Pinus palustris,PinusTrifol,longleaf pine,Pinus_MBO1,Pinaceae,Ntr,species,,,0.2,12,2,0.6,2,2,0.5,0.05,0.6,0.4,1.6,0.24,0.7,0.4,1,0.1,0.2,0.04,1.6,0.5,0.8,0.3,0.4
Pinus patula,PinusAustral,Mexican weeping pine,Pinus_MBO2,Pinaceae,Ntr,species,,,0.2,3,4,1,2,1,0.5,0.05,1,0.4,1.6,0.24,0.7,0.4,1,0.1,0.2,0.04,1.6,0.5,0.8,0.3,0.4
Pinus pinaster,PinusPinus,maritime pine,Pinus,Pinaceae,Ntr,species,,,0.2,0.02,4,1,2,1,0.5,0.05,1,0.4,1.6,0.24,0.7,0.4,1,0.1,0.2,0.04,1.6,0.5,0.8,0.3,0.4
Pinus pinea,PinusPinus,Italian stone pine,Pinus,Pinaceae,Ntr,species,,,0.2,0.02,4,1,2,1,0.5,0.05,1,0.4,1.6,0.24,0.7,0.4,1,0.1,0.2,0.04,1.6,0.5,0.8,0.3,0.4
Pinus ponderosa,PinusTrifol,ponderosa pine,Pinus_MBO1,Pinaceae,Ntr,species,,,0.2,12,2,0.6,2,2,0.5,0.05,0.6,0.4,1.6,0.24,0.7,0.4,1,0.1,0.2,0.04,1.6,0.5,0.8,0.3,0.4
Pinus ponderosa var. scopulorum,PinusTrifol,ponderosa pine,Pinus_MBO1,Pinaceae,Ntr,species,,,0.2,12,2,0.6,2,2,0.5,0.05,0.6,0.4,1.6,0.24,0.7,0.4,1,0.1,0.2,0.04,1.6,0.5,0.8,0.3,0.4
Pinus pseudostrobus,PinusAustral,,Pinus_MBO2,Pinaceae,Ntr,species,,,0.2,3,4,1,2,1,0.5,0.05,1,0.4,1.6,0.24,0.7,0.4,1,0.1,0.2,0.04,1.6,0.5,0.8,0.3,0.4
Pinus pungens,PinusAustral,Table Mountain pine,Pinus_MBO2,Pinaceae,Ntr,species,,,0.2,3,4,1,2,1,0.5,0.05,1,0.4,1.6,0.24,0.7,0.4,1,0.1,0.2,0.04,1.6,0.5,0.8,0.3,0.4
Pinus quadrifolia,PinusPinus,Parry pinyon,Pinus,Pinaceae,Ntr,species,,,0.2,0.02,4,1,2,1,0.5,0.05,1,0.4,1.6,0.24,0.7,0.4,1,0.1,0.2,0.04,1.6,0.5,0.8,0.3,0.4
Pinus radiata,PinusAustral,Monterey pine,Pinus_MBO2,Pinaceae,Ntr,species,,,0.2,3,4,1,2,1,0.5,0.05,1,0.4,1.6,0.24,0.7,0.4,1,0.1,0.2,0.04,1.6,0.5,0.8,0.3,0.4
Pinus resinosa,PinusPinus,red pine,Pinus,Pinaceae,Ntr,species,,,0.2,0.02,4,1,2,1,0.5,0.05,1,0.4,1.6,0.24,0.7,0.4,1,0.1,0.2,0.04,1.6,0.5,0.8,0.3,0.4
Pinus rigida,PinusAustral,pitch pine,Pinus_MBO2,Pinaceae,Ntr,species,,,0.2,3,4,1,2,1,0.5,0.05,1,0.4,1.6,0.24,0.7,0.4,1,0.1,0.2,0.04,1.6,0.5,0.8,0.3,0.4
Pinus roxburghii,PinusAustral,,Pinus_MBO2,Pinaceae,Ntr,species,,,0.2,3,4,1,2,1,0.5,0.05,1,0.4,1.6,0.24,0.7,0.4,1,0.1,0.2,0.04,1.6,0.5,0.8,0.3,0.4
Pinus sabiniana,PinusTrifol,California foothill pine,Pinus_MBO1,Pinaceae,Ntr,species,,,0.2,12,2,0.6,2,2,0.5,0.05,0.6,0.4,1.6,0.24,0.7,0.4,1,0.1,0.2,0.04,1.6,0.5,0.8,0.3,0.4
Pinus serotina,PinusAustral,pond pine,Pinus_MBO2,Pinaceae,Ntr,species,,,0.2,3,4,1,2,1,0.5,0.05,1,0.4,1.6,0.24,0.7,0.4,1,0.1,0.2,0.04,1.6,0.5,0.8,0.3,0.4
Pinus sibirica,PinusPinus,Siberian pine,Pinus,Pinaceae,Ntr,species,,,0.2,0.02,4,1,2,1,0.5,0.05,1,0.4,1.6,0.24,0.7,0.4,1,0.1,0.2,0.04,1.6,0.5,0.8,0.3,0.4
Pinus sondereggeria,PinusAustral,,Pinus_MBO2,Pinaceae,Ntr,species,,,0.2,3,4,1,2,1,0.5,0.05,1,0.4,1.6,0.24,0.7,0.4,1,0.1,0.2,0.04,1.6,0.5,0.8,0.3,0.4
Pinus strobiformis,PinusPinus,southwestern white pine,Pinus,Pinaceae,Ntr,species,,,0.2,0.02,4,1,2,1,0.5,0.05,1,0.4,1.6,0.24,0.7,0.4,1,0.1,0.2,0.04,1.6,0.5,0.8,0.3,0.4
Pinus strobus,PinusPinus,eastern white pine,Pinus,Pinaceae,Ntr,species,,,0.2,0.02,4,1,2,1,0.5,0.05,1,0.4,1.6,0.24,0.7,0.4,1,0.1,0.2,0.04,1.6,0.5,0.8,0.3,0.4
Pinus sylvestris,PinusPinus,Scots pine,Pinus,Pinaceae,Ntr,species,,,0.2,0.02,4,1,2,1,0.5,0.05,1,0.4,1.6,0.24,0.7,0.4,1,0.1,0.2,0.04,1.6,0.5,0.8,0.3,0.4
Pinus tabuliformis,PinusPinus,southern Chinese pine,Pinus,Pinaceae,Ntr,species,,,0.2,0.02,4,1,2,1,0.5,0.05,1,0.4,1.6,0.24,0.7,0.4,1,0.1,0.2,0.04,1.6,0.5,0.8,0.3,0.4
Pinus taeda,PinusAustral,loblolly pine,Pinus_MBO2,Pinaceae,Ntr,species,,,0.2,3,4,1,2,1,0.5,0.05,1,0.4,1.6,0.24,0.7,0.4,1,0.1,0.2,0.04,1.6,0.5,0.8,0.3,0.4
Pinus thunbergiana,PinusPinus,,Pinus,Pinaceae,Ntr,species,,,0.2,0.02,4,1,2,1,0.5,0.05,1,0.4,1.6,0.24,0.7,0.4,1,0.1,0.2,0.04,1.6,0.5,0.8,0.3,0.4
Pinus thunbergii,PinusPinus,Japanese black pine,Pinus,Pinaceae,Ntr,species,,,0.2,0.02,4,1,2,1,0.5,0.05,1,0.4,1.6,0.24,0.7,0.4,1,0.1,0.2,0.04,1.6,0.5,0.8,0.3,0.4
Pinus torreyana,PinusTrifol,Torrey pine,Pinus_MBO1,Pinaceae,Ntr,species,,,0.2,12,2,0.6,2,2,0.5,0.05,0.6,0.4,1.6,0.24,0.7,0.4,1,0.1,0.2,0.04,1.6,0.5,0.8,0.3,0.4
Pinus virginiana,PinusAustral,Virginia pine,Pinus_MBO2,Pinaceae,Ntr,species,,,0.2,3,4,1,2,1,0.5,0.05,1,0.4,1.6,0.24,0.7,0.4,1,0.1,0.2,0.04,1.6,0.5,0.8,0.3,0.4
Piper,NoData,,Piper,Piperaceae,Unknown,genus,,,4,0.02,0.2,0.2,0.1,0.1,0.04,0.05,0.06,0.04,1.6,0.24,0.7,0.4,1,0.1,0.2,0.04,1.6,0.5,0.8,0.3,0.4
Piper reticulatum,NoData,,Piper,Piperaceae,Unknown,species,,,4,0.02,0.2,0.2,0.1,0.1,0.04,0.05,0.06,0.04,1.6,0.24,0.7,0.4,1,0.1,0.2,0.04,1.6,0.5,0.8,0.3,0.4
Piptadeniastrum,NoData,,Piptadeniastrum,TBD,Unknown,genus,,,4,0.02,0.2,0.2,0.1,0.1,0.04,0.05,0.06,0.04,1.6,0.24,0.7,0.4,1,0.1,0.2,0.04,1.6,0.5,0.8,0.3,0.4
Piptadeniastrum africanum,NoData,,Piptadeniastrum,TBD,Unknown,species,,,4,0.02,0.2,0.2,0.1,0.1,0.04,0.05,0.06,0.04,1.6,0.24,0.7,0.4,1,0.1,0.2,0.04,1.6,0.5,0.8,0.3,0.4
Pisonia,NoData,,Pisonia,Nyctaginaceae,Btr,genus,,,4,0.02,0.2,0.2,0.1,0.1,0.04,0.05,0.06,0.04,1.6,0.24,0.7,0.4,1,0.1,0.2,0.04,1.6,0.5,0.8,0.3,0.4
Pisonia albida,NoData,corcho bobo,Pisonia,Nyctaginaceae,Btr,species,,,4,0.02,0.2,0.2,0.1,0.1,0.04,0.05,0.06,0.04,1.6,0.24,0.7,0.4,1,0.1,0.2,0.04,1.6,0.5,0.8,0.3,0.4
Pistacia,Pistache,,Pistacia,Anacardiaceae,Btr,genus,,,0.05,0.02,0.2,4,0.6,0.6,0.05,0.05,0.1,0.05,1.6,0.24,0.7,0.4,1,0.1,0.2,0.04,1.6,0.5,0.8,0.3,0.4
Pistacia atlantica,Pistache,Mt. Atlas mastic tree,Pistacia,Anacardiaceae,Btr,species,,,0.05,0.02,0.2,4,0.6,0.6,0.05,0.05,0.1,0.05,1.6,0.24,0.7,0.4,1,0.1,0.2,0.04,1.6,0.5,0.8,0.3,0.4
Pistacia chinensis,Pistache,Chinese pistache,Pistacia,Anacardiaceae,Btr,species,,,0.05,0.02,0.2,4,0.6,0.6,0.05,0.05,0.1,0.05,1.6,0.24,0.7,0.4,1,0.1,0.2,0.04,1.6,0.5,0.8,0.3,0.4
Pistacia lentiscus,Pistache,mastic tree,Pistacia,Anacardiaceae,Unknown,species,,,0.05,0.02,0.2,4,0.6,0.6,0.05,0.05,0.1,0.05,1.6,0.24,0.7,0.4,1,0.1,0.2,0.04,1.6,0.5,0.8,0.3,0.4
Pistacia terebinthus,Pistache,Cyprus turpentine,Pistacia,Anacardiaceae,Unknown,species,,,0.05,0.02,0.2,4,0.6,0.6,0.05,0.05,0.1,0.05,1.6,0.24,0.7,0.4,1,0.1,0.2,0.04,1.6,0.5,0.8,0.3,0.4
Pistacia vera,Pistache,pistachio nut,Pistacia,Anacardiaceae,Unknown,species,,,0.05,0.02,0.2,4,0.6,0.6,0.05,0.05,0.1,0.05,1.6,0.24,0.7,0.4,1,0.1,0.2,0.04,1.6,0.5,0.8,0.3,0.4
Pisum,NoData,,Pisum,Fabaceae,Shrub,genus,,,4,0.02,0.2,0.2,0.1,0.1,0.04,0.05,0.06,0.04,1.6,0.24,0.7,0.4,1,0.1,0.2,0.04,1.6,0.5,0.8,0.3,0.4
Pisum sativum,NoData,garden pea,Pisum,Fabaceae,Shrub,species,,,4,0.02,0.2,0.2,0.1,0.1,0.04,0.05,0.06,0.04,1.6,0.24,0.7,0.4,1,0.1,0.2,0.04,1.6,0.5,0.8,0.3,0.4
Pithecellobium,NoData,blackbead,Pithecellobium,Fabaceae,Btr,genus,,,4,0.02,0.2,0.2,0.1,0.1,0.04,0.05,0.06,0.04,1.6,0.24,0.7,0.4,1,0.1,0.2,0.04,1.6,0.5,0.8,0.3,0.4
Pithecellobium cylpearia,NoData,,Pithecellobium,Fabaceae,Unknown,species,,,4,0.02,0.2,0.2,0.1,0.1,0.04,0.05,0.06,0.04,1.6,0.24,0.7,0.4,1,0.1,0.2,0.04,1.6,0.5,0.8,0.3,0.4
Pithecellobium dulce,NoData,monkeypod,Pithecellobium,Fabaceae,Btr,species,,,4,0.02,0.2,0.2,0.1,0.1,0.04,0.05,0.06,0.04,1.6,0.24,0.7,0.4,1,0.1,0.2,0.04,1.6,0.5,0.8,0.3,0.4
Pithecellobium flexicaule,Desmanthus,,Pithecellobium,Fabaceae,Btr,species,,,8,0.02,0.2,0.2,0.1,0.2,0.04,0.05,0.06,0.04,1.6,0.24,0.7,0.4,1,0.1,0.2,0.04,1.6,0.5,0.8,0.3,0.4
Pithecellobium longifolium,NoData,,Pithecellobium,Fabaceae,Unknown,species,,,4,0.02,0.2,0.2,0.1,0.1,0.04,0.05,0.06,0.04,1.6,0.24,0.7,0.4,1,0.1,0.2,0.04,1.6,0.5,0.8,0.3,0.4
Pittosporopsis,NoData,,Pittosporopsis,TBD,Unknown,genus,,,4,0.02,0.2,0.2,0.1,0.1,0.04,0.05,0.06,0.04,1.6,0.24,0.7,0.4,1,0.1,0.2,0.04,1.6,0.5,0.8,0.3,0.4
Pittosporopsis kerrii,NoData,,Pittosporopsis,TBD,Unknown,species,,,4,0.02,0.2,0.2,0.1,0.1,0.04,0.05,0.06,0.04,1.6,0.24,0.7,0.4,1,0.1,0.2,0.04,1.6,0.5,0.8,0.3,0.4
Pittosporum,NoDataLowIso,cheesewood,Pittosporum,Pittosporaceae,Btr,genus,,,0.2,0.02,0.2,0.2,0.2,0.2,0.04,0.05,0.04,0.02,1.6,0.24,0.7,0.4,1,0.1,0.2,0.04,1.6,0.5,0.8,0.3,0.4
Pittosporum crassifolium,NoDataLowIso,stiffleaf cheesewood,Pittosporum,Pittosporaceae,Btr,species,,,0.2,0.02,0.2,0.2,0.2,0.2,0.04,0.05,0.04,0.02,1.6,0.24,0.7,0.4,1,0.1,0.2,0.04,1.6,0.5,0.8,0.3,0.4
Pittosporum eugenioides,NoDataLowIso,cheesewood,Pittosporum,Pittosporaceae,Btr,species,,,0.2,0.02,0.2,0.2,0.2,0.2,0.04,0.05,0.04,0.02,1.6,0.24,0.7,0.4,1,0.1,0.2,0.04,1.6,0.5,0.8,0.3,0.4
Pittosporum floribundum,NoDataLowIso,cheesewood,Pittosporum,Pittosporaceae,Btr,species,,,0.2,0.02,0.2,0.2,0.2,0.2,0.04,0.05,0.04,0.02,1.6,0.24,0.7,0.4,1,0.1,0.2,0.04,1.6,0.5,0.8,0.3,0.4
Pittosporum phillyraeoides,NoDataLowIso,,Pittosporum,Pittosporaceae,Unknown,species,,,0.2,0.02,0.2,0.2,0.2,0.2,0.04,0.05,0.04,0.02,1.6,0.24,0.7,0.4,1,0.1,0.2,0.04,1.6,0.5,0.8,0.3,0.4
Pittosporum tenuifolium,NoDataLowIso,tawhiwhi,Pittosporum,Pittosporaceae,Btr,species,,,0.2,0.02,0.2,0.2,0.2,0.2,0.04,0.05,0.04,0.02,1.6,0.24,0.7,0.4,1,0.1,0.2,0.04,1.6,0.5,0.8,0.3,0.4
Pittosporum tobira,NoDataLowIso,Japanese cheesewood,Pittosporum,Pittosporaceae,Btr,species,,,0.2,0.02,0.2,0.2,0.2,0.2,0.04,0.05,0.04,0.02,1.6,0.24,0.7,0.4,1,0.1,0.2,0.04,1.6,0.5,0.8,0.3,0.4
Pittosporum undulatum,NoDataLowIso,Australian cheesewood,Pittosporum,Pittosporaceae,Btr,species,,,0.2,0.02,0.2,0.2,0.2,0.2,0.04,0.05,0.04,0.02,1.6,0.24,0.7,0.4,1,0.1,0.2,0.04,1.6,0.5,0.8,0.3,0.4
Pittosporum viridiflorum,NoDataLowIso,Cape cheesewood,Pittosporum,Pittosporaceae,Btr,species,,,0.2,0.02,0.2,0.2,0.2,0.2,0.04,0.05,0.04,0.02,1.6,0.24,0.7,0.4,1,0.1,0.2,0.04,1.6,0.5,0.8,0.3,0.4
Planera aquatica,Planera aquatica,,Planera,Ulmaceae,Btr,genus,,,8,0.02,0.1,0.4,0.05,0.05,0.04,0.05,0.06,0.04,1.6,0.24,0.7,0.4,1,0.1,0.2,0.04,1.6,0.5,0.8,0.3,0.4
Platanaceae,Platanus,,Platanaceae,Platanaceae,Unknown,family,,,24,0.02,0.01,0.02,0.01,0.01,0.02,0.05,0.1,0.05,1.6,0.24,0.7,0.4,1,0.1,0.2,0.04,1.6,0.5,0.8,0.3,0.4
Platanus,Platanus,sycamore,Platanus,Platanaceae,Btr,genus,,,24,0.02,0.01,0.02,0.01,0.01,0.02,0.05,0.1,0.05,1.6,0.24,0.7,0.4,1,0.1,0.2,0.04,1.6,0.5,0.8,0.3,0.4
Platanus acerifolia,Platanus,,Platanus,Platanaceae,Btr,species,,,24,0.02,0.01,0.02,0.01,0.01,0.02,0.05,0.1,0.05,1.6,0.24,0.7,0.4,1,0.1,0.2,0.04,1.6,0.5,0.8,0.3,0.4
Platanus hybrida,Platanus,London planetree,Platanus,Platanaceae,Btr,species,,,24,0.02,0.01,0.02,0.01,0.01,0.02,0.05,0.1,0.05,1.6,0.24,0.7,0.4,1,0.1,0.2,0.04,1.6,0.5,0.8,0.3,0.4
Platanus mexicana,Platanus,Mexican sycamore,Platanus,Platanaceae,Btr,species,,,24,0.02,0.01,0.02,0.01,0.01,0.02,0.05,0.1,0.05,1.6,0.24,0.7,0.4,1,0.1,0.2,0.04,1.6,0.5,0.8,0.3,0.4
Platanus occidentalis,Platanus,American sycamore,Platanus,Platanaceae,Btr,species,,,24,0.02,0.01,0.02,0.01,0.01,0.02,0.05,0.1,0.05,1.6,0.24,0.7,0.4,1,0.1,0.2,0.04,1.6,0.5,0.8,0.3,0.4
Platanus orientalis,Platanus,Oriental planetree,Platanus,Platanaceae,Unknown,species,,,24,0.02,0.01,0.02,0.01,0.01,0.02,0.05,0.1,0.05,1.6,0.24,0.7,0.4,1,0.1,0.2,0.04,1.6,0.5,0.8,0.3,0.4
Platanus racemosa,Platanus,California sycamore,Platanus,Platanaceae,Btr,species,,,24,0.02,0.01,0.02,0.01,0.01,0.02,0.05,0.1,0.05,1.6,0.24,0.7,0.4,1,0.1,0.2,0.04,1.6,0.5,0.8,0.3,0.4
Platanus x hispanica,Platanus x hispanica,London planetree,Platanus,Platanaceae,Btr,species,,,12,0.02,0.01,0.02,0.01,0.01,0.02,0.05,0.1,0.05,1.6,0.24,0.7,0.4,1,0.1,0.2,0.04,1.6,0.5,0.8,0.3,0.4
Platycerium,NoData,,Platycerium,Polypodiaceae,Herb,genus,,,4,0.02,0.2,0.2,0.1,0.1,0.04,0.05,0.06,0.04,1.6,0.24,0.7,0.4,1,0.1,0.2,0.04,1.6,0.5,0.8,0.3,0.4
Platycerium bifurcatum,NoData,elkhorn fern,Platycerium,Polypodiaceae,Herb,species,,,4,0.02,0.2,0.2,0.1,0.1,0.04,0.05,0.06,0.04,1.6,0.24,0.7,0.4,1,0.1,0.2,0.04,1.6,0.5,0.8,0.3,0.4
Platycladus,NoData,,Platycladus,Cupressaceae,Ntr,genus,,,4,0.02,0.2,0.2,0.1,0.1,0.04,0.05,0.06,0.04,1.6,0.24,0.7,0.4,1,0.1,0.2,0.04,1.6,0.5,0.8,0.3,0.4
Platycladus orientalis,NoData,Oriental arborvitae,Platycladus,Cupressaceae,Ntr,species,,,4,0.02,0.2,0.2,0.1,0.1,0.04,0.05,0.06,0.04,1.6,0.24,0.7,0.4,1,0.1,0.2,0.04,1.6,0.5,0.8,0.3,0.4
Pleioblastus,NoData,,Pleioblastus,Poaceae,Unknown,genus,,,4,0.02,0.2,0.2,0.1,0.1,0.04,0.05,0.06,0.04,1.6,0.24,0.7,0.4,1,0.1,0.2,0.04,1.6,0.5,0.8,0.3,0.4
Pleioblastus distichus,NoData,,Pleioblastus,Poaceae,Unknown,species,,,4,0.02,0.2,0.2,0.1,0.1,0.04,0.05,0.06,0.04,1.6,0.24,0.7,0.4,1,0.1,0.2,0.04,1.6,0.5,0.8,0.3,0.4
Pleioblastus hindsii,NoData,,Pleioblastus,Poaceae,Shrub,species,,,4,0.02,0.2,0.2,0.1,0.1,0.04,0.05,0.06,0.04,1.6,0.24,0.7,0.4,1,0.1,0.2,0.04,1.6,0.5,0.8,0.3,0.4
Pleioblastus viridi-striata,NoData,,Pleioblastus,Poaceae,Unknown,species,,,4,0.02,0.2,0.2,0.1,0.1,0.04,0.05,0.06,0.04,1.6,0.24,0.7,0.4,1,0.1,0.2,0.04,1.6,0.5,0.8,0.3,0.4
Plerandra,NoData,,Plerandra,Araliaceae,Btr,genus,,,4,0.02,0.2,0.2,0.1,0.1,0.04,0.05,0.06,0.04,1.6,0.24,0.7,0.4,1,0.1,0.2,0.04,1.6,0.5,0.8,0.3,0.4
Plerandra elegantissima,NoData,,Plerandra,Araliaceae,Btr,species,,,4,0.02,0.2,0.2,0.1,0.1,0.04,0.05,0.06,0.04,1.6,0.24,0.7,0.4,1,0.1,0.2,0.04,1.6,0.5,0.8,0.3,0.4
Pleroma,NoData,,Pleroma,Melastomataceae,Shrub,genus,,,4,0.02,0.2,0.2,0.1,0.1,0.04,0.05,0.06,0.04,1.6,0.24,0.7,0.4,1,0.1,0.2,0.04,1.6,0.5,0.8,0.3,0.4
Pleurozium,NoData,,Pleurozium,TBD,Unknown,genus,,,4,0.02,0.2,0.2,0.1,0.1,0.04,0.05,0.06,0.04,1.6,0.24,0.7,0.4,1,0.1,0.2,0.04,1.6,0.5,0.8,0.3,0.4
Pleurozium schreberi,NoData,,Pleurozium,TBD,Unknown,species,,,4,0.02,0.2,0.2,0.1,0.1,0.04,0.05,0.06,0.04,1.6,0.24,0.7,0.4,1,0.1,0.2,0.04,1.6,0.5,0.8,0.3,0.4
Plinia,NoData,,Plinia,Myrtaceae,Btr,genus,,,4,0.02,0.2,0.2,0.1,0.1,0.04,0.05,0.06,0.04,1.6,0.24,0.7,0.4,1,0.1,0.2,0.04,1.6,0.5,0.8,0.3,0.4
Plinia cauliflora,NoData,,Plinia,Myrtaceae,Btr,species,,,4,0.02,0.2,0.2,0.1,0.1,0.04,0.05,0.06,0.04,1.6,0.24,0.7,0.4,1,0.1,0.2,0.04,1.6,0.5,0.8,0.3,0.4
Plumeria,NoData,,Plumeria,Apocynaceae,Btr,genus,,,4,0.02,0.2,0.2,0.1,0.1,0.04,0.05,0.06,0.04,1.6,0.24,0.7,0.4,1,0.1,0.2,0.04,1.6,0.5,0.8,0.3,0.4
Plumeria alba,NoData,nosegaytree,Plumeria,Apocynaceae,Btr,species,,,4,0.02,0.2,0.2,0.1,0.1,0.04,0.05,0.06,0.04,1.6,0.24,0.7,0.4,1,0.1,0.2,0.04,1.6,0.5,0.8,0.3,0.4
Plumeria rubra,NoData,templetree,Plumeria,Apocynaceae,Btr,species,,,4,0.02,0.2,0.2,0.1,0.1,0.04,0.05,0.06,0.04,1.6,0.24,0.7,0.4,1,0.1,0.2,0.04,1.6,0.5,0.8,0.3,0.4
Poaceae,NoData,,Poaceae,Unknown,Unknown,family,,,4,0.02,0.2,0.2,0.1,0.1,0.04,0.05,0.06,0.04,1.6,0.24,0.7,0.4,1,0.1,0.2,0.04,1.6,0.5,0.8,0.3,0.4
Podocarpaceae,NoData,,Podocarpaceae,Podocarpaceae,Unknown,family,,,4,0.02,0.2,0.2,0.1,0.1,0.04,0.05,0.06,0.04,1.6,0.24,0.7,0.4,1,0.1,0.2,0.04,1.6,0.5,0.8,0.3,0.4
Podocarpus,NoData,plum pine,Podocarpus,Podocarpaceae,Ntr,genus,,,4,0.02,0.2,0.2,0.1,0.1,0.04,0.05,0.06,0.04,1.6,0.24,0.7,0.4,1,0.1,0.2,0.04,1.6,0.5,0.8,0.3,0.4
Podocarpus gracilior,NoData,,Podocarpus,Podocarpaceae,Unknown,species,,,4,0.02,0.2,0.2,0.1,0.1,0.04,0.05,0.06,0.04,1.6,0.24,0.7,0.4,1,0.1,0.2,0.04,1.6,0.5,0.8,0.3,0.4
Podocarpus henkelii,NoData,,Podocarpus,Podocarpaceae,Ntr,species,,,4,0.02,0.2,0.2,0.1,0.1,0.04,0.05,0.06,0.04,1.6,0.24,0.7,0.4,1,0.1,0.2,0.04,1.6,0.5,0.8,0.3,0.4
Podocarpus macrophylla,NoData,,Podocarpus,Podocarpaceae,Unknown,species,,,4,0.02,0.2,0.2,0.1,0.1,0.04,0.05,0.06,0.04,1.6,0.24,0.7,0.4,1,0.1,0.2,0.04,1.6,0.5,0.8,0.3,0.4
Podocarpus macrophyllus,NoData,yew plum pine,Podocarpus,Podocarpaceae,Ntr,species,,,4,0.02,0.2,0.2,0.1,0.1,0.04,0.05,0.06,0.04,1.6,0.24,0.7,0.4,1,0.1,0.2,0.04,1.6,0.5,0.8,0.3,0.4
Podocarpus nagi,NoData,,Podocarpus,Podocarpaceae,Unknown,species,,,4,0.02,0.2,0.2,0.1,0.1,0.04,0.05,0.06,0.04,1.6,0.24,0.7,0.4,1,0.1,0.2,0.04,1.6,0.5,0.8,0.3,0.4
Podocarpus totara,NoData,totara,Podocarpus,Podocarpaceae,Ntr,species,,,4,0.02,0.2,0.2,0.1,0.1,0.04,0.05,0.06,0.04,1.6,0.24,0.7,0.4,1,0.1,0.2,0.04,1.6,0.5,0.8,0.3,0.4
Poecilanthe,NoData,,Poecilanthe,TBD,Unknown,genus,,,4,0.02,0.2,0.2,0.1,0.1,0.04,0.05,0.06,0.04,1.6,0.24,0.7,0.4,1,0.1,0.2,0.04,1.6,0.5,0.8,0.3,0.4
Poikilospermum,NoData,,Poikilospermum,TBD,Unknown,genus,,,4,0.02,0.2,0.2,0.1,0.1,0.04,0.05,0.06,0.04,1.6,0.24,0.7,0.4,1,0.1,0.2,0.04,1.6,0.5,0.8,0.3,0.4
Poikilospermum lanceolata,NoData,,Poikilospermum,TBD,Unknown,species,,,4,0.02,0.2,0.2,0.1,0.1,0.04,0.05,0.06,0.04,1.6,0.24,0.7,0.4,1,0.1,0.2,0.04,1.6,0.5,0.8,0.3,0.4
Polyalthia,NoData,,Polyalthia,TBD,Unknown,genus,,,4,0.02,0.2,0.2,0.1,0.1,0.04,0.05,0.06,0.04,1.6,0.24,0.7,0.4,1,0.1,0.2,0.04,1.6,0.5,0.8,0.3,0.4
Polyalthia cheliensis,NoData,,Polyalthia,TBD,Unknown,species,,,4,0.02,0.2,0.2,0.1,0.1,0.04,0.05,0.06,0.04,1.6,0.24,0.7,0.4,1,0.1,0.2,0.04,1.6,0.5,0.8,0.3,0.4
Polyalthia suaveolens,NoData,,Polyalthia,TBD,Unknown,species,,,4,0.02,0.2,0.2,0.1,0.1,0.04,0.05,0.06,0.04,1.6,0.24,0.7,0.4,1,0.1,0.2,0.04,1.6,0.5,0.8,0.3,0.4
Polygala,Myrica,polygala,Polygala,Polygalaceae,Btr,genus,,,8,0.02,0.2,0.2,0.1,0.1,0.04,0.05,0.06,0.04,1.6,0.24,0.7,0.4,1,0.1,0.2,0.04,1.6,0.5,0.8,0.3,0.4
Polygalaceae,NoData,,Polygalaceae,Polygalaceae,Unknown,family,,,4,0.02,0.2,0.2,0.1,0.1,0.04,0.05,0.06,0.04,1.6,0.24,0.7,0.4,1,0.1,0.2,0.04,1.6,0.5,0.8,0.3,0.4
Polygonaceae,NoData,,Polygonaceae,Unknown,Unknown,family,,,4,0.02,0.2,0.2,0.1,0.1,0.04,0.05,0.06,0.04,1.6,0.24,0.7,0.4,1,0.1,0.2,0.04,1.6,0.5,0.8,0.3,0.4
Polygonum,NoData,,Polygonum,Polygonaceae,Unknown,genus,,,4,0.02,0.2,0.2,0.1,0.1,0.04,0.05,0.06,0.04,1.6,0.24,0.7,0.4,1,0.1,0.2,0.04,1.6,0.5,0.8,0.3,0.4
Polygonum schalinense,NoData,,Polygonum,Polygonaceae,Unknown,species,,,4,0.02,0.2,0.2,0.1,0.1,0.04,0.05,0.06,0.04,1.6,0.24,0.7,0.4,1,0.1,0.2,0.04,1.6,0.5,0.8,0.3,0.4
Polypodium,NoData,,Polypodium,Polypodiaceae,Unknown,genus,,,4,0.02,0.2,0.2,0.1,0.1,0.04,0.05,0.06,0.04,1.6,0.24,0.7,0.4,1,0.1,0.2,0.04,1.6,0.5,0.8,0.3,0.4
Polypodium aureum,NoData,,Polypodium,Polypodiaceae,Unknown,species,,,4,0.02,0.2,0.2,0.1,0.1,0.04,0.05,0.06,0.04,1.6,0.24,0.7,0.4,1,0.1,0.2,0.04,1.6,0.5,0.8,0.3,0.4
Polypodium lucidum,NoData,,Polypodium,Polypodiaceae,Unknown,species,,,4,0.02,0.2,0.2,0.1,0.1,0.04,0.05,0.06,0.04,1.6,0.24,0.7,0.4,1,0.1,0.2,0.04,1.6,0.5,0.8,0.3,0.4
Polypodium polycarpon,NoData,,Polypodium,Polypodiaceae,Unknown,species,,,4,0.02,0.2,0.2,0.1,0.1,0.04,0.05,0.06,0.04,1.6,0.24,0.7,0.4,1,0.1,0.2,0.04,1.6,0.5,0.8,0.3,0.4
Polypodium punctatum,NoData,,Polypodium,Polypodiaceae,Unknown,species,,,4,0.02,0.2,0.2,0.1,0.1,0.04,0.05,0.06,0.04,1.6,0.24,0.7,0.4,1,0.1,0.2,0.04,1.6,0.5,0.8,0.3,0.4
Polytrichum,NoData,,Polytrichum,TBD,Unknown,genus,,,4,0.02,0.2,0.2,0.1,0.1,0.04,0.05,0.06,0.04,1.6,0.24,0.7,0.4,1,0.1,0.2,0.04,1.6,0.5,0.8,0.3,0.4
Polytrichum commune,NoData,,Polytrichum,TBD,Unknown,species,,,4,0.02,0.2,0.2,0.1,0.1,0.04,0.05,0.06,0.04,1.6,0.24,0.7,0.4,1,0.1,0.2,0.04,1.6,0.5,0.8,0.3,0.4
Polytrichum juniperinum,NoData,,Polytrichum,TBD,Unknown,species,,,4,0.02,0.2,0.2,0.1,0.1,0.04,0.05,0.06,0.04,1.6,0.24,0.7,0.4,1,0.1,0.2,0.04,1.6,0.5,0.8,0.3,0.4
Polytrichum piliferum,NoData,,Polytrichum,TBD,Unknown,species,,,4,0.02,0.2,0.2,0.1,0.1,0.04,0.05,0.06,0.04,1.6,0.24,0.7,0.4,1,0.1,0.2,0.04,1.6,0.5,0.8,0.3,0.4
Pometia,NoData,,Pometia,TBD,Unknown,genus,,,4,0.02,0.2,0.2,0.1,0.1,0.04,0.05,0.06,0.04,1.6,0.24,0.7,0.4,1,0.1,0.2,0.04,1.6,0.5,0.8,0.3,0.4
Pometia tomentosa,NoData,,Pometia,TBD,Unknown,species,,,4,0.02,0.2,0.2,0.1,0.1,0.04,0.05,0.06,0.04,1.6,0.24,0.7,0.4,1,0.1,0.2,0.04,1.6,0.5,0.8,0.3,0.4
Poncirus,Poncirus trifoliata,,Poncirus,Rutaceae,Unknown,genus,,,1.8,0.02,0.4,0.4,0.2,0.2,0.04,0.05,0.06,0.04,1.6,0.24,0.7,0.4,1,0.1,0.2,0.04,1.6,0.5,0.8,0.3,0.4
Poncirus trifoliata,Poncirus trifoliata,trifoliate orange,Poncirus,Rutaceae,Unknown,species,,,1.8,0.02,0.4,0.4,0.2,0.2,0.04,0.05,0.06,0.04,1.6,0.24,0.7,0.4,1,0.1,0.2,0.04,1.6,0.5,0.8,0.3,0.4
Populus,Populus,,Populus,Salicaceae,Btr,genus,,,24,0.02,0.2,0.2,0.05,0.02,0.01,0.05,0.04,0.02,1.6,0.24,0.7,0.4,1,0.1,0.2,0.04,1.6,0.5,0.8,0.3,0.4
Populus alba,Populus,white poplar,Populus,Salicaceae,Btr,species,,,24,0.02,0.2,0.2,0.05,0.02,0.01,0.05,0.04,0.02,1.6,0.24,0.7,0.4,1,0.1,0.2,0.04,1.6,0.5,0.8,0.3,0.4
Populus angustifolia,Populus,narrowleaf cottonwood,Populus,Salicaceae,Btr,species,,,24,0.02,0.2,0.2,0.05,0.02,0.01,0.05,0.04,0.02,1.6,0.24,0.7,0.4,1,0.1,0.2,0.04,1.6,0.5,0.8,0.3,0.4
Populus balsamifera,Populus,balsam poplar,Populus,Salicaceae,Btr,species,,,24,0.02,0.2,0.2,0.05,0.02,0.01,0.05,0.04,0.02,1.6,0.24,0.7,0.4,1,0.1,0.2,0.04,1.6,0.5,0.8,0.3,0.4
Populus balsamifera ssp. trichocarpa,Populus,black cottonwood,Populus,Salicaceae,Btr,species,,,24,0.02,0.2,0.2,0.05,0.02,0.01,0.05,0.04,0.02,1.6,0.24,0.7,0.4,1,0.1,0.2,0.04,1.6,0.5,0.8,0.3,0.4
Populus bonatii,Populus,,Populus,Salicaceae,Unknown,species,,,24,0.02,0.2,0.2,0.05,0.02,0.01,0.05,0.04,0.02,1.6,0.24,0.7,0.4,1,0.1,0.2,0.04,1.6,0.5,0.8,0.3,0.4
Populus davidiana,Populus,,Populus,Salicaceae,Unknown,species,,,24,0.02,0.2,0.2,0.05,0.02,0.01,0.05,0.04,0.02,1.6,0.24,0.7,0.4,1,0.1,0.2,0.04,1.6,0.5,0.8,0.3,0.4
Populus deltoides,Populus,eastern cottonwood,Populus,Salicaceae,Btr,species,,,24,0.02,0.2,0.2,0.05,0.02,0.01,0.05,0.04,0.02,1.6,0.24,0.7,0.4,1,0.1,0.2,0.04,1.6,0.5,0.8,0.3,0.4
Populus deltoides - nigra,Populus,,Populus,Salicaceae,Btr,species,,,24,0.02,0.2,0.2,0.05,0.02,0.01,0.05,0.04,0.02,1.6,0.24,0.7,0.4,1,0.1,0.2,0.04,1.6,0.5,0.8,0.3,0.4
Populus deltoides ssp. wislizeni,Populus,Rio Grande cottonwood,Populus,Salicaceae,Btr,species,,,24,0.02,0.2,0.2,0.05,0.02,0.01,0.05,0.04,0.02,1.6,0.24,0.7,0.4,1,0.1,0.2,0.04,1.6,0.5,0.8,0.3,0.4
Populus euramerica,Populus,,Populus,Salicaceae,Unknown,species,,,24,0.02,0.2,0.2,0.05,0.02,0.01,0.05,0.04,0.02,1.6,0.24,0.7,0.4,1,0.1,0.2,0.04,1.6,0.5,0.8,0.3,0.4
Populus fremontii,Populus,Fremont cottonwood,Populus,Salicaceae,Btr,species,,,24,0.02,0.2,0.2,0.05,0.02,0.01,0.05,0.04,0.02,1.6,0.24,0.7,0.4,1,0.1,0.2,0.04,1.6,0.5,0.8,0.3,0.4
Populus grandidentata,Populus,bigtooth aspen,Populus,Salicaceae,Btr,species,,,24,0.02,0.2,0.2,0.05,0.02,0.01,0.05,0.04,0.02,1.6,0.24,0.7,0.4,1,0.1,0.2,0.04,1.6,0.5,0.8,0.3,0.4
Populus heterophylla,Populus,swamp cottonwood,Populus,Salicaceae,Btr,species,,,24,0.02,0.2,0.2,0.05,0.02,0.01,0.05,0.04,0.02,1.6,0.24,0.7,0.4,1,0.1,0.2,0.04,1.6,0.5,0.8,0.3,0.4
Populus koreana,Populus,,Populus,Salicaceae,Unknown,species,,,24,0.02,0.2,0.2,0.05,0.02,0.01,0.05,0.04,0.02,1.6,0.24,0.7,0.4,1,0.1,0.2,0.04,1.6,0.5,0.8,0.3,0.4
Populus maximowiczii,Populus,Japanese poplar,Populus,Salicaceae,Unknown,species,,,24,0.02,0.2,0.2,0.05,0.02,0.01,0.05,0.04,0.02,1.6,0.24,0.7,0.4,1,0.1,0.2,0.04,1.6,0.5,0.8,0.3,0.4
Populus nigra,Populus,Lombardy poplar,Populus,Salicaceae,Btr,species,,,24,0.02,0.2,0.2,0.05,0.02,0.01,0.05,0.04,0.02,1.6,0.24,0.7,0.4,1,0.1,0.2,0.04,1.6,0.5,0.8,0.3,0.4
Populus simonii,Populus,Simon poplar,Populus,Salicaceae,Unknown,species,,,24,0.02,0.2,0.2,0.05,0.02,0.01,0.05,0.04,0.02,1.6,0.24,0.7,0.4,1,0.1,0.2,0.04,1.6,0.5,0.8,0.3,0.4
Populus szechuanica,Populus,,Populus,Salicaceae,Unknown,species,,,24,0.02,0.2,0.2,0.05,0.02,0.01,0.05,0.04,0.02,1.6,0.24,0.7,0.4,1,0.1,0.2,0.04,1.6,0.5,0.8,0.3,0.4
Populus tremula,Populus,European aspen,Populus,Salicaceae,Btr,species,,,24,0.02,0.2,0.2,0.05,0.02,0.01,0.05,0.04,0.02,1.6,0.24,0.7,0.4,1,0.1,0.2,0.04,1.6,0.5,0.8,0.3,0.4
Populus tremuloides,Populus,quaking aspen,Populus,Salicaceae,Btr,species,,,24,0.02,0.2,0.2,0.05,0.02,0.01,0.05,0.04,0.02,1.6,0.24,0.7,0.4,1,0.1,0.2,0.04,1.6,0.5,0.8,0.3,0.4
Populus trichocarpa,Populus,,Populus,Salicaceae,Unknown,species,,,24,0.02,0.2,0.2,0.05,0.02,0.01,0.05,0.04,0.02,1.6,0.24,0.7,0.4,1,0.1,0.2,0.04,1.6,0.5,0.8,0.3,0.4
Populus trichocarpa- deltoides,Populus,,Populus,Salicaceae,Btr,species,,,24,0.02,0.2,0.2,0.05,0.02,0.01,0.05,0.04,0.02,1.6,0.24,0.7,0.4,1,0.1,0.2,0.04,1.6,0.5,0.8,0.3,0.4
Populus trichocarpa- nigra,Populus,,Populus,Salicaceae,Btr,species,,,24,0.02,0.2,0.2,0.05,0.02,0.01,0.05,0.04,0.02,1.6,0.24,0.7,0.4,1,0.1,0.2,0.04,1.6,0.5,0.8,0.3,0.4
Populus ussuriensis,Populus,,Populus,Salicaceae,Unknown,species,,,24,0.02,0.2,0.2,0.05,0.02,0.01,0.05,0.04,0.02,1.6,0.24,0.7,0.4,1,0.1,0.2,0.04,1.6,0.5,0.8,0.3,0.4
Populus x canadensis,Populus,Carolina poplar,Populus,Salicaceae,Btr,species,,,24,0.02,0.2,0.2,0.05,0.02,0.01,0.05,0.04,0.02,1.6,0.24,0.7,0.4,1,0.1,0.2,0.04,1.6,0.5,0.8,0.3,0.4
Populus x canescens,Populus,gray poplar,Populus,Salicaceae,Btr,species,,,24,0.02,0.2,0.2,0.05,0.02,0.01,0.05,0.04,0.02,1.6,0.24,0.7,0.4,1,0.1,0.2,0.04,1.6,0.5,0.8,0.3,0.4
Porterandia,NoData,,Porterandia,TBD,Unknown,genus,,,4,0.02,0.2,0.2,0.1,0.1,0.04,0.05,0.06,0.04,1.6,0.24,0.7,0.4,1,0.1,0.2,0.04,1.6,0.5,0.8,0.3,0.4
Porterandia cladantha,NoData,,Porterandia,TBD,Unknown,species,,,4,0.02,0.2,0.2,0.1,0.1,0.04,0.05,0.06,0.04,1.6,0.24,0.7,0.4,1,0.1,0.2,0.04,1.6,0.5,0.8,0.3,0.4
Potentilla,NoData,,Potentilla,Rosaceae,Unknown,genus,,,4,0.02,0.2,0.2,0.1,0.1,0.04,0.05,0.06,0.04,1.6,0.24,0.7,0.4,1,0.1,0.2,0.04,1.6,0.5,0.8,0.3,0.4
Potentilla fruiticosa,NoData,,Potentilla,Rosaceae,Unknown,species,,,4,0.02,0.2,0.2,0.1,0.1,0.04,0.05,0.06,0.04,1.6,0.24,0.7,0.4,1,0.1,0.2,0.04,1.6,0.5,0.8,0.3,0.4
Poulsenia,NoData,,Poulsenia,TBD,Unknown,genus,,,4,0.02,0.2,0.2,0.1,0.1,0.04,0.05,0.06,0.04,1.6,0.24,0.7,0.4,1,0.1,0.2,0.04,1.6,0.5,0.8,0.3,0.4
Poulsenia armata,NoData,,Poulsenia,TBD,Unknown,species,,,4,0.02,0.2,0.2,0.1,0.1,0.04,0.05,0.06,0.04,1.6,0.24,0.7,0.4,1,0.1,0.2,0.04,1.6,0.5,0.8,0.3,0.4
Pourouma,NoData,,Pourouma,TBD,Unknown,genus,,,4,0.02,0.2,0.2,0.1,0.1,0.04,0.05,0.06,0.04,1.6,0.24,0.7,0.4,1,0.1,0.2,0.04,1.6,0.5,0.8,0.3,0.4
Pourouma aspera,NoData,,Pourouma,TBD,Unknown,species,,,4,0.02,0.2,0.2,0.1,0.1,0.04,0.05,0.06,0.04,1.6,0.24,0.7,0.4,1,0.1,0.2,0.04,1.6,0.5,0.8,0.3,0.4
Pouteria,NoData,pouteria,Pouteria,Sapotaceae,Btr,genus,,,4,0.02,0.2,0.2,0.1,0.1,0.04,0.05,0.06,0.04,1.6,0.24,0.7,0.4,1,0.1,0.2,0.04,1.6,0.5,0.8,0.3,0.4
Pouteria grandiflora,NoData,,Pouteria,Sapotaceae,Unknown,species,,,4,0.02,0.2,0.2,0.1,0.1,0.04,0.05,0.06,0.04,1.6,0.24,0.7,0.4,1,0.1,0.2,0.04,1.6,0.5,0.8,0.3,0.4
Premna,NoData,,Premna,Verbenaceae,Unknown,genus,,,4,0.02,0.2,0.2,0.1,0.1,0.04,0.05,0.06,0.04,1.6,0.24,0.7,0.4,1,0.1,0.2,0.04,1.6,0.5,0.8,0.3,0.4
Premna flavescens,NoData,,Premna,Verbenaceae,Unknown,species,,,4,0.02,0.2,0.2,0.1,0.1,0.04,0.05,0.06,0.04,1.6,0.24,0.7,0.4,1,0.1,0.2,0.04,1.6,0.5,0.8,0.3,0.4
Premna fulva,NoData,,Premna,Verbenaceae,Unknown,species,,,4,0.02,0.2,0.2,0.1,0.1,0.04,0.05,0.06,0.04,1.6,0.24,0.7,0.4,1,0.1,0.2,0.04,1.6,0.5,0.8,0.3,0.4
Prestoea,NoData,,Prestoea,Arecaceae,Unknown,genus,,,4,0.02,0.2,0.2,0.1,0.1,0.04,0.05,0.06,0.04,1.6,0.24,0.7,0.4,1,0.1,0.2,0.04,1.6,0.5,0.8,0.3,0.4
Prestoea decurrens,NoData,,Prestoea,Arecaceae,Unknown,species,,,4,0.02,0.2,0.2,0.1,0.1,0.04,0.05,0.06,0.04,1.6,0.24,0.7,0.4,1,0.1,0.2,0.04,1.6,0.5,0.8,0.3,0.4
Prosopis,Prosopis,mesquite,Prosopis,Fabaceae,Btr,genus,,,0.2,0.02,0.1,0.1,0.2,0.2,0.04,0.05,0.06,0.04,1.6,0.24,0.7,0.4,1,0.1,0.2,0.04,1.6,0.5,0.8,0.3,0.4
Prosopis africana,Prosopis,African mesquite,Prosopis,Fabaceae,Unknown,species,,,0.2,0.02,0.1,0.1,0.2,0.2,0.04,0.05,0.06,0.04,1.6,0.24,0.7,0.4,1,0.1,0.2,0.04,1.6,0.5,0.8,0.3,0.4
Prosopis alba,Prosopis,algarrobo blanco,Prosopis,Fabaceae,Unknown,species,,,0.2,0.02,0.1,0.1,0.2,0.2,0.04,0.05,0.06,0.04,1.6,0.24,0.7,0.4,1,0.1,0.2,0.04,1.6,0.5,0.8,0.3,0.4
Prosopis chilensis,Prosopis,algarrobo,Prosopis,Fabaceae,Unknown,species,,,0.2,0.02,0.1,0.1,0.2,0.2,0.04,0.05,0.06,0.04,1.6,0.24,0.7,0.4,1,0.1,0.2,0.04,1.6,0.5,0.8,0.3,0.4
Prosopis glandulosa,Prosopis,honey mesquite,Prosopis,Fabaceae,Btr,species,,,0.2,0.02,0.1,0.1,0.2,0.2,0.04,0.05,0.06,0.04,1.6,0.24,0.7,0.4,1,0.1,0.2,0.04,1.6,0.5,0.8,0.3,0.4
Prosopis juliflora,Prosopis,mesquite,Prosopis,Fabaceae,Btr,species,,,0.2,0.02,0.1,0.1,0.2,0.2,0.04,0.05,0.06,0.04,1.6,0.24,0.7,0.4,1,0.1,0.2,0.04,1.6,0.5,0.8,0.3,0.4
Prosopis pubescens,Prosopis pubescens,screwbean mesquite,Prosopis,Fabaceae,Btr,species,,,0.2,0.02,0.2,0.1,0.02,0.05,0.04,0.05,0.06,0.04,1.6,0.24,0.7,0.4,1,0.1,0.2,0.04,1.6,0.5,0.8,0.3,0.4
Prostanthera,NoData,,Prostanthera,TBD,Unknown,genus,,,4,0.02,0.2,0.2,0.1,0.1,0.04,0.05,0.06,0.04,1.6,0.24,0.7,0.4,1,0.1,0.2,0.04,1.6,0.5,0.8,0.3,0.4
Prostanthera denticulata,NoData,,Prostanthera,TBD,Unknown,species,,,4,0.02,0.2,0.2,0.1,0.1,0.04,0.05,0.06,0.04,1.6,0.24,0.7,0.4,1,0.1,0.2,0.04,1.6,0.5,0.8,0.3,0.4
Prostanthera rotundifolia,NoData,,Prostanthera,TBD,Unknown,species,,,4,0.02,0.2,0.2,0.1,0.1,0.04,0.05,0.06,0.04,1.6,0.24,0.7,0.4,1,0.1,0.2,0.04,1.6,0.5,0.8,0.3,0.4
Protea,NoData,,Protea,Proteaceae,Unknown,genus,,,4,0.02,0.2,0.2,0.1,0.1,0.04,0.05,0.06,0.04,1.6,0.24,0.7,0.4,1,0.1,0.2,0.04,1.6,0.5,0.8,0.3,0.4
Protea obtusifolia,NoData,,Protea,Proteaceae,Unknown,species,,,4,0.02,0.2,0.2,0.1,0.1,0.04,0.05,0.06,0.04,1.6,0.24,0.7,0.4,1,0.1,0.2,0.04,1.6,0.5,0.8,0.3,0.4
Protium,NoData,,Protium,Burseraceae,Btr,genus,,,4,0.02,0.2,0.2,0.1,0.1,0.04,0.05,0.06,0.04,1.6,0.24,0.7,0.4,1,0.1,0.2,0.04,1.6,0.5,0.8,0.3,0.4
Protium panamense,NoData,,Protium,Burseraceae,Unknown,species,,,4,0.02,0.2,0.2,0.1,0.1,0.04,0.05,0.06,0.04,1.6,0.24,0.7,0.4,1,0.1,0.2,0.04,1.6,0.5,0.8,0.3,0.4
Protium pittierii,NoData,,Protium,Burseraceae,Unknown,species,,,4,0.02,0.2,0.2,0.1,0.1,0.04,0.05,0.06,0.04,1.6,0.24,0.7,0.4,1,0.1,0.2,0.04,1.6,0.5,0.8,0.3,0.4
Prunus,Prunus,plum,Prunus,Rosaceae,Btr,genus,,,0.05,0.02,0.4,0.4,0.05,0.2,0.04,0.05,0.04,0.04,1.6,0.24,0.7,0.4,1,0.1,0.2,0.04,1.6,0.5,0.8,0.3,0.4
Prunus africana,Prunus,,Prunus,Rosaceae,Unknown,species,,,0.05,0.02,0.4,0.4,0.05,0.2,0.04,0.05,0.04,0.04,1.6,0.24,0.7,0.4,1,0.1,0.2,0.04,1.6,0.5,0.8,0.3,0.4
Prunus americana,Prunus,American plum,Prunus,Rosaceae,Btr,species,,,0.05,0.02,0.4,0.4,0.05,0.2,0.04,0.05,0.04,0.04,1.6,0.24,0.7,0.4,1,0.1,0.2,0.04,1.6,0.5,0.8,0.3,0.4
Prunus amygdalus,Prunus,Almond,Prunus,Rosaceae,Btr,species,,,0.05,0.02,0.4,0.4,0.05,0.2,0.04,0.05,0.04,0.04,1.6,0.24,0.7,0.4,1,0.1,0.2,0.04,1.6,0.5,0.8,0.3,0.4
Prunus andersonii,Prunus,desert peach,Prunus,Rosaceae,Shrub,species,,,0.05,0.02,0.4,0.4,0.05,0.2,0.04,0.05,0.04,0.04,1.6,0.24,0.7,0.4,1,0.1,0.2,0.04,1.6,0.5,0.8,0.3,0.4
Prunus angustifolia,Prunus,Chickasaw plum,Prunus,Rosaceae,Btr,species,,,0.05,0.02,0.4,0.4,0.05,0.2,0.04,0.05,0.04,0.04,1.6,0.24,0.7,0.4,1,0.1,0.2,0.04,1.6,0.5,0.8,0.3,0.4
Prunus armeniaca,Prunus,apricot,Prunus,Rosaceae,Btr,species,,,0.05,0.02,0.4,0.4,0.05,0.2,0.04,0.05,0.04,0.04,1.6,0.24,0.7,0.4,1,0.1,0.2,0.04,1.6,0.5,0.8,0.3,0.4
Prunus avium,Prunus,sweet cherry,Prunus,Rosaceae,Btr,species,,,0.05,0.02,0.4,0.4,0.05,0.2,0.04,0.05,0.04,0.04,1.6,0.24,0.7,0.4,1,0.1,0.2,0.04,1.6,0.5,0.8,0.3,0.4
Prunus blireiana,Prunus,,Prunus,Rosaceae,Btr,species,,,0.05,0.02,0.4,0.4,0.05,0.2,0.04,0.05,0.04,0.04,1.6,0.24,0.7,0.4,1,0.1,0.2,0.04,1.6,0.5,0.8,0.3,0.4
Prunus campanulata,Prunus,,Prunus,Rosaceae,Btr,species,,,0.05,0.02,0.4,0.4,0.05,0.2,0.04,0.05,0.04,0.04,1.6,0.24,0.7,0.4,1,0.1,0.2,0.04,1.6,0.5,0.8,0.3,0.4
Prunus caroliniana,Prunus,Carolina laurelcherry,Prunus,Rosaceae,Btr,species,,,0.05,0.02,0.4,0.4,0.05,0.2,0.04,0.05,0.04,0.04,1.6,0.24,0.7,0.4,1,0.1,0.2,0.04,1.6,0.5,0.8,0.3,0.4
Prunus cerasifera,Prunus,cherry plum,Prunus,Rosaceae,Btr,species,,,0.05,0.02,0.4,0.4,0.05,0.2,0.04,0.05,0.04,0.04,1.6,0.24,0.7,0.4,1,0.1,0.2,0.04,1.6,0.5,0.8,0.3,0.4
Prunus cerasoides,Prunus,,Prunus,Rosaceae,Unknown,species,,,0.05,0.02,0.4,0.4,0.05,0.2,0.04,0.05,0.04,0.04,1.6,0.24,0.7,0.4,1,0.1,0.2,0.04,1.6,0.5,0.8,0.3,0.4
Prunus cerasus,Prunus,sour cherry,Prunus,Rosaceae,Btr,species,,,0.05,0.02,0.4,0.4,0.05,0.2,0.04,0.05,0.04,0.04,1.6,0.24,0.7,0.4,1,0.1,0.2,0.04,1.6,0.5,0.8,0.3,0.4
Prunus coronaria,Prunus,,Prunus,Rosaceae,Unknown,species,,,0.05,0.02,0.4,0.4,0.05,0.2,0.04,0.05,0.04,0.04,1.6,0.24,0.7,0.4,1,0.1,0.2,0.04,1.6,0.5,0.8,0.3,0.4
Prunus domestica,Prunus,European plum,Prunus,Rosaceae,Btr,species,,,0.05,0.02,0.4,0.4,0.05,0.2,0.04,0.05,0.04,0.04,1.6,0.24,0.7,0.4,1,0.1,0.2,0.04,1.6,0.5,0.8,0.3,0.4
Prunus dulcis,Prunus,sweet almond,Prunus,Rosaceae,Btr,species,,,0.05,0.02,0.4,0.4,0.05,0.2,0.04,0.05,0.04,0.04,1.6,0.24,0.7,0.4,1,0.1,0.2,0.04,1.6,0.5,0.8,0.3,0.4
Prunus emarginata,Prunus,bitter cherry,Prunus,Rosaceae,Btr,species,,,0.05,0.02,0.4,0.4,0.05,0.2,0.04,0.05,0.04,0.04,1.6,0.24,0.7,0.4,1,0.1,0.2,0.04,1.6,0.5,0.8,0.3,0.4
Prunus fasciculata,Prunus,desert almond,Prunus,Rosaceae,Shrub,species,,,0.05,0.02,0.4,0.4,0.05,0.2,0.04,0.05,0.04,0.04,1.6,0.24,0.7,0.4,1,0.1,0.2,0.04,1.6,0.5,0.8,0.3,0.4
Prunus ilicifolia,Prunus,hollyleaf cherry,Prunus,Rosaceae,Btr,species,,,0.05,0.02,0.4,0.4,0.05,0.2,0.04,0.05,0.04,0.04,1.6,0.24,0.7,0.4,1,0.1,0.2,0.04,1.6,0.5,0.8,0.3,0.4
Prunus ilicifolia ssp. lyonii,Prunus,catalina cherry,Prunus,Rosaceae,Btr,species,,,0.05,0.02,0.4,0.4,0.05,0.2,0.04,0.05,0.04,0.04,1.6,0.24,0.7,0.4,1,0.1,0.2,0.04,1.6,0.5,0.8,0.3,0.4
Prunus kawakamii,Prunus,,Prunus,Rosaceae,Unknown,species,,,0.05,0.02,0.4,0.4,0.05,0.2,0.04,0.05,0.04,0.04,1.6,0.24,0.7,0.4,1,0.1,0.2,0.04,1.6,0.5,0.8,0.3,0.4
Prunus laurocerasus,Prunus,cherry laurel,Prunus,Rosaceae,Btr,species,,,0.05,0.02,0.4,0.4,0.05,0.2,0.04,0.05,0.04,0.04,1.6,0.24,0.7,0.4,1,0.1,0.2,0.04,1.6,0.5,0.8,0.3,0.4
Prunus lusitanica,Prunus,Portugal laurel,Prunus,Rosaceae,Btr,species,,,0.05,0.02,0.4,0.4,0.05,0.2,0.04,0.05,0.04,0.04,1.6,0.24,0.7,0.4,1,0.1,0.2,0.04,1.6,0.5,0.8,0.3,0.4
Prunus lyonii,Prunus,,Prunus,Rosaceae,Btr,species,,,0.05,0.02,0.4,0.4,0.05,0.2,0.04,0.05,0.04,0.04,1.6,0.24,0.7,0.4,1,0.1,0.2,0.04,1.6,0.5,0.8,0.3,0.4
Prunus maritima,Prunus,beach plum,Prunus,Rosaceae,Shrub,species,,,0.05,0.02,0.4,0.4,0.05,0.2,0.04,0.05,0.04,0.04,1.6,0.24,0.7,0.4,1,0.1,0.2,0.04,1.6,0.5,0.8,0.3,0.4
Prunus maximiwiczii,Prunus,,Prunus,Rosaceae,Unknown,species,,,0.05,0.02,0.4,0.4,0.05,0.2,0.04,0.05,0.04,0.04,1.6,0.24,0.7,0.4,1,0.1,0.2,0.04,1.6,0.5,0.8,0.3,0.4
Prunus mume,Prunus,Japanese apricot,Prunus,Rosaceae,Unknown,species,,,0.05,0.02,0.4,0.4,0.05,0.2,0.04,0.05,0.04,0.04,1.6,0.24,0.7,0.4,1,0.1,0.2,0.04,1.6,0.5,0.8,0.3,0.4
Prunus nigra,Prunus,Canadian plum,Prunus,Rosaceae,Btr,species,,,0.05,0.02,0.4,0.4,0.05,0.2,0.04,0.05,0.04,0.04,1.6,0.24,0.7,0.4,1,0.1,0.2,0.04,1.6,0.5,0.8,0.3,0.4
Prunus pensylvanica,Prunus,pin cherry,Prunus,Rosaceae,Btr,species,,,0.05,0.02,0.4,0.4,0.05,0.2,0.04,0.05,0.04,0.04,1.6,0.24,0.7,0.4,1,0.1,0.2,0.04,1.6,0.5,0.8,0.3,0.4
Prunus persica,Prunus,peach,Prunus,Rosaceae,Btr,species,,,0.05,0.02,0.4,0.4,0.05,0.2,0.04,0.05,0.04,0.04,1.6,0.24,0.7,0.4,1,0.1,0.2,0.04,1.6,0.5,0.8,0.3,0.4
Prunus salicina,Prunus,Japanese plum,Prunus,Rosaceae,Unknown,species,,,0.05,0.02,0.4,0.4,0.05,0.2,0.04,0.05,0.04,0.04,1.6,0.24,0.7,0.4,1,0.1,0.2,0.04,1.6,0.5,0.8,0.3,0.4
Prunus serotina,Prunus,black cherry,Prunus,Rosaceae,Btr,species,,,0.05,0.02,0.4,0.4,0.05,0.2,0.04,0.05,0.04,0.04,1.6,0.24,0.7,0.4,1,0.1,0.2,0.04,1.6,0.5,0.8,0.3,0.4
Prunus serrulata,Prunus,Japanese flowering cherry,Prunus,Rosaceae,Btr,species,,,0.05,0.02,0.4,0.4,0.05,0.2,0.04,0.05,0.04,0.04,1.6,0.24,0.7,0.4,1,0.1,0.2,0.04,1.6,0.5,0.8,0.3,0.4
Prunus spinosa,Prunus,blackthorn,Prunus,Rosaceae,Btr,species,,,0.05,0.02,0.4,0.4,0.05,0.2,0.04,0.05,0.04,0.04,1.6,0.24,0.7,0.4,1,0.1,0.2,0.04,1.6,0.5,0.8,0.3,0.4
Prunus subcordata,Prunus,Klamath plum,Prunus,Rosaceae,Btr,species,,,0.05,0.02,0.4,0.4,0.05,0.2,0.04,0.05,0.04,0.04,1.6,0.24,0.7,0.4,1,0.1,0.2,0.04,1.6,0.5,0.8,0.3,0.4
Prunus subhirtella,Prunus,winter-flowering cherry,Prunus,Rosaceae,Btr,species,,,0.05,0.02,0.4,0.4,0.05,0.2,0.04,0.05,0.04,0.04,1.6,0.24,0.7,0.4,1,0.1,0.2,0.04,1.6,0.5,0.8,0.3,0.4
Prunus virginiana,Prunus,chokecherry,Prunus,Rosaceae,Btr,species,,,0.05,0.02,0.4,0.4,0.05,0.2,0.04,0.05,0.04,0.04,1.6,0.24,0.7,0.4,1,0.1,0.2,0.04,1.6,0.5,0.8,0.3,0.4
Prunus virginiana var. demissa,Prunus,western chokecherry,Prunus,Rosaceae,Btr,species,,,0.05,0.02,0.4,0.4,0.05,0.2,0.04,0.05,0.04,0.04,1.6,0.24,0.7,0.4,1,0.1,0.2,0.04,1.6,0.5,0.8,0.3,0.4
Prunus x yedoensis,Prunus,,Prunus,Rosaceae,Btr,species,,,0.05,0.02,0.4,0.4,0.05,0.2,0.04,0.05,0.04,0.04,1.6,0.24,0.7,0.4,1,0.1,0.2,0.04,1.6,0.5,0.8,0.3,0.4
Pseudobombax,NoData,,Pseudobombax,Bombacaceae,Unknown,genus,,,4,0.02,0.2,0.2,0.1,0.1,0.04,0.05,0.06,0.04,1.6,0.24,0.7,0.4,1,0.1,0.2,0.04,1.6,0.5,0.8,0.3,0.4
Pseudobombax ellipticum,NoData,,Pseudobombax,Bombacaceae,Unknown,species,,,4,0.02,0.2,0.2,0.1,0.1,0.04,0.05,0.06,0.04,1.6,0.24,0.7,0.4,1,0.1,0.2,0.04,1.6,0.5,0.8,0.3,0.4
Pseudobombax septenatum,NoData,,Pseudobombax,Bombacaceae,Unknown,species,,,4,0.02,0.2,0.2,0.1,0.1,0.04,0.05,0.06,0.04,1.6,0.24,0.7,0.4,1,0.1,0.2,0.04,1.6,0.5,0.8,0.3,0.4
Pseudocydonia,NoData,,Pseudocydonia,Rosaceae,Btr,genus,,,4,0.02,0.2,0.2,0.1,0.1,0.04,0.05,0.06,0.04,1.6,0.24,0.7,0.4,1,0.1,0.2,0.04,1.6,0.5,0.8,0.3,0.4
Pseudolachnostylis,NoData,,Pseudolachnostylis,TBD,Unknown,genus,,,4,0.02,0.2,0.2,0.1,0.1,0.04,0.05,0.06,0.04,1.6,0.24,0.7,0.4,1,0.1,0.2,0.04,1.6,0.5,0.8,0.3,0.4
Pseudolachnostylis maprouneifolia,NoData,,Pseudolachnostylis,TBD,Unknown,species,,,4,0.02,0.2,0.2,0.1,0.1,0.04,0.05,0.06,0.04,1.6,0.24,0.7,0.4,1,0.1,0.2,0.04,1.6,0.5,0.8,0.3,0.4
Pseudospondias,NoData,,Pseudospondias,TBD,Unknown,genus,,,4,0.02,0.2,0.2,0.1,0.1,0.04,0.05,0.06,0.04,1.6,0.24,0.7,0.4,1,0.1,0.2,0.04,1.6,0.5,0.8,0.3,0.4
Pseudospondias microcarpa,NoData,,Pseudospondias,TBD,Unknown,species,,,4,0.02,0.2,0.2,0.1,0.1,0.04,0.05,0.06,0.04,1.6,0.24,0.7,0.4,1,0.1,0.2,0.04,1.6,0.5,0.8,0.3,0.4
Pseudotsuga,Pseudotsuga,Douglas-fir,Pseudotsuga,Pinaceae,Ntr,genus,,,0.2,0.3,0.2,0.2,0.05,0.2,0.02,0.05,0.04,0.04,1.6,0.24,0.7,0.4,1,0.1,0.2,0.04,1.6,0.5,0.8,0.3,0.4
Pseudotsuga macrocarpa,Pseudotsuga,bigcone Douglas-fir,Pseudotsuga,Pinaceae,Ntr,species,,,0.2,0.3,0.2,0.2,0.05,0.2,0.02,0.05,0.04,0.04,1.6,0.24,0.7,0.4,1,0.1,0.2,0.04,1.6,0.5,0.8,0.3,0.4
Pseudotsuga menziesii,Pseudotsuga,Douglas-fir,Pseudotsuga,Pinaceae,Ntr,species,,,0.2,0.3,0.2,0.2,0.05,0.2,0.02,0.05,0.04,0.04,1.6,0.24,0.7,0.4,1,0.1,0.2,0.04,1.6,0.5,0.8,0.3,0.4
Pseudotsuga menziesii var. glauca,Pseudotsuga,Rocky Mountain Douglas-fir,Pseudotsuga,Pinaceae,Ntr,species,,,0.2,0.3,0.2,0.2,0.05,0.2,0.02,0.05,0.04,0.04,1.6,0.24,0.7,0.4,1,0.1,0.2,0.04,1.6,0.5,0.8,0.3,0.4
Psidium,NoData,,Psidium,Myrtaceae,Btr,genus,,,4,0.02,0.2,0.2,0.1,0.1,0.04,0.05,0.06,0.04,1.6,0.24,0.7,0.4,1,0.1,0.2,0.04,1.6,0.5,0.8,0.3,0.4
Psidium cattleianum,NoData,strawberry guava,Psidium,Myrtaceae,Btr,species,,,4,0.02,0.2,0.2,0.1,0.1,0.04,0.05,0.06,0.04,1.6,0.24,0.7,0.4,1,0.1,0.2,0.04,1.6,0.5,0.8,0.3,0.4
Psidium guajava,NoData,guava,Psidium,Myrtaceae,Btr,species,,,4,0.02,0.2,0.2,0.1,0.1,0.04,0.05,0.06,0.04,1.6,0.24,0.7,0.4,1,0.1,0.2,0.04,1.6,0.5,0.8,0.3,0.4
Psorothamnus,NoData,,Psorothamnus,Fabaceae,Btr,genus,,,4,0.02,0.2,0.2,0.1,0.1,0.04,0.05,0.06,0.04,1.6,0.24,0.7,0.4,1,0.1,0.2,0.04,1.6,0.5,0.8,0.3,0.4
Psorothamnus spinosus,NoData,smoketree,Psorothamnus,Fabaceae,Btr,species,,,4,0.02,0.2,0.2,0.1,0.1,0.04,0.05,0.06,0.04,1.6,0.24,0.7,0.4,1,0.1,0.2,0.04,1.6,0.5,0.8,0.3,0.4
Pteridium,NoData,,Pteridium,Dennstaedtiaceae,Herb,genus,,,4,0.02,0.2,0.2,0.1,0.1,0.04,0.05,0.06,0.04,1.6,0.24,0.7,0.4,1,0.1,0.2,0.04,1.6,0.5,0.8,0.3,0.4
Pteridium aquilinum,NoData,western brackenfern,Pteridium,Dennstaedtiaceae,Herb,species,,,4,0.02,0.2,0.2,0.1,0.1,0.04,0.05,0.06,0.04,1.6,0.24,0.7,0.4,1,0.1,0.2,0.04,1.6,0.5,0.8,0.3,0.4
Pteris,NoData,,Pteris,Pteridaceae,Herb,genus,,,4,0.02,0.2,0.2,0.1,0.1,0.04,0.05,0.06,0.04,1.6,0.24,0.7,0.4,1,0.1,0.2,0.04,1.6,0.5,0.8,0.3,0.4
Pteris cretica,NoData,Cretan brake,Pteris,Pteridaceae,Herb,species,,,4,0.02,0.2,0.2,0.1,0.1,0.04,0.05,0.06,0.04,1.6,0.24,0.7,0.4,1,0.1,0.2,0.04,1.6,0.5,0.8,0.3,0.4
Pteris tremula,NoData,Australian brake,Pteris,Pteridaceae,Herb,species,,,4,0.02,0.2,0.2,0.1,0.1,0.04,0.05,0.06,0.04,1.6,0.24,0.7,0.4,1,0.1,0.2,0.04,1.6,0.5,0.8,0.3,0.4
Pterocarpus,NoData,pterocarpus,Pterocarpus,Fabaceae,Btr,genus,,,4,0.02,0.2,0.2,0.1,0.1,0.04,0.05,0.06,0.04,1.6,0.24,0.7,0.4,1,0.1,0.2,0.04,1.6,0.5,0.8,0.3,0.4
Pterocarpus luscens,NoData,,Pterocarpus,Fabaceae,Unknown,species,,,4,0.02,0.2,0.2,0.1,0.1,0.04,0.05,0.06,0.04,1.6,0.24,0.7,0.4,1,0.1,0.2,0.04,1.6,0.5,0.8,0.3,0.4
Pterocarpus officinalis,NoData,dragonsblood tree,Pterocarpus,Fabaceae,Btr,species,,,4,0.02,0.2,0.2,0.1,0.1,0.04,0.05,0.06,0.04,1.6,0.24,0.7,0.4,1,0.1,0.2,0.04,1.6,0.5,0.8,0.3,0.4
Pterocarpus rotundifolius,NoData,,Pterocarpus,Fabaceae,Unknown,species,,,4,0.02,0.2,0.2,0.1,0.1,0.04,0.05,0.06,0.04,1.6,0.24,0.7,0.4,1,0.1,0.2,0.04,1.6,0.5,0.8,0.3,0.4
Pterocarpus soyauxii,NoData,barwood,Pterocarpus,Fabaceae,Unknown,species,,,4,0.02,0.2,0.2,0.1,0.1,0.04,0.05,0.06,0.04,1.6,0.24,0.7,0.4,1,0.1,0.2,0.04,1.6,0.5,0.8,0.3,0.4
Pterocarya,NoData,,Pterocarya,Juglandaceae,Unknown,genus,,,4,0.02,0.2,0.2,0.1,0.1,0.04,0.05,0.06,0.04,1.6,0.24,0.7,0.4,1,0.1,0.2,0.04,1.6,0.5,0.8,0.3,0.4
Pterocarya fraxinifolia,NoData,,Pterocarya,Juglandaceae,Unknown,species,,,4,0.02,0.2,0.2,0.1,0.1,0.04,0.05,0.06,0.04,1.6,0.24,0.7,0.4,1,0.1,0.2,0.04,1.6,0.5,0.8,0.3,0.4
Pterocarya stenoptera,NoData,Chinese wingnut,Pterocarya,Juglandaceae,Btr,species,,,4,0.02,0.2,0.2,0.1,0.1,0.04,0.05,0.06,0.04,1.6,0.24,0.7,0.4,1,0.1,0.2,0.04,1.6,0.5,0.8,0.3,0.4
Pterocarya tonkinensis,NoData,,Pterocarya,Juglandaceae,Unknown,species,,,4,0.02,0.2,0.2,0.1,0.1,0.04,0.05,0.06,0.04,1.6,0.24,0.7,0.4,1,0.1,0.2,0.04,1.6,0.5,0.8,0.3,0.4
Pterygota,NoData,,Pterygota,TBD,Unknown,genus,,,4,0.02,0.2,0.2,0.1,0.1,0.04,0.05,0.06,0.04,1.6,0.24,0.7,0.4,1,0.1,0.2,0.04,1.6,0.5,0.8,0.3,0.4
Pterygota bequaertii,NoData,,Pterygota,TBD,Unknown,species,,,4,0.02,0.2,0.2,0.1,0.1,0.04,0.05,0.06,0.04,1.6,0.24,0.7,0.4,1,0.1,0.2,0.04,1.6,0.5,0.8,0.3,0.4
Ptilium,NoData,,Ptilium,TBD,Unknown,genus,,,4,0.02,0.2,0.2,0.1,0.1,0.04,0.05,0.06,0.04,1.6,0.24,0.7,0.4,1,0.1,0.2,0.04,1.6,0.5,0.8,0.3,0.4
Ptilium crista-castrensis,NoData,,Ptilium,TBD,Unknown,species,,,4,0.02,0.2,0.2,0.1,0.1,0.04,0.05,0.06,0.04,1.6,0.24,0.7,0.4,1,0.1,0.2,0.04,1.6,0.5,0.8,0.3,0.4
Pueraria,Pueraria,kudzu,Pueraria,Fabaceae,Shrub,genus,,,24,0.02,0.4,0.4,0.2,0.2,0.04,0.05,0.06,0.04,1.6,0.24,0.7,0.4,1,0.1,0.2,0.04,1.6,0.5,0.8,0.3,0.4
Pueraria javanica,Pueraria,,Pueraria,Fabaceae,Unknown,species,,,24,0.02,0.4,0.4,0.2,0.2,0.04,0.05,0.06,0.04,1.6,0.24,0.7,0.4,1,0.1,0.2,0.04,1.6,0.5,0.8,0.3,0.4
Pueraria lobata,Pueraria,,Pueraria,Fabaceae,Unknown,species,,,24,0.02,0.4,0.4,0.2,0.2,0.04,0.05,0.06,0.04,1.6,0.24,0.7,0.4,1,0.1,0.2,0.04,1.6,0.5,0.8,0.3,0.4
Punica,NoData,,Punica,Punicaceae,Btr,genus,,,4,0.02,0.2,0.2,0.1,0.1,0.04,0.05,0.06,0.04,1.6,0.24,0.7,0.4,1,0.1,0.2,0.04,1.6,0.5,0.8,0.3,0.4
Punica granatum,NoData,pomegranate,Punica,Punicaceae,Btr,species,,,4,0.02,0.2,0.2,0.1,0.1,0.04,0.05,0.06,0.04,1.6,0.24,0.7,0.4,1,0.1,0.2,0.04,1.6,0.5,0.8,0.3,0.4
Purshia,NoData,,Purshia,Rosaceae,Shrub,genus,,,4,0.02,0.2,0.2,0.1,0.1,0.04,0.05,0.06,0.04,1.6,0.24,0.7,0.4,1,0.1,0.2,0.04,1.6,0.5,0.8,0.3,0.4
Purshia tridentata,NoData,antelope bitterbrush,Purshia,Rosaceae,Shrub,species,,,4,0.02,0.2,0.2,0.1,0.1,0.04,0.05,0.06,0.04,1.6,0.24,0.7,0.4,1,0.1,0.2,0.04,1.6,0.5,0.8,0.3,0.4
Pycnanthus,NoData,,Pycnanthus,TBD,Unknown,genus,,,4,0.02,0.2,0.2,0.1,0.1,0.04,0.05,0.06,0.04,1.6,0.24,0.7,0.4,1,0.1,0.2,0.04,1.6,0.5,0.8,0.3,0.4
Pycnanthus angolensis,NoData,,Pycnanthus,TBD,Unknown,species,,,4,0.02,0.2,0.2,0.1,0.1,0.04,0.05,0.06,0.04,1.6,0.24,0.7,0.4,1,0.1,0.2,0.04,1.6,0.5,0.8,0.3,0.4
Pyracantha,NoData,,Pyracantha,Rosaceae,Shrub,genus,,,4,0.02,0.2,0.2,0.1,0.1,0.04,0.05,0.06,0.04,1.6,0.24,0.7,0.4,1,0.1,0.2,0.04,1.6,0.5,0.8,0.3,0.4
Pyracantha coccinea,NoData,scarlet firethorn,Pyracantha,Rosaceae,Shrub,species,,,4,0.02,0.2,0.2,0.1,0.1,0.04,0.05,0.06,0.04,1.6,0.24,0.7,0.4,1,0.1,0.2,0.04,1.6,0.5,0.8,0.3,0.4
Pyrrosia,NoData,,Pyrrosia,TBD,Unknown,genus,,,4,0.02,0.2,0.2,0.1,0.1,0.04,0.05,0.06,0.04,1.6,0.24,0.7,0.4,1,0.1,0.2,0.04,1.6,0.5,0.8,0.3,0.4
Pyrrosia varia,NoData,,Pyrrosia,TBD,Unknown,species,,,4,0.02,0.2,0.2,0.1,0.1,0.04,0.05,0.06,0.04,1.6,0.24,0.7,0.4,1,0.1,0.2,0.04,1.6,0.5,0.8,0.3,0.4
Pyrus,Pyrus,pear,Pyrus,Rosaceae,Btr,genus,,,0.005,0.02,0.02,0.05,0.01,0.01,0.1,0.05,0.001,0.001,1.6,0.24,0.7,0.4,1,0.1,0.2,0.04,1.6,0.5,0.8,0.3,0.4
Pyrus betulifolia,Pyrus,pear,Pyrus,Rosaceae,Btr,species,,,0.005,0.02,0.02,0.05,0.01,0.01,0.1,0.05,0.001,0.001,1.6,0.24,0.7,0.4,1,0.1,0.2,0.04,1.6,0.5,0.8,0.3,0.4
Pyrus calleryana,Pyrus,Callery pear,Pyrus,Rosaceae,Btr,species,,,0.005,0.02,0.02,0.05,0.01,0.01,0.1,0.05,0.001,0.001,1.6,0.24,0.7,0.4,1,0.1,0.2,0.04,1.6,0.5,0.8,0.3,0.4
Pyrus communis,Pyrus,common pear,Pyrus,Rosaceae,Btr,species,,,0.005,0.02,0.02,0.05,0.01,0.01,0.1,0.05,0.001,0.001,1.6,0.24,0.7,0.4,1,0.1,0.2,0.04,1.6,0.5,0.8,0.3,0.4
Pyrus coronaria,Pyrus,,Pyrus,Rosaceae,Unknown,species,,,0.005,0.02,0.02,0.05,0.01,0.01,0.1,0.05,0.001,0.001,1.6,0.24,0.7,0.4,1,0.1,0.2,0.04,1.6,0.5,0.8,0.3,0.4
Pyrus kawakamii,Pyrus,,Pyrus,Rosaceae,Unknown,species,,,0.005,0.02,0.02,0.05,0.01,0.01,0.1,0.05,0.001,0.001,1.6,0.24,0.7,0.4,1,0.1,0.2,0.04,1.6,0.5,0.8,0.3,0.4
Pyrus pyrifolia,Pyrus,Chinese pear,Pyrus,Rosaceae,Btr,species,,,0.005,0.02,0.02,0.05,0.01,0.01,0.1,0.05,0.001,0.001,1.6,0.24,0.7,0.4,1,0.1,0.2,0.04,1.6,0.5,0.8,0.3,0.4
Quercus,QuercusQuercus,oak,Quercus,Fagaceae,Btr,genus,,,24,0.02,0.1,0.2,0.2,0.2,0.2,0.05,0.06,0.02,1.6,0.24,0.7,0.4,1,0.1,0.2,0.04,1.6,0.5,0.8,0.3,0.4
Quercus acutissima,QuercusCerris,sawtooth oak,Quercus_NT,Fagaceae,Btr,species,,,0.2,0.02,0.4,0.2,0.2,0.2,0.08,0.05,0.06,0.04,1.6,0.24,0.7,0.4,1,0.1,0.2,0.04,1.6,0.5,0.8,0.3,0.4
Quercus afares,QuercusIlex,,Quercus_MT,Fagaceae,Btr,species,,,0.2,0.02,2,0.6,1,1,0.6,0.05,0.2,0.1,1.6,0.24,0.7,0.4,1,0.1,0.2,0.04,1.6,0.5,0.8,0.3,0.4
Quercus agrifolia,QuercusQuercus,California live oak,Quercus_Iso,Fagaceae,Btr,species,,,24,0.02,0.1,0.2,0.2,0.2,0.2,0.05,0.06,0.02,1.6,0.24,0.7,0.4,1,0.1,0.2,0.04,1.6,0.5,0.8,0.3,0.4
Quercus alba,QuercusQuercus,white oak,Quercus_Iso,Fagaceae,Btr,species,,,24,0.02,0.1,0.2,0.2,0.2,0.2,0.05,0.06,0.02,1.6,0.24,0.7,0.4,1,0.1,0.2,0.04,1.6,0.5,0.8,0.3,0.4
Quercus alvordiana,QuercusQuercus,,Quercus,Fagaceae,Btr,species,,,24,0.02,0.1,0.2,0.2,0.2,0.2,0.05,0.06,0.02,1.6,0.24,0.7,0.4,1,0.1,0.2,0.04,1.6,0.5,0.8,0.3,0.4
Quercus aucheri,QuercusQuercus,,Quercus,Fagaceae,Btr,species,,,24,0.02,0.1,0.2,0.2,0.2,0.2,0.05,0.06,0.02,1.6,0.24,0.7,0.4,1,0.1,0.2,0.04,1.6,0.5,0.8,0.3,0.4
Quercus berberidifolia,QuercusQuercus,scrub oak,Quercus_Iso,Fagaceae,Btr,species,,,24,0.02,0.1,0.2,0.2,0.2,0.2,0.05,0.06,0.02,1.6,0.24,0.7,0.4,1,0.1,0.2,0.04,1.6,0.5,0.8,0.3,0.4
Quercus bicolor,QuercusQuercus,swamp white oak,Quercus_Iso,Fagaceae,Btr,species,,,24,0.02,0.1,0.2,0.2,0.2,0.2,0.05,0.06,0.02,1.6,0.24,0.7,0.4,1,0.1,0.2,0.04,1.6,0.5,0.8,0.3,0.4
Quercus borealis,QuercusQuercus,,Quercus_Iso,Fagaceae,Unknown,species,,,24,0.02,0.1,0.2,0.2,0.2,0.2,0.05,0.06,0.02,1.6,0.24,0.7,0.4,1,0.1,0.2,0.04,1.6,0.5,0.8,0.3,0.4
Quercus buckleyi,QuercusQuercus,,Quercus,Fagaceae,Btr,genus,,,24,0.02,0.1,0.2,0.2,0.2,0.2,0.05,0.06,0.02,1.6,0.24,0.7,0.4,1,0.1,0.2,0.04,1.6,0.5,0.8,0.3,0.4
Quercus bushii,QuercusQuercus,,Quercus,Fagaceae,Unknown,species,,,24,0.02,0.1,0.2,0.2,0.2,0.2,0.05,0.06,0.02,1.6,0.24,0.7,0.4,1,0.1,0.2,0.04,1.6,0.5,0.8,0.3,0.4
Quercus calliprinos,QuercusCerris,,Quercus_NT,Fagaceae,Unknown,species,,,0.2,0.02,0.4,0.2,0.2,0.2,0.08,0.05,0.06,0.04,1.6,0.24,0.7,0.4,1,0.1,0.2,0.04,1.6,0.5,0.8,0.3,0.4
Quercus canariensis,QuercusQuercus,,Quercus_Iso,Fagaceae,Unknown,species,,,24,0.02,0.1,0.2,0.2,0.2,0.2,0.05,0.06,0.02,1.6,0.24,0.7,0.4,1,0.1,0.2,0.04,1.6,0.5,0.8,0.3,0.4
Quercus castaneifolia,QuercusCerris,,Quercus_NT,Fagaceae,Unknown,species,,,0.2,0.02,0.4,0.2,0.2,0.2,0.08,0.05,0.06,0.04,1.6,0.24,0.7,0.4,1,0.1,0.2,0.04,1.6,0.5,0.8,0.3,0.4
Quercus cerris,QuercusCerris,European turkey oak,Quercus_NT,Fagaceae,Btr,species,,,0.2,0.02,0.4,0.2,0.2,0.2,0.08,0.05,0.06,0.04,1.6,0.24,0.7,0.4,1,0.1,0.2,0.04,1.6,0.5,0.8,0.3,0.4
Quercus chapmanii,QuercusQuercus,Chapman oak,Quercus_Iso,Fagaceae,Btr,species,,,24,0.02,0.1,0.2,0.2,0.2,0.2,0.05,0.06,0.02,1.6,0.24,0.7,0.4,1,0.1,0.2,0.04,1.6,0.5,0.8,0.3,0.4
Quercus chenii,QuercusQuercus,xiao ye li,Quercus,Fagaceae,Unknown,species,,,24,0.02,0.1,0.2,0.2,0.2,0.2,0.05,0.06,0.02,1.6,0.24,0.7,0.4,1,0.1,0.2,0.04,1.6,0.5,0.8,0.3,0.4
Quercus chrysolepis,QuercusQuercus,canyon live oak,Quercus_Iso,Fagaceae,Btr,species,,,24,0.02,0.1,0.2,0.2,0.2,0.2,0.05,0.06,0.02,1.6,0.24,0.7,0.4,1,0.1,0.2,0.04,1.6,0.5,0.8,0.3,0.4
Quercus coccifera,QuercusIlex,,Quercus_MT,Fagaceae,Unknown,species,,,0.2,0.02,2,0.6,1,1,0.6,0.05,0.2,0.1,1.6,0.24,0.7,0.4,1,0.1,0.2,0.04,1.6,0.5,0.8,0.3,0.4
Quercus coccinea,QuercusQuercus,scarlet oak,Quercus_Iso,Fagaceae,Btr,species,,,24,0.02,0.1,0.2,0.2,0.2,0.2,0.05,0.06,0.02,1.6,0.24,0.7,0.4,1,0.1,0.2,0.04,1.6,0.5,0.8,0.3,0.4
Quercus crispula,QuercusQuercus,,Quercus,Fagaceae,Btr,species,,,24,0.02,0.1,0.2,0.2,0.2,0.2,0.05,0.06,0.02,1.6,0.24,0.7,0.4,1,0.1,0.2,0.04,1.6,0.5,0.8,0.3,0.4
Quercus douglasii,QuercusQuercus,blue oak,Quercus_Iso,Fagaceae,Btr,species,,,24,0.02,0.1,0.2,0.2,0.2,0.2,0.05,0.06,0.02,1.6,0.24,0.7,0.4,1,0.1,0.2,0.04,1.6,0.5,0.8,0.3,0.4
Quercus dumosa,QuercusQuercus,coastal sage scrub oak,Quercus_Iso,Fagaceae,Btr,species,,,24,0.02,0.1,0.2,0.2,0.2,0.2,0.05,0.06,0.02,1.6,0.24,0.7,0.4,1,0.1,0.2,0.04,1.6,0.5,0.8,0.3,0.4
Quercus durandii,QuercusQuercus,,Quercus,Fagaceae,Btr,species,,,24,0.02,0.1,0.2,0.2,0.2,0.2,0.05,0.06,0.02,1.6,0.24,0.7,0.4,1,0.1,0.2,0.04,1.6,0.5,0.8,0.3,0.4
Quercus durandii var. breviloba,QuercusQuercus,,Quercus,Fagaceae,Btr,species,,,24,0.02,0.1,0.2,0.2,0.2,0.2,0.05,0.06,0.02,1.6,0.24,0.7,0.4,1,0.1,0.2,0.04,1.6,0.5,0.8,0.3,0.4
Quercus durata,QuercusQuercus,leather oak,Quercus_Iso,Fagaceae,Btr,species,,,24,0.02,0.1,0.2,0.2,0.2,0.2,0.05,0.06,0.02,1.6,0.24,0.7,0.4,1,0.1,0.2,0.04,1.6,0.5,0.8,0.3,0.4
Quercus ellipsoidalis,QuercusQuercus,northern pin oak,Quercus_Iso,Fagaceae,Btr,species,,,24,0.02,0.1,0.2,0.2,0.2,0.2,0.05,0.06,0.02,1.6,0.24,0.7,0.4,1,0.1,0.2,0.04,1.6,0.5,0.8,0.3,0.4
Quercus emoryi,QuercusQuercus,Emory oak,Quercus_Iso,Fagaceae,Btr,species,,,24,0.02,0.1,0.2,0.2,0.2,0.2,0.05,0.06,0.02,1.6,0.24,0.7,0.4,1,0.1,0.2,0.04,1.6,0.5,0.8,0.3,0.4
Quercus engelmanii,QuercusQuercus,,Quercus_Iso,Fagaceae,Unknown,species,,,24,0.02,0.1,0.2,0.2,0.2,0.2,0.05,0.06,0.02,1.6,0.24,0.7,0.4,1,0.1,0.2,0.04,1.6,0.5,0.8,0.3,0.4
Quercus engelmannii,QuercusQuercus,Engelmann oak,Quercus_Iso,Fagaceae,Btr,species,,,24,0.02,0.1,0.2,0.2,0.2,0.2,0.05,0.06,0.02,1.6,0.24,0.7,0.4,1,0.1,0.2,0.04,1.6,0.5,0.8,0.3,0.4
Quercus faginea,QuercusQuercus,,Quercus_Iso,Fagaceae,Unknown,species,,,24,0.02,0.1,0.2,0.2,0.2,0.2,0.05,0.06,0.02,1.6,0.24,0.7,0.4,1,0.1,0.2,0.04,1.6,0.5,0.8,0.3,0.4
Quercus falcata,QuercusQuercus,southern red oak,Quercus_Iso,Fagaceae,Btr,species,,,24,0.02,0.1,0.2,0.2,0.2,0.2,0.05,0.06,0.02,1.6,0.24,0.7,0.4,1,0.1,0.2,0.04,1.6,0.5,0.8,0.3,0.4
Quercus frainetto,QuercusQuercus,Italian oak,Quercus_Iso,Fagaceae,Unknown,species,,,24,0.02,0.1,0.2,0.2,0.2,0.2,0.05,0.06,0.02,1.6,0.24,0.7,0.4,1,0.1,0.2,0.04,1.6,0.5,0.8,0.3,0.4
Quercus fusiformis,QuercusQuercus,Texas live oak,Quercus_Iso,Fagaceae,Btr,species,,,24,0.02,0.1,0.2,0.2,0.2,0.2,0.05,0.06,0.02,1.6,0.24,0.7,0.4,1,0.1,0.2,0.04,1.6,0.5,0.8,0.3,0.4
Quercus gambelii,QuercusQuercus,Gambel oak,Quercus_Iso,Fagaceae,Btr,species,,,24,0.02,0.1,0.2,0.2,0.2,0.2,0.05,0.06,0.02,1.6,0.24,0.7,0.4,1,0.1,0.2,0.04,1.6,0.5,0.8,0.3,0.4
Quercus garryana,QuercusQuercus,Oregon white oak,Quercus_Iso,Fagaceae,Btr,species,,,24,0.02,0.1,0.2,0.2,0.2,0.2,0.05,0.06,0.02,1.6,0.24,0.7,0.4,1,0.1,0.2,0.04,1.6,0.5,0.8,0.3,0.4
Quercus garryana var. breweri,QuercusQuercus,,Quercus_Iso,Fagaceae,Btr,species,,,24,0.02,0.1,0.2,0.2,0.2,0.2,0.05,0.06,0.02,1.6,0.24,0.7,0.4,1,0.1,0.2,0.04,1.6,0.5,0.8,0.3,0.4
Quercus geminata,QuercusQuercus,sand live oak,Quercus_Iso,Fagaceae,Btr,species,,,24,0.02,0.1,0.2,0.2,0.2,0.2,0.05,0.06,0.02,1.6,0.24,0.7,0.4,1,0.1,0.2,0.04,1.6,0.5,0.8,0.3,0.4
Quercus glabra,QuercusQuercus,,Quercus,Fagaceae,Unknown,species,,,24,0.02,0.1,0.2,0.2,0.2,0.2,0.05,0.06,0.02,1.6,0.24,0.7,0.4,1,0.1,0.2,0.04,1.6,0.5,0.8,0.3,0.4
Quercus glandulifera,QuercusQuercus,,Quercus,Fagaceae,Unknown,species,,,24,0.02,0.1,0.2,0.2,0.2,0.2,0.05,0.06,0.02,1.6,0.24,0.7,0.4,1,0.1,0.2,0.04,1.6,0.5,0.8,0.3,0.4
Quercus glauca,QuercusQuercus,ring-cup oak,Quercus,Fagaceae,Unknown,species,,,24,0.02,0.1,0.2,0.2,0.2,0.2,0.05,0.06,0.02,1.6,0.24,0.7,0.4,1,0.1,0.2,0.04,1.6,0.5,0.8,0.3,0.4
Quercus grisea,QuercusQuercus,gray oak,Quercus_Iso,Fagaceae,Btr,species,,,24,0.02,0.1,0.2,0.2,0.2,0.2,0.05,0.06,0.02,1.6,0.24,0.7,0.4,1,0.1,0.2,0.04,1.6,0.5,0.8,0.3,0.4
Quercus havardii,QuercusQuercus,Havard oak,Quercus_Iso,Fagaceae,Btr,species,,,24,0.02,0.1,0.2,0.2,0.2,0.2,0.05,0.06,0.02,1.6,0.24,0.7,0.4,1,0.1,0.2,0.04,1.6,0.5,0.8,0.3,0.4
Quercus hypoleucoides,QuercusQuercus,silverleaf oak,Quercus_Iso,Fagaceae,Btr,species,,,24,0.02,0.1,0.2,0.2,0.2,0.2,0.05,0.06,0.02,1.6,0.24,0.7,0.4,1,0.1,0.2,0.04,1.6,0.5,0.8,0.3,0.4
Quercus ilex,QuercusIlex,holly oak,Quercus_MT,Fagaceae,Btr,species,,,0.2,0.02,2,0.6,1,1,0.6,0.05,0.2,0.1,1.6,0.24,0.7,0.4,1,0.1,0.2,0.04,1.6,0.5,0.8,0.3,0.4
Quercus ilicifolia,QuercusQuercus,bear oak,Quercus_Iso,Fagaceae,Btr,species,,,24,0.02,0.1,0.2,0.2,0.2,0.2,0.05,0.06,0.02,1.6,0.24,0.7,0.4,1,0.1,0.2,0.04,1.6,0.5,0.8,0.3,0.4
Quercus imbricaria,QuercusQuercus,shingle oak,Quercus_Iso,Fagaceae,Btr,species,,,24,0.02,0.1,0.2,0.2,0.2,0.2,0.05,0.06,0.02,1.6,0.24,0.7,0.4,1,0.1,0.2,0.04,1.6,0.5,0.8,0.3,0.4
Quercus incana,QuercusQuercus,bluejack oak,Quercus_Iso,Fagaceae,Btr,species,,,24,0.02,0.1,0.2,0.2,0.2,0.2,0.05,0.06,0.02,1.6,0.24,0.7,0.4,1,0.1,0.2,0.04,1.6,0.5,0.8,0.3,0.4
Quercus Iso,QuercusQuercus,isoprene emitting oak,Quercus,Fagaceae,Btr,genus,,,24,0.02,0.1,0.2,0.2,0.2,0.2,0.05,0.06,0.02,1.6,0.24,0.7,0.4,1,0.1,0.2,0.04,1.6,0.5,0.8,0.3,0.4
Quercus ithaburiensis,QuercusIlex,,Quercus_MT,Fagaceae,Unknown,species,,,0.2,0.02,2,0.6,1,1,0.6,0.05,0.2,0.1,1.6,0.24,0.7,0.4,1,0.1,0.2,0.04,1.6,0.5,0.8,0.3,0.4
Quercus kelloggii,QuercusQuercus,California black oak,Quercus_Iso,Fagaceae,Btr,species,,,24,0.02,0.1,0.2,0.2,0.2,0.2,0.05,0.06,0.02,1.6,0.24,0.7,0.4,1,0.1,0.2,0.04,1.6,0.5,0.8,0.3,0.4
Quercus laceyi,QuercusQuercus,,Quercus,Fagaceae,Btr,genus,,,24,0.02,0.1,0.2,0.2,0.2,0.2,0.05,0.06,0.02,1.6,0.24,0.7,0.4,1,0.1,0.2,0.04,1.6,0.5,0.8,0.3,0.4
Quercus laevis,QuercusQuercus,turkey oak,Quercus_Iso,Fagaceae,Btr,species,,,24,0.02,0.1,0.2,0.2,0.2,0.2,0.05,0.06,0.02,1.6,0.24,0.7,0.4,1,0.1,0.2,0.04,1.6,0.5,0.8,0.3,0.4
Quercus laurifolia,QuercusQuercus,laurel oak,Quercus_Iso,Fagaceae,Btr,species,,,24,0.02,0.1,0.2,0.2,0.2,0.2,0.05,0.06,0.02,1.6,0.24,0.7,0.4,1,0.1,0.2,0.04,1.6,0.5,0.8,0.3,0.4
Quercus liaotungensis,QuercusQuercus,,Quercus,Fagaceae,Unknown,species,,,24,0.02,0.1,0.2,0.2,0.2,0.2,0.05,0.06,0.02,1.6,0.24,0.7,0.4,1,0.1,0.2,0.04,1.6,0.5,0.8,0.3,0.4
Quercus libani,QuercusQuercus,,Quercus_Iso,Fagaceae,Unknown,species,,,24,0.02,0.1,0.2,0.2,0.2,0.2,0.05,0.06,0.02,1.6,0.24,0.7,0.4,1,0.1,0.2,0.04,1.6,0.5,0.8,0.3,0.4
Quercus lobata,QuercusQuercus,valley oak,Quercus_Iso,Fagaceae,Btr,species,,,24,0.02,0.1,0.2,0.2,0.2,0.2,0.05,0.06,0.02,1.6,0.24,0.7,0.4,1,0.1,0.2,0.04,1.6,0.5,0.8,0.3,0.4
Quercus lyrata,QuercusQuercus,overcup oak,Quercus_Iso,Fagaceae,Btr,species,,,24,0.02,0.1,0.2,0.2,0.2,0.2,0.05,0.06,0.02,1.6,0.24,0.7,0.4,1,0.1,0.2,0.04,1.6,0.5,0.8,0.3,0.4
Quercus macranthera,QuercusQuercus,Ispir oak,Quercus,Fagaceae,Btr,species,,,24,0.02,0.1,0.2,0.2,0.2,0.2,0.05,0.06,0.02,1.6,0.24,0.7,0.4,1,0.1,0.2,0.04,1.6,0.5,0.8,0.3,0.4
Quercus macrocarpa,QuercusQuercus,bur oak,Quercus_Iso,Fagaceae,Btr,species,,,24,0.02,0.1,0.2,0.2,0.2,0.2,0.05,0.06,0.02,1.6,0.24,0.7,0.4,1,0.1,0.2,0.04,1.6,0.5,0.8,0.3,0.4
Quercus macrolepis,QuercusCerris,Vallonea oak,Quercus_NT,Fagaceae,Unknown,species,,,0.2,0.02,0.4,0.2,0.2,0.2,0.08,0.05,0.06,0.04,1.6,0.24,0.7,0.4,1,0.1,0.2,0.04,1.6,0.5,0.8,0.3,0.4
Quercus marilandica,QuercusQuercus,blackjack oak,Quercus_Iso,Fagaceae,Btr,species,,,24,0.02,0.1,0.2,0.2,0.2,0.2,0.05,0.06,0.02,1.6,0.24,0.7,0.4,1,0.1,0.2,0.04,1.6,0.5,0.8,0.3,0.4
Quercus mexicana,QuercusQuercus,,Quercus_Iso,Fagaceae,Unknown,species,,,24,0.02,0.1,0.2,0.2,0.2,0.2,0.05,0.06,0.02,1.6,0.24,0.7,0.4,1,0.1,0.2,0.04,1.6,0.5,0.8,0.3,0.4
Quercus michauxii,QuercusQuercus,swamp chestnut oak,Quercus_Iso,Fagaceae,Btr,species,,,24,0.02,0.1,0.2,0.2,0.2,0.2,0.05,0.06,0.02,1.6,0.24,0.7,0.4,1,0.1,0.2,0.04,1.6,0.5,0.8,0.3,0.4
Quercus mongolica,QuercusQuercus,mongolian oak,Quercus_Iso,Fagaceae,Btr,species,,,24,0.02,0.1,0.2,0.2,0.2,0.2,0.05,0.06,0.02,1.6,0.24,0.7,0.4,1,0.1,0.2,0.04,1.6,0.5,0.8,0.3,0.4
Quercus morehus,QuercusQuercus,,Quercus,Fagaceae,Unknown,species,,,24,0.02,0.1,0.2,0.2,0.2,0.2,0.05,0.06,0.02,1.6,0.24,0.7,0.4,1,0.1,0.2,0.04,1.6,0.5,0.8,0.3,0.4
Quercus MT,QuercusIlex,High monoterpene emitting oak,Quercus,Fagaceae,Btr,genus,,,0.2,0.02,2,0.6,1,1,0.6,0.05,0.2,0.1,1.6,0.24,0.7,0.4,1,0.1,0.2,0.04,1.6,0.5,0.8,0.3,0.4
Quercus muehlenbergii,QuercusQuercus,chinkapin oak,Quercus_Iso,Fagaceae,Btr,species,,,24,0.02,0.1,0.2,0.2,0.2,0.2,0.05,0.06,0.02,1.6,0.24,0.7,0.4,1,0.1,0.2,0.04,1.6,0.5,0.8,0.3,0.4
Quercus myrsinaefolia,QuercusQuercus,,Quercus,Fagaceae,Btr,species,,,24,0.02,0.1,0.2,0.2,0.2,0.2,0.05,0.06,0.02,1.6,0.24,0.7,0.4,1,0.1,0.2,0.04,1.6,0.5,0.8,0.3,0.4
Quercus myrtiflora,QuercusQuercus,,Quercus,Fagaceae,Unknown,species,,,24,0.02,0.1,0.2,0.2,0.2,0.2,0.05,0.06,0.02,1.6,0.24,0.7,0.4,1,0.1,0.2,0.04,1.6,0.5,0.8,0.3,0.4
Quercus nigra,QuercusQuercus,water oak,Quercus_Iso,Fagaceae,Btr,species,,,24,0.02,0.1,0.2,0.2,0.2,0.2,0.05,0.06,0.02,1.6,0.24,0.7,0.4,1,0.1,0.2,0.04,1.6,0.5,0.8,0.3,0.4
Quercus nuttallii,QuercusQuercus,,Quercus_Iso,Fagaceae,Btr,species,,,24,0.02,0.1,0.2,0.2,0.2,0.2,0.05,0.06,0.02,1.6,0.24,0.7,0.4,1,0.1,0.2,0.04,1.6,0.5,0.8,0.3,0.4
Quercus oblongifolia,QuercusQuercus,Mexican blue oak,Quercus_Iso,Fagaceae,Btr,species,,,24,0.02,0.1,0.2,0.2,0.2,0.2,0.05,0.06,0.02,1.6,0.24,0.7,0.4,1,0.1,0.2,0.04,1.6,0.5,0.8,0.3,0.4
Quercus pagoda,QuercusQuercus,,Quercus,Fagaceae,Btr,genus,,,24,0.02,0.1,0.2,0.2,0.2,0.2,0.05,0.06,0.02,1.6,0.24,0.7,0.4,1,0.1,0.2,0.04,1.6,0.5,0.8,0.3,0.4
Quercus palmeri,QuercusQuercus,Palmer oak,Quercus_Iso,Fagaceae,Btr,species,,,24,0.02,0.1,0.2,0.2,0.2,0.2,0.05,0.06,0.02,1.6,0.24,0.7,0.4,1,0.1,0.2,0.04,1.6,0.5,0.8,0.3,0.4
Quercus palustris,QuercusQuercus,pin oak,Quercus_Iso,Fagaceae,Btr,species,,,24,0.02,0.1,0.2,0.2,0.2,0.2,0.05,0.06,0.02,1.6,0.24,0.7,0.4,1,0.1,0.2,0.04,1.6,0.5,0.8,0.3,0.4
Quercus petraea,QuercusQuercus,durmast oak,Quercus_Iso,Fagaceae,Unknown,species,,,24,0.02,0.1,0.2,0.2,0.2,0.2,0.05,0.06,0.02,1.6,0.24,0.7,0.4,1,0.1,0.2,0.04,1.6,0.5,0.8,0.3,0.4
Quercus phellos,QuercusQuercus,willow oak,Quercus_Iso,Fagaceae,Btr,species,,,24,0.02,0.1,0.2,0.2,0.2,0.2,0.05,0.06,0.02,1.6,0.24,0.7,0.4,1,0.1,0.2,0.04,1.6,0.5,0.8,0.3,0.4
Quercus phillyraeoides,QuercusQuercus,,Quercus,Fagaceae,Unknown,species,,,24,0.02,0.1,0.2,0.2,0.2,0.2,0.05,0.06,0.02,1.6,0.24,0.7,0.4,1,0.1,0.2,0.04,1.6,0.5,0.8,0.3,0.4
Quercus polymorpha,QuercusQuercus,,Quercus,Fagaceae,Btr,genus,,,24,0.02,0.1,0.2,0.2,0.2,0.2,0.05,0.06,0.02,1.6,0.24,0.7,0.4,1,0.1,0.2,0.04,1.6,0.5,0.8,0.3,0.4
Quercus prinus,QuercusQuercus,chestnut oak,Quercus_Iso,Fagaceae,Btr,species,,,24,0.02,0.1,0.2,0.2,0.2,0.2,0.05,0.06,0.02,1.6,0.24,0.7,0.4,1,0.1,0.2,0.04,1.6,0.5,0.8,0.3,0.4
Quercus pubescens,QuercusQuercus,,Quercus_Iso,Fagaceae,Unknown,species,,,24,0.02,0.1,0.2,0.2,0.2,0.2,0.05,0.06,0.02,1.6,0.24,0.7,0.4,1,0.1,0.2,0.04,1.6,0.5,0.8,0.3,0.4
Quercus pumila,QuercusQuercus,running oak,Quercus_Iso,Fagaceae,Shrub,species,,,24,0.02,0.1,0.2,0.2,0.2,0.2,0.05,0.06,0.02,1.6,0.24,0.7,0.4,1,0.1,0.2,0.04,1.6,0.5,0.8,0.3,0.4
Quercus pyrenaica,QuercusQuercus,,Quercus_Iso,Fagaceae,Unknown,species,,,24,0.02,0.1,0.2,0.2,0.2,0.2,0.05,0.06,0.02,1.6,0.24,0.7,0.4,1,0.1,0.2,0.04,1.6,0.5,0.8,0.3,0.4
Quercus robur,QuercusQuercus,English oak,Quercus_Iso,Fagaceae,Btr,species,,,24,0.02,0.1,0.2,0.2,0.2,0.2,0.05,0.06,0.02,1.6,0.24,0.7,0.4,1,0.1,0.2,0.04,1.6,0.5,0.8,0.3,0.4
Quercus rotundifolia,QuercusIlex,,Quercus_MT,Fagaceae,Unknown,species,,,0.2,0.02,2,0.6,1,1,0.6,0.05,0.2,0.1,1.6,0.24,0.7,0.4,1,0.1,0.2,0.04,1.6,0.5,0.8,0.3,0.4
Quercus rubra,QuercusQuercus,northern red oak,Quercus_Iso,Fagaceae,Btr,species,,,24,0.02,0.1,0.2,0.2,0.2,0.2,0.05,0.06,0.02,1.6,0.24,0.7,0.4,1,0.1,0.2,0.04,1.6,0.5,0.8,0.3,0.4
Quercus rudkinii,QuercusQuercus,,Quercus,Fagaceae,Unknown,species,,,24,0.02,0.1,0.2,0.2,0.2,0.2,0.05,0.06,0.02,1.6,0.24,0.7,0.4,1,0.1,0.2,0.04,1.6,0.5,0.8,0.3,0.4
Quercus rugosa,QuercusQuercus,netleaf oak,Quercus_Iso,Fagaceae,Btr,species,,,24,0.02,0.1,0.2,0.2,0.2,0.2,0.05,0.06,0.02,1.6,0.24,0.7,0.4,1,0.1,0.2,0.04,1.6,0.5,0.8,0.3,0.4
Quercus serrata,QuercusQuercus,bao li,Quercus_Iso,Fagaceae,Unknown,species,,,24,0.02,0.1,0.2,0.2,0.2,0.2,0.05,0.06,0.02,1.6,0.24,0.7,0.4,1,0.1,0.2,0.04,1.6,0.5,0.8,0.3,0.4
Quercus shumardii,QuercusQuercus,Shumard's oak,Quercus_Iso,Fagaceae,Btr,species,,,24,0.02,0.1,0.2,0.2,0.2,0.2,0.05,0.06,0.02,1.6,0.24,0.7,0.4,1,0.1,0.2,0.04,1.6,0.5,0.8,0.3,0.4
Quercus sinuata,QuercusQuercus,,Quercus,Fagaceae,Btr,genus,,,24,0.02,0.1,0.2,0.2,0.2,0.2,0.05,0.06,0.02,1.6,0.24,0.7,0.4,1,0.1,0.2,0.04,1.6,0.5,0.8,0.3,0.4
Quercus stellata,QuercusQuercus,post oak,Quercus_Iso,Fagaceae,Btr,species,,,24,0.02,0.1,0.2,0.2,0.2,0.2,0.05,0.06,0.02,1.6,0.24,0.7,0.4,1,0.1,0.2,0.04,1.6,0.5,0.8,0.3,0.4
Quercus stellato,QuercusQuercus,,Quercus_Iso,Fagaceae,Btr,species,,,24,0.02,0.1,0.2,0.2,0.2,0.2,0.05,0.06,0.02,1.6,0.24,0.7,0.4,1,0.1,0.2,0.04,1.6,0.5,0.8,0.3,0.4
Quercus suber,QuercusIlex,cork oak,Quercus_MT,Fagaceae,Btr,species,,,0.2,0.02,2,0.6,1,1,0.6,0.05,0.2,0.1,1.6,0.24,0.7,0.4,1,0.1,0.2,0.04,1.6,0.5,0.8,0.3,0.4
Quercus texana,QuercusQuercus,,Quercus,Fagaceae,Btr,genus,,,24,0.02,0.1,0.2,0.2,0.2,0.2,0.05,0.06,0.02,1.6,0.24,0.7,0.4,1,0.1,0.2,0.04,1.6,0.5,0.8,0.3,0.4
Quercus tomentella,QuercusQuercus,island live oak,Quercus,Fagaceae,Btr,species,,,24,0.02,0.1,0.2,0.2,0.2,0.2,0.05,0.06,0.02,1.6,0.24,0.7,0.4,1,0.1,0.2,0.04,1.6,0.5,0.8,0.3,0.4
Quercus trojana,QuercusCerris,,Quercus_NT,Fagaceae,Unknown,species,,,0.2,0.02,0.4,0.2,0.2,0.2,0.08,0.05,0.06,0.04,1.6,0.24,0.7,0.4,1,0.1,0.2,0.04,1.6,0.5,0.8,0.3,0.4
Quercus undulata,QuercusQuercus,,Quercus,Fagaceae,Btr,species,,,24,0.02,0.1,0.2,0.2,0.2,0.2,0.05,0.06,0.02,1.6,0.24,0.7,0.4,1,0.1,0.2,0.04,1.6,0.5,0.8,0.3,0.4
Quercus vacciniifolia,QuercusQuercus,huckleberry oak,Quercus_Iso,Fagaceae,Shrub,species,,,24,0.02,0.1,0.2,0.2,0.2,0.2,0.05,0.06,0.02,1.6,0.24,0.7,0.4,1,0.1,0.2,0.04,1.6,0.5,0.8,0.3,0.4
Quercus variabilis,QuercusCerris,Chinese cork oak,Quercus_NT,Fagaceae,Unknown,species,,,0.2,0.02,0.4,0.2,0.2,0.2,0.08,0.05,0.06,0.04,1.6,0.24,0.7,0.4,1,0.1,0.2,0.04,1.6,0.5,0.8,0.3,0.4
Quercus velutina,QuercusQuercus,black oak,Quercus_Iso,Fagaceae,Btr,species,,,24,0.02,0.1,0.2,0.2,0.2,0.2,0.05,0.06,0.02,1.6,0.24,0.7,0.4,1,0.1,0.2,0.04,1.6,0.5,0.8,0.3,0.4
Quercus virginiana,QuercusQuercus,live oak,Quercus_Iso,Fagaceae,Btr,species,,,24,0.02,0.1,0.2,0.2,0.2,0.2,0.05,0.06,0.02,1.6,0.24,0.7,0.4,1,0.1,0.2,0.04,1.6,0.5,0.8,0.3,0.4
Quercus vulcanica,QuercusQuercus,oak,Quercus,Fagaceae,Btr,species,,,24,0.02,0.1,0.2,0.2,0.2,0.2,0.05,0.06,0.02,1.6,0.24,0.7,0.4,1,0.1,0.2,0.04,1.6,0.5,0.8,0.3,0.4
Quercus wislizeni,QuercusQuercus,interior live oak,Quercus_Iso,Fagaceae,Btr,species,,,24,0.02,0.1,0.2,0.2,0.2,0.2,0.05,0.06,0.02,1.6,0.24,0.7,0.4,1,0.1,0.2,0.04,1.6,0.5,0.8,0.3,0.4
Quercus wislizenii,QuercusQuercus,,Quercus_Iso,Fagaceae,Btr,species,,,24,0.02,0.1,0.2,0.2,0.2,0.2,0.05,0.06,0.02,1.6,0.24,0.7,0.4,1,0.1,0.2,0.04,1.6,0.5,0.8,0.3,0.4
Quillaja,NoData,,Quillaja,Rosaceae,Unknown,genus,,,4,0.02,0.2,0.2,0.1,0.1,0.04,0.05,0.06,0.04,1.6,0.24,0.7,0.4,1,0.1,0.2,0.04,1.6,0.5,0.8,0.3,0.4
Quillaja saponaria,NoData,soapbark,Quillaja,Rosaceae,Unknown,species,,,4,0.02,0.2,0.2,0.1,0.1,0.04,0.05,0.06,0.04,1.6,0.24,0.7,0.4,1,0.1,0.2,0.04,1.6,0.5,0.8,0.3,0.4
Radermachera,NoData,,,Bignoniaceae,Btr,genus,,,4,0.02,0.2,0.2,0.1,0.1,0.04,0.05,0.06,0.04,1.6,0.24,0.7,0.4,1,0.1,0.2,0.04,1.6,0.5,0.8,0.3,0.4
Radermachera sinica,NoData,,Radermachera,Bignoniaceae,Btr,species,,,4,0.02,0.2,0.2,0.1,0.1,0.04,0.05,0.06,0.04,1.6,0.24,0.7,0.4,1,0.1,0.2,0.04,1.6,0.5,0.8,0.3,0.4
Raphia,NoData,,Raphia,Arecaceae,Unknown,genus,,,4,0.02,0.2,0.2,0.1,0.1,0.04,0.05,0.06,0.04,1.6,0.24,0.7,0.4,1,0.1,0.2,0.04,1.6,0.5,0.8,0.3,0.4
Raphia farinifera,NoData,raffia palm,Raphia,Arecaceae,Unknown,species,,,4,0.02,0.2,0.2,0.1,0.1,0.04,0.05,0.06,0.04,1.6,0.24,0.7,0.4,1,0.1,0.2,0.04,1.6,0.5,0.8,0.3,0.4
Raphia vinifera,NoData,West African piassava palm,Raphia,Arecaceae,Unknown,species,,,4,0.02,0.2,0.2,0.1,0.1,0.04,0.05,0.06,0.04,1.6,0.24,0.7,0.4,1,0.1,0.2,0.04,1.6,0.5,0.8,0.3,0.4
Rauvolfia,NoData,,Rauvolfia,Apocynaceae,Unknown,genus,,,4,0.02,0.2,0.2,0.1,0.1,0.04,0.05,0.06,0.04,1.6,0.24,0.7,0.4,1,0.1,0.2,0.04,1.6,0.5,0.8,0.3,0.4
Rauvolfia verticillata,NoData,,Rauvolfia,Apocynaceae,Unknown,species,,,4,0.02,0.2,0.2,0.1,0.1,0.04,0.05,0.06,0.04,1.6,0.24,0.7,0.4,1,0.1,0.2,0.04,1.6,0.5,0.8,0.3,0.4
Rauvolfia vomitoria,NoData,poison devil's-pepper,Rauvolfia,Apocynaceae,Btr,species,,,4,0.02,0.2,0.2,0.1,0.1,0.04,0.05,0.06,0.04,1.6,0.24,0.7,0.4,1,0.1,0.2,0.04,1.6,0.5,0.8,0.3,0.4
Ravenala,NoData,,Ravenala,Strelitziaceae,Btr,genus,,,4,0.02,0.2,0.2,0.1,0.1,0.04,0.05,0.06,0.04,1.6,0.24,0.7,0.4,1,0.1,0.2,0.04,1.6,0.5,0.8,0.3,0.4
Ravenala madagascariensis,NoData,traveler's tree,Ravenala,Strelitziaceae,Btr,species,,,4,0.02,0.2,0.2,0.1,0.1,0.04,0.05,0.06,0.04,1.6,0.24,0.7,0.4,1,0.1,0.2,0.04,1.6,0.5,0.8,0.3,0.4
Ravenea,NoData,,Ravenea,Arecaceae,Btr,genus,,,4,0.02,0.2,0.2,0.1,0.1,0.04,0.05,0.06,0.04,1.6,0.24,0.7,0.4,1,0.1,0.2,0.04,1.6,0.5,0.8,0.3,0.4
Ravenea rivularis,NoData,,Ravenea,Arecaceae,Btr,species,,,4,0.02,0.2,0.2,0.1,0.1,0.04,0.05,0.06,0.04,1.6,0.24,0.7,0.4,1,0.1,0.2,0.04,1.6,0.5,0.8,0.3,0.4
Reynosia,NoData,,Reynosia,Rhamnaceae,Btr,genus,,,4,0.02,0.2,0.2,0.1,0.1,0.04,0.05,0.06,0.04,1.6,0.24,0.7,0.4,1,0.1,0.2,0.04,1.6,0.5,0.8,0.3,0.4
Reynosia guama,NoData,guama,Reynosia,Rhamnaceae,Btr,species,,,4,0.02,0.2,0.2,0.1,0.1,0.04,0.05,0.06,0.04,1.6,0.24,0.7,0.4,1,0.1,0.2,0.04,1.6,0.5,0.8,0.3,0.4
Reynosia mangle,NoData,,Reynosia,Rhamnaceae,Unknown,species,,,4,0.02,0.2,0.2,0.1,0.1,0.04,0.05,0.06,0.04,1.6,0.24,0.7,0.4,1,0.1,0.2,0.04,1.6,0.5,0.8,0.3,0.4
Rhamnaceae,NoData,,Rhamnaceae,Rhamnaceae,Unknown,family,,,4,0.02,0.2,0.2,0.1,0.1,0.04,0.05,0.06,0.04,1.6,0.24,0.7,0.4,1,0.1,0.2,0.04,1.6,0.5,0.8,0.3,0.4
Rhamnus,Rhamnus,buckthorn,Rhamnus,Rhamnaceae,Btr,genus,,,16,0.02,0.1,0.1,0.05,0.05,0.04,0.05,0.06,0.04,1.6,0.24,0.7,0.4,1,0.1,0.2,0.04,1.6,0.5,0.8,0.3,0.4
Rhamnus alaternus,Rhamnus,Italian buckthorn,Rhamnus,Rhamnaceae,Unknown,species,,,16,0.02,0.1,0.1,0.05,0.05,0.04,0.05,0.06,0.04,1.6,0.24,0.7,0.4,1,0.1,0.2,0.04,1.6,0.5,0.8,0.3,0.4
Rhamnus californica,Rhamnus,,Rhamnus,Rhamnaceae,Unknown,species,,,16,0.02,0.1,0.1,0.05,0.05,0.04,0.05,0.06,0.04,1.6,0.24,0.7,0.4,1,0.1,0.2,0.04,1.6,0.5,0.8,0.3,0.4
Rhamnus crocea,Rhamnus,redberry buckthorn,Rhamnus,Rhamnaceae,Btr,species,,,16,0.02,0.1,0.1,0.05,0.05,0.04,0.05,0.06,0.04,1.6,0.24,0.7,0.4,1,0.1,0.2,0.04,1.6,0.5,0.8,0.3,0.4
Rhamnus lycioides,Rhamnus,,Rhamnus,Rhamnaceae,Unknown,species,,,16,0.02,0.1,0.1,0.05,0.05,0.04,0.05,0.06,0.04,1.6,0.24,0.7,0.4,1,0.1,0.2,0.04,1.6,0.5,0.8,0.3,0.4
Rhamnus purshiana,Rhamnus,,Rhamnus,Rhamnaceae,Unknown,species,,,16,0.02,0.1,0.1,0.05,0.05,0.04,0.05,0.06,0.04,1.6,0.24,0.7,0.4,1,0.1,0.2,0.04,1.6,0.5,0.8,0.3,0.4
Rhaphiobotrya,GFBtr,Eriobotrya,Rhaphiobotrya,Rosaceae,Btr,genus,,,8,0.02,0.4,0.4,0.1,0.2,0.04,0.05,0.06,0.04,1.6,0.24,0.7,0.4,1,0.1,0.2,0.04,1.6,0.5,0.8,0.3,0.4
Rhaphiolepis,NoData,,Rhaphiolepis,Rosaceae,Unknown,genus,,,4,0.02,0.2,0.2,0.1,0.1,0.04,0.05,0.06,0.04,1.6,0.24,0.7,0.4,1,0.1,0.2,0.04,1.6,0.5,0.8,0.3,0.4
Rhaphiolepis indica,NoData,,Rhaphiolepis,Rosaceae,Unknown,species,,,4,0.02,0.2,0.2,0.1,0.1,0.04,0.05,0.06,0.04,1.6,0.24,0.7,0.4,1,0.1,0.2,0.04,1.6,0.5,0.8,0.3,0.4
Rhaphiolepis 'Majestic Beauty',NoData,,Rhaphiolepis,Rosaceae,Unknown,species,,,4,0.02,0.2,0.2,0.1,0.1,0.04,0.05,0.06,0.04,1.6,0.24,0.7,0.4,1,0.1,0.2,0.04,1.6,0.5,0.8,0.3,0.4
Rhapidophyllum,NoData,,Rhapidophyllum,Arecaceae,Shrub,genus,,,4,0.02,0.2,0.2,0.1,0.1,0.04,0.05,0.06,0.04,1.6,0.24,0.7,0.4,1,0.1,0.2,0.04,1.6,0.5,0.8,0.3,0.4
Rhapidophyllum hystrix,NoData,needle palm,Rhapidophyllum,Arecaceae,Shrub,species,,,4,0.02,0.2,0.2,0.1,0.1,0.04,0.05,0.06,0.04,1.6,0.24,0.7,0.4,1,0.1,0.2,0.04,1.6,0.5,0.8,0.3,0.4
Rhapis,NoData,,Rhapis,TBD,Unknown,genus,,,4,0.02,0.2,0.2,0.1,0.1,0.04,0.05,0.06,0.04,1.6,0.24,0.7,0.4,1,0.1,0.2,0.04,1.6,0.5,0.8,0.3,0.4
Rhapis humilis,NoData,,Rhapis,TBD,Unknown,species,,,4,0.02,0.2,0.2,0.1,0.1,0.04,0.05,0.06,0.04,1.6,0.24,0.7,0.4,1,0.1,0.2,0.04,1.6,0.5,0.8,0.3,0.4
Rhizophora,NoData,,Rhizophora,Rhizophoraceae,Btr,genus,,,4,0.02,0.2,0.2,0.1,0.1,0.04,0.05,0.06,0.04,1.6,0.24,0.7,0.4,1,0.1,0.2,0.04,1.6,0.5,0.8,0.3,0.4
Rhizophora mangle,NoData,red mangrove,Rhizophora,Rhizophoraceae,Btr,species,,,4,0.02,0.2,0.2,0.1,0.1,0.04,0.05,0.06,0.04,1.6,0.24,0.7,0.4,1,0.1,0.2,0.04,1.6,0.5,0.8,0.3,0.4
Rhizophoraceae,NoData,,Rhizophoraceae,Rhizophoraceae,Unknown,family,,,4,0.02,0.2,0.2,0.1,0.1,0.04,0.05,0.06,0.04,1.6,0.24,0.7,0.4,1,0.1,0.2,0.04,1.6,0.5,0.8,0.3,0.4
Rhododendron,NoDataLowIso,,Rhododendron,Ericaceae,Unknown,genus,,,0.2,0.02,0.2,0.2,0.2,0.2,0.04,0.05,0.04,0.02,1.6,0.24,0.7,0.4,1,0.1,0.2,0.04,1.6,0.5,0.8,0.3,0.4
Rhododendron chrysanthum,NoDataLowIso,,Rhododendron,Ericaceae,Unknown,species,,,0.2,0.02,0.2,0.2,0.2,0.2,0.04,0.05,0.04,0.02,1.6,0.24,0.7,0.4,1,0.1,0.2,0.04,1.6,0.5,0.8,0.3,0.4
Rhododendron dahurica,NoDataLowIso,,Rhododendron,Ericaceae,Unknown,species,,,0.2,0.02,0.2,0.2,0.2,0.2,0.04,0.05,0.04,0.02,1.6,0.24,0.7,0.4,1,0.1,0.2,0.04,1.6,0.5,0.8,0.3,0.4
Rhododendron decorum,NoDataLowIso,,Rhododendron,Ericaceae,Unknown,species,,,0.2,0.02,0.2,0.2,0.2,0.2,0.04,0.05,0.04,0.02,1.6,0.24,0.7,0.4,1,0.1,0.2,0.04,1.6,0.5,0.8,0.3,0.4
Rhododendron delavayi,NoDataLowIso,,Rhododendron,Ericaceae,Unknown,species,,,0.2,0.02,0.2,0.2,0.2,0.2,0.04,0.05,0.04,0.02,1.6,0.24,0.7,0.4,1,0.1,0.2,0.04,1.6,0.5,0.8,0.3,0.4
Rhododendron irroratrum,NoDataLowIso,,Rhododendron,Ericaceae,Unknown,species,,,0.2,0.02,0.2,0.2,0.2,0.2,0.04,0.05,0.04,0.02,1.6,0.24,0.7,0.4,1,0.1,0.2,0.04,1.6,0.5,0.8,0.3,0.4
Rhododendron leptothrium,NoDataLowIso,,Rhododendron,Ericaceae,Unknown,species,,,0.2,0.02,0.2,0.2,0.2,0.2,0.04,0.05,0.04,0.02,1.6,0.24,0.7,0.4,1,0.1,0.2,0.04,1.6,0.5,0.8,0.3,0.4
Rhododendron maximum,NoDataLowIso,great laurel,Rhododendron,Ericaceae,Btr,species,,,0.2,0.02,0.2,0.2,0.2,0.2,0.04,0.05,0.04,0.02,1.6,0.24,0.7,0.4,1,0.1,0.2,0.04,1.6,0.5,0.8,0.3,0.4
Rhododendron racemosum,NoDataLowIso,,Rhododendron,Ericaceae,Unknown,species,,,0.2,0.02,0.2,0.2,0.2,0.2,0.04,0.05,0.04,0.02,1.6,0.24,0.7,0.4,1,0.1,0.2,0.04,1.6,0.5,0.8,0.3,0.4
Rhodosphaera,NoData,,Rhodosphaera,Anacardiaceae,Btr,genus,,,4,0.02,0.2,0.2,0.1,0.1,0.04,0.05,0.06,0.04,1.6,0.24,0.7,0.4,1,0.1,0.2,0.04,1.6,0.5,0.8,0.3,0.4
Rhodosphaera rhodanthema,NoData,,Rhodosphaera,Anacardiaceae,Btr,species,,,4,0.02,0.2,0.2,0.1,0.1,0.04,0.05,0.06,0.04,1.6,0.24,0.7,0.4,1,0.1,0.2,0.04,1.6,0.5,0.8,0.3,0.4
Rhopalostylis,NoData,,Rhopalostylis,Arecaceae,Btr,genus,,,4,0.02,0.2,0.2,0.1,0.1,0.04,0.05,0.06,0.04,1.6,0.24,0.7,0.4,1,0.1,0.2,0.04,1.6,0.5,0.8,0.3,0.4
Rhopalostylis baueri,NoData,,Rhopalostylis,Arecaceae,Btr,species,,,4,0.02,0.2,0.2,0.1,0.1,0.04,0.05,0.06,0.04,1.6,0.24,0.7,0.4,1,0.1,0.2,0.04,1.6,0.5,0.8,0.3,0.4
Rhumohra,NoData,,Rhumohra,TBD,Unknown,genus,,,4,0.02,0.2,0.2,0.1,0.1,0.04,0.05,0.06,0.04,1.6,0.24,0.7,0.4,1,0.1,0.2,0.04,1.6,0.5,0.8,0.3,0.4
Rhumohra adiantiformis,NoData,,Rhumohra,TBD,Unknown,species,,,4,0.02,0.2,0.2,0.1,0.1,0.04,0.05,0.06,0.04,1.6,0.24,0.7,0.4,1,0.1,0.2,0.04,1.6,0.5,0.8,0.3,0.4
Rhus,Rhus,sugar sumac,Rhus,Anacardiaceae,Btr,genus,,,0.2,0.02,0.6,0.2,0.4,0.1,0.04,0.05,0.06,0.04,1.6,0.24,0.7,0.4,1,0.1,0.2,0.04,1.6,0.5,0.8,0.3,0.4
Rhus,Rhus,sumac,Rhus,Anacardiaceae,Btr,genus,,,0.2,0.02,0.6,0.2,0.4,0.1,0.04,0.05,0.06,0.04,1.6,0.24,0.7,0.4,1,0.1,0.2,0.04,1.6,0.5,0.8,0.3,0.4
Rhus aromatica,Rhus aromatica,fragrant sumac,Rhus,Anacardiaceae,Shrub,species,,,0.2,0.02,6,2,6,4,2,0.05,1,0.2,1.6,0.24,0.7,0.4,1,0.1,0.2,0.04,1.6,0.5,0.8,0.3,0.4
Rhus chinensis,Rhus,Chinese sumac,Rhus,Anacardiaceae,Unknown,species,,,0.2,0.02,0.6,0.2,0.4,0.1,0.04,0.05,0.06,0.04,1.6,0.24,0.7,0.4,1,0.1,0.2,0.04,1.6,0.5,0.8,0.3,0.4
Rhus choriophylla,Rhus aromatica,,Rhus,Anacardiaceae,Btr,species,,,0.2,0.02,6,2,6,4,2,0.05,1,0.2,1.6,0.24,0.7,0.4,1,0.1,0.2,0.04,1.6,0.5,0.8,0.3,0.4
Rhus copallinum,Rhus aromatica,winged sumac,Rhus,Anacardiaceae,Btr,species,,,0.2,0.02,6,2,6,4,2,0.05,1,0.2,1.6,0.24,0.7,0.4,1,0.1,0.2,0.04,1.6,0.5,0.8,0.3,0.4
Rhus glabra,Rhus,smooth sumac,Rhus,Anacardiaceae,Btr,species,,,0.2,0.02,0.6,0.2,0.4,0.1,0.04,0.05,0.06,0.04,1.6,0.24,0.7,0.4,1,0.1,0.2,0.04,1.6,0.5,0.8,0.3,0.4
Rhus gueinzii,Rhus,,Rhus,Anacardiaceae,Unknown,species,,,0.2,0.02,0.6,0.2,0.4,0.1,0.04,0.05,0.06,0.04,1.6,0.24,0.7,0.4,1,0.1,0.2,0.04,1.6,0.5,0.8,0.3,0.4
Rhus hirta,Rhus,,Rhus,Anacardiaceae,BTr,species,,,0.2,0.02,0.6,0.2,0.4,0.1,0.04,0.05,0.06,0.04,1.6,0.24,0.7,0.4,1,0.1,0.2,0.04,1.6,0.5,0.8,0.3,0.4
Rhus integrifolia,Rhus aromatica,lemonade sumac,Rhus,Anacardiaceae,Btr,species,,,0.2,0.02,6,2,6,4,2,0.05,1,0.2,1.6,0.24,0.7,0.4,1,0.1,0.2,0.04,1.6,0.5,0.8,0.3,0.4
Rhus lancea,Rhus,African sumac,Rhus,Anacardiaceae,Btr,species,,,0.2,0.02,0.6,0.2,0.4,0.1,0.04,0.05,0.06,0.04,1.6,0.24,0.7,0.4,1,0.1,0.2,0.04,1.6,0.5,0.8,0.3,0.4
Rhus lanceolata,Rhus,,Rhus,Anacardiaceae,Btr,species,,,0.2,0.02,0.6,0.2,0.4,0.1,0.04,0.05,0.06,0.04,1.6,0.24,0.7,0.4,1,0.1,0.2,0.04,1.6,0.5,0.8,0.3,0.4
Rhus laurina,Rhus,,Rhus,Anacardiaceae,Btr,species,,,0.2,0.02,0.6,0.2,0.4,0.1,0.04,0.05,0.06,0.04,1.6,0.24,0.7,0.4,1,0.1,0.2,0.04,1.6,0.5,0.8,0.3,0.4
Rhus leptodictya,Rhus,,Rhus,Anacardiaceae,Unknown,species,,,0.2,0.02,0.6,0.2,0.4,0.1,0.04,0.05,0.06,0.04,1.6,0.24,0.7,0.4,1,0.1,0.2,0.04,1.6,0.5,0.8,0.3,0.4
Rhus microphylla,Rhus aromatica,littleleaf sumac,Rhus,Anacardiaceae,Btr,species,,,0.2,0.02,6,2,6,4,2,0.05,1,0.2,1.6,0.24,0.7,0.4,1,0.1,0.2,0.04,1.6,0.5,0.8,0.3,0.4
Rhus ovata,Rhus,sumac,Rhus,Anacardiaceae,Btr,species,,,0.2,0.02,0.6,0.2,0.4,0.1,0.04,0.05,0.06,0.04,1.6,0.24,0.7,0.4,1,0.1,0.2,0.04,1.6,0.5,0.8,0.3,0.4
Rhus pyroides,Rhus,,Rhus,Anacardiaceae,Unknown,species,,,0.2,0.02,0.6,0.2,0.4,0.1,0.04,0.05,0.06,0.04,1.6,0.24,0.7,0.4,1,0.1,0.2,0.04,1.6,0.5,0.8,0.3,0.4
Rhus typhina,Rhus,staghorn sumac,Rhus,Anacardiaceae,Btr,species,,,0.2,0.02,0.6,0.2,0.4,0.1,0.04,0.05,0.06,0.04,1.6,0.24,0.7,0.4,1,0.1,0.2,0.04,1.6,0.5,0.8,0.3,0.4
Ribes,NoData,,Ribes,Grossulariaceae,Shrub,genus,,,4,0.02,0.2,0.2,0.1,0.1,0.04,0.05,0.06,0.04,1.6,0.24,0.7,0.4,1,0.1,0.2,0.04,1.6,0.5,0.8,0.3,0.4
Ribes nigrum,NoData,European black currant,Ribes,Grossulariaceae,Shrub,species,,,4,0.02,0.2,0.2,0.1,0.1,0.04,0.05,0.06,0.04,1.6,0.24,0.7,0.4,1,0.1,0.2,0.04,1.6,0.5,0.8,0.3,0.4
Ricinodendron,NoData,,Ricinodendron,Euphorbiaceae,Unknown,genus,,,4,0.02,0.2,0.2,0.1,0.1,0.04,0.05,0.06,0.04,1.6,0.24,0.7,0.4,1,0.1,0.2,0.04,1.6,0.5,0.8,0.3,0.4
Ricinodendron heudelotii,NoData,,Ricinodendron,Euphorbiaceae,Unknown,species,,,4,0.02,0.2,0.2,0.1,0.1,0.04,0.05,0.06,0.04,1.6,0.24,0.7,0.4,1,0.1,0.2,0.04,1.6,0.5,0.8,0.3,0.4
Ricinus,NoData,,Ricinus,Euphorbiaceae,Btr,genus,,,4,0.02,0.2,0.2,0.1,0.1,0.04,0.05,0.06,0.04,1.6,0.24,0.7,0.4,1,0.1,0.2,0.04,1.6,0.5,0.8,0.3,0.4
Ricinus communis,NoData,castorbean,Ricinus,Euphorbiaceae,Btr,species,,,4,0.02,0.2,0.2,0.1,0.1,0.04,0.05,0.06,0.04,1.6,0.24,0.7,0.4,1,0.1,0.2,0.04,1.6,0.5,0.8,0.3,0.4
Rinorea,NoData,,Rinorea,TBD,Unknown,genus,,,4,0.02,0.2,0.2,0.1,0.1,0.04,0.05,0.06,0.04,1.6,0.24,0.7,0.4,1,0.1,0.2,0.04,1.6,0.5,0.8,0.3,0.4
Robinia,Robinia,locust,Robinia,Fabaceae,Btr,genus,,,24,0.02,0.05,0.05,0.05,0.05,0.04,0.05,0.06,0.04,1.6,0.24,0.7,0.4,1,0.1,0.2,0.04,1.6,0.5,0.8,0.3,0.4
Robinia neomexicana,Robinia,New Mexico locust,Robinia,Fabaceae,Btr,species,,,24,0.02,0.05,0.05,0.05,0.05,0.04,0.05,0.06,0.04,1.6,0.24,0.7,0.4,1,0.1,0.2,0.04,1.6,0.5,0.8,0.3,0.4
Robinia pseudoacacia,Robinia,black locust,Robinia,Fabaceae,Btr,species,,,24,0.02,0.05,0.05,0.05,0.05,0.04,0.05,0.06,0.04,1.6,0.24,0.7,0.4,1,0.1,0.2,0.04,1.6,0.5,0.8,0.3,0.4
Robinia x ambigua,Robinia,,Robinia,Fabaceae,Btr,species,,,24,0.02,0.05,0.05,0.05,0.05,0.04,0.05,0.06,0.04,1.6,0.24,0.7,0.4,1,0.1,0.2,0.04,1.6,0.5,0.8,0.3,0.4
Rochefortia,NoData,,Rochefortia,Boraginaceae,Unknown,genus,,,4,0.02,0.2,0.2,0.1,0.1,0.04,0.05,0.06,0.04,1.6,0.24,0.7,0.4,1,0.1,0.2,0.04,1.6,0.5,0.8,0.3,0.4
Rochefortia acanthoplora,NoData,,Rochefortia,Boraginaceae,Unknown,species,,,4,0.02,0.2,0.2,0.1,0.1,0.04,0.05,0.06,0.04,1.6,0.24,0.7,0.4,1,0.1,0.2,0.04,1.6,0.5,0.8,0.3,0.4
Romneya,NoData,,Romneya,Papaveraceae,Shrub,genus,,,4,0.02,0.2,0.2,0.1,0.1,0.04,0.05,0.06,0.04,1.6,0.24,0.7,0.4,1,0.1,0.2,0.04,1.6,0.5,0.8,0.3,0.4
Romneya coulteri,NoData,Coulter's Matilija poppy,Romneya,Papaveraceae,Shrub,species,,,4,0.02,0.2,0.2,0.1,0.1,0.04,0.05,0.06,0.04,1.6,0.24,0.7,0.4,1,0.1,0.2,0.04,1.6,0.5,0.8,0.3,0.4
Romneya trichocalyx,NoData,bristly Matilija poppy,Romneya,Papaveraceae,Shrub,species,,,4,0.02,0.2,0.2,0.1,0.1,0.04,0.05,0.06,0.04,1.6,0.24,0.7,0.4,1,0.1,0.2,0.04,1.6,0.5,0.8,0.3,0.4
Rosa,NoDataLowIso,rose,Rosa,Rosaceae,Shrub,genus,,,0.2,0.02,0.2,0.2,0.2,0.2,0.04,0.05,0.04,0.02,1.6,0.24,0.7,0.4,1,0.1,0.2,0.04,1.6,0.5,0.8,0.3,0.4
Rosa acicularis,NoDataLowIso,prickly rose,Rosa,Rosaceae,Shrub,species,,,0.2,0.02,0.2,0.2,0.2,0.2,0.04,0.05,0.04,0.02,1.6,0.24,0.7,0.4,1,0.1,0.2,0.04,1.6,0.5,0.8,0.3,0.4
Rosa banksiae,NoDataLowIso,rose,Rosa,Rosaceae,Shrub,species,,,0.2,0.02,0.2,0.2,0.2,0.2,0.04,0.05,0.04,0.02,1.6,0.24,0.7,0.4,1,0.1,0.2,0.04,1.6,0.5,0.8,0.3,0.4
Rosa hybrida,NoDataLowIso,,Rosa,Rosaceae,Unknown,species,,,0.2,0.02,0.2,0.2,0.2,0.2,0.04,0.05,0.04,0.02,1.6,0.24,0.7,0.4,1,0.1,0.2,0.04,1.6,0.5,0.8,0.3,0.4
Rosa longicuspis,NoDataLowIso,,Rosa,Rosaceae,Unknown,species,,,0.2,0.02,0.2,0.2,0.2,0.2,0.04,0.05,0.04,0.02,1.6,0.24,0.7,0.4,1,0.1,0.2,0.04,1.6,0.5,0.8,0.3,0.4
Rosaceae,NoData,,Rosaceae,Rosaceae,Unknown,family,,,4,0.02,0.2,0.2,0.1,0.1,0.04,0.05,0.06,0.04,1.6,0.24,0.7,0.4,1,0.1,0.2,0.04,1.6,0.5,0.8,0.3,0.4
Rosmarinus,NoData,,Rosmarinus,Lamiaceae,Shrub,genus,,,4,0.02,0.2,0.2,0.1,0.1,0.04,0.05,0.06,0.04,1.6,0.24,0.7,0.4,1,0.1,0.2,0.04,1.6,0.5,0.8,0.3,0.4
Rosmarinus officinalis,NoData,rosemary,Rosmarinus,Lamiaceae,Shrub,species,,,4,0.02,0.2,0.2,0.1,0.1,0.04,0.05,0.06,0.04,1.6,0.24,0.7,0.4,1,0.1,0.2,0.04,1.6,0.5,0.8,0.3,0.4
Roystonea,NoData,,Roystonea,Arecaceae,Btr,genus,,,4,0.02,0.2,0.2,0.1,0.1,0.04,0.05,0.06,0.04,1.6,0.24,0.7,0.4,1,0.1,0.2,0.04,1.6,0.5,0.8,0.3,0.4
Roystonea elata,NoData,Florida royal palm,Roystonea,Arecaceae,Btr,species,,,4,0.02,0.2,0.2,0.1,0.1,0.04,0.05,0.06,0.04,1.6,0.24,0.7,0.4,1,0.1,0.2,0.04,1.6,0.5,0.8,0.3,0.4
Roystonea humilis,NoData,,Roystonea,Arecaceae,Unknown,species,,,4,0.02,0.2,0.2,0.1,0.1,0.04,0.05,0.06,0.04,1.6,0.24,0.7,0.4,1,0.1,0.2,0.04,1.6,0.5,0.8,0.3,0.4
Roystonea oleracea,NoData,royal palm,Roystonea,Arecaceae,Btr,species,,,4,0.02,0.2,0.2,0.1,0.1,0.04,0.05,0.06,0.04,1.6,0.24,0.7,0.4,1,0.1,0.2,0.04,1.6,0.5,0.8,0.3,0.4
Roystonea regia,NoData,royal palm,Roystonea,Arecaceae,Btr,species,,,4,0.02,0.2,0.2,0.1,0.1,0.04,0.05,0.06,0.04,1.6,0.24,0.7,0.4,1,0.1,0.2,0.04,1.6,0.5,0.8,0.3,0.4
Rubiaceae,NoData,,Rubiaceae,Rubiaceae,Unknown,family,,,4,0.02,0.2,0.2,0.1,0.1,0.04,0.05,0.06,0.04,1.6,0.24,0.7,0.4,1,0.1,0.2,0.04,1.6,0.5,0.8,0.3,0.4
Rubus,NoData,blackberry,Rubus,Rosaceae,Shrub,genus,,,4,0.02,0.2,0.2,0.1,0.1,0.04,0.05,0.06,0.04,1.6,0.24,0.7,0.4,1,0.1,0.2,0.04,1.6,0.5,0.8,0.3,0.4
Rubus crataegifolius,NoData,,Rubus,Rosaceae,Unknown,species,,,4,0.02,0.2,0.2,0.1,0.1,0.04,0.05,0.06,0.04,1.6,0.24,0.7,0.4,1,0.1,0.2,0.04,1.6,0.5,0.8,0.3,0.4
Rubus fruticosus,NoData,shrubby blackberry,Rubus,Rosaceae,Shrub,species,,,4,0.02,0.2,0.2,0.1,0.1,0.04,0.05,0.06,0.04,1.6,0.24,0.7,0.4,1,0.1,0.2,0.04,1.6,0.5,0.8,0.3,0.4
Rubus ideaus,NoData,,Rubus,Rosaceae,Unknown,species,,,4,0.02,0.2,0.2,0.1,0.1,0.04,0.05,0.06,0.04,1.6,0.24,0.7,0.4,1,0.1,0.2,0.04,1.6,0.5,0.8,0.3,0.4
Rubus occidentalis,NoData,black raspberry,Rubus,Rosaceae,Shrub,species,,,4,0.02,0.2,0.2,0.1,0.1,0.04,0.05,0.06,0.04,1.6,0.24,0.7,0.4,1,0.1,0.2,0.04,1.6,0.5,0.8,0.3,0.4
Rubus parviflorus,NoData,thimbleberry,Rubus,Rosaceae,Shrub,species,,,4,0.02,0.2,0.2,0.1,0.1,0.04,0.05,0.06,0.04,1.6,0.24,0.7,0.4,1,0.1,0.2,0.04,1.6,0.5,0.8,0.3,0.4
Rubus ulmifolius,NoData,elmleaf blackberry,Rubus,Rosaceae,Shrub,species,,,4,0.02,0.2,0.2,0.1,0.1,0.04,0.05,0.06,0.04,1.6,0.24,0.7,0.4,1,0.1,0.2,0.04,1.6,0.5,0.8,0.3,0.4
Rubus ursinus,NoData,California blackberry,Rubus,Rosaceae,Shrub,species,,,4,0.02,0.2,0.2,0.1,0.1,0.04,0.05,0.06,0.04,1.6,0.24,0.7,0.4,1,0.1,0.2,0.04,1.6,0.5,0.8,0.3,0.4
Rutaceae,NoData,,Rutaceae,Rutaceae,Unknown,family,,,4,0.02,0.2,0.2,0.1,0.1,0.04,0.05,0.06,0.04,1.6,0.24,0.7,0.4,1,0.1,0.2,0.04,1.6,0.5,0.8,0.3,0.4
Sabal,Sabal,palmetto,Sabal,Arecaceae,Btr,genus,,,8,0.02,0.2,0.2,0.05,0.05,0.02,0.05,0.06,0.04,1.6,0.24,0.7,0.4,1,0.1,0.2,0.04,1.6,0.5,0.8,0.3,0.4
Sabal causiarum,Sabal,Puerto Rico palmetto,Sabal,Arecaceae,Btr,species,,,8,0.02,0.2,0.2,0.05,0.05,0.02,0.05,0.06,0.04,1.6,0.24,0.7,0.4,1,0.1,0.2,0.04,1.6,0.5,0.8,0.3,0.4
Sabal mexicana,Sabal,Rio Grande palmetto,Sabal,Arecaceae,Btr,species,,,8,0.02,0.2,0.2,0.05,0.05,0.02,0.05,0.06,0.04,1.6,0.24,0.7,0.4,1,0.1,0.2,0.04,1.6,0.5,0.8,0.3,0.4
Sabal minor,Sabal,dwarf palmetto,Sabal,Arecaceae,Btr,species,,,8,0.02,0.2,0.2,0.05,0.05,0.02,0.05,0.06,0.04,1.6,0.24,0.7,0.4,1,0.1,0.2,0.04,1.6,0.5,0.8,0.3,0.4
Sabal palmetto,Sabal,cabbage palmetto,Sabal,Arecaceae,Btr,species,,,8,0.02,0.2,0.2,0.05,0.05,0.02,0.05,0.06,0.04,1.6,0.24,0.7,0.4,1,0.1,0.2,0.04,1.6,0.5,0.8,0.3,0.4
Saccharum,NoData,sugarcane,Saccharum,Poaceae,Herb,genus,,,4,0.02,0.2,0.2,0.1,0.1,0.04,0.05,0.06,0.04,1.6,0.24,0.7,0.4,1,0.1,0.2,0.04,1.6,0.5,0.8,0.3,0.4
Salicaceae,Salix,,Salicaceae,Salicaceae,Unknown,family,,,16,0.02,0.2,0.6,0.05,0.05,0.04,0.05,0.06,0.04,1.6,0.24,0.7,0.4,1,0.1,0.2,0.04,1.6,0.5,0.8,0.3,0.4
Salix,Salix,willow,Salix,Salicaceae,Btr,genus,,,16,0.02,0.2,0.6,0.05,0.05,0.04,0.05,0.06,0.04,1.6,0.24,0.7,0.4,1,0.1,0.2,0.04,1.6,0.5,0.8,0.3,0.4
Salix alba,Salix,white willow,Salix,Salicaceae,Btr,species,,,16,0.02,0.2,0.6,0.05,0.05,0.04,0.05,0.06,0.04,1.6,0.24,0.7,0.4,1,0.1,0.2,0.04,1.6,0.5,0.8,0.3,0.4
Salix amygdaloides,Salix,peachleaf willow,Salix,Salicaceae,Btr,species,,,16,0.02,0.2,0.6,0.05,0.05,0.04,0.05,0.06,0.04,1.6,0.24,0.7,0.4,1,0.1,0.2,0.04,1.6,0.5,0.8,0.3,0.4
Salix arctica,Salix,arctic willow,Salix,Salicaceae,Shrub,species,,,16,0.02,0.2,0.6,0.05,0.05,0.04,0.05,0.06,0.04,1.6,0.24,0.7,0.4,1,0.1,0.2,0.04,1.6,0.5,0.8,0.3,0.4
Salix arctophila,Salix,northern willow,Salix,Salicaceae,Shrub,species,,,16,0.02,0.2,0.6,0.05,0.05,0.04,0.05,0.06,0.04,1.6,0.24,0.7,0.4,1,0.1,0.2,0.04,1.6,0.5,0.8,0.3,0.4
Salix atrocineria,Salix,,Salix,Salicaceae,Unknown,species,,,16,0.02,0.2,0.6,0.05,0.05,0.04,0.05,0.06,0.04,1.6,0.24,0.7,0.4,1,0.1,0.2,0.04,1.6,0.5,0.8,0.3,0.4
Salix babylonica,Salix,,Salix,Salicaceae,Unknown,species,,,16,0.02,0.2,0.6,0.05,0.05,0.04,0.05,0.06,0.04,1.6,0.24,0.7,0.4,1,0.1,0.2,0.04,1.6,0.5,0.8,0.3,0.4
Salix caprea,Salix,goat willow,Salix,Salicaceae,Shrub,species,,,16,0.02,0.2,0.6,0.05,0.05,0.04,0.05,0.06,0.04,1.6,0.24,0.7,0.4,1,0.1,0.2,0.04,1.6,0.5,0.8,0.3,0.4
Salix caroliniana,Salix,coastal plain willow,Salix,Salicaceae,Btr,species,,,16,0.02,0.2,0.6,0.05,0.05,0.04,0.05,0.06,0.04,1.6,0.24,0.7,0.4,1,0.1,0.2,0.04,1.6,0.5,0.8,0.3,0.4
salix chaenomeloides,Salix,,Salix,Salicaceae,Btr,species,,,16,0.02,0.2,0.6,0.05,0.05,0.04,0.05,0.06,0.04,1.6,0.24,0.7,0.4,1,0.1,0.2,0.04,1.6,0.5,0.8,0.3,0.4
Salix cinerea,Salix,large gray willow,Salix,Salicaceae,Btr,species,,,16,0.02,0.2,0.6,0.05,0.05,0.04,0.05,0.06,0.04,1.6,0.24,0.7,0.4,1,0.1,0.2,0.04,1.6,0.5,0.8,0.3,0.4
Salix commutata,Salix,undergreen willow,Salix,Salicaceae,Shrub,species,,,16,0.02,0.2,0.6,0.05,0.05,0.04,0.05,0.06,0.04,1.6,0.24,0.7,0.4,1,0.1,0.2,0.04,1.6,0.5,0.8,0.3,0.4
Salix discolor,Salix,pussy willow,Salix,Salicaceae,Btr,species,,,16,0.02,0.2,0.6,0.05,0.05,0.04,0.05,0.06,0.04,1.6,0.24,0.7,0.4,1,0.1,0.2,0.04,1.6,0.5,0.8,0.3,0.4
Salix exigua,Salix,narrowleaf willow,Salix,Salicaceae,Btr,species,,,16,0.02,0.2,0.6,0.05,0.05,0.04,0.05,0.06,0.04,1.6,0.24,0.7,0.4,1,0.1,0.2,0.04,1.6,0.5,0.8,0.3,0.4
Salix glauca,Salix,grayleaf willow,Salix,Salicaceae,Btr,species,,,16,0.02,0.2,0.6,0.05,0.05,0.04,0.05,0.06,0.04,1.6,0.24,0.7,0.4,1,0.1,0.2,0.04,1.6,0.5,0.8,0.3,0.4
Salix hindsiana,Salix,,Salix,Salicaceae,Unknown,species,,,16,0.02,0.2,0.6,0.05,0.05,0.04,0.05,0.06,0.04,1.6,0.24,0.7,0.4,1,0.1,0.2,0.04,1.6,0.5,0.8,0.3,0.4
Salix interior,Salix,sandbar willow,Salix,Salicaceae,Btr,species,,,16,0.02,0.2,0.6,0.05,0.05,0.04,0.05,0.06,0.04,1.6,0.24,0.7,0.4,1,0.1,0.2,0.04,1.6,0.5,0.8,0.3,0.4
Salix laevigata,Salix,red willow,Salix,Salicaceae,Shrub,species,,,16,0.02,0.2,0.6,0.05,0.05,0.04,0.05,0.06,0.04,1.6,0.24,0.7,0.4,1,0.1,0.2,0.04,1.6,0.5,0.8,0.3,0.4
Salix lasiandra,Salix,,Salix,Salicaceae,Unknown,species,,,16,0.02,0.2,0.6,0.05,0.05,0.04,0.05,0.06,0.04,1.6,0.24,0.7,0.4,1,0.1,0.2,0.04,1.6,0.5,0.8,0.3,0.4
Salix lasiolepis,Salix,arroyo willow,Salix,Salicaceae,Btr,species,,,16,0.02,0.2,0.6,0.05,0.05,0.04,0.05,0.06,0.04,1.6,0.24,0.7,0.4,1,0.1,0.2,0.04,1.6,0.5,0.8,0.3,0.4
Salix lutea,Salix,yellow willow,Salix,Salicaceae,Btr,species,,,16,0.02,0.2,0.6,0.05,0.05,0.04,0.05,0.06,0.04,1.6,0.24,0.7,0.4,1,0.1,0.2,0.04,1.6,0.5,0.8,0.3,0.4
Salix matsudana,Salix,corkscrew willow,Salix,Salicaceae,Shrub,species,,,16,0.02,0.2,0.6,0.05,0.05,0.04,0.05,0.06,0.04,1.6,0.24,0.7,0.4,1,0.1,0.2,0.04,1.6,0.5,0.8,0.3,0.4
Salix nigra,Salix,black willow,Salix,Salicaceae,Btr,species,,,16,0.02,0.2,0.6,0.05,0.05,0.04,0.05,0.06,0.04,1.6,0.24,0.7,0.4,1,0.1,0.2,0.04,1.6,0.5,0.8,0.3,0.4
Salix pedicellaris,Salix,bog willow,Salix,Salicaceae,Shrub,species,,,16,0.02,0.2,0.6,0.05,0.05,0.04,0.05,0.06,0.04,1.6,0.24,0.7,0.4,1,0.1,0.2,0.04,1.6,0.5,0.8,0.3,0.4
Salix pentandra,Salix,laurel willow,Salix,Salicaceae,Btr,species,,,16,0.02,0.2,0.6,0.05,0.05,0.04,0.05,0.06,0.04,1.6,0.24,0.7,0.4,1,0.1,0.2,0.04,1.6,0.5,0.8,0.3,0.4
Salix phylicifolia,Salix,,Salix,Salicaceae,Unknown,species,,,16,0.02,0.2,0.6,0.05,0.05,0.04,0.05,0.06,0.04,1.6,0.24,0.7,0.4,1,0.1,0.2,0.04,1.6,0.5,0.8,0.3,0.4
Salix pulchra,Salix,tealeaf willow,Salix,Salicaceae,Btr,species,,,16,0.02,0.2,0.6,0.05,0.05,0.04,0.05,0.06,0.04,1.6,0.24,0.7,0.4,1,0.1,0.2,0.04,1.6,0.5,0.8,0.3,0.4
Salix scouleriana,Salix,Scouler's willow,Salix,Salicaceae,Btr,species,,,16,0.02,0.2,0.6,0.05,0.05,0.04,0.05,0.06,0.04,1.6,0.24,0.7,0.4,1,0.1,0.2,0.04,1.6,0.5,0.8,0.3,0.4
Salix viminalis,Salix,basket willow,Salix,Salicaceae,Btr,species,,,16,0.02,0.2,0.6,0.05,0.05,0.04,0.05,0.06,0.04,1.6,0.24,0.7,0.4,1,0.1,0.2,0.04,1.6,0.5,0.8,0.3,0.4
Salvadora,NoData,,Salvadora,Salvadoraceae,Unknown,genus,,,4,0.02,0.2,0.2,0.1,0.1,0.04,0.05,0.06,0.04,1.6,0.24,0.7,0.4,1,0.1,0.2,0.04,1.6,0.5,0.8,0.3,0.4
Salvadora angustifolia,NoData,,Salvadora,Salvadoraceae,Unknown,species,,,4,0.02,0.2,0.2,0.1,0.1,0.04,0.05,0.06,0.04,1.6,0.24,0.7,0.4,1,0.1,0.2,0.04,1.6,0.5,0.8,0.3,0.4
Salvadora persica,NoData,,Salvadora,Salvadoraceae,Unknown,species,,,4,0.02,0.2,0.2,0.1,0.1,0.04,0.05,0.06,0.04,1.6,0.24,0.7,0.4,1,0.1,0.2,0.04,1.6,0.5,0.8,0.3,0.4
Salvia,NoData,sage,Salvia,Lamiaceae,Shrub,genus,,,4,0.02,0.2,0.2,0.1,0.1,0.04,0.05,0.06,0.04,1.6,0.24,0.7,0.4,1,0.1,0.2,0.04,1.6,0.5,0.8,0.3,0.4
Salvia ballotaeflora,NoData,,Salvia,Lamiaceae,Unknown,species,,,4,0.02,0.2,0.2,0.1,0.1,0.04,0.05,0.06,0.04,1.6,0.24,0.7,0.4,1,0.1,0.2,0.04,1.6,0.5,0.8,0.3,0.4
Salvia greggii,NoData,autumn sage,Salvia,Lamiaceae,Shrub,species,,,4,0.02,0.2,0.2,0.1,0.1,0.04,0.05,0.06,0.04,1.6,0.24,0.7,0.4,1,0.1,0.2,0.04,1.6,0.5,0.8,0.3,0.4
Salvia mellifera,NoData,black sage,Salvia,Lamiaceae,Shrub,species,,,4,0.02,0.2,0.2,0.1,0.1,0.04,0.05,0.06,0.04,1.6,0.24,0.7,0.4,1,0.1,0.2,0.04,1.6,0.5,0.8,0.3,0.4
Samanea,NoData,,Samanea,Fabaceae,Unknown,genus,,,4,0.02,0.2,0.2,0.1,0.1,0.04,0.05,0.06,0.04,1.6,0.24,0.7,0.4,1,0.1,0.2,0.04,1.6,0.5,0.8,0.3,0.4
Samanea saman,NoData,,Samanea,Fabaceae,Unknown,species,,,4,0.02,0.2,0.2,0.1,0.1,0.04,0.05,0.06,0.04,1.6,0.24,0.7,0.4,1,0.1,0.2,0.04,1.6,0.5,0.8,0.3,0.4
Sambucus,NoData,,Sambucus,Caprifoliaceae,Btr,genus,,,4,0.02,0.2,0.2,0.1,0.1,0.04,0.05,0.06,0.04,1.6,0.24,0.7,0.4,1,0.1,0.2,0.04,1.6,0.5,0.8,0.3,0.4
Sambucus caerulea var neomexicana,NoData,,Sambucus,Caprifoliaceae,Btr,species,,,4,0.02,0.2,0.2,0.1,0.1,0.04,0.05,0.06,0.04,1.6,0.24,0.7,0.4,1,0.1,0.2,0.04,1.6,0.5,0.8,0.3,0.4
Sambucus canadensis,NoData,,Sambucus,Caprifoliaceae,Unknown,species,,,4,0.02,0.2,0.2,0.1,0.1,0.04,0.05,0.06,0.04,1.6,0.24,0.7,0.4,1,0.1,0.2,0.04,1.6,0.5,0.8,0.3,0.4
Sambucus cerulea,NoData,elderberry,Sambucus,Caprifoliaceae,Btr,species,,,4,0.02,0.2,0.2,0.1,0.1,0.04,0.05,0.06,0.04,1.6,0.24,0.7,0.4,1,0.1,0.2,0.04,1.6,0.5,0.8,0.3,0.4
Sambucus nigra,NoData,black elderberry,Sambucus,Caprifoliaceae,Btr,species,,,4,0.02,0.2,0.2,0.1,0.1,0.04,0.05,0.06,0.04,1.6,0.24,0.7,0.4,1,0.1,0.2,0.04,1.6,0.5,0.8,0.3,0.4
Sambucus nigra ssp. cerulea,NoData,blue elderberry,Sambucus,Caprifoliaceae,Btr,species,,,4,0.02,0.2,0.2,0.1,0.1,0.04,0.05,0.06,0.04,1.6,0.24,0.7,0.4,1,0.1,0.2,0.04,1.6,0.5,0.8,0.3,0.4
Sambucus simponii,NoData,,Sambucus,Caprifoliaceae,Unknown,species,,,4,0.02,0.2,0.2,0.1,0.1,0.04,0.05,0.06,0.04,1.6,0.24,0.7,0.4,1,0.1,0.2,0.04,1.6,0.5,0.8,0.3,0.4
Sanchezia,NoData,,Sanchezia,Acanthaceae,Unknown,genus,,,4,0.02,0.2,0.2,0.1,0.1,0.04,0.05,0.06,0.04,1.6,0.24,0.7,0.4,1,0.1,0.2,0.04,1.6,0.5,0.8,0.3,0.4
Sanchezia nobilis,NoData,,Sanchezia,Acanthaceae,Unknown,species,,,4,0.02,0.2,0.2,0.1,0.1,0.04,0.05,0.06,0.04,1.6,0.24,0.7,0.4,1,0.1,0.2,0.04,1.6,0.5,0.8,0.3,0.4
Santiria,NoData,,Santiria,TBD,Unknown,genus,,,4,0.02,0.2,0.2,0.1,0.1,0.04,0.05,0.06,0.04,1.6,0.24,0.7,0.4,1,0.1,0.2,0.04,1.6,0.5,0.8,0.3,0.4
Santiria trimera,NoData,,Santiria,TBD,Unknown,species,,,4,0.02,0.2,0.2,0.1,0.1,0.04,0.05,0.06,0.04,1.6,0.24,0.7,0.4,1,0.1,0.2,0.04,1.6,0.5,0.8,0.3,0.4
Sapindaceae,NoData,,Sapindaceae,Sapindaceae,Unknown,family,,,4,0.02,0.2,0.2,0.1,0.1,0.04,0.05,0.06,0.04,1.6,0.24,0.7,0.4,1,0.1,0.2,0.04,1.6,0.5,0.8,0.3,0.4
Sapindus,Sapindus,,Sapindus,Sapindaceae,Btr,genus,,,0.2,0.02,0.05,0.2,0.02,0.02,0.04,0.05,0.06,0.04,1.6,0.24,0.7,0.4,1,0.1,0.2,0.04,1.6,0.5,0.8,0.3,0.4
Sapindus drummondii,Sapindus,,Sapindus,Sapindaceae,Btr,species,,,0.2,0.02,0.05,0.2,0.02,0.02,0.04,0.05,0.06,0.04,1.6,0.24,0.7,0.4,1,0.1,0.2,0.04,1.6,0.5,0.8,0.3,0.4
Sapindus mukorossi,Sapindus,Chinese soapberry,Sapindus,Sapindaceae,Btr,species,,,0.2,0.02,0.05,0.2,0.02,0.02,0.04,0.05,0.06,0.04,1.6,0.24,0.7,0.4,1,0.1,0.2,0.04,1.6,0.5,0.8,0.3,0.4
Sapindus saponaria,Sapindus,wingleaf soapberry,Sapindus,Sapindaceae,Btr,species,,,0.2,0.02,0.05,0.2,0.02,0.02,0.04,0.05,0.06,0.04,1.6,0.24,0.7,0.4,1,0.1,0.2,0.04,1.6,0.5,0.8,0.3,0.4
Sapium,Yucca,,Sapium,Euphorbiaceae,Unknown,genus,,,0.2,0.02,0.2,0.2,0.1,0.1,0.04,0.05,0.06,0.04,1.6,0.24,0.7,0.4,1,0.1,0.2,0.04,1.6,0.5,0.8,0.3,0.4
Sapium baccatum,Yucca,,Sapium,Euphorbiaceae,Unknown,species,,,0.2,0.02,0.2,0.2,0.1,0.1,0.04,0.05,0.06,0.04,1.6,0.24,0.7,0.4,1,0.1,0.2,0.04,1.6,0.5,0.8,0.3,0.4
Sapium eugeniaefolium,Yucca,,Sapium,Euphorbiaceae,Unknown,species,,,0.2,0.02,0.2,0.2,0.1,0.1,0.04,0.05,0.06,0.04,1.6,0.24,0.7,0.4,1,0.1,0.2,0.04,1.6,0.5,0.8,0.3,0.4
Sapium sebiferum,Yucca,,Sapium,Euphorbiaceae,Unknown,species,,,0.2,0.02,0.2,0.2,0.1,0.1,0.04,0.05,0.06,0.04,1.6,0.24,0.7,0.4,1,0.1,0.2,0.04,1.6,0.5,0.8,0.3,0.4
Sapotaceae,NoData,,Sapotaceae,Sapotaceae,Unknown,family,,,4,0.02,0.2,0.2,0.1,0.1,0.04,0.05,0.06,0.04,1.6,0.24,0.7,0.4,1,0.1,0.2,0.04,1.6,0.5,0.8,0.3,0.4
Saraca,NoData,,Saraca,TBD,Unknown,genus,,,4,0.02,0.2,0.2,0.1,0.1,0.04,0.05,0.06,0.04,1.6,0.24,0.7,0.4,1,0.1,0.2,0.04,1.6,0.5,0.8,0.3,0.4
Saraca declimata,NoData,,Saraca,TBD,Unknown,species,,,4,0.02,0.2,0.2,0.1,0.1,0.04,0.05,0.06,0.04,1.6,0.24,0.7,0.4,1,0.1,0.2,0.04,1.6,0.5,0.8,0.3,0.4
Sasa,NoData,,Sasa,Poaceae,Shrub,genus,,,4,0.02,0.2,0.2,0.1,0.1,0.04,0.05,0.06,0.04,1.6,0.24,0.7,0.4,1,0.1,0.2,0.04,1.6,0.5,0.8,0.3,0.4
Sasa palmata,NoData,broadleaf bamboo,Sasa,Poaceae,Shrub,species,,,4,0.02,0.2,0.2,0.1,0.1,0.04,0.05,0.06,0.04,1.6,0.24,0.7,0.4,1,0.1,0.2,0.04,1.6,0.5,0.8,0.3,0.4
Sassafras,Sassafras,Sassafras,Sassafras,Lauraceae,Btr,genus,,,0.2,0.02,0.02,0.02,0.05,0.05,0.04,0.05,0.06,0.04,1.6,0.24,0.7,0.4,1,0.1,0.2,0.04,1.6,0.5,0.8,0.3,0.4
Sassafras albidum,Sassafras,Sassafras,Sassafras,Lauraceae,Btr,species,,,0.2,0.02,0.02,0.02,0.05,0.05,0.04,0.05,0.06,0.04,1.6,0.24,0.7,0.4,1,0.1,0.2,0.04,1.6,0.5,0.8,0.3,0.4
Saxifragaceae,NoData,,Saxifragaceae,Saxifragaceae,btr,family,,,4,0.02,0.2,0.2,0.1,0.1,0.04,0.05,0.06,0.04,1.6,0.24,0.7,0.4,1,0.1,0.2,0.04,1.6,0.5,0.8,0.3,0.4
Schefflera,NoData,schefflera,Schefflera,Araliaceae,Btr,genus,,,4,0.02,0.2,0.2,0.1,0.1,0.04,0.05,0.06,0.04,1.6,0.24,0.7,0.4,1,0.1,0.2,0.04,1.6,0.5,0.8,0.3,0.4
Schefflera actinophylla,NoData,octopus tree,Schefflera,Araliaceae,Btr,species,,,4,0.02,0.2,0.2,0.1,0.1,0.04,0.05,0.06,0.04,1.6,0.24,0.7,0.4,1,0.1,0.2,0.04,1.6,0.5,0.8,0.3,0.4
Schefflera arboricola,NoData,schefflera,Schefflera,Araliaceae,Btr,species,,,4,0.02,0.2,0.2,0.1,0.1,0.04,0.05,0.06,0.04,1.6,0.24,0.7,0.4,1,0.1,0.2,0.04,1.6,0.5,0.8,0.3,0.4
Schefflera morototoni,NoData,,Schefflera,Araliaceae,Unknown,species,,,4,0.02,0.2,0.2,0.1,0.1,0.04,0.05,0.06,0.04,1.6,0.24,0.7,0.4,1,0.1,0.2,0.04,1.6,0.5,0.8,0.3,0.4
Schefflera pueckleri,NoData,,Schefflera,Araliaceae,Btr,species,,,4,0.02,0.2,0.2,0.1,0.1,0.04,0.05,0.06,0.04,1.6,0.24,0.7,0.4,1,0.1,0.2,0.04,1.6,0.5,0.8,0.3,0.4
Schima,NoData,,Schima,Theaceae,Unknown,genus,,,4,0.02,0.2,0.2,0.1,0.1,0.04,0.05,0.06,0.04,1.6,0.24,0.7,0.4,1,0.1,0.2,0.04,1.6,0.5,0.8,0.3,0.4
Schima argentea,NoData,,Schima,Theaceae,Unknown,species,,,4,0.02,0.2,0.2,0.1,0.1,0.04,0.05,0.06,0.04,1.6,0.24,0.7,0.4,1,0.1,0.2,0.04,1.6,0.5,0.8,0.3,0.4
Schima norohae,NoData,,Schima,Theaceae,Unknown,species,,,4,0.02,0.2,0.2,0.1,0.1,0.04,0.05,0.06,0.04,1.6,0.24,0.7,0.4,1,0.1,0.2,0.04,1.6,0.5,0.8,0.3,0.4
Schima wallichii,NoData,,Schima,Theaceae,Unknown,species,,,4,0.02,0.2,0.2,0.1,0.1,0.04,0.05,0.06,0.04,1.6,0.24,0.7,0.4,1,0.1,0.2,0.04,1.6,0.5,0.8,0.3,0.4
Schinus,Schinus,,Schinus,Anacardiaceae,Btr,genus,,,0.2,0.02,0.4,4,0.4,6,2,0.05,0.5,0.2,1.6,0.24,0.7,0.4,1,0.1,0.2,0.04,1.6,0.5,0.8,0.3,0.4
Schinus molle,Schinus,Peruvian peppertree,Schinus,Anacardiaceae,Btr,species,,,0.2,0.02,0.4,4,0.4,6,2,0.05,0.5,0.2,1.6,0.24,0.7,0.4,1,0.1,0.2,0.04,1.6,0.5,0.8,0.3,0.4
Schinus polygamus,Schinus,Hardee peppertree,Schinus,Anacardiaceae,Btr,species,,,0.2,0.02,0.4,4,0.4,6,2,0.05,0.5,0.2,1.6,0.24,0.7,0.4,1,0.1,0.2,0.04,1.6,0.5,0.8,0.3,0.4
Schinus terebinthifolius,NoData,Brazilian peppertree,Schinus,Anacardiaceae,Btr,species,,,4,0.02,0.2,0.2,0.1,0.1,0.04,0.05,0.06,0.04,1.6,0.24,0.7,0.4,1,0.1,0.2,0.04,1.6,0.5,0.8,0.3,0.4
Schizachyrium,NoData,,Schizachyrium,Poaceae,Unknown,genus,,,4,0.02,0.2,0.2,0.1,0.1,0.04,0.05,0.06,0.04,1.6,0.24,0.7,0.4,1,0.1,0.2,0.04,1.6,0.5,0.8,0.3,0.4
Schizachyrium scop.,NoData,,Schizachyrium,Poaceae,Unknown,species,,,4,0.02,0.2,0.2,0.1,0.1,0.04,0.05,0.06,0.04,1.6,0.24,0.7,0.4,1,0.1,0.2,0.04,1.6,0.5,0.8,0.3,0.4
Schizolobium,NoData,,Schizolobium,Fabaceae,Unknown,genus,,,4,0.02,0.2,0.2,0.1,0.1,0.04,0.05,0.06,0.04,1.6,0.24,0.7,0.4,1,0.1,0.2,0.04,1.6,0.5,0.8,0.3,0.4
Schizolobium amazonicum,NoData,,Schizolobium,Fabaceae,Unknown,species,,,4,0.02,0.2,0.2,0.1,0.1,0.04,0.05,0.06,0.04,1.6,0.24,0.7,0.4,1,0.1,0.2,0.04,1.6,0.5,0.8,0.3,0.4
Schizolobium parahyba,NoData,Brazilian firetree,Schizolobium,Fabaceae,Btr,species,,,4,0.02,0.2,0.2,0.1,0.1,0.04,0.05,0.06,0.04,1.6,0.24,0.7,0.4,1,0.1,0.2,0.04,1.6,0.5,0.8,0.3,0.4
Schizomussaenda,NoData,,Schizomussaenda,TBD,Unknown,genus,,,4,0.02,0.2,0.2,0.1,0.1,0.04,0.05,0.06,0.04,1.6,0.24,0.7,0.4,1,0.1,0.2,0.04,1.6,0.5,0.8,0.3,0.4
Schizomussaenda dehiscens,NoData,,Schizomussaenda,TBD,Unknown,species,,,4,0.02,0.2,0.2,0.1,0.1,0.04,0.05,0.06,0.04,1.6,0.24,0.7,0.4,1,0.1,0.2,0.04,1.6,0.5,0.8,0.3,0.4
Schotia,NoData,,Schotia,TBD,Unknown,genus,,,4,0.02,0.2,0.2,0.1,0.1,0.04,0.05,0.06,0.04,1.6,0.24,0.7,0.4,1,0.1,0.2,0.04,1.6,0.5,0.8,0.3,0.4
Schotia brachypetala,NoData,,Schotia,TBD,Unknown,species,,,4,0.02,0.2,0.2,0.1,0.1,0.04,0.05,0.06,0.04,1.6,0.24,0.7,0.4,1,0.1,0.2,0.04,1.6,0.5,0.8,0.3,0.4
Schotia capitata,NoData,,Schotia,TBD,Unknown,species,,,4,0.02,0.2,0.2,0.1,0.1,0.04,0.05,0.06,0.04,1.6,0.24,0.7,0.4,1,0.1,0.2,0.04,1.6,0.5,0.8,0.3,0.4
Sciadopitys,NoData,,Sciadopitys,Sciadopityaceae,Ntr,genus,,,4,0.02,0.2,0.2,0.1,0.1,0.04,0.05,0.06,0.04,1.6,0.24,0.7,0.4,1,0.1,0.2,0.04,1.6,0.5,0.8,0.3,0.4
Sciadopitys verticillata,NoData,Japanese umbrella-pine,Sciadopitys,Sciadopityaceae,Ntr,species,,,4,0.02,0.2,0.2,0.1,0.1,0.04,0.05,0.06,0.04,1.6,0.24,0.7,0.4,1,0.1,0.2,0.04,1.6,0.5,0.8,0.3,0.4
Sclerocarya,NoData,,Sclerocarya,Anacardiaceae,Unknown,genus,,,4,0.02,0.2,0.2,0.1,0.1,0.04,0.05,0.06,0.04,1.6,0.24,0.7,0.4,1,0.1,0.2,0.04,1.6,0.5,0.8,0.3,0.4
Sclerocarya birrea,NoData,marula,Sclerocarya,Anacardiaceae,Unknown,species,,,4,0.02,0.2,0.2,0.1,0.1,0.04,0.05,0.06,0.04,1.6,0.24,0.7,0.4,1,0.1,0.2,0.04,1.6,0.5,0.8,0.3,0.4
Scleronema,NoData,,Scleronema,TBD,Unknown,genus,,,4,0.02,0.2,0.2,0.1,0.1,0.04,0.05,0.06,0.04,1.6,0.24,0.7,0.4,1,0.1,0.2,0.04,1.6,0.5,0.8,0.3,0.4
Scleronema micranthum,NoData,,Scleronema,TBD,Unknown,species,,,4,0.02,0.2,0.2,0.1,0.1,0.04,0.05,0.06,0.04,1.6,0.24,0.7,0.4,1,0.1,0.2,0.04,1.6,0.5,0.8,0.3,0.4
Scrophulariaceae,NoData,,Scrophulariaceae,Scrophulariaceae,Unknown,family,,,4,0.02,0.2,0.2,0.1,0.1,0.04,0.05,0.06,0.04,1.6,0.24,0.7,0.4,1,0.1,0.2,0.04,1.6,0.5,0.8,0.3,0.4
Searsia,Searsia,,Searsia,Anacardiaceae,Btr,genus,BAAQMD,,24,0.02,0.005,0.05,0.005,0.005,0.01,0.05,0.001,0.001,1.6,0.24,0.7,0.4,1,0.1,0.2,0.04,1.6,0.5,0.8,0.3,0.4
Secale,NoData,,Secale,Poaceae,Herb,genus,,,4,0.02,0.2,0.2,0.1,0.1,0.04,0.05,0.06,0.04,1.6,0.24,0.7,0.4,1,0.1,0.2,0.04,1.6,0.5,0.8,0.3,0.4
Secale cereale,NoData,cereal rye,Secale,Poaceae,Herb,species,,,4,0.02,0.2,0.2,0.1,0.1,0.04,0.05,0.06,0.04,1.6,0.24,0.7,0.4,1,0.1,0.2,0.04,1.6,0.5,0.8,0.3,0.4
Securinega,NoData,,Securinega,Euphorbiaceae,Btr,genus,,,4,0.02,0.2,0.2,0.1,0.1,0.04,0.05,0.06,0.04,1.6,0.24,0.7,0.4,1,0.1,0.2,0.04,1.6,0.5,0.8,0.3,0.4
Securinega virosa,NoData,,Securinega,Euphorbiaceae,Btr,species,,,4,0.02,0.2,0.2,0.1,0.1,0.04,0.05,0.06,0.04,1.6,0.24,0.7,0.4,1,0.1,0.2,0.04,1.6,0.5,0.8,0.3,0.4
Senecio,NoData,,Senecio,Asteraceae,Unknown,genus,,,4,0.02,0.2,0.2,0.1,0.1,0.04,0.05,0.06,0.04,1.6,0.24,0.7,0.4,1,0.1,0.2,0.04,1.6,0.5,0.8,0.3,0.4
Senecio mikanioides,NoData,,Senecio,Asteraceae,Unknown,species,,,4,0.02,0.2,0.2,0.1,0.1,0.04,0.05,0.06,0.04,1.6,0.24,0.7,0.4,1,0.1,0.2,0.04,1.6,0.5,0.8,0.3,0.4
Senecio vulgaris,NoData,old-man-in-the-Spring,Senecio,Asteraceae,Herb,species,,,4,0.02,0.2,0.2,0.1,0.1,0.04,0.05,0.06,0.04,1.6,0.24,0.7,0.4,1,0.1,0.2,0.04,1.6,0.5,0.8,0.3,0.4
Senegalia,Senegalia,Previously Acacias,Senegalia,Fabaceae,Btr,genus,,,12,0.02,0.05,0.05,0.05,0.05,0.04,0.05,0.06,0.04,1.6,0.24,0.7,0.4,1,0.1,0.2,0.04,1.6,0.5,0.8,0.3,0.4
SenegaliaIso,SenegaliaIso,Previously Acacias,SenegaliaIso,Fabaceae,Btr,genus,,,24,0.02,0.05,0.05,0.05,0.05,0.04,0.05,0.06,0.04,1.6,0.24,0.7,0.4,1,0.1,0.2,0.04,1.6,0.5,0.8,0.3,0.4
SenegaliaNoIso,SenegaliaNoIso,Previously Acacias,SenegaliaNoIso,Fabaceae,Btr,genus,,,0.2,0.02,0.05,0.05,0.05,0.05,0.04,0.05,0.06,0.04,1.6,0.24,0.7,0.4,1,0.1,0.2,0.04,1.6,0.5,0.8,0.3,0.4
Senna,NoData,,Senna,Fabaceae,Btr,genus,,,4,0.02,0.2,0.2,0.1,0.1,0.04,0.05,0.06,0.04,1.6,0.24,0.7,0.4,1,0.1,0.2,0.04,1.6,0.5,0.8,0.3,0.4
Senna corymbosa,NoData,Argentine senna,Senna,Fabaceae,Btr,species,,,4,0.02,0.2,0.2,0.1,0.1,0.04,0.05,0.06,0.04,1.6,0.24,0.7,0.4,1,0.1,0.2,0.04,1.6,0.5,0.8,0.3,0.4
Senna didymobotrya,NoData,African senna,Senna,Fabaceae,Shrub,species,,,4,0.02,0.2,0.2,0.1,0.1,0.04,0.05,0.06,0.04,1.6,0.24,0.7,0.4,1,0.1,0.2,0.04,1.6,0.5,0.8,0.3,0.4
Senna multiglandulosa,NoData,glandular senna,Senna,Fabaceae,Btr,species,,,4,0.02,0.2,0.2,0.1,0.1,0.04,0.05,0.06,0.04,1.6,0.24,0.7,0.4,1,0.1,0.2,0.04,1.6,0.5,0.8,0.3,0.4
Senna spectabilis,NoData,casia amarilla,Senna,Fabaceae,Btr,species,,,4,0.02,0.2,0.2,0.1,0.1,0.04,0.05,0.06,0.04,1.6,0.24,0.7,0.4,1,0.1,0.2,0.04,1.6,0.5,0.8,0.3,0.4
Sequoia,Sequoia,redwood,Sequoia,Cupressaceae,Ntr,genus,,,0.05,0.3,0.6,0.2,0.2,1,0.2,0.05,0.06,0.2,1.6,0.24,0.7,0.4,1,0.1,0.2,0.04,1.6,0.5,0.8,0.3,0.4
Sequoia sempervirens,Sequoia,redwood,Sequoia,Cupressaceae,Ntr,species,,,0.05,0.3,0.6,0.2,0.2,1,0.2,0.05,0.06,0.2,1.6,0.24,0.7,0.4,1,0.1,0.2,0.04,1.6,0.5,0.8,0.3,0.4
Sequoiadendron,Sequoia,,Sequoiadendron,Cupressaceae,Ntr,species,,,0.05,0.3,0.6,0.2,0.2,1,0.2,0.05,0.06,0.2,1.6,0.24,0.7,0.4,1,0.1,0.2,0.04,1.6,0.5,0.8,0.3,0.4
Sequoiadendron giganteum,Sequoia,giant sequoia,Sequoiadendron,Cupressaceae,Ntr,species,,,0.05,0.3,0.6,0.2,0.2,1,0.2,0.05,0.06,0.2,1.6,0.24,0.7,0.4,1,0.1,0.2,0.04,1.6,0.5,0.8,0.3,0.4
Serenoa,NoData,,Serenoa,Arecaceae,Btr,genus,,,4,0.02,0.2,0.2,0.1,0.1,0.04,0.05,0.06,0.04,1.6,0.24,0.7,0.4,1,0.1,0.2,0.04,1.6,0.5,0.8,0.3,0.4
Serenoa repens,NoData,saw palmetto,Serenoa,Arecaceae,Btr,species,,,4,0.02,0.2,0.2,0.1,0.1,0.04,0.05,0.06,0.04,1.6,0.24,0.7,0.4,1,0.1,0.2,0.04,1.6,0.5,0.8,0.3,0.4
Serjania,NoData,,Serjania,Sapindaceae,Unknown,genus,,,4,0.02,0.2,0.2,0.1,0.1,0.04,0.05,0.06,0.04,1.6,0.24,0.7,0.4,1,0.1,0.2,0.04,1.6,0.5,0.8,0.3,0.4
Serjania mexicana,NoData,,Serjania,Sapindaceae,Unknown,species,,,4,0.02,0.2,0.2,0.1,0.1,0.04,0.05,0.06,0.04,1.6,0.24,0.7,0.4,1,0.1,0.2,0.04,1.6,0.5,0.8,0.3,0.4
Setaria,NoData,,Setaria,Poaceae,Herb,genus,,,4,0.02,0.2,0.2,0.1,0.1,0.04,0.05,0.06,0.04,1.6,0.24,0.7,0.4,1,0.1,0.2,0.04,1.6,0.5,0.8,0.3,0.4
Setaria texana,NoData,Texas bristlegrass,Setaria,Poaceae,Herb,species,,,4,0.02,0.2,0.2,0.1,0.1,0.04,0.05,0.06,0.04,1.6,0.24,0.7,0.4,1,0.1,0.2,0.04,1.6,0.5,0.8,0.3,0.4
Shorea,NoData,,Shorea,Dipterocarpaceae,Unknown,genus,,,4,0.02,0.2,0.2,0.1,0.1,0.04,0.05,0.06,0.04,1.6,0.24,0.7,0.4,1,0.1,0.2,0.04,1.6,0.5,0.8,0.3,0.4
Shorea wangtanshuea,NoData,,Shorea,Dipterocarpaceae,Unknown,species,,,4,0.02,0.2,0.2,0.1,0.1,0.04,0.05,0.06,0.04,1.6,0.24,0.7,0.4,1,0.1,0.2,0.04,1.6,0.5,0.8,0.3,0.4
Sideroxylon,Myrica,,Sideroxylon,Sapotaceae,Btr,genus,,,8,0.02,0.2,0.2,0.1,0.1,0.04,0.05,0.06,0.04,1.6,0.24,0.7,0.4,1,0.1,0.2,0.04,1.6,0.5,0.8,0.3,0.4
Sideroxylon lanuginosum,Myrica,gum bully,Sideroxylon,Sapotaceae,Btr,species,,,8,0.02,0.2,0.2,0.1,0.1,0.04,0.05,0.06,0.04,1.6,0.24,0.7,0.4,1,0.1,0.2,0.04,1.6,0.5,0.8,0.3,0.4
Sideroxylon lanuginosum ssp. lanuginosum,Myrica,gum bully,Sideroxylon,Sapotaceae,Btr,species,,,8,0.02,0.2,0.2,0.1,0.1,0.04,0.05,0.06,0.04,1.6,0.24,0.7,0.4,1,0.1,0.2,0.04,1.6,0.5,0.8,0.3,0.4
Simarouba,NoData,,Simarouba,Simaroubaceae,Btr,genus,,,4,0.02,0.2,0.2,0.1,0.1,0.04,0.05,0.06,0.04,1.6,0.24,0.7,0.4,1,0.1,0.2,0.04,1.6,0.5,0.8,0.3,0.4
Simarouba amara,NoData,,Simarouba,Simaroubaceae,Btr,species,,,4,0.02,0.2,0.2,0.1,0.1,0.04,0.05,0.06,0.04,1.6,0.24,0.7,0.4,1,0.1,0.2,0.04,1.6,0.5,0.8,0.3,0.4
Simarouba glauca,Myrica,paradisetree,Simarouba,Simaroubaceae,Btr,species,,,8,0.02,0.2,0.2,0.1,0.1,0.04,0.05,0.06,0.04,1.6,0.24,0.7,0.4,1,0.1,0.2,0.04,1.6,0.5,0.8,0.3,0.4
Simaroubaceae,NoData,,Simaroubaceae,Simaroubaceae,Unknown,family,,,4,0.02,0.2,0.2,0.1,0.1,0.04,0.05,0.06,0.04,1.6,0.24,0.7,0.4,1,0.1,0.2,0.04,1.6,0.5,0.8,0.3,0.4
Simmondsia,Simmondsia chinensis,,Simmondsia,Simmondsiaceae,Shrub,genus,,,16,0.02,0.2,0.2,0.1,0.1,0.04,0.05,0.06,0.04,1.6,0.24,0.7,0.4,1,0.1,0.2,0.04,1.6,0.5,0.8,0.3,0.4
Simmondsia chinensis,Simmondsia chinensis,jojoba,Simmondsia,Simmondsiaceae,Shrub,species,,,16,0.02,0.2,0.2,0.1,0.1,0.04,0.05,0.06,0.04,1.6,0.24,0.7,0.4,1,0.1,0.2,0.04,1.6,0.5,0.8,0.3,0.4
Simmondsiaceae,Simmondsia chinensis,,Simmondsiaceae,Simmondsiaceae,Unknown,family,,,16,0.02,0.2,0.2,0.1,0.1,0.04,0.05,0.06,0.04,1.6,0.24,0.7,0.4,1,0.1,0.2,0.04,1.6,0.5,0.8,0.3,0.4
Sinarundinaria,NoData,,Sinarundinaria,TBD,Unknown,genus,,,4,0.02,0.2,0.2,0.1,0.1,0.04,0.05,0.06,0.04,1.6,0.24,0.7,0.4,1,0.1,0.2,0.04,1.6,0.5,0.8,0.3,0.4
Sinarundinaria nitida,NoData,,Sinarundinaria,TBD,Unknown,species,,,4,0.02,0.2,0.2,0.1,0.1,0.04,0.05,0.06,0.04,1.6,0.24,0.7,0.4,1,0.1,0.2,0.04,1.6,0.5,0.8,0.3,0.4
Sindora,NoData,,Sindora,TBD,Unknown,genus,,,4,0.02,0.2,0.2,0.1,0.1,0.04,0.05,0.06,0.04,1.6,0.24,0.7,0.4,1,0.1,0.2,0.04,1.6,0.5,0.8,0.3,0.4
Sindora glabra,NoData,,Sindora,TBD,Unknown,species,,,4,0.02,0.2,0.2,0.1,0.1,0.04,0.05,0.06,0.04,1.6,0.24,0.7,0.4,1,0.1,0.2,0.04,1.6,0.5,0.8,0.3,0.4
Sinobambusa,NoData,,Sinobambusa,TBD,Unknown,genus,,,4,0.02,0.2,0.2,0.1,0.1,0.04,0.05,0.06,0.04,1.6,0.24,0.7,0.4,1,0.1,0.2,0.04,1.6,0.5,0.8,0.3,0.4
Sinobambusa tootsik,NoData,,Sinobambusa,TBD,Unknown,species,,,4,0.02,0.2,0.2,0.1,0.1,0.04,0.05,0.06,0.04,1.6,0.24,0.7,0.4,1,0.1,0.2,0.04,1.6,0.5,0.8,0.3,0.4
Siparuna,NoData,,Siparuna,TBD,Unknown,genus,,,4,0.02,0.2,0.2,0.1,0.1,0.04,0.05,0.06,0.04,1.6,0.24,0.7,0.4,1,0.1,0.2,0.04,1.6,0.5,0.8,0.3,0.4
Siparuna amazonica,NoData,,Siparuna,TBD,Unknown,species,,,4,0.02,0.2,0.2,0.1,0.1,0.04,0.05,0.06,0.04,1.6,0.24,0.7,0.4,1,0.1,0.2,0.04,1.6,0.5,0.8,0.3,0.4
Sladeniaceae,NoData,,Sladeniaceae,Sladeniaceae,Unknown,family,,,4,0.02,0.2,0.2,0.1,0.1,0.04,0.05,0.06,0.04,1.6,0.24,0.7,0.4,1,0.1,0.2,0.04,1.6,0.5,0.8,0.3,0.4
Smilacaceae,NoData,,Smilacaceae,Smilacaceae,Unknown,family,,,4,0.02,0.2,0.2,0.1,0.1,0.04,0.05,0.06,0.04,1.6,0.24,0.7,0.4,1,0.1,0.2,0.04,1.6,0.5,0.8,0.3,0.4
Smilax,Myrica,greenbrier,Smilax,Smilacaceae,Shrub,genus,,,8,0.02,0.2,0.2,0.1,0.1,0.04,0.05,0.06,0.04,1.6,0.24,0.7,0.4,1,0.1,0.2,0.04,1.6,0.5,0.8,0.3,0.4
Smilax glauca,Myrica,cat greenbrier,Smilax,Smilacaceae,Shrub,species,,,8,0.02,0.2,0.2,0.1,0.1,0.04,0.05,0.06,0.04,1.6,0.24,0.7,0.4,1,0.1,0.2,0.04,1.6,0.5,0.8,0.3,0.4
Smilax hispida,Myrica,greenbrier,Smilax,Smilacaceae,Shrub,species,,,8,0.02,0.2,0.2,0.1,0.1,0.04,0.05,0.06,0.04,1.6,0.24,0.7,0.4,1,0.1,0.2,0.04,1.6,0.5,0.8,0.3,0.4
Smilax rotundifolia,Myrica,roundleaf greenbrier,Smilax,Smilacaceae,Shrub,species,,,8,0.02,0.2,0.2,0.1,0.1,0.04,0.05,0.06,0.04,1.6,0.24,0.7,0.4,1,0.1,0.2,0.04,1.6,0.5,0.8,0.3,0.4
Smilax tamnoides,Myrica,bristly greenbrier,Smilax,Smilacaceae,Shrub,species,,,8,0.02,0.2,0.2,0.1,0.1,0.04,0.05,0.06,0.04,1.6,0.24,0.7,0.4,1,0.1,0.2,0.04,1.6,0.5,0.8,0.3,0.4
Socratea,NoData,,Socratea,Arecaceae,Btr,genus,,,4,0.02,0.2,0.2,0.1,0.1,0.04,0.05,0.06,0.04,1.6,0.24,0.7,0.4,1,0.1,0.2,0.04,1.6,0.5,0.8,0.3,0.4
Socratea exorrhiza,NoData,,Socratea,Arecaceae,Btr,species,,,4,0.02,0.2,0.2,0.1,0.1,0.04,0.05,0.06,0.04,1.6,0.24,0.7,0.4,1,0.1,0.2,0.04,1.6,0.5,0.8,0.3,0.4
Solanaceae,NoData,,Solanaceae,Solanaceae,Unknown,family,,,4,0.02,0.2,0.2,0.1,0.1,0.04,0.05,0.06,0.04,1.6,0.24,0.7,0.4,1,0.1,0.2,0.04,1.6,0.5,0.8,0.3,0.4
Solanum,NoDataLowIso,nightshade,Solanum,Solanaceae,Btr,genus,,,0.2,0.02,0.2,0.2,0.2,0.2,0.04,0.05,0.04,0.02,1.6,0.24,0.7,0.4,1,0.1,0.2,0.04,1.6,0.5,0.8,0.3,0.4
Solanum lycopersicum,NoDataLowIso,garden tomato,Solanum,Solanaceae,Herb,species,,,0.2,0.02,0.2,0.2,0.2,0.2,0.04,0.05,0.04,0.02,1.6,0.24,0.7,0.4,1,0.1,0.2,0.04,1.6,0.5,0.8,0.3,0.4
Solanum macranthum,NoDataLowIso,,Solanum,Solanaceae,Unknown,species,,,0.2,0.02,0.2,0.2,0.2,0.2,0.04,0.05,0.04,0.02,1.6,0.24,0.7,0.4,1,0.1,0.2,0.04,1.6,0.5,0.8,0.3,0.4
Solanum tuberosum,NoDataLowIso,Irish potato,Solanum,Solanaceae,Shrub,species,,,0.2,0.02,0.2,0.2,0.2,0.2,0.04,0.05,0.04,0.02,1.6,0.24,0.7,0.4,1,0.1,0.2,0.04,1.6,0.5,0.8,0.3,0.4
Solanum verbacifolium,NoDataLowIso,,Solanum,Solanaceae,Unknown,species,,,0.2,0.02,0.2,0.2,0.2,0.2,0.04,0.05,0.04,0.02,1.6,0.24,0.7,0.4,1,0.1,0.2,0.04,1.6,0.5,0.8,0.3,0.4
Sophora,NoData,,Sophora,Fabaceae,Unknown,genus,,,4,0.02,0.2,0.2,0.1,0.1,0.04,0.05,0.06,0.04,1.6,0.24,0.7,0.4,1,0.1,0.2,0.04,1.6,0.5,0.8,0.3,0.4
Sophora affinis,NoData,,Sophora,Fabaceae,Unknown,species,,,4,0.02,0.2,0.2,0.1,0.1,0.04,0.05,0.06,0.04,1.6,0.24,0.7,0.4,1,0.1,0.2,0.04,1.6,0.5,0.8,0.3,0.4
Sophora japonica,NoData,,Sophora,Fabaceae,Unknown,species,,,4,0.02,0.2,0.2,0.1,0.1,0.04,0.05,0.06,0.04,1.6,0.24,0.7,0.4,1,0.1,0.2,0.04,1.6,0.5,0.8,0.3,0.4
Sophora secundiflora,NoData,mescal bean,Sophora,Fabaceae,Btr,species,,,4,0.02,0.2,0.2,0.1,0.1,0.04,0.05,0.06,0.04,1.6,0.24,0.7,0.4,1,0.1,0.2,0.04,1.6,0.5,0.8,0.3,0.4
Sorbus,Sorbus,mountain ash,Sorbus,Rosaceae,Btr,genus,,,0.2,0.02,0.05,0.05,0.02,0.05,0.04,0.05,0.06,0.04,1.6,0.24,0.7,0.4,1,0.1,0.2,0.04,1.6,0.5,0.8,0.3,0.4
Sorbus americana,Sorbus,American mountain ash,Sorbus,Rosaceae,Btr,species,,,0.2,0.02,0.05,0.05,0.02,0.05,0.04,0.05,0.06,0.04,1.6,0.24,0.7,0.4,1,0.1,0.2,0.04,1.6,0.5,0.8,0.3,0.4
Sorbus aucuparia,Sorbus,European mountain ash,Sorbus,Rosaceae,Btr,species,,,0.2,0.02,0.05,0.05,0.02,0.05,0.04,0.05,0.06,0.04,1.6,0.24,0.7,0.4,1,0.1,0.2,0.04,1.6,0.5,0.8,0.3,0.4
Sorbus aucuparius,Sorbus,,Sorbus,Rosaceae,Unknown,species,,,0.2,0.02,0.05,0.05,0.02,0.05,0.04,0.05,0.06,0.04,1.6,0.24,0.7,0.4,1,0.1,0.2,0.04,1.6,0.5,0.8,0.3,0.4
Sorbus ferruginea,Sorbus,,Sorbus,Rosaceae,Unknown,species,,,0.2,0.02,0.05,0.05,0.02,0.05,0.04,0.05,0.06,0.04,1.6,0.24,0.7,0.4,1,0.1,0.2,0.04,1.6,0.5,0.8,0.3,0.4
Sorbus pohuashanensis,Sorbus,,Sorbus,Rosaceae,Unknown,species,,,0.2,0.02,0.05,0.05,0.02,0.05,0.04,0.05,0.06,0.04,1.6,0.24,0.7,0.4,1,0.1,0.2,0.04,1.6,0.5,0.8,0.3,0.4
Sorbus pubescens,Sorbus,,Sorbus,Rosaceae,Unknown,species,,,0.2,0.02,0.05,0.05,0.02,0.05,0.04,0.05,0.06,0.04,1.6,0.24,0.7,0.4,1,0.1,0.2,0.04,1.6,0.5,0.8,0.3,0.4
Sorbus scopulina,Sorbus,Greene's mountain ash,Sorbus,Rosaceae,Btr,species,,,0.2,0.02,0.05,0.05,0.02,0.05,0.04,0.05,0.06,0.04,1.6,0.24,0.7,0.4,1,0.1,0.2,0.04,1.6,0.5,0.8,0.3,0.4
Sorbus sitchensis,Sorbus,western mountain ash,Sorbus,Rosaceae,Btr,species,,,0.2,0.02,0.05,0.05,0.02,0.05,0.04,0.05,0.06,0.04,1.6,0.24,0.7,0.4,1,0.1,0.2,0.04,1.6,0.5,0.8,0.3,0.4
Sorghum,NoDataLowIso,sorghum,Sorghum,Poaceae,Herb,genus,,,0.2,0.02,0.2,0.2,0.2,0.2,0.04,0.05,0.04,0.02,1.6,0.24,0.7,0.4,1,0.1,0.2,0.04,1.6,0.5,0.8,0.3,0.4
Sorghum bicolor,NoDataLowIso,sorghum,Sorghum,Poaceae,Herb,species,,,0.2,0.02,0.2,0.2,0.2,0.2,0.04,0.05,0.04,0.02,1.6,0.24,0.7,0.4,1,0.1,0.2,0.04,1.6,0.5,0.8,0.3,0.4
Sorghum vulga,NoDataLowIso,,Sorghum,Poaceae,Unknown,species,,,0.2,0.02,0.2,0.2,0.2,0.2,0.04,0.05,0.04,0.02,1.6,0.24,0.7,0.4,1,0.1,0.2,0.04,1.6,0.5,0.8,0.3,0.4
Sorghum vulgare,NoDataLowIso,,Sorghum,Poaceae,Unknown,species,,,0.2,0.02,0.2,0.2,0.2,0.2,0.04,0.05,0.04,0.02,1.6,0.24,0.7,0.4,1,0.1,0.2,0.04,1.6,0.5,0.8,0.3,0.4
Spartium,NoData,,Spartium,Fabaceae,Shrub,genus,,,4,0.02,0.2,0.2,0.1,0.1,0.04,0.05,0.06,0.04,1.6,0.24,0.7,0.4,1,0.1,0.2,0.04,1.6,0.5,0.8,0.3,0.4
Spartium junceum,NoData,Spanish broom,Spartium,Fabaceae,Shrub,species,,,4,0.02,0.2,0.2,0.1,0.1,0.04,0.05,0.06,0.04,1.6,0.24,0.7,0.4,1,0.1,0.2,0.04,1.6,0.5,0.8,0.3,0.4
Spathiphyllum,NoData,,Spathiphyllum,TBD,Unknown,genus,,,4,0.02,0.2,0.2,0.1,0.1,0.04,0.05,0.06,0.04,1.6,0.24,0.7,0.4,1,0.1,0.2,0.04,1.6,0.5,0.8,0.3,0.4
Spathiphyllum patini,NoData,,Spathiphyllum,TBD,Unknown,species,,,4,0.02,0.2,0.2,0.1,0.1,0.04,0.05,0.06,0.04,1.6,0.24,0.7,0.4,1,0.1,0.2,0.04,1.6,0.5,0.8,0.3,0.4
Spathodea,NoData,,Spathodea,Bignoniaceae,Btr,genus,,,4,0.02,0.2,0.2,0.1,0.1,0.04,0.05,0.06,0.04,1.6,0.24,0.7,0.4,1,0.1,0.2,0.04,1.6,0.5,0.8,0.3,0.4
Spathodea campanulata,NoData,African tuliptree,Spathodea,Bignoniaceae,Btr,species,,,4,0.02,0.2,0.2,0.1,0.1,0.04,0.05,0.06,0.04,1.6,0.24,0.7,0.4,1,0.1,0.2,0.04,1.6,0.5,0.8,0.3,0.4
Sphaeropteris,NoData,,Sphaeropteris,Cyatheaceae,Btr,genus,,,4,0.02,0.2,0.2,0.1,0.1,0.04,0.05,0.06,0.04,1.6,0.24,0.7,0.4,1,0.1,0.2,0.04,1.6,0.5,0.8,0.3,0.4
Sphaeropteris cooperi,NoData,,Sphaeropteris,Cyatheaceae,Btr,species,,,4,0.02,0.2,0.2,0.1,0.1,0.04,0.05,0.06,0.04,1.6,0.24,0.7,0.4,1,0.1,0.2,0.04,1.6,0.5,0.8,0.3,0.4
Sphagnum,Sphagnum,moss,Sphagnum,Sphagnaceae,Shrub,genus,,,4,0.02,0.4,0.4,0.2,0.2,0.04,0.05,0.06,0.04,1.6,0.24,0.7,0.4,1,0.1,0.2,0.04,1.6,0.5,0.8,0.3,0.4
Sphagnum balticum,Sphagnum,moss,Sphagnum,Sphagnaceae,Shrub,species,,,4,0.02,0.4,0.4,0.2,0.2,0.04,0.05,0.06,0.04,1.6,0.24,0.7,0.4,1,0.1,0.2,0.04,1.6,0.5,0.8,0.3,0.4
Sphagnum capillifolium,Sphagnum,,Sphagnum,Sphagnaceae,Shrub,species,,,4,0.02,0.4,0.4,0.2,0.2,0.04,0.05,0.06,0.04,1.6,0.24,0.7,0.4,1,0.1,0.2,0.04,1.6,0.5,0.8,0.3,0.4
Sphagnum fuscum,Sphagnum,,Sphagnum,Sphagnaceae,Shrub,species,,,4,0.02,0.4,0.4,0.2,0.2,0.04,0.05,0.06,0.04,1.6,0.24,0.7,0.4,1,0.1,0.2,0.04,1.6,0.5,0.8,0.3,0.4
Sphagnum girgensohnii,Sphagnum,,Sphagnum,Sphagnaceae,Shrub,species,,,4,0.02,0.4,0.4,0.2,0.2,0.04,0.05,0.06,0.04,1.6,0.24,0.7,0.4,1,0.1,0.2,0.04,1.6,0.5,0.8,0.3,0.4
Sphagnum magellanicum,Sphagnum,moss,Sphagnum,Sphagnaceae,Shrub,species,,,4,0.02,0.4,0.4,0.2,0.2,0.04,0.05,0.06,0.04,1.6,0.24,0.7,0.4,1,0.1,0.2,0.04,1.6,0.5,0.8,0.3,0.4
Sphagnum rubbellum,Sphagnum,moss,Sphagnum,Sphagnaceae,Shrub,species,,,4,0.02,0.4,0.4,0.2,0.2,0.04,0.05,0.06,0.04,1.6,0.24,0.7,0.4,1,0.1,0.2,0.04,1.6,0.5,0.8,0.3,0.4
Spiraea,NoData,,Spiraea,Rosaceae,Shrub,genus,,,4,0.02,0.2,0.2,0.1,0.1,0.04,0.05,0.06,0.04,1.6,0.24,0.7,0.4,1,0.1,0.2,0.04,1.6,0.5,0.8,0.3,0.4
Spiraea japonica,NoData,Japanese meadowsweet,Spiraea,Rosaceae,Shrub,species,,,4,0.02,0.2,0.2,0.1,0.1,0.04,0.05,0.06,0.04,1.6,0.24,0.7,0.4,1,0.1,0.2,0.04,1.6,0.5,0.8,0.3,0.4
Spirostachys,NoData,,Spirostachys,TBD,Unknown,genus,,,4,0.02,0.2,0.2,0.1,0.1,0.04,0.05,0.06,0.04,1.6,0.24,0.7,0.4,1,0.1,0.2,0.04,1.6,0.5,0.8,0.3,0.4
Spirostachys africana,NoData,,Spirostachys,TBD,Unknown,species,,,4,0.02,0.2,0.2,0.1,0.1,0.04,0.05,0.06,0.04,1.6,0.24,0.7,0.4,1,0.1,0.2,0.04,1.6,0.5,0.8,0.3,0.4
Spondias,NoData,,Spondias,Anacardiaceae,Btr,genus,,,4,0.02,0.2,0.2,0.1,0.1,0.04,0.05,0.06,0.04,1.6,0.24,0.7,0.4,1,0.1,0.2,0.04,1.6,0.5,0.8,0.3,0.4
Spondias mombin,NoData,yellow mombin,Spondias,Anacardiaceae,Btr,species,,,4,0.02,0.2,0.2,0.1,0.1,0.04,0.05,0.06,0.04,1.6,0.24,0.7,0.4,1,0.1,0.2,0.04,1.6,0.5,0.8,0.3,0.4
Spondias pinnata,NoData,,Spondias,Anacardiaceae,Unknown,species,,,4,0.02,0.2,0.2,0.1,0.1,0.04,0.05,0.06,0.04,1.6,0.24,0.7,0.4,1,0.1,0.2,0.04,1.6,0.5,0.8,0.3,0.4
Spondisa,NoData,,Spondisa,TBD,Unknown,genus,,,4,0.02,0.2,0.2,0.1,0.1,0.04,0.05,0.06,0.04,1.6,0.24,0.7,0.4,1,0.1,0.2,0.04,1.6,0.5,0.8,0.3,0.4
Spondisa mombin,NoData,,Spondisa,TBD,Unknown,species,,,4,0.02,0.2,0.2,0.1,0.1,0.04,0.05,0.06,0.04,1.6,0.24,0.7,0.4,1,0.1,0.2,0.04,1.6,0.5,0.8,0.3,0.4
Staudtia,NoData,,Staudtia,TBD,Unknown,genus,,,4,0.02,0.2,0.2,0.1,0.1,0.04,0.05,0.06,0.04,1.6,0.24,0.7,0.4,1,0.1,0.2,0.04,1.6,0.5,0.8,0.3,0.4
Staudtia kamerunensis,NoData,,Staudtia,TBD,Unknown,species,,,4,0.02,0.2,0.2,0.1,0.1,0.04,0.05,0.06,0.04,1.6,0.24,0.7,0.4,1,0.1,0.2,0.04,1.6,0.5,0.8,0.3,0.4
Steganotaenia,NoData,,Steganotaenia,TBD,Unknown,genus,,,4,0.02,0.2,0.2,0.1,0.1,0.04,0.05,0.06,0.04,1.6,0.24,0.7,0.4,1,0.1,0.2,0.04,1.6,0.5,0.8,0.3,0.4
Steganotaenia araliacea,NoData,,Steganotaenia,TBD,Unknown,species,,,4,0.02,0.2,0.2,0.1,0.1,0.04,0.05,0.06,0.04,1.6,0.24,0.7,0.4,1,0.1,0.2,0.04,1.6,0.5,0.8,0.3,0.4
Stenocarpus,NoData,,Stenocarpus,Proteaceae,Unknown,genus,,,4,0.02,0.2,0.2,0.1,0.1,0.04,0.05,0.06,0.04,1.6,0.24,0.7,0.4,1,0.1,0.2,0.04,1.6,0.5,0.8,0.3,0.4
Stenocarpus sinatus,NoData,,Stenocarpus,Proteaceae,Unknown,species,,,4,0.02,0.2,0.2,0.1,0.1,0.04,0.05,0.06,0.04,1.6,0.24,0.7,0.4,1,0.1,0.2,0.04,1.6,0.5,0.8,0.3,0.4
Stenocarpus sinuatus,NoData,,Stenocarpus,Proteaceae,Unknown,species,,,4,0.02,0.2,0.2,0.1,0.1,0.04,0.05,0.06,0.04,1.6,0.24,0.7,0.4,1,0.1,0.2,0.04,1.6,0.5,0.8,0.3,0.4
Sterculia,NoData,,Sterculia,Sterculiaceae,Unknown,genus,,,4,0.02,0.2,0.2,0.1,0.1,0.04,0.05,0.06,0.04,1.6,0.24,0.7,0.4,1,0.1,0.2,0.04,1.6,0.5,0.8,0.3,0.4
Sterculia lanceolata,NoData,,Sterculia,Sterculiaceae,Unknown,species,,,4,0.02,0.2,0.2,0.1,0.1,0.04,0.05,0.06,0.04,1.6,0.24,0.7,0.4,1,0.1,0.2,0.04,1.6,0.5,0.8,0.3,0.4
Sterculia murex,NoData,,Sterculia,Sterculiaceae,Unknown,species,,,4,0.02,0.2,0.2,0.1,0.1,0.04,0.05,0.06,0.04,1.6,0.24,0.7,0.4,1,0.1,0.2,0.04,1.6,0.5,0.8,0.3,0.4
Sterculia rhinopetala,NoData,,Sterculia,Sterculiaceae,Unknown,species,,,4,0.02,0.2,0.2,0.1,0.1,0.04,0.05,0.06,0.04,1.6,0.24,0.7,0.4,1,0.1,0.2,0.04,1.6,0.5,0.8,0.3,0.4
Sterculia setigera,NoData,sterculia,Sterculia,Sterculiaceae,Unknown,species,,,4,0.02,0.2,0.2,0.1,0.1,0.04,0.05,0.06,0.04,1.6,0.24,0.7,0.4,1,0.1,0.2,0.04,1.6,0.5,0.8,0.3,0.4
Sterculia tragacantha,NoData,sterculia,Sterculia,Sterculiaceae,Unknown,species,,,4,0.02,0.2,0.2,0.1,0.1,0.04,0.05,0.06,0.04,1.6,0.24,0.7,0.4,1,0.1,0.2,0.04,1.6,0.5,0.8,0.3,0.4
Sterculiaceae,NoData,,Sterculiaceae,Sterculiaceae,Unknown,family,,,4,0.02,0.2,0.2,0.1,0.1,0.04,0.05,0.06,0.04,1.6,0.24,0.7,0.4,1,0.1,0.2,0.04,1.6,0.5,0.8,0.3,0.4
Stigmaphyllon,NoData,,Stigmaphyllon,Malpighiaceae,Unknown,genus,,,4,0.02,0.2,0.2,0.1,0.1,0.04,0.05,0.06,0.04,1.6,0.24,0.7,0.4,1,0.1,0.2,0.04,1.6,0.5,0.8,0.3,0.4
Stigmaphyllon hypargyreum,NoData,,Stigmaphyllon,Malpighiaceae,Unknown,species,,,4,0.02,0.2,0.2,0.1,0.1,0.04,0.05,0.06,0.04,1.6,0.24,0.7,0.4,1,0.1,0.2,0.04,1.6,0.5,0.8,0.3,0.4
Stipa,NoDataLowIso,,Stipa,Poaceae,Unknown,genus,,,0.2,0.02,0.2,0.2,0.2,0.2,0.04,0.05,0.04,0.02,1.6,0.24,0.7,0.4,1,0.1,0.2,0.04,1.6,0.5,0.8,0.3,0.4
Stipa leucotricha,NoDataLowIso,,Stipa,Poaceae,Unknown,species,,,0.2,0.02,0.2,0.2,0.2,0.2,0.04,0.05,0.04,0.02,1.6,0.24,0.7,0.4,1,0.1,0.2,0.04,1.6,0.5,0.8,0.3,0.4
Stipularia,NoData,,Stipularia,TBD,Unknown,genus,,,4,0.02,0.2,0.2,0.1,0.1,0.04,0.05,0.06,0.04,1.6,0.24,0.7,0.4,1,0.1,0.2,0.04,1.6,0.5,0.8,0.3,0.4
Stipularia africana,NoData,,Stipularia,TBD,Unknown,species,,,4,0.02,0.2,0.2,0.1,0.1,0.04,0.05,0.06,0.04,1.6,0.24,0.7,0.4,1,0.1,0.2,0.04,1.6,0.5,0.8,0.3,0.4
Streblus,NoData,,Streblus,Moraceae,Unknown,genus,,,4,0.02,0.2,0.2,0.1,0.1,0.04,0.05,0.06,0.04,1.6,0.24,0.7,0.4,1,0.1,0.2,0.04,1.6,0.5,0.8,0.3,0.4
Streblus asper,NoData,,Streblus,Moraceae,Unknown,species,,,4,0.02,0.2,0.2,0.1,0.1,0.04,0.05,0.06,0.04,1.6,0.24,0.7,0.4,1,0.1,0.2,0.04,1.6,0.5,0.8,0.3,0.4
Strelitzia,NoData,,Strelitzia,Strelitziaceae,Unknown,genus,,,4,0.02,0.2,0.2,0.1,0.1,0.04,0.05,0.06,0.04,1.6,0.24,0.7,0.4,1,0.1,0.2,0.04,1.6,0.5,0.8,0.3,0.4
Strelitzia nicolai,NoData,bird-of-paradise -tree,Strelitzia,Strelitziaceae,Unknown,species,,,4,0.02,0.2,0.2,0.1,0.1,0.04,0.05,0.06,0.04,1.6,0.24,0.7,0.4,1,0.1,0.2,0.04,1.6,0.5,0.8,0.3,0.4
Strombosia,NoData,,Strombosia,TBD,Unknown,genus,,,4,0.02,0.2,0.2,0.1,0.1,0.04,0.05,0.06,0.04,1.6,0.24,0.7,0.4,1,0.1,0.2,0.04,1.6,0.5,0.8,0.3,0.4
Strombosia grandifolia,NoData,,Strombosia,TBD,Unknown,species,,,4,0.02,0.2,0.2,0.1,0.1,0.04,0.05,0.06,0.04,1.6,0.24,0.7,0.4,1,0.1,0.2,0.04,1.6,0.5,0.8,0.3,0.4
Strychnos,NoData,,Strychnos,Loganiaceae,Unknown,genus,,,4,0.02,0.2,0.2,0.1,0.1,0.04,0.05,0.06,0.04,1.6,0.24,0.7,0.4,1,0.1,0.2,0.04,1.6,0.5,0.8,0.3,0.4
Strychnos innocua,NoData,,Strychnos,Loganiaceae,Unknown,species,,,4,0.02,0.2,0.2,0.1,0.1,0.04,0.05,0.06,0.04,1.6,0.24,0.7,0.4,1,0.1,0.2,0.04,1.6,0.5,0.8,0.3,0.4
Strychnos pungens,NoData,,Strychnos,Loganiaceae,Unknown,species,,,4,0.02,0.2,0.2,0.1,0.1,0.04,0.05,0.06,0.04,1.6,0.24,0.7,0.4,1,0.1,0.2,0.04,1.6,0.5,0.8,0.3,0.4
Strychnos spionosa,NoData,,Strychnos,Loganiaceae,Unknown,species,,,4,0.02,0.2,0.2,0.1,0.1,0.04,0.05,0.06,0.04,1.6,0.24,0.7,0.4,1,0.1,0.2,0.04,1.6,0.5,0.8,0.3,0.4
Stryphnodendron,NoData,,Stryphnodendron,Fabaceae,Unknown,genus,,,4,0.02,0.2,0.2,0.1,0.1,0.04,0.05,0.06,0.04,1.6,0.24,0.7,0.4,1,0.1,0.2,0.04,1.6,0.5,0.8,0.3,0.4
Stryphnodendron microstachyum,NoData,,Stryphnodendron,Fabaceae,Unknown,species,,,4,0.02,0.2,0.2,0.1,0.1,0.04,0.05,0.06,0.04,1.6,0.24,0.7,0.4,1,0.1,0.2,0.04,1.6,0.5,0.8,0.3,0.4
Styphnolobium,NoData,,Styphnolobium,Fabaceae,Btr,genus,,,4,0.02,0.2,0.2,0.1,0.1,0.04,0.05,0.06,0.04,1.6,0.24,0.7,0.4,1,0.1,0.2,0.04,1.6,0.5,0.8,0.3,0.4
Styphnolobium japonicum,NoData,Japanese pagoda tree,Styphnolobium,Fabaceae,Btr,species,,,4,0.02,0.2,0.2,0.1,0.1,0.04,0.05,0.06,0.04,1.6,0.24,0.7,0.4,1,0.1,0.2,0.04,1.6,0.5,0.8,0.3,0.4
Styracaceae,NoData,,Styracaceae,Styracaceae,Unknown,family,,,4,0.02,0.2,0.2,0.1,0.1,0.04,0.05,0.06,0.04,1.6,0.24,0.7,0.4,1,0.1,0.2,0.04,1.6,0.5,0.8,0.3,0.4
Styrax,NoData,,Styrax,Styracaceae,Unknown,genus,,,4,0.02,0.2,0.2,0.1,0.1,0.04,0.05,0.06,0.04,1.6,0.24,0.7,0.4,1,0.1,0.2,0.04,1.6,0.5,0.8,0.3,0.4
Styrax officinalis,NoData,,Styrax,Styracaceae,Unknown,species,,,4,0.02,0.2,0.2,0.1,0.1,0.04,0.05,0.06,0.04,1.6,0.24,0.7,0.4,1,0.1,0.2,0.04,1.6,0.5,0.8,0.3,0.4
Styrax perkinsiae,NoData,,Styrax,Styracaceae,Unknown,species,,,4,0.02,0.2,0.2,0.1,0.1,0.04,0.05,0.06,0.04,1.6,0.24,0.7,0.4,1,0.1,0.2,0.04,1.6,0.5,0.8,0.3,0.4
Swartzia,NoData,,Swartzia,Fabaceae,Btr,genus,,,4,0.02,0.2,0.2,0.1,0.1,0.04,0.05,0.06,0.04,1.6,0.24,0.7,0.4,1,0.1,0.2,0.04,1.6,0.5,0.8,0.3,0.4
Swietenia,Swietenia mahagoni,,Swietenia,Meliaceae,Btr,genus,,,12,0.02,0.2,0.2,0.1,0.1,0.04,0.05,0.06,0.04,1.6,0.24,0.7,0.4,1,0.1,0.2,0.04,1.6,0.5,0.8,0.3,0.4
Swietenia mahagoni,Swietenia mahagoni,West Indian mahogany,Swietenia,Meliaceae,Btr,species,,,12,0.02,0.2,0.2,0.1,0.1,0.04,0.05,0.06,0.04,1.6,0.24,0.7,0.4,1,0.1,0.2,0.04,1.6,0.5,0.8,0.3,0.4
Syagrus,Syagrus romanzoffiana,,Syagrus,Arecaceae,Btr,genus,,,24,0.02,0.02,0.01,0.01,0.01,0.05,0.05,0.1,0.2,1.6,0.24,0.7,0.4,1,0.1,0.2,0.04,1.6,0.5,0.8,0.3,0.4
Syagrus romanzoffiana,Syagrus romanzoffiana,queen palm,Syagrus,Arecaceae,Btr,species,,,24,0.02,0.02,0.01,0.01,0.01,0.05,0.05,0.1,0.2,1.6,0.24,0.7,0.4,1,0.1,0.2,0.04,1.6,0.5,0.8,0.3,0.4
Syagrus romanzoffianum,Syagrus romanzoffiana,,Syagrus,Arecaceae,Unknown,species,,,24,0.02,0.02,0.01,0.01,0.01,0.05,0.05,0.1,0.2,1.6,0.24,0.7,0.4,1,0.1,0.2,0.04,1.6,0.5,0.8,0.3,0.4
Symphonia,NoData,,Symphonia,Clusiaceae,Unknown,genus,,,4,0.02,0.2,0.2,0.1,0.1,0.04,0.05,0.06,0.04,1.6,0.24,0.7,0.4,1,0.1,0.2,0.04,1.6,0.5,0.8,0.3,0.4
Symphonia globulifera,NoData,,Symphonia,Clusiaceae,Unknown,species,,,4,0.02,0.2,0.2,0.1,0.1,0.04,0.05,0.06,0.04,1.6,0.24,0.7,0.4,1,0.1,0.2,0.04,1.6,0.5,0.8,0.3,0.4
Symphoricarpus,NoData,,Symphoricarpus,TBD,Unknown,genus,,,4,0.02,0.2,0.2,0.1,0.1,0.04,0.05,0.06,0.04,1.6,0.24,0.7,0.4,1,0.1,0.2,0.04,1.6,0.5,0.8,0.3,0.4
Symphoricarpus occidentalis,NoData,,Symphoricarpus,TBD,Unknown,species,,,4,0.02,0.2,0.2,0.1,0.1,0.04,0.05,0.06,0.04,1.6,0.24,0.7,0.4,1,0.1,0.2,0.04,1.6,0.5,0.8,0.3,0.4
Syncarpia,NoData,,Syncarpia,Myrtaceae,Btr,genus,,,4,0.02,0.2,0.2,0.1,0.1,0.04,0.05,0.06,0.04,1.6,0.24,0.7,0.4,1,0.1,0.2,0.04,1.6,0.5,0.8,0.3,0.4
Syncarpia glomulifera,NoData,turpentine tree,Syncarpia,Myrtaceae,Btr,species,,,4,0.02,0.2,0.2,0.1,0.1,0.04,0.05,0.06,0.04,1.6,0.24,0.7,0.4,1,0.1,0.2,0.04,1.6,0.5,0.8,0.3,0.4
Syringa,NoData,,Syringa,Oleaceae,Btr,genus,,,4,0.02,0.2,0.2,0.1,0.1,0.04,0.05,0.06,0.04,1.6,0.24,0.7,0.4,1,0.1,0.2,0.04,1.6,0.5,0.8,0.3,0.4
Syringa reticulata,NoData,Japanese tree lilac,Syringa,Oleaceae,Btr,species,,,4,0.02,0.2,0.2,0.1,0.1,0.04,0.05,0.06,0.04,1.6,0.24,0.7,0.4,1,0.1,0.2,0.04,1.6,0.5,0.8,0.3,0.4
Syringa vulgaris,NoData,common lilac,Syringa,Oleaceae,Shrub,species,,,4,0.02,0.2,0.2,0.1,0.1,0.04,0.05,0.06,0.04,1.6,0.24,0.7,0.4,1,0.1,0.2,0.04,1.6,0.5,0.8,0.3,0.4
Syzygium,NoData,,Syzygium,Myrtaceae,Btr,genus,,,4,0.02,0.2,0.2,0.1,0.1,0.04,0.05,0.06,0.04,1.6,0.24,0.7,0.4,1,0.1,0.2,0.04,1.6,0.5,0.8,0.3,0.4
Syzygium australe,NoData,syzygium,Syzygium,Myrtaceae,Btr,species,,,4,0.02,0.2,0.2,0.1,0.1,0.04,0.05,0.06,0.04,1.6,0.24,0.7,0.4,1,0.1,0.2,0.04,1.6,0.5,0.8,0.3,0.4
Syzygium balsameum,NoData,,Syzygium,Myrtaceae,Unknown,species,,,4,0.02,0.2,0.2,0.1,0.1,0.04,0.05,0.06,0.04,1.6,0.24,0.7,0.4,1,0.1,0.2,0.04,1.6,0.5,0.8,0.3,0.4
Syzygium cordatum,NoData,,Syzygium,Myrtaceae,Unknown,species,,,4,0.02,0.2,0.2,0.1,0.1,0.04,0.05,0.06,0.04,1.6,0.24,0.7,0.4,1,0.1,0.2,0.04,1.6,0.5,0.8,0.3,0.4
Syzygium cumini,NoData,Java plum,Syzygium,Myrtaceae,Btr,species,,,4,0.02,0.2,0.2,0.1,0.1,0.04,0.05,0.06,0.04,1.6,0.24,0.7,0.4,1,0.1,0.2,0.04,1.6,0.5,0.8,0.3,0.4
Syzygium fluviatile,NoData,,Syzygium,Myrtaceae,Unknown,species,,,4,0.02,0.2,0.2,0.1,0.1,0.04,0.05,0.06,0.04,1.6,0.24,0.7,0.4,1,0.1,0.2,0.04,1.6,0.5,0.8,0.3,0.4
Syzygium forrestii,NoData,,Syzygium,Myrtaceae,Unknown,species,,,4,0.02,0.2,0.2,0.1,0.1,0.04,0.05,0.06,0.04,1.6,0.24,0.7,0.4,1,0.1,0.2,0.04,1.6,0.5,0.8,0.3,0.4
Syzygium guineense,NoData,,Syzygium,Myrtaceae,Unknown,species,,,4,0.02,0.2,0.2,0.1,0.1,0.04,0.05,0.06,0.04,1.6,0.24,0.7,0.4,1,0.1,0.2,0.04,1.6,0.5,0.8,0.3,0.4
Syzygium jambos,NoData,Malabar plum,Syzygium,Myrtaceae,Btr,species,,,4,0.02,0.2,0.2,0.1,0.1,0.04,0.05,0.06,0.04,1.6,0.24,0.7,0.4,1,0.1,0.2,0.04,1.6,0.5,0.8,0.3,0.4
Syzygium latilimbum,NoData,,Syzygium,Myrtaceae,Unknown,species,,,4,0.02,0.2,0.2,0.1,0.1,0.04,0.05,0.06,0.04,1.6,0.24,0.7,0.4,1,0.1,0.2,0.04,1.6,0.5,0.8,0.3,0.4
Syzygium malaccense,NoData,Malaysian apple,Syzygium,Myrtaceae,Btr,species,,,4,0.02,0.2,0.2,0.1,0.1,0.04,0.05,0.06,0.04,1.6,0.24,0.7,0.4,1,0.1,0.2,0.04,1.6,0.5,0.8,0.3,0.4
Syzygium oblatum,NoData,,Syzygium,Myrtaceae,Unknown,species,,,4,0.02,0.2,0.2,0.1,0.1,0.04,0.05,0.06,0.04,1.6,0.24,0.7,0.4,1,0.1,0.2,0.04,1.6,0.5,0.8,0.3,0.4
Syzygium paniculatum,NoData,brush cherry,Syzygium,Myrtaceae,Unknown,species,,,4,0.02,0.2,0.2,0.1,0.1,0.04,0.05,0.06,0.04,1.6,0.24,0.7,0.4,1,0.1,0.2,0.04,1.6,0.5,0.8,0.3,0.4
Syzygium polypetaloideum,NoData,,Syzygium,Myrtaceae,Unknown,species,,,4,0.02,0.2,0.2,0.1,0.1,0.04,0.05,0.06,0.04,1.6,0.24,0.7,0.4,1,0.1,0.2,0.04,1.6,0.5,0.8,0.3,0.4
Syzygium smithii,NoData,syzygium,Syzygium,Myrtaceae,Btr,species,,,4,0.02,0.2,0.2,0.1,0.1,0.04,0.05,0.06,0.04,1.6,0.24,0.7,0.4,1,0.1,0.2,0.04,1.6,0.5,0.8,0.3,0.4
Tabebuia,NoData,,Tabebuia,Bignoniaceae,Btr,genus,,,4,0.02,0.2,0.2,0.1,0.1,0.04,0.05,0.06,0.04,1.6,0.24,0.7,0.4,1,0.1,0.2,0.04,1.6,0.5,0.8,0.3,0.4
Tabebuia avellanadae,NoData,,Tabebuia,Bignoniaceae,Btr,species,,,4,0.02,0.2,0.2,0.1,0.1,0.04,0.05,0.06,0.04,1.6,0.24,0.7,0.4,1,0.1,0.2,0.04,1.6,0.5,0.8,0.3,0.4
Tabebuia heterophylla,NoData,white cedar,Tabebuia,Bignoniaceae,Btr,species,,,4,0.02,0.2,0.2,0.1,0.1,0.04,0.05,0.06,0.04,1.6,0.24,0.7,0.4,1,0.1,0.2,0.04,1.6,0.5,0.8,0.3,0.4
Tabebuia umbellata,NoData,,Tabebuia,Bignoniaceae,Btr,species,,,4,0.02,0.2,0.2,0.1,0.1,0.04,0.05,0.06,0.04,1.6,0.24,0.7,0.4,1,0.1,0.2,0.04,1.6,0.5,0.8,0.3,0.4
Tabernaemontana,NoData,,Tabernaemontana,Apocynaceae,Unknown,genus,,,4,0.02,0.2,0.2,0.1,0.1,0.04,0.05,0.06,0.04,1.6,0.24,0.7,0.4,1,0.1,0.2,0.04,1.6,0.5,0.8,0.3,0.4
Tabernaemontana crassa,NoData,,Tabernaemontana,Apocynaceae,Unknown,species,,,4,0.02,0.2,0.2,0.1,0.1,0.04,0.05,0.06,0.04,1.6,0.24,0.7,0.4,1,0.1,0.2,0.04,1.6,0.5,0.8,0.3,0.4
Tabernaemontana elegans,NoData,,Tabernaemontana,Apocynaceae,Unknown,species,,,4,0.02,0.2,0.2,0.1,0.1,0.04,0.05,0.06,0.04,1.6,0.24,0.7,0.4,1,0.1,0.2,0.04,1.6,0.5,0.8,0.3,0.4
Tabernaemontana penduliflora,NoData,,Tabernaemontana,Apocynaceae,Unknown,species,,,4,0.02,0.2,0.2,0.1,0.1,0.04,0.05,0.06,0.04,1.6,0.24,0.7,0.4,1,0.1,0.2,0.04,1.6,0.5,0.8,0.3,0.4
Taiwania,NoData,,Taiwania,Cupressaceae,Ntr,genus,,,4,0.02,0.2,0.2,0.1,0.1,0.04,0.05,0.06,0.04,1.6,0.24,0.7,0.4,1,0.1,0.2,0.04,1.6,0.5,0.8,0.3,0.4
Taiwania cryptomerioides,NoData,Taiwania,Taiwania,Cupressaceae,Ntr,species,,,4,0.02,0.2,0.2,0.1,0.1,0.04,0.05,0.06,0.04,1.6,0.24,0.7,0.4,1,0.1,0.2,0.04,1.6,0.5,0.8,0.3,0.4
Talauma,NoData,,Talauma,TBD,Unknown,genus,,,4,0.02,0.2,0.2,0.1,0.1,0.04,0.05,0.06,0.04,1.6,0.24,0.7,0.4,1,0.1,0.2,0.04,1.6,0.5,0.8,0.3,0.4
Talauma gitingensis,NoData,,Talauma,TBD,Unknown,species,,,4,0.02,0.2,0.2,0.1,0.1,0.04,0.05,0.06,0.04,1.6,0.24,0.7,0.4,1,0.1,0.2,0.04,1.6,0.5,0.8,0.3,0.4
Talipariti,NoData,,Talipariti,Malvaceae,Btr,genus,,,4,0.02,0.2,0.2,0.1,0.1,0.04,0.05,0.06,0.04,1.6,0.24,0.7,0.4,1,0.1,0.2,0.04,1.6,0.5,0.8,0.3,0.4
Talipariti elatum,NoData,,Talipariti,Malvaceae,Btr,species,,,4,0.02,0.2,0.2,0.1,0.1,0.04,0.05,0.06,0.04,1.6,0.24,0.7,0.4,1,0.1,0.2,0.04,1.6,0.5,0.8,0.3,0.4
Tamaricaceae,Tamarix,,Tamaricaceae,Tamaricaceae,Unknown,family,,,0.2,0.02,0.05,0.1,0.05,0.05,0.04,0.05,0.06,0.04,1.6,0.24,0.7,0.4,1,0.1,0.2,0.04,1.6,0.5,0.8,0.3,0.4
Tamarix,Tamarix,tamarisk,Tamarix,Tamaricaceae,Btr,genus,,,0.2,0.02,0.05,0.1,0.05,0.05,0.04,0.05,0.06,0.04,1.6,0.24,0.7,0.4,1,0.1,0.2,0.04,1.6,0.5,0.8,0.3,0.4
Tamarix africana,Tamarix,African tamarisk,Tamarix,Tamaricaceae,Btr,species,,,0.2,0.02,0.05,0.1,0.05,0.05,0.04,0.05,0.06,0.04,1.6,0.24,0.7,0.4,1,0.1,0.2,0.04,1.6,0.5,0.8,0.3,0.4
Tamarix aphylla,Tamarix,Athel tamarisk,Tamarix,Tamaricaceae,Btr,species,,,0.2,0.02,0.05,0.1,0.05,0.05,0.04,0.05,0.06,0.04,1.6,0.24,0.7,0.4,1,0.1,0.2,0.04,1.6,0.5,0.8,0.3,0.4
Tamarix chinensis,Tamarix,five-stamen tamarisk,Tamarix,Tamaricaceae,Btr,species,,,0.2,0.02,0.05,0.1,0.05,0.05,0.04,0.05,0.06,0.04,1.6,0.24,0.7,0.4,1,0.1,0.2,0.04,1.6,0.5,0.8,0.3,0.4
Tamarix parviflora,Tamarix,smallflower tamarisk,Tamarix,Tamaricaceae,Btr,species,,,0.2,0.02,0.05,0.1,0.05,0.05,0.04,0.05,0.06,0.04,1.6,0.24,0.7,0.4,1,0.1,0.2,0.04,1.6,0.5,0.8,0.3,0.4
Tamarix ramosissima,Tamarix,saltcedar,Tamarix,Tamaricaceae,Btr,species,,,0.2,0.02,0.05,0.1,0.05,0.05,0.04,0.05,0.06,0.04,1.6,0.24,0.7,0.4,1,0.1,0.2,0.04,1.6,0.5,0.8,0.3,0.4
Tapinanthus,NoData,,Tapinanthus,TBD,Unknown,genus,,,4,0.02,0.2,0.2,0.1,0.1,0.04,0.05,0.06,0.04,1.6,0.24,0.7,0.4,1,0.1,0.2,0.04,1.6,0.5,0.8,0.3,0.4
Tapirira,NoData,,Tapirira,Anacardiaceae,Btr,genus,,,4,0.02,0.2,0.2,0.1,0.1,0.04,0.05,0.06,0.04,1.6,0.24,0.7,0.4,1,0.1,0.2,0.04,1.6,0.5,0.8,0.3,0.4
Tapirira guianensis,NoData,,Tapirira,Anacardiaceae,Btr,species,,,4,0.02,0.2,0.2,0.1,0.1,0.04,0.05,0.06,0.04,1.6,0.24,0.7,0.4,1,0.1,0.2,0.04,1.6,0.5,0.8,0.3,0.4
Taxaceae,NoData,,Taxaceae,Taxaceae,Unknown,family,,,4,0.02,0.2,0.2,0.1,0.1,0.04,0.05,0.06,0.04,1.6,0.24,0.7,0.4,1,0.1,0.2,0.04,1.6,0.5,0.8,0.3,0.4
Taxodium,Taxodium,bald cypress,Taxodium,Cupressaceae,Ntr,genus,,,0.2,0.02,0.6,1,1,1,0.04,0.05,0.1,0.06,1.6,0.24,0.7,0.4,1,0.1,0.2,0.04,1.6,0.5,0.8,0.3,0.4
Taxodium distichum,Taxodium,bald cypress,Taxodium,Cupressaceae,Ntr,species,,,0.2,0.02,0.6,1,1,1,0.04,0.05,0.1,0.06,1.6,0.24,0.7,0.4,1,0.1,0.2,0.04,1.6,0.5,0.8,0.3,0.4
Taxodium huegelii,Taxodium,,Taxodium,Cupressaceae,Ntr,species,,,0.2,0.02,0.6,1,1,1,0.04,0.05,0.1,0.06,1.6,0.24,0.7,0.4,1,0.1,0.2,0.04,1.6,0.5,0.8,0.3,0.4
Taxodium mucronatum,Taxodium,Montezuma bald cypress,Taxodium,Cupressaceae,Ntr,species,,,0.2,0.02,0.6,1,1,1,0.04,0.05,0.1,0.06,1.6,0.24,0.7,0.4,1,0.1,0.2,0.04,1.6,0.5,0.8,0.3,0.4
Taxus,NoDataLowIso,yew,Taxus,Taxaceae,Ntr,genus,,,0.2,0.02,0.2,0.2,0.2,0.2,0.04,0.05,0.04,0.02,1.6,0.24,0.7,0.4,1,0.1,0.2,0.04,1.6,0.5,0.8,0.3,0.4
Taxus baccata,NoDataLowIso,English yew,Taxus,Taxaceae,Ntr,species,,,0.2,0.02,0.2,0.2,0.2,0.2,0.04,0.05,0.04,0.02,1.6,0.24,0.7,0.4,1,0.1,0.2,0.04,1.6,0.5,0.8,0.3,0.4
Taxus brevifolia,Taxus brevifolia,Pacific yew,Taxus,Taxaceae,Ntr,species,,,8,0.02,0.2,0.2,0.1,0.1,0.04,0.05,0.1,0.06,1.6,0.24,0.7,0.4,1,0.1,0.2,0.04,1.6,0.5,0.8,0.3,0.4
Taxus canadensis,Taxus brevifolia,Canada yew,Taxus,Taxaceae,Shrub,species,,,8,0.02,0.2,0.2,0.1,0.1,0.04,0.05,0.1,0.06,1.6,0.24,0.7,0.4,1,0.1,0.2,0.04,1.6,0.5,0.8,0.3,0.4
Tecoma,NoData,trumpetbush,Tecoma,Bignoniaceae,Btr,genus,,,4,0.02,0.2,0.2,0.1,0.1,0.04,0.05,0.06,0.04,1.6,0.24,0.7,0.4,1,0.1,0.2,0.04,1.6,0.5,0.8,0.3,0.4
Tecoma capensis,NoData,Cape honeysuckle,Tecoma,Bignoniaceae,Shrub,species,,,4,0.02,0.2,0.2,0.1,0.1,0.04,0.05,0.06,0.04,1.6,0.24,0.7,0.4,1,0.1,0.2,0.04,1.6,0.5,0.8,0.3,0.4
Tecoma stans,NoData,yellow trumpetbush,Tecoma,Bignoniaceae,Btr,species,,,4,0.02,0.2,0.2,0.1,0.1,0.04,0.05,0.06,0.04,1.6,0.24,0.7,0.4,1,0.1,0.2,0.04,1.6,0.5,0.8,0.3,0.4
Tecomaria,NoData,,Tecomaria,Bignoniaceae,Unknown,genus,,,4,0.02,0.2,0.2,0.1,0.1,0.04,0.05,0.06,0.04,1.6,0.24,0.7,0.4,1,0.1,0.2,0.04,1.6,0.5,0.8,0.3,0.4
Tecomaria capensis,NoData,,Tecomaria,Bignoniaceae,Unknown,species,,,4,0.02,0.2,0.2,0.1,0.1,0.04,0.05,0.06,0.04,1.6,0.24,0.7,0.4,1,0.1,0.2,0.04,1.6,0.5,0.8,0.3,0.4
Tectaria,NoData,,Tectaria,Dryopteridaceae,Herb,genus,,,4,0.02,0.2,0.2,0.1,0.1,0.04,0.05,0.06,0.04,1.6,0.24,0.7,0.4,1,0.1,0.2,0.04,1.6,0.5,0.8,0.3,0.4
Tectaria cicutaria,NoData,button fern,Tectaria,Dryopteridaceae,Herb,species,,,4,0.02,0.2,0.2,0.1,0.1,0.04,0.05,0.06,0.04,1.6,0.24,0.7,0.4,1,0.1,0.2,0.04,1.6,0.5,0.8,0.3,0.4
Templetonia,NoData,,Templetonia,TBD,Unknown,genus,,,4,0.02,0.2,0.2,0.1,0.1,0.04,0.05,0.06,0.04,1.6,0.24,0.7,0.4,1,0.1,0.2,0.04,1.6,0.5,0.8,0.3,0.4
Templetonia retusa,NoData,,Templetonia,TBD,Unknown,species,,,4,0.02,0.2,0.2,0.1,0.1,0.04,0.05,0.06,0.04,1.6,0.24,0.7,0.4,1,0.1,0.2,0.04,1.6,0.5,0.8,0.3,0.4
TEOWBtr5001,,Broadleaf tree,Btr,GF,Btr,GFET,,,0.65,0,0.027,0.02,0.011,0.014,0.03,0.05,0.06,0.04,0.8,0.4,0.7,0.4,1.2,0.1,0.2,0.04,1,0.5,0.8,0.3,0.4
TEOWBtr5002,,Broadleaf tree,Btr,GF,Btr,GFET,,,4.794,0,0.055,0.041,0.023,0.028,0.03,0.05,0.06,0.04,0.8,0.4,0.7,0.4,1.2,0.1,0.2,0.04,1,0.5,0.8,0.3,0.4
TEOWBtr5003,,Broadleaf tree,Btr,GF,Btr,GFET,,,13.251,0,0.305,0.229,0.127,0.153,0.03,0.05,0.06,0.04,0.8,0.4,0.7,0.4,1.2,0.1,0.2,0.04,1,0.5,0.8,0.3,0.4
TEOWBtr5004,,Broadleaf tree,Btr,GF,Btr,GFET,,,15.579,0,0.305,0.229,0.127,0.153,0.03,0.05,0.06,0.04,0.8,0.4,0.7,0.4,1.2,0.1,0.2,0.04,1,0.5,0.8,0.3,0.4
TEOWBtr5005,,Broadleaf tree,Btr,GF,Btr,GFET,,,16.41,0,0.305,0.229,0.127,0.153,0.03,0.05,0.06,0.04,0.8,0.4,0.7,0.4,1.2,0.1,0.2,0.04,1,0.5,0.8,0.3,0.4
TEOWBtr5006,,Broadleaf tree,Btr,GF,Btr,GFET,,,14.966,0,0.305,0.229,0.127,0.153,0.03,0.05,0.06,0.04,0.8,0.4,0.7,0.4,1.2,0.1,0.2,0.04,1,0.5,0.8,0.3,0.4
TEOWBtr5007,,Broadleaf tree,Btr,GF,Btr,GFET,,,12.246,0,0.305,0.229,0.127,0.153,0.03,0.05,0.06,0.04,0.8,0.4,0.7,0.4,1.2,0.1,0.2,0.04,1,0.5,0.8,0.3,0.4
TEOWBtr5008,,Broadleaf tree,Btr,GF,Btr,GFET,,,16.314,0,0.305,0.229,0.127,0.153,0.03,0.05,0.06,0.04,0.8,0.4,0.7,0.4,1.2,0.1,0.2,0.04,1,0.5,0.8,0.3,0.4
TEOWBtr5009,,Broadleaf tree,Btr,GF,Btr,GFET,,,13.277,0,0.305,0.229,0.127,0.153,0.03,0.05,0.06,0.04,0.8,0.4,0.7,0.4,1.2,0.1,0.2,0.04,1,0.5,0.8,0.3,0.4
TEOWBtr5010,,Broadleaf tree,Btr,GF,Btr,GFET,,,16.511,0,0.305,0.229,0.127,0.153,0.03,0.05,0.06,0.04,0.8,0.4,0.7,0.4,1.2,0.1,0.2,0.04,1,0.5,0.8,0.3,0.4
TEOWBtr5011,,Broadleaf tree,Btr,GF,Btr,GFET,,,0.01,0,0.012,0.009,0.005,0.006,0.03,0.05,0.06,0.04,0.8,0.4,0.7,0.4,1.2,0.1,0.2,0.04,1,0.5,0.8,0.3,0.4
TEOWBtr5012,,Broadleaf tree,Btr,GF,Btr,GFET,,,14.684,0,0.305,0.229,0.127,0.153,0.03,0.05,0.06,0.04,0.8,0.4,0.7,0.4,1.2,0.1,0.2,0.04,1,0.5,0.8,0.3,0.4
TEOWBtr5013,,Broadleaf tree,Btr,GF,Btr,GFET,,,14.696,0,0.305,0.229,0.127,0.153,0.03,0.05,0.06,0.04,0.8,0.4,0.7,0.4,1.2,0.1,0.2,0.04,1,0.5,0.8,0.3,0.4
TEOWBtr5014,,Broadleaf tree,Btr,GF,Btr,GFET,,,10.283,0,0.305,0.229,0.127,0.153,0.03,0.05,0.06,0.04,0.8,0.4,0.7,0.4,1.2,0.1,0.2,0.04,1,0.5,0.8,0.3,0.4
TEOWBtr5015,,Broadleaf tree,Btr,GF,Btr,GFET,,,13.385,0,0.305,0.229,0.127,0.153,0.03,0.05,0.06,0.04,0.8,0.4,0.7,0.4,1.2,0.1,0.2,0.04,1,0.5,0.8,0.3,0.4
TEOWBtr5016,,Broadleaf tree,Btr,GF,Btr,GFET,,,0.01,0,0.012,0.009,0.005,0.006,0.03,0.05,0.06,0.04,0.8,0.4,0.7,0.4,1.2,0.1,0.2,0.04,1,0.5,0.8,0.3,0.4
TEOWBtr5017,,Broadleaf tree,Btr,GF,Btr,GFET,,,16.261,0,0.305,0.229,0.127,0.153,0.03,0.05,0.06,0.04,0.8,0.4,0.7,0.4,1.2,0.1,0.2,0.04,1,0.5,0.8,0.3,0.4
TEOWBtr5018,,Broadleaf tree,Btr,GF,Btr,GFET,,,14.996,0,0.305,0.229,0.127,0.153,0.03,0.05,0.06,0.04,0.8,0.4,0.7,0.4,1.2,0.1,0.2,0.04,1,0.5,0.8,0.3,0.4
TEOWBtr5019,,Broadleaf tree,Btr,GF,Btr,GFET,,,18.895,0,0.44,0.33,0.183,0.22,0.03,0.05,0.06,0.04,0.8,0.4,0.7,0.4,1.2,0.1,0.2,0.04,1,0.5,0.8,0.3,0.4
TEOWBtr5020,,Broadleaf tree,Btr,GF,Btr,GFET,,,15.969,0,0.305,0.229,0.127,0.153,0.03,0.05,0.06,0.04,0.8,0.4,0.7,0.4,1.2,0.1,0.2,0.04,1,0.5,0.8,0.3,0.4
TEOWBtr5021,,Broadleaf tree,Btr,GF,Btr,GFET,,,14.761,0,0.305,0.229,0.127,0.153,0.03,0.05,0.06,0.04,0.8,0.4,0.7,0.4,1.2,0.1,0.2,0.04,1,0.5,0.8,0.3,0.4
TEOWBtr5022,,Broadleaf tree,Btr,GF,Btr,GFET,,,14.506,0,0.305,0.229,0.127,0.153,0.03,0.05,0.06,0.04,0.8,0.4,0.7,0.4,1.2,0.1,0.2,0.04,1,0.5,0.8,0.3,0.4
TEOWBtr5023,,Broadleaf tree,Btr,GF,Btr,GFET,,,14.759,0,0.305,0.229,0.127,0.153,0.03,0.05,0.06,0.04,0.8,0.4,0.7,0.4,1.2,0.1,0.2,0.04,1,0.5,0.8,0.3,0.4
TEOWBtr5024,,Broadleaf tree,Btr,GF,Btr,GFET,,,15.701,0,0.305,0.229,0.127,0.153,0.03,0.05,0.06,0.04,0.8,0.4,0.7,0.4,1.2,0.1,0.2,0.04,1,0.5,0.8,0.3,0.4
TEOWBtr5025,,Broadleaf tree,Btr,GF,Btr,GFET,,,14.498,0,0.305,0.229,0.127,0.153,0.03,0.05,0.06,0.04,0.8,0.4,0.7,0.4,1.2,0.1,0.2,0.04,1,0.5,0.8,0.3,0.4
TEOWBtr5026,,Broadleaf tree,Btr,GF,Btr,GFET,,,14.326,0,0.305,0.229,0.127,0.153,0.03,0.05,0.06,0.04,0.8,0.4,0.7,0.4,1.2,0.1,0.2,0.04,1,0.5,0.8,0.3,0.4
TEOWBtr5027,,Broadleaf tree,Btr,GF,Btr,GFET,,,15.632,0,0.305,0.229,0.127,0.153,0.03,0.05,0.06,0.04,0.8,0.4,0.7,0.4,1.2,0.1,0.2,0.04,1,0.5,0.8,0.3,0.4
TEOWBtr5028,,Broadleaf tree,Btr,GF,Btr,GFET,,,14.037,0,0.305,0.229,0.127,0.153,0.03,0.05,0.06,0.04,0.8,0.4,0.7,0.4,1.2,0.1,0.2,0.04,1,0.5,0.8,0.3,0.4
TEOWBtr5029,,Broadleaf tree,Btr,GF,Btr,GFET,,,14.701,0,0.305,0.229,0.127,0.153,0.03,0.05,0.06,0.04,0.8,0.4,0.7,0.4,1.2,0.1,0.2,0.04,1,0.5,0.8,0.3,0.4
TEOWBtr5030,,Broadleaf tree,Btr,GF,Btr,GFET,,,16.674,0,0.305,0.229,0.127,0.153,0.03,0.05,0.06,0.04,0.8,0.4,0.7,0.4,1.2,0.1,0.2,0.04,1,0.5,0.8,0.3,0.4
TEOWBtr5031,,Broadleaf tree,Btr,GF,Btr,GFET,,,13.909,0,0.306,0.229,0.127,0.153,0.03,0.05,0.06,0.04,0.8,0.4,0.7,0.4,1.2,0.1,0.2,0.04,1,0.5,0.8,0.3,0.4
TEOWBtr5032,,Broadleaf tree,Btr,GF,Btr,GFET,,,10.013,0,0.305,0.229,0.127,0.153,0.03,0.05,0.06,0.04,0.8,0.4,0.7,0.4,1.2,0.1,0.2,0.04,1,0.5,0.8,0.3,0.4
TEOWBtr5033,,Broadleaf tree,Btr,GF,Btr,GFET,,,11.661,0,0.306,0.229,0.127,0.153,0.03,0.05,0.06,0.04,0.8,0.4,0.7,0.4,1.2,0.1,0.2,0.04,1,0.5,0.8,0.3,0.4
TEOWBtr5034,,Broadleaf tree,Btr,GF,Btr,GFET,,,12.351,0,0.427,0.32,0.178,0.213,0.03,0.05,0.06,0.04,0.8,0.4,0.7,0.4,1.2,0.1,0.2,0.04,1,0.5,0.8,0.3,0.4
TEOWBtr5035,,Broadleaf tree,Btr,GF,Btr,GFET,,,0.01,0,0.012,0.009,0.005,0.006,0.03,0.05,0.06,0.04,0.8,0.4,0.7,0.4,1.2,0.1,0.2,0.04,1,0.5,0.8,0.3,0.4
TEOWBtr5036,,Broadleaf tree,Btr,GF,Btr,GFET,,,28.192,0,0.761,0.571,0.317,0.381,0.03,0.05,0.06,0.04,0.8,0.4,0.7,0.4,1.2,0.1,0.2,0.04,1,0.5,0.8,0.3,0.4
TEOWBtr5037,,Broadleaf tree,Btr,GF,Btr,GFET,,,6.404,0,0.305,0.229,0.127,0.153,0.03,0.05,0.06,0.04,0.8,0.4,0.7,0.4,1.2,0.1,0.2,0.04,1,0.5,0.8,0.3,0.4
TEOWBtr5038,,Broadleaf tree,Btr,GF,Btr,GFET,,,4.005,0,0.305,0.229,0.127,0.153,0.03,0.05,0.06,0.04,0.8,0.4,0.7,0.4,1.2,0.1,0.2,0.04,1,0.5,0.8,0.3,0.4
TEOWBtr5039,,Broadleaf tree,Btr,GF,Btr,GFET,,,11.614,0,0.306,0.229,0.127,0.153,0.03,0.05,0.06,0.04,0.8,0.4,0.7,0.4,1.2,0.1,0.2,0.04,1,0.5,0.8,0.3,0.4
TEOWBtr5040,,Broadleaf tree,Btr,GF,Btr,GFET,,,14.399,0,0.306,0.229,0.127,0.153,0.03,0.05,0.06,0.04,0.8,0.4,0.7,0.4,1.2,0.1,0.2,0.04,1,0.5,0.8,0.3,0.4
TEOWBtr5041,,Broadleaf tree,Btr,GF,Btr,GFET,,,3.454,0,0.305,0.229,0.127,0.153,0.03,0.05,0.06,0.04,0.8,0.4,0.7,0.4,1.2,0.1,0.2,0.04,1,0.5,0.8,0.3,0.4
TEOWBtr5042,,Broadleaf tree,Btr,GF,Btr,GFET,,,5.52,0,0.305,0.229,0.127,0.153,0.03,0.05,0.06,0.04,0.8,0.4,0.7,0.4,1.2,0.1,0.2,0.04,1,0.5,0.8,0.3,0.4
TEOWBtr5043,,Broadleaf tree,Btr,GF,Btr,GFET,,,29.277,0,0.813,0.61,0.339,0.407,0.03,0.05,0.06,0.04,0.8,0.4,0.7,0.4,1.2,0.1,0.2,0.04,1,0.5,0.8,0.3,0.4
TEOWBtr5044,,Broadleaf tree,Btr,GF,Btr,GFET,,,13.587,0,0.305,0.229,0.127,0.153,0.03,0.05,0.06,0.04,0.8,0.4,0.7,0.4,1.2,0.1,0.2,0.04,1,0.5,0.8,0.3,0.4
TEOWBtr5045,,Broadleaf tree,Btr,GF,Btr,GFET,,,29.892,0,0.773,0.58,0.322,0.387,0.03,0.05,0.06,0.04,0.8,0.4,0.7,0.4,1.2,0.1,0.2,0.04,1,0.5,0.8,0.3,0.4
TEOWBtr5046,,Broadleaf tree,Btr,GF,Btr,GFET,,,28.607,0,0.79,0.592,0.329,0.395,0.03,0.05,0.06,0.04,0.8,0.4,0.7,0.4,1.2,0.1,0.2,0.04,1,0.5,0.8,0.3,0.4
TEOWBtr5047,,Broadleaf tree,Btr,GF,Btr,GFET,,,29.145,0,0.712,0.534,0.297,0.356,0.03,0.05,0.06,0.04,0.8,0.4,0.7,0.4,1.2,0.1,0.2,0.04,1,0.5,0.8,0.3,0.4
TEOWBtr5048,,Broadleaf tree,Btr,GF,Btr,GFET,,,5.493,0,0.305,0.229,0.127,0.153,0.03,0.05,0.06,0.04,0.8,0.4,0.7,0.4,1.2,0.1,0.2,0.04,1,0.5,0.8,0.3,0.4
TEOWBtr5049,,Broadleaf tree,Btr,GF,Btr,GFET,,,24.868,0,0.75,0.563,0.313,0.375,0.03,0.05,0.06,0.04,0.8,0.4,0.7,0.4,1.2,0.1,0.2,0.04,1,0.5,0.8,0.3,0.4
TEOWBtr5050,,Broadleaf tree,Btr,GF,Btr,GFET,,,24.381,0,0.807,0.605,0.336,0.403,0.03,0.05,0.06,0.04,0.8,0.4,0.7,0.4,1.2,0.1,0.2,0.04,1,0.5,0.8,0.3,0.4
TEOWBtr5051,,Broadleaf tree,Btr,GF,Btr,GFET,,,21.857,0,0.702,0.526,0.292,0.351,0.03,0.05,0.06,0.04,0.8,0.4,0.7,0.4,1.2,0.1,0.2,0.04,1,0.5,0.8,0.3,0.4
TEOWBtr5052,,Broadleaf tree,Btr,GF,Btr,GFET,,,26.512,0,0.766,0.574,0.319,0.383,0.03,0.05,0.06,0.04,0.8,0.4,0.7,0.4,1.2,0.1,0.2,0.04,1,0.5,0.8,0.3,0.4
TEOWBtr5053,,Broadleaf tree,Btr,GF,Btr,GFET,,,25.351,0,0.806,0.604,0.336,0.403,0.03,0.05,0.06,0.04,0.8,0.4,0.7,0.4,1.2,0.1,0.2,0.04,1,0.5,0.8,0.3,0.4
TEOWBtr5054,,Broadleaf tree,Btr,GF,Btr,GFET,,,27.15,0,0.797,0.597,0.332,0.398,0.03,0.05,0.06,0.04,0.8,0.4,0.7,0.4,1.2,0.1,0.2,0.04,1,0.5,0.8,0.3,0.4
TEOWBtr5055,,Broadleaf tree,Btr,GF,Btr,GFET,,,29.809,0,0.846,0.634,0.352,0.423,0.03,0.05,0.06,0.04,0.8,0.4,0.7,0.4,1.2,0.1,0.2,0.04,1,0.5,0.8,0.3,0.4
TEOWBtr5056,,Broadleaf tree,Btr,GF,Btr,GFET,,,20.112,0,0.817,0.613,0.34,0.408,0.03,0.05,0.06,0.04,0.8,0.4,0.7,0.4,1.2,0.1,0.2,0.04,1,0.5,0.8,0.3,0.4
TEOWBtr5057,,Broadleaf tree,Btr,GF,Btr,GFET,,,26.294,0,0.821,0.615,0.342,0.41,0.03,0.05,0.06,0.04,0.8,0.4,0.7,0.4,1.2,0.1,0.2,0.04,1,0.5,0.8,0.3,0.4
TEOWBtr5058,,Broadleaf tree,Btr,GF,Btr,GFET,,,22.475,0,0.82,0.615,0.342,0.41,0.03,0.05,0.06,0.04,0.8,0.4,0.7,0.4,1.2,0.1,0.2,0.04,1,0.5,0.8,0.3,0.4
TEOWBtr5059,,Broadleaf tree,Btr,GF,Btr,GFET,,,27.842,0,0.878,0.658,0.366,0.439,0.03,0.05,0.06,0.04,0.8,0.4,0.7,0.4,1.2,0.1,0.2,0.04,1,0.5,0.8,0.3,0.4
TEOWBtr5060,,Broadleaf tree,Btr,GF,Btr,GFET,,,27.218,0,0.833,0.625,0.347,0.416,0.03,0.05,0.06,0.04,0.8,0.4,0.7,0.4,1.2,0.1,0.2,0.04,1,0.5,0.8,0.3,0.4
TEOWBtr5061,,Broadleaf tree,Btr,GF,Btr,GFET,,,33.529,0,0.811,0.608,0.338,0.405,0.03,0.05,0.06,0.04,0.8,0.4,0.7,0.4,1.2,0.1,0.2,0.04,1,0.5,0.8,0.3,0.4
TEOWBtr5062,,Broadleaf tree,Btr,GF,Btr,GFET,,,18.544,0,0.817,0.613,0.34,0.408,0.03,0.05,0.06,0.04,0.8,0.4,0.7,0.4,1.2,0.1,0.2,0.04,1,0.5,0.8,0.3,0.4
TEOWBtr5063,,Broadleaf tree,Btr,GF,Btr,GFET,,,12.34,0,0.817,0.613,0.341,0.409,0.03,0.05,0.06,0.04,0.8,0.4,0.7,0.4,1.2,0.1,0.2,0.04,1,0.5,0.8,0.3,0.4
TEOWBtr5064,,Broadleaf tree,Btr,GF,Btr,GFET,,,0.01,0,0.012,0.009,0.005,0.006,0.03,0.05,0.06,0.04,0.8,0.4,0.7,0.4,1.2,0.1,0.2,0.04,1,0.5,0.8,0.3,0.4
TEOWBtr5065,,Broadleaf tree,Btr,GF,Btr,GFET,,,26.587,0,0.816,0.612,0.34,0.408,0.03,0.05,0.06,0.04,0.8,0.4,0.7,0.4,1.2,0.1,0.2,0.04,1,0.5,0.8,0.3,0.4
TEOWBtr5066,,Broadleaf tree,Btr,GF,Btr,GFET,,,29.436,0,0.894,0.671,0.373,0.447,0.03,0.05,0.06,0.04,0.8,0.4,0.7,0.4,1.2,0.1,0.2,0.04,1,0.5,0.8,0.3,0.4
TEOWBtr5067,,Broadleaf tree,Btr,GF,Btr,GFET,,,31.475,0,0.947,0.71,0.395,0.474,0.03,0.05,0.06,0.04,0.8,0.4,0.7,0.4,1.2,0.1,0.2,0.04,1,0.5,0.8,0.3,0.4
TEOWBtr5068,,Broadleaf tree,Btr,GF,Btr,GFET,,,31.32,0,0.81,0.607,0.337,0.405,0.03,0.05,0.06,0.04,0.8,0.4,0.7,0.4,1.2,0.1,0.2,0.04,1,0.5,0.8,0.3,0.4
TEOWBtr5069,,Broadleaf tree,Btr,GF,Btr,GFET,,,23.943,0,0.81,0.607,0.337,0.405,0.03,0.05,0.06,0.04,0.8,0.4,0.7,0.4,1.2,0.1,0.2,0.04,1,0.5,0.8,0.3,0.4
TEOWBtr5070,,Broadleaf tree,Btr,GF,Btr,GFET,,,28.104,0,0.84,0.63,0.35,0.42,0.03,0.05,0.06,0.04,0.8,0.4,0.7,0.4,1.2,0.1,0.2,0.04,1,0.5,0.8,0.3,0.4
TEOWBtr5071,,Broadleaf tree,Btr,GF,Btr,GFET,,,30.286,0,0.851,0.638,0.355,0.426,0.03,0.05,0.06,0.04,0.8,0.4,0.7,0.4,1.2,0.1,0.2,0.04,1,0.5,0.8,0.3,0.4
TEOWBtr5072,,Broadleaf tree,Btr,GF,Btr,GFET,,,25.581,0,0.763,0.572,0.318,0.381,0.03,0.05,0.06,0.04,0.8,0.4,0.7,0.4,1.2,0.1,0.2,0.04,1,0.5,0.8,0.3,0.4
TEOWBtr5073,,Broadleaf tree,Btr,GF,Btr,GFET,,,29.285,0,0.906,0.68,0.378,0.453,0.03,0.05,0.06,0.04,0.8,0.4,0.7,0.4,1.2,0.1,0.2,0.04,1,0.5,0.8,0.3,0.4
TEOWBtr5074,,Broadleaf tree,Btr,GF,Btr,GFET,,,28.737,0,0.858,0.644,0.358,0.429,0.03,0.05,0.06,0.04,0.8,0.4,0.7,0.4,1.2,0.1,0.2,0.04,1,0.5,0.8,0.3,0.4
TEOWBtr5075,,Broadleaf tree,Btr,GF,Btr,GFET,,,34.922,0,0.863,0.647,0.359,0.431,0.03,0.05,0.06,0.04,0.8,0.4,0.7,0.4,1.2,0.1,0.2,0.04,1,0.5,0.8,0.3,0.4
TEOWBtr5076,,Broadleaf tree,Btr,GF,Btr,GFET,,,31.859,0,0.816,0.612,0.34,0.408,0.03,0.05,0.06,0.04,0.8,0.4,0.7,0.4,1.2,0.1,0.2,0.04,1,0.5,0.8,0.3,0.4
TEOWBtr5077,,Broadleaf tree,Btr,GF,Btr,GFET,,,33.445,0,0.818,0.614,0.341,0.409,0.03,0.05,0.06,0.04,0.8,0.4,0.7,0.4,1.2,0.1,0.2,0.04,1,0.5,0.8,0.3,0.4
TEOWBtr5078,,Broadleaf tree,Btr,GF,Btr,GFET,,,32.961,0,0.818,0.614,0.341,0.409,0.03,0.05,0.06,0.04,0.8,0.4,0.7,0.4,1.2,0.1,0.2,0.04,1,0.5,0.8,0.3,0.4
TEOWBtr5079,,Broadleaf tree,Btr,GF,Btr,GFET,,,33.693,0,0.835,0.626,0.348,0.418,0.03,0.05,0.06,0.04,0.8,0.4,0.7,0.4,1.2,0.1,0.2,0.04,1,0.5,0.8,0.3,0.4
TEOWBtr5080,,Broadleaf tree,Btr,GF,Btr,GFET,,,32.136,0,0.831,0.623,0.346,0.416,0.03,0.05,0.06,0.04,0.8,0.4,0.7,0.4,1.2,0.1,0.2,0.04,1,0.5,0.8,0.3,0.4
TEOWBtr5081,,Broadleaf tree,Btr,GF,Btr,GFET,,,32.298,0,0.817,0.613,0.34,0.408,0.03,0.05,0.06,0.04,0.8,0.4,0.7,0.4,1.2,0.1,0.2,0.04,1,0.5,0.8,0.3,0.4
TEOWBtr5082,,Broadleaf tree,Btr,GF,Btr,GFET,,,33.258,0,0.842,0.631,0.351,0.421,0.03,0.05,0.06,0.04,0.8,0.4,0.7,0.4,1.2,0.1,0.2,0.04,1,0.5,0.8,0.3,0.4
TEOWBtr5083,,Broadleaf tree,Btr,GF,Btr,GFET,,,31.596,0,0.913,0.685,0.381,0.457,0.03,0.05,0.06,0.04,0.8,0.4,0.7,0.4,1.2,0.1,0.2,0.04,1,0.5,0.8,0.3,0.4
TEOWBtr5084,,Broadleaf tree,Btr,GF,Btr,GFET,,,31.138,0,0.91,0.683,0.379,0.455,0.03,0.05,0.06,0.04,0.8,0.4,0.7,0.4,1.2,0.1,0.2,0.04,1,0.5,0.8,0.3,0.4
TEOWBtr5085,,Broadleaf tree,Btr,GF,Btr,GFET,,,0.003,0,0.011,0.009,0.005,0.006,0.03,0.05,0.06,0.04,0.8,0.4,0.7,0.4,1.2,0.1,0.2,0.04,1,0.5,0.8,0.3,0.4
TEOWBtr5086,,Broadleaf tree,Btr,GF,Btr,GFET,,,0.01,0,0.012,0.009,0.005,0.006,0.03,0.05,0.06,0.04,0.8,0.4,0.7,0.4,1.2,0.1,0.2,0.04,1,0.5,0.8,0.3,0.4
TEOWBtr5087,,Broadleaf tree,Btr,GF,Btr,GFET,,,0.01,0,0.012,0.009,0.005,0.006,0.03,0.05,0.06,0.04,0.8,0.4,0.7,0.4,1.2,0.1,0.2,0.04,1,0.5,0.8,0.3,0.4
TEOWBtr5088,,Broadleaf tree,Btr,GF,Btr,GFET,,,0.01,0,0.012,0.009,0.005,0.006,0.03,0.05,0.06,0.04,0.8,0.4,0.7,0.4,1.2,0.1,0.2,0.04,1,0.5,0.8,0.3,0.4
TEOWBtr5089,,Broadleaf tree,Btr,GF,Btr,GFET,,,0.01,0,0.012,0.009,0.005,0.006,0.03,0.05,0.06,0.04,0.8,0.4,0.7,0.4,1.2,0.1,0.2,0.04,1,0.5,0.8,0.3,0.4
TEOWBtr5090,,Broadleaf tree,Btr,GF,Btr,GFET,,,5.014,0,0.062,0.047,0.026,0.031,0.03,0.05,0.06,0.04,0.8,0.4,0.7,0.4,1.2,0.1,0.2,0.04,1,0.5,0.8,0.3,0.4
TEOWBtr5091,,Broadleaf tree,Btr,GF,Btr,GFET,,,7.665,0,0.253,0.19,0.105,0.127,0.03,0.05,0.06,0.04,0.8,0.4,0.7,0.4,1.2,0.1,0.2,0.04,1,0.5,0.8,0.3,0.4
TEOWBtr5092,,Broadleaf tree,Btr,GF,Btr,GFET,,,6.976,0,0.306,0.229,0.127,0.153,0.03,0.05,0.06,0.04,0.8,0.4,0.7,0.4,1.2,0.1,0.2,0.04,1,0.5,0.8,0.3,0.4
TEOWBtr5093,,Broadleaf tree,Btr,GF,Btr,GFET,,,7.718,0,0.231,0.173,0.096,0.116,0.03,0.05,0.06,0.04,0.8,0.4,0.7,0.4,1.2,0.1,0.2,0.04,1,0.5,0.8,0.3,0.4
TEOWBtr5094,,Broadleaf tree,Btr,GF,Btr,GFET,,,5.759,0,0.305,0.229,0.127,0.153,0.03,0.05,0.06,0.04,0.8,0.4,0.7,0.4,1.2,0.1,0.2,0.04,1,0.5,0.8,0.3,0.4
TEOWBtr5095,,Broadleaf tree,Btr,GF,Btr,GFET,,,6.466,0,0.305,0.229,0.127,0.153,0.03,0.05,0.06,0.04,0.8,0.4,0.7,0.4,1.2,0.1,0.2,0.04,1,0.5,0.8,0.3,0.4
TEOWBtr5096,,Broadleaf tree,Btr,GF,Btr,GFET,,,6.454,0,0.305,0.229,0.127,0.153,0.03,0.05,0.06,0.04,0.8,0.4,0.7,0.4,1.2,0.1,0.2,0.04,1,0.5,0.8,0.3,0.4
TEOWBtr5097,,Broadleaf tree,Btr,GF,Btr,GFET,,,4.93,0,0.093,0.07,0.039,0.047,0.03,0.05,0.06,0.04,0.8,0.4,0.7,0.4,1.2,0.1,0.2,0.04,1,0.5,0.8,0.3,0.4
TEOWBtr5098,,Broadleaf tree,Btr,GF,Btr,GFET,,,4.811,0,0.104,0.078,0.043,0.052,0.03,0.05,0.06,0.04,0.8,0.4,0.7,0.4,1.2,0.1,0.2,0.04,1,0.5,0.8,0.3,0.4
TEOWBtr5099,,Broadleaf tree,Btr,GF,Btr,GFET,,,11.72,0,0.101,0.076,0.042,0.05,0.03,0.05,0.06,0.04,0.8,0.4,0.7,0.4,1.2,0.1,0.2,0.04,1,0.5,0.8,0.3,0.4
TEOWBtr5100,,Broadleaf tree,Btr,GF,Btr,GFET,,,6.173,0,0.305,0.229,0.127,0.153,0.03,0.05,0.06,0.04,0.8,0.4,0.7,0.4,1.2,0.1,0.2,0.04,1,0.5,0.8,0.3,0.4
TEOWBtr5101,,Broadleaf tree,Btr,GF,Btr,GFET,,,7.049,0,0.307,0.231,0.128,0.154,0.03,0.05,0.06,0.04,0.8,0.4,0.7,0.4,1.2,0.1,0.2,0.04,1,0.5,0.8,0.3,0.4
TEOWBtr5102,,Broadleaf tree,Btr,GF,Btr,GFET,,,0.01,0,0.012,0.009,0.005,0.006,0.03,0.05,0.06,0.04,0.8,0.4,0.7,0.4,1.2,0.1,0.2,0.04,1,0.5,0.8,0.3,0.4
TEOWBtr5103,,Broadleaf tree,Btr,GF,Btr,GFET,,,6.375,0,0.305,0.229,0.127,0.153,0.03,0.05,0.06,0.04,0.8,0.4,0.7,0.4,1.2,0.1,0.2,0.04,1,0.5,0.8,0.3,0.4
TEOWBtr5104,,Broadleaf tree,Btr,GF,Btr,GFET,,,17.966,0,0.252,0.189,0.105,0.126,0.03,0.05,0.06,0.04,0.8,0.4,0.7,0.4,1.2,0.1,0.2,0.04,1,0.5,0.8,0.3,0.4
TEOWBtr5105,,Broadleaf tree,Btr,GF,Btr,GFET,,,7.503,0,0.214,0.161,0.089,0.107,0.03,0.05,0.06,0.04,0.8,0.4,0.7,0.4,1.2,0.1,0.2,0.04,1,0.5,0.8,0.3,0.4
TEOWBtr5106,,Broadleaf tree,Btr,GF,Btr,GFET,,,7.514,0,0.305,0.229,0.127,0.153,0.03,0.05,0.06,0.04,0.8,0.4,0.7,0.4,1.2,0.1,0.2,0.04,1,0.5,0.8,0.3,0.4
TEOWBtr5107,,Broadleaf tree,Btr,GF,Btr,GFET,,,7.358,0,0.305,0.229,0.127,0.153,0.03,0.05,0.06,0.04,0.8,0.4,0.7,0.4,1.2,0.1,0.2,0.04,1,0.5,0.8,0.3,0.4
TEOWBtr5108,,Broadleaf tree,Btr,GF,Btr,GFET,,,7.076,0,0.254,0.191,0.106,0.127,0.03,0.05,0.06,0.04,0.8,0.4,0.7,0.4,1.2,0.1,0.2,0.04,1,0.5,0.8,0.3,0.4
TEOWBtr5109,,Broadleaf tree,Btr,GF,Btr,GFET,,,0.01,0,0.012,0.009,0.005,0.006,0.03,0.05,0.06,0.04,0.8,0.4,0.7,0.4,1.2,0.1,0.2,0.04,1,0.5,0.8,0.3,0.4
TEOWBtr5110,,Broadleaf tree,Btr,GF,Btr,GFET,,,7.618,0,0.305,0.229,0.127,0.153,0.03,0.05,0.06,0.04,0.8,0.4,0.7,0.4,1.2,0.1,0.2,0.04,1,0.5,0.8,0.3,0.4
TEOWBtr5111,,Broadleaf tree,Btr,GF,Btr,GFET,,,4.82,0,0.305,0.229,0.127,0.153,0.03,0.05,0.06,0.04,0.8,0.4,0.7,0.4,1.2,0.1,0.2,0.04,1,0.5,0.8,0.3,0.4
TEOWBtr5112,,Broadleaf tree,Btr,GF,Btr,GFET,,,6.212,0,0.306,0.229,0.127,0.153,0.03,0.05,0.06,0.04,0.8,0.4,0.7,0.4,1.2,0.1,0.2,0.04,1,0.5,0.8,0.3,0.4
TEOWBtr5113,,Broadleaf tree,Btr,GF,Btr,GFET,,,8.113,0,0.296,0.222,0.123,0.148,0.03,0.05,0.06,0.04,0.8,0.4,0.7,0.4,1.2,0.1,0.2,0.04,1,0.5,0.8,0.3,0.4
TEOWBtr5114,,Broadleaf tree,Btr,GF,Btr,GFET,,,2.764,0,0.09,0.067,0.037,0.045,0.03,0.05,0.06,0.04,0.8,0.4,0.7,0.4,1.2,0.1,0.2,0.04,1,0.5,0.8,0.3,0.4
TEOWBtr5115,,Broadleaf tree,Btr,GF,Btr,GFET,,,7.876,0,0.278,0.208,0.116,0.139,0.03,0.05,0.06,0.04,0.8,0.4,0.7,0.4,1.2,0.1,0.2,0.04,1,0.5,0.8,0.3,0.4
TEOWBtr5116,,Broadleaf tree,Btr,GF,Btr,GFET,,,3.346,0,0.305,0.229,0.127,0.153,0.03,0.05,0.06,0.04,0.8,0.4,0.7,0.4,1.2,0.1,0.2,0.04,1,0.5,0.8,0.3,0.4
TEOWBtr5117,,Broadleaf tree,Btr,GF,Btr,GFET,,,5.281,0,0.073,0.055,0.031,0.037,0.03,0.05,0.06,0.04,0.8,0.4,0.7,0.4,1.2,0.1,0.2,0.04,1,0.5,0.8,0.3,0.4
TEOWBtr5118,,Broadleaf tree,Btr,GF,Btr,GFET,,,14.325,0,0.183,0.138,0.076,0.092,0.03,0.05,0.06,0.04,0.8,0.4,0.7,0.4,1.2,0.1,0.2,0.04,1,0.5,0.8,0.3,0.4
TEOWBtr5119,,Broadleaf tree,Btr,GF,Btr,GFET,,,6.355,0,0.305,0.229,0.127,0.153,0.03,0.05,0.06,0.04,0.8,0.4,0.7,0.4,1.2,0.1,0.2,0.04,1,0.5,0.8,0.3,0.4
TEOWBtr5120,,Broadleaf tree,Btr,GF,Btr,GFET,,,0.01,0,0.012,0.009,0.005,0.006,0.03,0.05,0.06,0.04,0.8,0.4,0.7,0.4,1.2,0.1,0.2,0.04,1,0.5,0.8,0.3,0.4
TEOWBtr5121,,Broadleaf tree,Btr,GF,Btr,GFET,,,12.157,0,0.305,0.229,0.127,0.153,0.03,0.05,0.06,0.04,0.8,0.4,0.7,0.4,1.2,0.1,0.2,0.04,1,0.5,0.8,0.3,0.4
TEOWBtr5122,,Broadleaf tree,Btr,GF,Btr,GFET,,,6.64,0,0.154,0.115,0.064,0.077,0.03,0.05,0.06,0.04,0.8,0.4,0.7,0.4,1.2,0.1,0.2,0.04,1,0.5,0.8,0.3,0.4
TEOWBtr5123,,Broadleaf tree,Btr,GF,Btr,GFET,,,7.479,0,0.071,0.053,0.03,0.035,0.03,0.05,0.06,0.04,0.8,0.4,0.7,0.4,1.2,0.1,0.2,0.04,1,0.5,0.8,0.3,0.4
TEOWBtr5124,,Broadleaf tree,Btr,GF,Btr,GFET,,,4.71,0,1.36,1.02,0.567,0.68,0.03,0.05,0.06,0.04,0.8,0.4,0.7,0.4,1.2,0.1,0.2,0.04,1,0.5,0.8,0.3,0.4
TEOWBtr5125,,Broadleaf tree,Btr,GF,Btr,GFET,,,0.01,0,0.012,0.009,0.005,0.006,0.03,0.05,0.06,0.04,0.8,0.4,0.7,0.4,1.2,0.1,0.2,0.04,1,0.5,0.8,0.3,0.4
TEOWBtr5126,,Broadleaf tree,Btr,GF,Btr,GFET,,,4.427,0,0.057,0.043,0.024,0.029,0.03,0.05,0.06,0.04,0.8,0.4,0.7,0.4,1.2,0.1,0.2,0.04,1,0.5,0.8,0.3,0.4
TEOWBtr5127,,Broadleaf tree,Btr,GF,Btr,GFET,,,14.105,0,0.122,0.091,0.051,0.061,0.03,0.05,0.06,0.04,0.8,0.4,0.7,0.4,1.2,0.1,0.2,0.04,1,0.5,0.8,0.3,0.4
TEOWBtr5128,,Broadleaf tree,Btr,GF,Btr,GFET,,,5.311,0,0.039,0.029,0.016,0.02,0.03,0.05,0.06,0.04,0.8,0.4,0.7,0.4,1.2,0.1,0.2,0.04,1,0.5,0.8,0.3,0.4
TEOWBtr5129,,Broadleaf tree,Btr,GF,Btr,GFET,,,10.871,0,0.305,0.229,0.127,0.153,0.03,0.05,0.06,0.04,0.8,0.4,0.7,0.4,1.2,0.1,0.2,0.04,1,0.5,0.8,0.3,0.4
TEOWBtr5130,,Broadleaf tree,Btr,GF,Btr,GFET,,,11.463,0,0.069,0.052,0.029,0.035,0.03,0.05,0.06,0.04,0.8,0.4,0.7,0.4,1.2,0.1,0.2,0.04,1,0.5,0.8,0.3,0.4
TEOWBtr5131,,Broadleaf tree,Btr,GF,Btr,GFET,,,3.698,0,0.583,0.438,0.243,0.292,0.03,0.05,0.06,0.04,0.8,0.4,0.7,0.4,1.2,0.1,0.2,0.04,1,0.5,0.8,0.3,0.4
TEOWBtr5132,,Broadleaf tree,Btr,GF,Btr,GFET,,,13.908,0,0.311,0.233,0.129,0.155,0.03,0.05,0.06,0.04,0.8,0.4,0.7,0.4,1.2,0.1,0.2,0.04,1,0.5,0.8,0.3,0.4
TEOWBtr5133,,Broadleaf tree,Btr,GF,Btr,GFET,,,2.046,0,1.002,0.751,0.417,0.501,0.03,0.05,0.06,0.04,0.8,0.4,0.7,0.4,1.2,0.1,0.2,0.04,1,0.5,0.8,0.3,0.4
TEOWBtr5134,,Broadleaf tree,Btr,GF,Btr,GFET,,,10.656,0,0.174,0.131,0.073,0.087,0.03,0.05,0.06,0.04,0.8,0.4,0.7,0.4,1.2,0.1,0.2,0.04,1,0.5,0.8,0.3,0.4
TEOWBtr5135,,Broadleaf tree,Btr,GF,Btr,GFET,,,13.032,0,0.233,0.175,0.097,0.116,0.03,0.05,0.06,0.04,0.8,0.4,0.7,0.4,1.2,0.1,0.2,0.04,1,0.5,0.8,0.3,0.4
TEOWBtr5136,,Broadleaf tree,Btr,GF,Btr,GFET,,,5.322,0,0.066,0.05,0.028,0.033,0.03,0.05,0.06,0.04,0.8,0.4,0.7,0.4,1.2,0.1,0.2,0.04,1,0.5,0.8,0.3,0.4
TEOWBtr5137,,Broadleaf tree,Btr,GF,Btr,GFET,,,1.872,0,1.114,0.836,0.464,0.557,0.03,0.05,0.06,0.04,0.8,0.4,0.7,0.4,1.2,0.1,0.2,0.04,1,0.5,0.8,0.3,0.4
TEOWBtr5138,,Broadleaf tree,Btr,GF,Btr,GFET,,,2.769,0,0.921,0.69,0.384,0.46,0.03,0.05,0.06,0.04,0.8,0.4,0.7,0.4,1.2,0.1,0.2,0.04,1,0.5,0.8,0.3,0.4
TEOWBtr5139,,Broadleaf tree,Btr,GF,Btr,GFET,,,5.507,0,0.805,0.604,0.335,0.402,0.03,0.05,0.06,0.04,0.8,0.4,0.7,0.4,1.2,0.1,0.2,0.04,1,0.5,0.8,0.3,0.4
TEOWBtr5140,,Broadleaf tree,Btr,GF,Btr,GFET,,,6.691,0,0.107,0.08,0.045,0.054,0.03,0.05,0.06,0.04,0.8,0.4,0.7,0.4,1.2,0.1,0.2,0.04,1,0.5,0.8,0.3,0.4
TEOWBtr5141,,Broadleaf tree,Btr,GF,Btr,GFET,,,5.562,0,0.181,0.136,0.075,0.091,0.03,0.05,0.06,0.04,0.8,0.4,0.7,0.4,1.2,0.1,0.2,0.04,1,0.5,0.8,0.3,0.4
TEOWBtr5142,,Broadleaf tree,Btr,GF,Btr,GFET,,,0.01,0,0.012,0.009,0.005,0.006,0.03,0.05,0.06,0.04,0.8,0.4,0.7,0.4,1.2,0.1,0.2,0.04,1,0.5,0.8,0.3,0.4
TEOWBtr5143,,Broadleaf tree,Btr,GF,Btr,GFET,,,2.643,0,0.125,0.094,0.052,0.062,0.03,0.05,0.06,0.04,0.8,0.4,0.7,0.4,1.2,0.1,0.2,0.04,1,0.5,0.8,0.3,0.4
TEOWBtr5144,,Broadleaf tree,Btr,GF,Btr,GFET,,,11.143,0,0.159,0.119,0.066,0.079,0.03,0.05,0.06,0.04,0.8,0.4,0.7,0.4,1.2,0.1,0.2,0.04,1,0.5,0.8,0.3,0.4
TEOWBtr5145,,Broadleaf tree,Btr,GF,Btr,GFET,,,6.71,0,0.096,0.072,0.04,0.048,0.03,0.05,0.06,0.04,0.8,0.4,0.7,0.4,1.2,0.1,0.2,0.04,1,0.5,0.8,0.3,0.4
TEOWBtr5146,,Broadleaf tree,Btr,GF,Btr,GFET,,,5.979,0,0.098,0.074,0.041,0.049,0.03,0.05,0.06,0.04,0.8,0.4,0.7,0.4,1.2,0.1,0.2,0.04,1,0.5,0.8,0.3,0.4
TEOWBtr5147,,Broadleaf tree,Btr,GF,Btr,GFET,,,4.661,0,0.926,0.695,0.386,0.463,0.03,0.05,0.06,0.04,0.8,0.4,0.7,0.4,1.2,0.1,0.2,0.04,1,0.5,0.8,0.3,0.4
TEOWBtr5148,,Broadleaf tree,Btr,GF,Btr,GFET,,,7.905,0,0.211,0.158,0.088,0.106,0.03,0.05,0.06,0.04,0.8,0.4,0.7,0.4,1.2,0.1,0.2,0.04,1,0.5,0.8,0.3,0.4
TEOWBtr5149,,Broadleaf tree,Btr,GF,Btr,GFET,,,16.418,0,0.306,0.23,0.128,0.153,0.03,0.05,0.06,0.04,0.8,0.4,0.7,0.4,1.2,0.1,0.2,0.04,1,0.5,0.8,0.3,0.4
TEOWBtr5150,,Broadleaf tree,Btr,GF,Btr,GFET,,,0.01,0,0.012,0.009,0.005,0.006,0.03,0.05,0.06,0.04,0.8,0.4,0.7,0.4,1.2,0.1,0.2,0.04,1,0.5,0.8,0.3,0.4
TEOWBtr5151,,Broadleaf tree,Btr,GF,Btr,GFET,,,0.01,0,0.012,0.009,0.005,0.006,0.03,0.05,0.06,0.04,0.8,0.4,0.7,0.4,1.2,0.1,0.2,0.04,1,0.5,0.8,0.3,0.4
TEOWBtr5152,,Broadleaf tree,Btr,GF,Btr,GFET,,,4.438,0,0.515,0.386,0.215,0.258,0.03,0.05,0.06,0.04,0.8,0.4,0.7,0.4,1.2,0.1,0.2,0.04,1,0.5,0.8,0.3,0.4
TEOWBtr5153,,Broadleaf tree,Btr,GF,Btr,GFET,,,8.711,0,0.898,0.674,0.374,0.449,0.03,0.05,0.06,0.04,0.8,0.4,0.7,0.4,1.2,0.1,0.2,0.04,1,0.5,0.8,0.3,0.4
TEOWBtr5154,,Broadleaf tree,Btr,GF,Btr,GFET,,,16.628,0,0.321,0.241,0.134,0.161,0.03,0.05,0.06,0.04,0.8,0.4,0.7,0.4,1.2,0.1,0.2,0.04,1,0.5,0.8,0.3,0.4
TEOWBtr5155,,Broadleaf tree,Btr,GF,Btr,GFET,,,15.912,0,0.316,0.237,0.132,0.158,0.03,0.05,0.06,0.04,0.8,0.4,0.7,0.4,1.2,0.1,0.2,0.04,1,0.5,0.8,0.3,0.4
TEOWBtr5156,,Broadleaf tree,Btr,GF,Btr,GFET,,,13.767,0,0.306,0.23,0.128,0.153,0.03,0.05,0.06,0.04,0.8,0.4,0.7,0.4,1.2,0.1,0.2,0.04,1,0.5,0.8,0.3,0.4
TEOWBtr5157,,Broadleaf tree,Btr,GF,Btr,GFET,,,4.534,0,0.61,0.458,0.254,0.305,0.03,0.05,0.06,0.04,0.8,0.4,0.7,0.4,1.2,0.1,0.2,0.04,1,0.5,0.8,0.3,0.4
TEOWBtr5158,,Broadleaf tree,Btr,GF,Btr,GFET,,,7.164,0,0.18,0.135,0.075,0.09,0.03,0.05,0.06,0.04,0.8,0.4,0.7,0.4,1.2,0.1,0.2,0.04,1,0.5,0.8,0.3,0.4
TEOWBtr5159,,Broadleaf tree,Btr,GF,Btr,GFET,,,6.182,0,0.799,0.599,0.333,0.399,0.03,0.05,0.06,0.04,0.8,0.4,0.7,0.4,1.2,0.1,0.2,0.04,1,0.5,0.8,0.3,0.4
TEOWBtr5160,,Broadleaf tree,Btr,GF,Btr,GFET,,,10.132,0,0.021,0.016,0.009,0.011,0.03,0.05,0.06,0.04,0.8,0.4,0.7,0.4,1.2,0.1,0.2,0.04,1,0.5,0.8,0.3,0.4
TEOWBtr5161,,Broadleaf tree,Btr,GF,Btr,GFET,,,5.206,0,0.106,0.079,0.044,0.053,0.03,0.05,0.06,0.04,0.8,0.4,0.7,0.4,1.2,0.1,0.2,0.04,1,0.5,0.8,0.3,0.4
TEOWBtr5162,,Broadleaf tree,Btr,GF,Btr,GFET,,,16.463,0,0.241,0.181,0.1,0.12,0.03,0.05,0.06,0.04,0.8,0.4,0.7,0.4,1.2,0.1,0.2,0.04,1,0.5,0.8,0.3,0.4
TEOWBtr5163,,Broadleaf tree,Btr,GF,Btr,GFET,,,12.633,0,0.285,0.213,0.119,0.142,0.03,0.05,0.06,0.04,0.8,0.4,0.7,0.4,1.2,0.1,0.2,0.04,1,0.5,0.8,0.3,0.4
TEOWBtr5164,,Broadleaf tree,Btr,GF,Btr,GFET,,,5.632,0,0.093,0.069,0.039,0.046,0.03,0.05,0.06,0.04,0.8,0.4,0.7,0.4,1.2,0.1,0.2,0.04,1,0.5,0.8,0.3,0.4
TEOWBtr5165,,Broadleaf tree,Btr,GF,Btr,GFET,,,5.48,0,0.085,0.064,0.035,0.043,0.03,0.05,0.06,0.04,0.8,0.4,0.7,0.4,1.2,0.1,0.2,0.04,1,0.5,0.8,0.3,0.4
TEOWBtr5166,,Broadleaf tree,Btr,GF,Btr,GFET,,,12.037,0,0.307,0.23,0.128,0.153,0.03,0.05,0.06,0.04,0.8,0.4,0.7,0.4,1.2,0.1,0.2,0.04,1,0.5,0.8,0.3,0.4
TEOWBtr5167,,Broadleaf tree,Btr,GF,Btr,GFET,,,11.798,0,0.306,0.23,0.128,0.153,0.03,0.05,0.06,0.04,0.8,0.4,0.7,0.4,1.2,0.1,0.2,0.04,1,0.5,0.8,0.3,0.4
TEOWBtr5168,,Broadleaf tree,Btr,GF,Btr,GFET,,,16.58,0,0.252,0.189,0.105,0.126,0.03,0.05,0.06,0.04,0.8,0.4,0.7,0.4,1.2,0.1,0.2,0.04,1,0.5,0.8,0.3,0.4
TEOWBtr5169,,Broadleaf tree,Btr,GF,Btr,GFET,,,13.406,0,0.309,0.232,0.129,0.155,0.03,0.05,0.06,0.04,0.8,0.4,0.7,0.4,1.2,0.1,0.2,0.04,1,0.5,0.8,0.3,0.4
TEOWBtr5170,,Broadleaf tree,Btr,GF,Btr,GFET,,,13.63,0,0.305,0.229,0.127,0.153,0.03,0.05,0.06,0.04,0.8,0.4,0.7,0.4,1.2,0.1,0.2,0.04,1,0.5,0.8,0.3,0.4
TEOWBtr5171,,Broadleaf tree,Btr,GF,Btr,GFET,,,6.592,0,0.321,0.24,0.134,0.16,0.03,0.05,0.06,0.04,0.8,0.4,0.7,0.4,1.2,0.1,0.2,0.04,1,0.5,0.8,0.3,0.4
TEOWBtr5172,,Broadleaf tree,Btr,GF,Btr,GFET,,,13.488,0,0.236,0.177,0.098,0.118,0.03,0.05,0.06,0.04,0.8,0.4,0.7,0.4,1.2,0.1,0.2,0.04,1,0.5,0.8,0.3,0.4
TEOWBtr5173,,Broadleaf tree,Btr,GF,Btr,GFET,,,8.026,0,0.169,0.127,0.07,0.085,0.03,0.05,0.06,0.04,0.8,0.4,0.7,0.4,1.2,0.1,0.2,0.04,1,0.5,0.8,0.3,0.4
TEOWBtr5174,,Broadleaf tree,Btr,GF,Btr,GFET,,,4.305,0,0.048,0.036,0.02,0.024,0.03,0.05,0.06,0.04,0.8,0.4,0.7,0.4,1.2,0.1,0.2,0.04,1,0.5,0.8,0.3,0.4
TEOWBtr5175,,Broadleaf tree,Btr,GF,Btr,GFET,,,10.061,0,0.23,0.172,0.096,0.115,0.03,0.05,0.06,0.04,0.8,0.4,0.7,0.4,1.2,0.1,0.2,0.04,1,0.5,0.8,0.3,0.4
TEOWBtr5176,,Broadleaf tree,Btr,GF,Btr,GFET,,,14.297,0,0.281,0.211,0.117,0.14,0.03,0.05,0.06,0.04,0.8,0.4,0.7,0.4,1.2,0.1,0.2,0.04,1,0.5,0.8,0.3,0.4
TEOWBtr5177,,Broadleaf tree,Btr,GF,Btr,GFET,,,16.412,0,0.274,0.205,0.114,0.137,0.03,0.05,0.06,0.04,0.8,0.4,0.7,0.4,1.2,0.1,0.2,0.04,1,0.5,0.8,0.3,0.4
TEOWBtr5179,,Broadleaf tree,Btr,GF,Btr,GFET,,,17.16,0,0.304,0.228,0.127,0.152,0.03,0.05,0.06,0.04,0.8,0.4,0.7,0.4,1.2,0.1,0.2,0.04,1,0.5,0.8,0.3,0.4
TEOWBtr5180,,Broadleaf tree,Btr,GF,Btr,GFET,,,16.752,0,0.306,0.23,0.128,0.153,0.03,0.05,0.06,0.04,0.8,0.4,0.7,0.4,1.2,0.1,0.2,0.04,1,0.5,0.8,0.3,0.4
TEOWBtr5181,,Broadleaf tree,Btr,GF,Btr,GFET,,,15.769,0,0.315,0.236,0.131,0.157,0.03,0.05,0.06,0.04,0.8,0.4,0.7,0.4,1.2,0.1,0.2,0.04,1,0.5,0.8,0.3,0.4
TEOWBtr5182,,Broadleaf tree,Btr,GF,Btr,GFET,,,16.762,0,0.306,0.229,0.127,0.153,0.03,0.05,0.06,0.04,0.8,0.4,0.7,0.4,1.2,0.1,0.2,0.04,1,0.5,0.8,0.3,0.4
TEOWBtr5183,,Broadleaf tree,Btr,GF,Btr,GFET,,,16.502,0,0.307,0.23,0.128,0.153,0.03,0.05,0.06,0.04,0.8,0.4,0.7,0.4,1.2,0.1,0.2,0.04,1,0.5,0.8,0.3,0.4
TEOWBtr5184,,Broadleaf tree,Btr,GF,Btr,GFET,,,16.713,0,0.306,0.229,0.127,0.153,0.03,0.05,0.06,0.04,0.8,0.4,0.7,0.4,1.2,0.1,0.2,0.04,1,0.5,0.8,0.3,0.4
TEOWBtr5185,,Broadleaf tree,Btr,GF,Btr,GFET,,,16.085,0,0.307,0.23,0.128,0.153,0.03,0.05,0.06,0.04,0.8,0.4,0.7,0.4,1.2,0.1,0.2,0.04,1,0.5,0.8,0.3,0.4
TEOWBtr5186,,Broadleaf tree,Btr,GF,Btr,GFET,,,2.973,0,0.598,0.448,0.249,0.299,0.03,0.05,0.06,0.04,0.8,0.4,0.7,0.4,1.2,0.1,0.2,0.04,1,0.5,0.8,0.3,0.4
TEOWBtr5187,,Broadleaf tree,Btr,GF,Btr,GFET,,,8.034,0,0.514,0.386,0.214,0.257,0.03,0.05,0.06,0.04,0.8,0.4,0.7,0.4,1.2,0.1,0.2,0.04,1,0.5,0.8,0.3,0.4
TEOWBtr5188,,Broadleaf tree,Btr,GF,Btr,GFET,,,13.68,0,0.305,0.229,0.127,0.153,0.03,0.05,0.06,0.04,0.8,0.4,0.7,0.4,1.2,0.1,0.2,0.04,1,0.5,0.8,0.3,0.4
TEOWBtr5189,,Broadleaf tree,Btr,GF,Btr,GFET,,,13.417,0,0.305,0.229,0.127,0.153,0.03,0.05,0.06,0.04,0.8,0.4,0.7,0.4,1.2,0.1,0.2,0.04,1,0.5,0.8,0.3,0.4
TEOWBtr5190,,Broadleaf tree,Btr,GF,Btr,GFET,,,16.618,0,0.306,0.229,0.127,0.153,0.03,0.05,0.06,0.04,0.8,0.4,0.7,0.4,1.2,0.1,0.2,0.04,1,0.5,0.8,0.3,0.4
TEOWBtr5191,,Broadleaf tree,Btr,GF,Btr,GFET,,,19.949,0,0.2,0.15,0.083,0.1,0.03,0.05,0.06,0.04,0.8,0.4,0.7,0.4,1.2,0.1,0.2,0.04,1,0.5,0.8,0.3,0.4
TEOWBtr5192,,Broadleaf tree,Btr,GF,Btr,GFET,,,10.257,0,0.216,0.162,0.09,0.108,0.03,0.05,0.06,0.04,0.8,0.4,0.7,0.4,1.2,0.1,0.2,0.04,1,0.5,0.8,0.3,0.4
TEOWBtr5193,,Broadleaf tree,Btr,GF,Btr,GFET,,,6.589,0,0.901,0.676,0.375,0.45,0.03,0.05,0.06,0.04,0.8,0.4,0.7,0.4,1.2,0.1,0.2,0.04,1,0.5,0.8,0.3,0.4
TEOWBtr5194,,Broadleaf tree,Btr,GF,Btr,GFET,,,17.132,0,0.305,0.229,0.127,0.153,0.03,0.05,0.06,0.04,0.8,0.4,0.7,0.4,1.2,0.1,0.2,0.04,1,0.5,0.8,0.3,0.4
TEOWBtr5195,,Broadleaf tree,Btr,GF,Btr,GFET,,,16.489,0,0.306,0.23,0.128,0.153,0.03,0.05,0.06,0.04,0.8,0.4,0.7,0.4,1.2,0.1,0.2,0.04,1,0.5,0.8,0.3,0.4
TEOWBtr5196,,Broadleaf tree,Btr,GF,Btr,GFET,,,16.372,0,0.306,0.229,0.127,0.153,0.03,0.05,0.06,0.04,0.8,0.4,0.7,0.4,1.2,0.1,0.2,0.04,1,0.5,0.8,0.3,0.4
TEOWBtr5197,,Broadleaf tree,Btr,GF,Btr,GFET,,,16.389,0,0.307,0.23,0.128,0.153,0.03,0.05,0.06,0.04,0.8,0.4,0.7,0.4,1.2,0.1,0.2,0.04,1,0.5,0.8,0.3,0.4
TEOWBtr5198,,Broadleaf tree,Btr,GF,Btr,GFET,,,16.223,0,0.307,0.23,0.128,0.154,0.03,0.05,0.06,0.04,0.8,0.4,0.7,0.4,1.2,0.1,0.2,0.04,1,0.5,0.8,0.3,0.4
TEOWBtr5199,,Broadleaf tree,Btr,GF,Btr,GFET,,,20.067,0,0.235,0.176,0.098,0.117,0.03,0.05,0.06,0.04,0.8,0.4,0.7,0.4,1.2,0.1,0.2,0.04,1,0.5,0.8,0.3,0.4
TEOWBtr5200,,Broadleaf tree,Btr,GF,Btr,GFET,,,0.292,0,0.013,0.01,0.006,0.007,0.03,0.05,0.06,0.04,0.8,0.4,0.7,0.4,1.2,0.1,0.2,0.04,1,0.5,0.8,0.3,0.4
TEOWBtr5201,,Broadleaf tree,Btr,GF,Btr,GFET,,,2.221,0,0.222,0.166,0.092,0.111,0.03,0.05,0.06,0.04,0.8,0.4,0.7,0.4,1.2,0.1,0.2,0.04,1,0.5,0.8,0.3,0.4
TEOWBtr5202,,Broadleaf tree,Btr,GF,Btr,GFET,,,0.003,0,0.011,0.009,0.005,0.006,0.03,0.05,0.06,0.04,0.8,0.4,0.7,0.4,1.2,0.1,0.2,0.04,1,0.5,0.8,0.3,0.4
TEOWBtr5203,,Broadleaf tree,Btr,GF,Btr,GFET,,,0.003,0,0.011,0.009,0.005,0.006,0.03,0.05,0.06,0.04,0.8,0.4,0.7,0.4,1.2,0.1,0.2,0.04,1,0.5,0.8,0.3,0.4
TEOWBtr5204,,Broadleaf tree,Btr,GF,Btr,GFET,,,6.966,0,0.106,0.079,0.044,0.053,0.03,0.05,0.06,0.04,0.8,0.4,0.7,0.4,1.2,0.1,0.2,0.04,1,0.5,0.8,0.3,0.4
TEOWBtr5205,,Broadleaf tree,Btr,GF,Btr,GFET,,,13.877,0,0.305,0.229,0.127,0.153,0.03,0.05,0.06,0.04,0.8,0.4,0.7,0.4,1.2,0.1,0.2,0.04,1,0.5,0.8,0.3,0.4
TEOWBtr5206,,Broadleaf tree,Btr,GF,Btr,GFET,,,15.79,0,0.306,0.229,0.127,0.153,0.03,0.05,0.06,0.04,0.8,0.4,0.7,0.4,1.2,0.1,0.2,0.04,1,0.5,0.8,0.3,0.4
TEOWBtr5207,,Broadleaf tree,Btr,GF,Btr,GFET,,,16.368,0,0.305,0.229,0.127,0.153,0.03,0.05,0.06,0.04,0.8,0.4,0.7,0.4,1.2,0.1,0.2,0.04,1,0.5,0.8,0.3,0.4
TEOWBtr5208,,Broadleaf tree,Btr,GF,Btr,GFET,,,15.099,0,0.305,0.229,0.127,0.152,0.03,0.05,0.06,0.04,0.8,0.4,0.7,0.4,1.2,0.1,0.2,0.04,1,0.5,0.8,0.3,0.4
TEOWBtr5209,,Broadleaf tree,Btr,GF,Btr,GFET,,,12.727,0,0.306,0.229,0.127,0.153,0.03,0.05,0.06,0.04,0.8,0.4,0.7,0.4,1.2,0.1,0.2,0.04,1,0.5,0.8,0.3,0.4
TEOWBtr5210,,Broadleaf tree,Btr,GF,Btr,GFET,,,11.846,0,0.306,0.229,0.127,0.153,0.03,0.05,0.06,0.04,0.8,0.4,0.7,0.4,1.2,0.1,0.2,0.04,1,0.5,0.8,0.3,0.4
TEOWBtr5211,,Broadleaf tree,Btr,GF,Btr,GFET,,,11.964,0,0.305,0.229,0.127,0.153,0.03,0.05,0.06,0.04,0.8,0.4,0.7,0.4,1.2,0.1,0.2,0.04,1,0.5,0.8,0.3,0.4
TEOWBtr5212,,Broadleaf tree,Btr,GF,Btr,GFET,,,9.589,0,0.306,0.229,0.127,0.153,0.03,0.05,0.06,0.04,0.8,0.4,0.7,0.4,1.2,0.1,0.2,0.04,1,0.5,0.8,0.3,0.4
TEOWBtr5213,,Broadleaf tree,Btr,GF,Btr,GFET,,,14.392,0,0.305,0.229,0.127,0.153,0.03,0.05,0.06,0.04,0.8,0.4,0.7,0.4,1.2,0.1,0.2,0.04,1,0.5,0.8,0.3,0.4
TEOWBtr5214,,Broadleaf tree,Btr,GF,Btr,GFET,,,9.55,0,0.305,0.229,0.127,0.153,0.03,0.05,0.06,0.04,0.8,0.4,0.7,0.4,1.2,0.1,0.2,0.04,1,0.5,0.8,0.3,0.4
TEOWBtr5215,,Broadleaf tree,Btr,GF,Btr,GFET,,,11.813,0,0.308,0.231,0.128,0.154,0.03,0.05,0.06,0.04,0.8,0.4,0.7,0.4,1.2,0.1,0.2,0.04,1,0.5,0.8,0.3,0.4
TEOWBtr5216,,Broadleaf tree,Btr,GF,Btr,GFET,,,12.723,0,0.305,0.229,0.127,0.153,0.03,0.05,0.06,0.04,0.8,0.4,0.7,0.4,1.2,0.1,0.2,0.04,1,0.5,0.8,0.3,0.4
TEOWBtr5217,,Broadleaf tree,Btr,GF,Btr,GFET,,,11.236,0,0.306,0.23,0.128,0.153,0.03,0.05,0.06,0.04,0.8,0.4,0.7,0.4,1.2,0.1,0.2,0.04,1,0.5,0.8,0.3,0.4
TEOWBtr5218,,Broadleaf tree,Btr,GF,Btr,GFET,,,10.656,0,0.306,0.229,0.127,0.153,0.03,0.05,0.06,0.04,0.8,0.4,0.7,0.4,1.2,0.1,0.2,0.04,1,0.5,0.8,0.3,0.4
TEOWBtr5219,,Broadleaf tree,Btr,GF,Btr,GFET,,,10.723,0,0.306,0.229,0.127,0.153,0.03,0.05,0.06,0.04,0.8,0.4,0.7,0.4,1.2,0.1,0.2,0.04,1,0.5,0.8,0.3,0.4
TEOWBtr5220,,Broadleaf tree,Btr,GF,Btr,GFET,,,12.305,0,0.305,0.229,0.127,0.153,0.03,0.05,0.06,0.04,0.8,0.4,0.7,0.4,1.2,0.1,0.2,0.04,1,0.5,0.8,0.3,0.4
TEOWBtr5221,,Broadleaf tree,Btr,GF,Btr,GFET,,,12.968,0,0.307,0.23,0.128,0.153,0.03,0.05,0.06,0.04,0.8,0.4,0.7,0.4,1.2,0.1,0.2,0.04,1,0.5,0.8,0.3,0.4
TEOWBtr5222,,Broadleaf tree,Btr,GF,Btr,GFET,,,8.302,0,0.241,0.181,0.1,0.12,0.03,0.05,0.06,0.04,0.8,0.4,0.7,0.4,1.2,0.1,0.2,0.04,1,0.5,0.8,0.3,0.4
TEOWBtr5223,,Broadleaf tree,Btr,GF,Btr,GFET,,,12.636,0,0.305,0.229,0.127,0.153,0.03,0.05,0.06,0.04,0.8,0.4,0.7,0.4,1.2,0.1,0.2,0.04,1,0.5,0.8,0.3,0.4
TEOWBtr5224,,Broadleaf tree,Btr,GF,Btr,GFET,,,12.905,0,0.305,0.229,0.127,0.153,0.03,0.05,0.06,0.04,0.8,0.4,0.7,0.4,1.2,0.1,0.2,0.04,1,0.5,0.8,0.3,0.4
TEOWBtr5225,,Broadleaf tree,Btr,GF,Btr,GFET,,,13.926,0,0.305,0.229,0.127,0.153,0.03,0.05,0.06,0.04,0.8,0.4,0.7,0.4,1.2,0.1,0.2,0.04,1,0.5,0.8,0.3,0.4
TEOWBtr5226,,Broadleaf tree,Btr,GF,Btr,GFET,,,15.428,0,0.305,0.229,0.127,0.153,0.03,0.05,0.06,0.04,0.8,0.4,0.7,0.4,1.2,0.1,0.2,0.04,1,0.5,0.8,0.3,0.4
TEOWBtr5227,,Broadleaf tree,Btr,GF,Btr,GFET,,,11.811,0,0.306,0.229,0.127,0.153,0.03,0.05,0.06,0.04,0.8,0.4,0.7,0.4,1.2,0.1,0.2,0.04,1,0.5,0.8,0.3,0.4
TEOWBtr5228,,Broadleaf tree,Btr,GF,Btr,GFET,,,10.892,0,0.307,0.231,0.128,0.154,0.03,0.05,0.06,0.04,0.8,0.4,0.7,0.4,1.2,0.1,0.2,0.04,1,0.5,0.8,0.3,0.4
TEOWBtr5229,,Broadleaf tree,Btr,GF,Btr,GFET,,,11.565,0,0.305,0.229,0.127,0.153,0.03,0.05,0.06,0.04,0.8,0.4,0.7,0.4,1.2,0.1,0.2,0.04,1,0.5,0.8,0.3,0.4
TEOWBtr5230,,Broadleaf tree,Btr,GF,Btr,GFET,,,0.01,0,0.012,0.009,0.005,0.006,0.03,0.05,0.06,0.04,0.8,0.4,0.7,0.4,1.2,0.1,0.2,0.04,1,0.5,0.8,0.3,0.4
TEOWBtr5231,,Broadleaf tree,Btr,GF,Btr,GFET,,,13.549,0,0.306,0.229,0.127,0.153,0.03,0.05,0.06,0.04,0.8,0.4,0.7,0.4,1.2,0.1,0.2,0.04,1,0.5,0.8,0.3,0.4
TEOWBtr5232,,Broadleaf tree,Btr,GF,Btr,GFET,,,5.759,0,0.305,0.229,0.127,0.153,0.03,0.05,0.06,0.04,0.8,0.4,0.7,0.4,1.2,0.1,0.2,0.04,1,0.5,0.8,0.3,0.4
TEOWBtr5233,,Broadleaf tree,Btr,GF,Btr,GFET,,,14.029,0,0.305,0.229,0.127,0.153,0.03,0.05,0.06,0.04,0.8,0.4,0.7,0.4,1.2,0.1,0.2,0.04,1,0.5,0.8,0.3,0.4
TEOWBtr5234,,Broadleaf tree,Btr,GF,Btr,GFET,,,12.643,0,0.305,0.229,0.127,0.153,0.03,0.05,0.06,0.04,0.8,0.4,0.7,0.4,1.2,0.1,0.2,0.04,1,0.5,0.8,0.3,0.4
TEOWBtr5235,,Broadleaf tree,Btr,GF,Btr,GFET,,,12.195,0,0.305,0.229,0.127,0.153,0.03,0.05,0.06,0.04,0.8,0.4,0.7,0.4,1.2,0.1,0.2,0.04,1,0.5,0.8,0.3,0.4
TEOWBtr5236,,Broadleaf tree,Btr,GF,Btr,GFET,,,13.489,0,0.305,0.229,0.127,0.153,0.03,0.05,0.06,0.04,0.8,0.4,0.7,0.4,1.2,0.1,0.2,0.04,1,0.5,0.8,0.3,0.4
TEOWBtr5237,,Broadleaf tree,Btr,GF,Btr,GFET,,,13.021,0,0.307,0.23,0.128,0.153,0.03,0.05,0.06,0.04,0.8,0.4,0.7,0.4,1.2,0.1,0.2,0.04,1,0.5,0.8,0.3,0.4
TEOWBtr5238,,Broadleaf tree,Btr,GF,Btr,GFET,,,12.503,0,0.305,0.229,0.127,0.153,0.03,0.05,0.06,0.04,0.8,0.4,0.7,0.4,1.2,0.1,0.2,0.04,1,0.5,0.8,0.3,0.4
TEOWBtr5239,,Broadleaf tree,Btr,GF,Btr,GFET,,,10.842,0,0.307,0.23,0.128,0.153,0.03,0.05,0.06,0.04,0.8,0.4,0.7,0.4,1.2,0.1,0.2,0.04,1,0.5,0.8,0.3,0.4
TEOWBtr5240,,Broadleaf tree,Btr,GF,Btr,GFET,,,11.796,0,0.308,0.231,0.128,0.154,0.03,0.05,0.06,0.04,0.8,0.4,0.7,0.4,1.2,0.1,0.2,0.04,1,0.5,0.8,0.3,0.4
TEOWBtr5241,,Broadleaf tree,Btr,GF,Btr,GFET,,,12.843,0,0.305,0.229,0.127,0.153,0.03,0.05,0.06,0.04,0.8,0.4,0.7,0.4,1.2,0.1,0.2,0.04,1,0.5,0.8,0.3,0.4
TEOWBtr5242,,Broadleaf tree,Btr,GF,Btr,GFET,,,7.451,0,0.127,0.096,0.053,0.064,0.03,0.05,0.06,0.04,0.8,0.4,0.7,0.4,1.2,0.1,0.2,0.04,1,0.5,0.8,0.3,0.4
TEOWBtr5243,,Broadleaf tree,Btr,GF,Btr,GFET,,,11.358,0,0.306,0.229,0.127,0.153,0.03,0.05,0.06,0.04,0.8,0.4,0.7,0.4,1.2,0.1,0.2,0.04,1,0.5,0.8,0.3,0.4
TEOWBtr5244,,Broadleaf tree,Btr,GF,Btr,GFET,,,12.621,0,0.305,0.229,0.127,0.153,0.03,0.05,0.06,0.04,0.8,0.4,0.7,0.4,1.2,0.1,0.2,0.04,1,0.5,0.8,0.3,0.4
TEOWBtr5245,,Broadleaf tree,Btr,GF,Btr,GFET,,,14.464,0,0.305,0.229,0.127,0.153,0.03,0.05,0.06,0.04,0.8,0.4,0.7,0.4,1.2,0.1,0.2,0.04,1,0.5,0.8,0.3,0.4
TEOWBtr5246,,Broadleaf tree,Btr,GF,Btr,GFET,,,11.583,0,0.305,0.229,0.127,0.153,0.03,0.05,0.06,0.04,0.8,0.4,0.7,0.4,1.2,0.1,0.2,0.04,1,0.5,0.8,0.3,0.4
TEOWBtr5247,,Broadleaf tree,Btr,GF,Btr,GFET,,,12.054,0,0.305,0.229,0.127,0.153,0.03,0.05,0.06,0.04,0.8,0.4,0.7,0.4,1.2,0.1,0.2,0.04,1,0.5,0.8,0.3,0.4
TEOWBtr5248,,Broadleaf tree,Btr,GF,Btr,GFET,,,14.606,0,0.305,0.229,0.127,0.153,0.03,0.05,0.06,0.04,0.8,0.4,0.7,0.4,1.2,0.1,0.2,0.04,1,0.5,0.8,0.3,0.4
TEOWBtr5249,,Broadleaf tree,Btr,GF,Btr,GFET,,,15.149,0,0.305,0.229,0.127,0.153,0.03,0.05,0.06,0.04,0.8,0.4,0.7,0.4,1.2,0.1,0.2,0.04,1,0.5,0.8,0.3,0.4
TEOWBtr5250,,Broadleaf tree,Btr,GF,Btr,GFET,,,14.005,0,0.304,0.228,0.127,0.152,0.03,0.05,0.06,0.04,0.8,0.4,0.7,0.4,1.2,0.1,0.2,0.04,1,0.5,0.8,0.3,0.4
TEOWBtr5251,,Broadleaf tree,Btr,GF,Btr,GFET,,,12.422,0,0.305,0.229,0.127,0.153,0.03,0.05,0.06,0.04,0.8,0.4,0.7,0.4,1.2,0.1,0.2,0.04,1,0.5,0.8,0.3,0.4
TEOWBtr5252,,Broadleaf tree,Btr,GF,Btr,GFET,,,12.456,0,0.305,0.229,0.127,0.153,0.03,0.05,0.06,0.04,0.8,0.4,0.7,0.4,1.2,0.1,0.2,0.04,1,0.5,0.8,0.3,0.4
TEOWBtr5253,,Broadleaf tree,Btr,GF,Btr,GFET,,,0.01,0,0.012,0.009,0.005,0.006,0.03,0.05,0.06,0.04,0.8,0.4,0.7,0.4,1.2,0.1,0.2,0.04,1,0.5,0.8,0.3,0.4
TEOWBtr5254,,Broadleaf tree,Btr,GF,Btr,GFET,,,8.046,0,0.305,0.229,0.127,0.153,0.03,0.05,0.06,0.04,0.8,0.4,0.7,0.4,1.2,0.1,0.2,0.04,1,0.5,0.8,0.3,0.4
TEOWBtr5255,,Broadleaf tree,Btr,GF,Btr,GFET,,,12.408,0,0.307,0.23,0.128,0.154,0.03,0.05,0.06,0.04,0.8,0.4,0.7,0.4,1.2,0.1,0.2,0.04,1,0.5,0.8,0.3,0.4
TEOWBtr5256,,Broadleaf tree,Btr,GF,Btr,GFET,,,13.065,0,0.306,0.229,0.127,0.153,0.03,0.05,0.06,0.04,0.8,0.4,0.7,0.4,1.2,0.1,0.2,0.04,1,0.5,0.8,0.3,0.4
TEOWBtr5257,,Broadleaf tree,Btr,GF,Btr,GFET,,,14.057,0,0.305,0.229,0.127,0.153,0.03,0.05,0.06,0.04,0.8,0.4,0.7,0.4,1.2,0.1,0.2,0.04,1,0.5,0.8,0.3,0.4
TEOWBtr5258,,Broadleaf tree,Btr,GF,Btr,GFET,,,13.822,0,0.305,0.229,0.127,0.153,0.03,0.05,0.06,0.04,0.8,0.4,0.7,0.4,1.2,0.1,0.2,0.04,1,0.5,0.8,0.3,0.4
TEOWBtr5259,,Broadleaf tree,Btr,GF,Btr,GFET,,,9.458,0,0.305,0.229,0.127,0.153,0.03,0.05,0.06,0.04,0.8,0.4,0.7,0.4,1.2,0.1,0.2,0.04,1,0.5,0.8,0.3,0.4
TEOWBtr5260,,Broadleaf tree,Btr,GF,Btr,GFET,,,12.841,0,0.305,0.229,0.127,0.153,0.03,0.05,0.06,0.04,0.8,0.4,0.7,0.4,1.2,0.1,0.2,0.04,1,0.5,0.8,0.3,0.4
TEOWBtr5261,,Broadleaf tree,Btr,GF,Btr,GFET,,,13.465,0,0.305,0.229,0.127,0.152,0.03,0.05,0.06,0.04,0.8,0.4,0.7,0.4,1.2,0.1,0.2,0.04,1,0.5,0.8,0.3,0.4
TEOWBtr5262,,Broadleaf tree,Btr,GF,Btr,GFET,,,9.37,0,0.305,0.229,0.127,0.153,0.03,0.05,0.06,0.04,0.8,0.4,0.7,0.4,1.2,0.1,0.2,0.04,1,0.5,0.8,0.3,0.4
TEOWBtr5263,,Broadleaf tree,Btr,GF,Btr,GFET,,,8.985,0,0.305,0.229,0.127,0.153,0.03,0.05,0.06,0.04,0.8,0.4,0.7,0.4,1.2,0.1,0.2,0.04,1,0.5,0.8,0.3,0.4
TEOWBtr5264,,Broadleaf tree,Btr,GF,Btr,GFET,,,7.837,0,0.305,0.229,0.127,0.153,0.03,0.05,0.06,0.04,0.8,0.4,0.7,0.4,1.2,0.1,0.2,0.04,1,0.5,0.8,0.3,0.4
TEOWBtr5265,,Broadleaf tree,Btr,GF,Btr,GFET,,,9.885,0,0.305,0.229,0.127,0.153,0.03,0.05,0.06,0.04,0.8,0.4,0.7,0.4,1.2,0.1,0.2,0.04,1,0.5,0.8,0.3,0.4
TEOWBtr5266,,Broadleaf tree,Btr,GF,Btr,GFET,,,14.877,0,0.305,0.229,0.127,0.153,0.03,0.05,0.06,0.04,0.8,0.4,0.7,0.4,1.2,0.1,0.2,0.04,1,0.5,0.8,0.3,0.4
TEOWBtr5267,,Broadleaf tree,Btr,GF,Btr,GFET,,,13.452,0,0.305,0.229,0.127,0.153,0.03,0.05,0.06,0.04,0.8,0.4,0.7,0.4,1.2,0.1,0.2,0.04,1,0.5,0.8,0.3,0.4
TEOWBtr5268,,Broadleaf tree,Btr,GF,Btr,GFET,,,12.743,0,0.306,0.23,0.128,0.153,0.03,0.05,0.06,0.04,0.8,0.4,0.7,0.4,1.2,0.1,0.2,0.04,1,0.5,0.8,0.3,0.4
TEOWBtr5269,,Broadleaf tree,Btr,GF,Btr,GFET,,,11.816,0,0.306,0.23,0.128,0.153,0.03,0.05,0.06,0.04,0.8,0.4,0.7,0.4,1.2,0.1,0.2,0.04,1,0.5,0.8,0.3,0.4
TEOWBtr5270,,Broadleaf tree,Btr,GF,Btr,GFET,,,11.44,0,0.305,0.229,0.127,0.153,0.03,0.05,0.06,0.04,0.8,0.4,0.7,0.4,1.2,0.1,0.2,0.04,1,0.5,0.8,0.3,0.4
TEOWBtr5271,,Broadleaf tree,Btr,GF,Btr,GFET,,,11.995,0,0.305,0.229,0.127,0.152,0.03,0.05,0.06,0.04,0.8,0.4,0.7,0.4,1.2,0.1,0.2,0.04,1,0.5,0.8,0.3,0.4
TEOWBtr5272,,Broadleaf tree,Btr,GF,Btr,GFET,,,8.119,0,0.305,0.229,0.127,0.153,0.03,0.05,0.06,0.04,0.8,0.4,0.7,0.4,1.2,0.1,0.2,0.04,1,0.5,0.8,0.3,0.4
TEOWBtr5273,,Broadleaf tree,Btr,GF,Btr,GFET,,,9.426,0,0.305,0.229,0.127,0.153,0.03,0.05,0.06,0.04,0.8,0.4,0.7,0.4,1.2,0.1,0.2,0.04,1,0.5,0.8,0.3,0.4
TEOWBtr5274,,Broadleaf tree,Btr,GF,Btr,GFET,,,8.592,0,0.305,0.229,0.127,0.153,0.03,0.05,0.06,0.04,0.8,0.4,0.7,0.4,1.2,0.1,0.2,0.04,1,0.5,0.8,0.3,0.4
TEOWBtr5275,,Broadleaf tree,Btr,GF,Btr,GFET,,,8.358,0,0.305,0.229,0.127,0.153,0.03,0.05,0.06,0.04,0.8,0.4,0.7,0.4,1.2,0.1,0.2,0.04,1,0.5,0.8,0.3,0.4
TEOWBtr5276,,Broadleaf tree,Btr,GF,Btr,GFET,,,10.237,0,0.305,0.229,0.127,0.153,0.03,0.05,0.06,0.04,0.8,0.4,0.7,0.4,1.2,0.1,0.2,0.04,1,0.5,0.8,0.3,0.4
TEOWBtr5277,,Broadleaf tree,Btr,GF,Btr,GFET,,,8.454,0,0.305,0.229,0.127,0.153,0.03,0.05,0.06,0.04,0.8,0.4,0.7,0.4,1.2,0.1,0.2,0.04,1,0.5,0.8,0.3,0.4
TEOWBtr5278,,Broadleaf tree,Btr,GF,Btr,GFET,,,11.98,0,0.309,0.232,0.129,0.154,0.03,0.05,0.06,0.04,0.8,0.4,0.7,0.4,1.2,0.1,0.2,0.04,1,0.5,0.8,0.3,0.4
TEOWBtr5279,,Broadleaf tree,Btr,GF,Btr,GFET,,,10.778,0,0.306,0.23,0.128,0.153,0.03,0.05,0.06,0.04,0.8,0.4,0.7,0.4,1.2,0.1,0.2,0.04,1,0.5,0.8,0.3,0.4
TEOWBtr5280,,Broadleaf tree,Btr,GF,Btr,GFET,,,10.504,0,0.305,0.229,0.127,0.152,0.03,0.05,0.06,0.04,0.8,0.4,0.7,0.4,1.2,0.1,0.2,0.04,1,0.5,0.8,0.3,0.4
TEOWBtr5281,,Broadleaf tree,Btr,GF,Btr,GFET,,,11.447,0,0.305,0.229,0.127,0.153,0.03,0.05,0.06,0.04,0.8,0.4,0.7,0.4,1.2,0.1,0.2,0.04,1,0.5,0.8,0.3,0.4
TEOWBtr5282,,Broadleaf tree,Btr,GF,Btr,GFET,,,13.622,0,0.307,0.23,0.128,0.154,0.03,0.05,0.06,0.04,0.8,0.4,0.7,0.4,1.2,0.1,0.2,0.04,1,0.5,0.8,0.3,0.4
TEOWBtr5283,,Broadleaf tree,Btr,GF,Btr,GFET,,,12.646,0,0.304,0.228,0.127,0.152,0.03,0.05,0.06,0.04,0.8,0.4,0.7,0.4,1.2,0.1,0.2,0.04,1,0.5,0.8,0.3,0.4
TEOWBtr5284,,Broadleaf tree,Btr,GF,Btr,GFET,,,11.953,0,0.304,0.228,0.127,0.152,0.03,0.05,0.06,0.04,0.8,0.4,0.7,0.4,1.2,0.1,0.2,0.04,1,0.5,0.8,0.3,0.4
TEOWBtr5285,,Broadleaf tree,Btr,GF,Btr,GFET,,,11.214,0,0.305,0.229,0.127,0.153,0.03,0.05,0.06,0.04,0.8,0.4,0.7,0.4,1.2,0.1,0.2,0.04,1,0.5,0.8,0.3,0.4
TEOWBtr5286,,Broadleaf tree,Btr,GF,Btr,GFET,,,10.701,0,0.305,0.229,0.127,0.153,0.03,0.05,0.06,0.04,0.8,0.4,0.7,0.4,1.2,0.1,0.2,0.04,1,0.5,0.8,0.3,0.4
TEOWBtr5287,,Broadleaf tree,Btr,GF,Btr,GFET,,,11.979,0,0.306,0.229,0.127,0.153,0.03,0.05,0.06,0.04,0.8,0.4,0.7,0.4,1.2,0.1,0.2,0.04,1,0.5,0.8,0.3,0.4
TEOWBtr5288,,Broadleaf tree,Btr,GF,Btr,GFET,,,13.462,0,0.305,0.229,0.127,0.153,0.03,0.05,0.06,0.04,0.8,0.4,0.7,0.4,1.2,0.1,0.2,0.04,1,0.5,0.8,0.3,0.4
TEOWBtr5289,,Broadleaf tree,Btr,GF,Btr,GFET,,,10.76,0,0.305,0.229,0.127,0.153,0.03,0.05,0.06,0.04,0.8,0.4,0.7,0.4,1.2,0.1,0.2,0.04,1,0.5,0.8,0.3,0.4
TEOWBtr5290,,Broadleaf tree,Btr,GF,Btr,GFET,,,9.911,0,0.308,0.231,0.128,0.154,0.03,0.05,0.06,0.04,0.8,0.4,0.7,0.4,1.2,0.1,0.2,0.04,1,0.5,0.8,0.3,0.4
TEOWBtr5291,,Broadleaf tree,Btr,GF,Btr,GFET,,,11.226,0,0.305,0.229,0.127,0.153,0.03,0.05,0.06,0.04,0.8,0.4,0.7,0.4,1.2,0.1,0.2,0.04,1,0.5,0.8,0.3,0.4
TEOWBtr5292,,Broadleaf tree,Btr,GF,Btr,GFET,,,11.754,0,0.305,0.229,0.127,0.153,0.03,0.05,0.06,0.04,0.8,0.4,0.7,0.4,1.2,0.1,0.2,0.04,1,0.5,0.8,0.3,0.4
TEOWBtr5293,,Broadleaf tree,Btr,GF,Btr,GFET,,,7.424,0,0.305,0.229,0.127,0.153,0.03,0.05,0.06,0.04,0.8,0.4,0.7,0.4,1.2,0.1,0.2,0.04,1,0.5,0.8,0.3,0.4
TEOWBtr5294,,Broadleaf tree,Btr,GF,Btr,GFET,,,10.945,0,0.305,0.229,0.127,0.153,0.03,0.05,0.06,0.04,0.8,0.4,0.7,0.4,1.2,0.1,0.2,0.04,1,0.5,0.8,0.3,0.4
TEOWBtr5295,,Broadleaf tree,Btr,GF,Btr,GFET,,,13.165,0,0.305,0.229,0.127,0.153,0.03,0.05,0.06,0.04,0.8,0.4,0.7,0.4,1.2,0.1,0.2,0.04,1,0.5,0.8,0.3,0.4
TEOWBtr5296,,Broadleaf tree,Btr,GF,Btr,GFET,,,9.027,0,0.306,0.23,0.128,0.153,0.03,0.05,0.06,0.04,0.8,0.4,0.7,0.4,1.2,0.1,0.2,0.04,1,0.5,0.8,0.3,0.4
TEOWBtr5297,,Broadleaf tree,Btr,GF,Btr,GFET,,,5.904,0,0.305,0.229,0.127,0.153,0.03,0.05,0.06,0.04,0.8,0.4,0.7,0.4,1.2,0.1,0.2,0.04,1,0.5,0.8,0.3,0.4
TEOWBtr5298,,Broadleaf tree,Btr,GF,Btr,GFET,,,9.475,0,0.312,0.234,0.13,0.156,0.03,0.05,0.06,0.04,0.8,0.4,0.7,0.4,1.2,0.1,0.2,0.04,1,0.5,0.8,0.3,0.4
TEOWBtr5299,,Broadleaf tree,Btr,GF,Btr,GFET,,,11.42,0,0.305,0.229,0.127,0.153,0.03,0.05,0.06,0.04,0.8,0.4,0.7,0.4,1.2,0.1,0.2,0.04,1,0.5,0.8,0.3,0.4
TEOWBtr5300,,Broadleaf tree,Btr,GF,Btr,GFET,,,16.366,0,0.306,0.23,0.128,0.153,0.03,0.05,0.06,0.04,0.8,0.4,0.7,0.4,1.2,0.1,0.2,0.04,1,0.5,0.8,0.3,0.4
TEOWBtr5301,,Broadleaf tree,Btr,GF,Btr,GFET,,,14.697,0,0.305,0.229,0.127,0.153,0.03,0.05,0.06,0.04,0.8,0.4,0.7,0.4,1.2,0.1,0.2,0.04,1,0.5,0.8,0.3,0.4
TEOWBtr5302,,Broadleaf tree,Btr,GF,Btr,GFET,,,13.825,0,0.303,0.227,0.126,0.151,0.03,0.05,0.06,0.04,0.8,0.4,0.7,0.4,1.2,0.1,0.2,0.04,1,0.5,0.8,0.3,0.4
TEOWBtr5303,,Broadleaf tree,Btr,GF,Btr,GFET,,,16.138,0,0.318,0.239,0.133,0.159,0.03,0.05,0.06,0.04,0.8,0.4,0.7,0.4,1.2,0.1,0.2,0.04,1,0.5,0.8,0.3,0.4
TEOWBtr5304,,Broadleaf tree,Btr,GF,Btr,GFET,,,14.591,0,0.305,0.229,0.127,0.153,0.03,0.05,0.06,0.04,0.8,0.4,0.7,0.4,1.2,0.1,0.2,0.04,1,0.5,0.8,0.3,0.4
TEOWBtr5305,,Broadleaf tree,Btr,GF,Btr,GFET,,,16.896,0,0.326,0.244,0.136,0.163,0.03,0.05,0.06,0.04,0.8,0.4,0.7,0.4,1.2,0.1,0.2,0.04,1,0.5,0.8,0.3,0.4
TEOWBtr5306,,Broadleaf tree,Btr,GF,Btr,GFET,,,0.003,0,0.011,0.008,0.005,0.006,0.03,0.05,0.06,0.04,0.8,0.4,0.7,0.4,1.2,0.1,0.2,0.04,1,0.5,0.8,0.3,0.4
TEOWBtr5307,,Broadleaf tree,Btr,GF,Btr,GFET,,,0.003,0,0.011,0.009,0.005,0.006,0.03,0.05,0.06,0.04,0.8,0.4,0.7,0.4,1.2,0.1,0.2,0.04,1,0.5,0.8,0.3,0.4
TEOWBtr5308,,Broadleaf tree,Btr,GF,Btr,GFET,,,0.003,0,0.012,0.009,0.005,0.006,0.03,0.05,0.06,0.04,0.8,0.4,0.7,0.4,1.2,0.1,0.2,0.04,1,0.5,0.8,0.3,0.4
TEOWBtr5309,,Broadleaf tree,Btr,GF,Btr,GFET,,,0.003,0,0.011,0.008,0.005,0.006,0.03,0.05,0.06,0.04,0.8,0.4,0.7,0.4,1.2,0.1,0.2,0.04,1,0.5,0.8,0.3,0.4
TEOWBtr5310,,Broadleaf tree,Btr,GF,Btr,GFET,,,0.003,0,0.011,0.009,0.005,0.006,0.03,0.05,0.06,0.04,0.8,0.4,0.7,0.4,1.2,0.1,0.2,0.04,1,0.5,0.8,0.3,0.4
TEOWBtr5311,,Broadleaf tree,Btr,GF,Btr,GFET,,,0.003,0,0.011,0.009,0.005,0.006,0.03,0.05,0.06,0.04,0.8,0.4,0.7,0.4,1.2,0.1,0.2,0.04,1,0.5,0.8,0.3,0.4
TEOWBtr5312,,Broadleaf tree,Btr,GF,Btr,GFET,,,9.491,0,0.92,0.69,0.383,0.46,0.03,0.05,0.06,0.04,0.8,0.4,0.7,0.4,1.2,0.1,0.2,0.04,1,0.5,0.8,0.3,0.4
TEOWBtr5313,,Broadleaf tree,Btr,GF,Btr,GFET,,,5.341,0,0.121,0.091,0.05,0.061,0.03,0.05,0.06,0.04,0.8,0.4,0.7,0.4,1.2,0.1,0.2,0.04,1,0.5,0.8,0.3,0.4
TEOWBtr5314,,Broadleaf tree,Btr,GF,Btr,GFET,,,13.131,0,0.106,0.079,0.044,0.053,0.03,0.05,0.06,0.04,0.8,0.4,0.7,0.4,1.2,0.1,0.2,0.04,1,0.5,0.8,0.3,0.4
TEOWBtr5315,,Broadleaf tree,Btr,GF,Btr,GFET,,,25.317,0,0.105,0.079,0.044,0.053,0.03,0.05,0.06,0.04,0.8,0.4,0.7,0.4,1.2,0.1,0.2,0.04,1,0.5,0.8,0.3,0.4
TEOWBtr5316,,Broadleaf tree,Btr,GF,Btr,GFET,,,6.049,0,0.096,0.072,0.04,0.048,0.03,0.05,0.06,0.04,0.8,0.4,0.7,0.4,1.2,0.1,0.2,0.04,1,0.5,0.8,0.3,0.4
TEOWBtr5317,,Broadleaf tree,Btr,GF,Btr,GFET,,,11.791,0,0.092,0.069,0.038,0.046,0.03,0.05,0.06,0.04,0.8,0.4,0.7,0.4,1.2,0.1,0.2,0.04,1,0.5,0.8,0.3,0.4
TEOWBtr5318,,Broadleaf tree,Btr,GF,Btr,GFET,,,14.162,0,0.099,0.074,0.041,0.05,0.03,0.05,0.06,0.04,0.8,0.4,0.7,0.4,1.2,0.1,0.2,0.04,1,0.5,0.8,0.3,0.4
TEOWBtr5319,,Broadleaf tree,Btr,GF,Btr,GFET,,,16.181,0,0.087,0.066,0.036,0.044,0.03,0.05,0.06,0.04,0.8,0.4,0.7,0.4,1.2,0.1,0.2,0.04,1,0.5,0.8,0.3,0.4
TEOWBtr5320,,Broadleaf tree,Btr,GF,Btr,GFET,,,18.951,0,0.075,0.056,0.031,0.038,0.03,0.05,0.06,0.04,0.8,0.4,0.7,0.4,1.2,0.1,0.2,0.04,1,0.5,0.8,0.3,0.4
TEOWBtr5321,,Broadleaf tree,Btr,GF,Btr,GFET,,,5.807,0,0.14,0.105,0.059,0.07,0.03,0.05,0.06,0.04,0.8,0.4,0.7,0.4,1.2,0.1,0.2,0.04,1,0.5,0.8,0.3,0.4
TEOWBtr5322,,Broadleaf tree,Btr,GF,Btr,GFET,,,6.985,0,0.124,0.093,0.052,0.062,0.03,0.05,0.06,0.04,0.8,0.4,0.7,0.4,1.2,0.1,0.2,0.04,1,0.5,0.8,0.3,0.4
TEOWBtr5323,,Broadleaf tree,Btr,GF,Btr,GFET,,,7.067,0,0.134,0.1,0.056,0.067,0.03,0.05,0.06,0.04,0.8,0.4,0.7,0.4,1.2,0.1,0.2,0.04,1,0.5,0.8,0.3,0.4
TEOWBtr5324,,Broadleaf tree,Btr,GF,Btr,GFET,,,14.881,0,0.088,0.066,0.037,0.044,0.03,0.05,0.06,0.04,0.8,0.4,0.7,0.4,1.2,0.1,0.2,0.04,1,0.5,0.8,0.3,0.4
TEOWBtr5325,,Broadleaf tree,Btr,GF,Btr,GFET,,,7.361,0,0.189,0.141,0.079,0.094,0.03,0.05,0.06,0.04,0.8,0.4,0.7,0.4,1.2,0.1,0.2,0.04,1,0.5,0.8,0.3,0.4
TEOWBtr5326,,Broadleaf tree,Btr,GF,Btr,GFET,,,10.705,0,0.143,0.107,0.059,0.071,0.03,0.05,0.06,0.04,0.8,0.4,0.7,0.4,1.2,0.1,0.2,0.04,1,0.5,0.8,0.3,0.4
TEOWBtr5327,,Broadleaf tree,Btr,GF,Btr,GFET,,,13.877,0,0.115,0.086,0.048,0.057,0.03,0.05,0.06,0.04,0.8,0.4,0.7,0.4,1.2,0.1,0.2,0.04,1,0.5,0.8,0.3,0.4
TEOWBtr5328,,Broadleaf tree,Btr,GF,Btr,GFET,,,13.133,0,0.167,0.126,0.07,0.084,0.03,0.05,0.06,0.04,0.8,0.4,0.7,0.4,1.2,0.1,0.2,0.04,1,0.5,0.8,0.3,0.4
TEOWBtr5329,,Broadleaf tree,Btr,GF,Btr,GFET,,,7.539,0,0.145,0.109,0.06,0.072,0.03,0.05,0.06,0.04,0.8,0.4,0.7,0.4,1.2,0.1,0.2,0.04,1,0.5,0.8,0.3,0.4
TEOWBtr5330,,Broadleaf tree,Btr,GF,Btr,GFET,,,11.902,0,0.186,0.14,0.078,0.093,0.03,0.05,0.06,0.04,0.8,0.4,0.7,0.4,1.2,0.1,0.2,0.04,1,0.5,0.8,0.3,0.4
TEOWBtr5331,,Broadleaf tree,Btr,GF,Btr,GFET,,,10.072,0,0.101,0.076,0.042,0.05,0.03,0.05,0.06,0.04,0.8,0.4,0.7,0.4,1.2,0.1,0.2,0.04,1,0.5,0.8,0.3,0.4
TEOWBtr5332,,Broadleaf tree,Btr,GF,Btr,GFET,,,5.067,0,0.281,0.21,0.117,0.14,0.03,0.05,0.06,0.04,0.8,0.4,0.7,0.4,1.2,0.1,0.2,0.04,1,0.5,0.8,0.3,0.4
TEOWBtr5333,,Broadleaf tree,Btr,GF,Btr,GFET,,,6.327,0,0.286,0.215,0.119,0.143,0.03,0.05,0.06,0.04,0.8,0.4,0.7,0.4,1.2,0.1,0.2,0.04,1,0.5,0.8,0.3,0.4
TEOWBtr5334,,Broadleaf tree,Btr,GF,Btr,GFET,,,7.221,0,0.173,0.13,0.072,0.087,0.03,0.05,0.06,0.04,0.8,0.4,0.7,0.4,1.2,0.1,0.2,0.04,1,0.5,0.8,0.3,0.4
TEOWBtr5335,,Broadleaf tree,Btr,GF,Btr,GFET,,,8.797,0,0.386,0.29,0.161,0.193,0.03,0.05,0.06,0.04,0.8,0.4,0.7,0.4,1.2,0.1,0.2,0.04,1,0.5,0.8,0.3,0.4
TEOWBtr5336,,Broadleaf tree,Btr,GF,Btr,GFET,,,11.603,0,0.135,0.101,0.056,0.067,0.03,0.05,0.06,0.04,0.8,0.4,0.7,0.4,1.2,0.1,0.2,0.04,1,0.5,0.8,0.3,0.4
TEOWBtr5337,,Broadleaf tree,Btr,GF,Btr,GFET,,,1.578,0,0.554,0.416,0.231,0.277,0.03,0.05,0.06,0.04,0.8,0.4,0.7,0.4,1.2,0.1,0.2,0.04,1,0.5,0.8,0.3,0.4
TEOWBtr5338,,Broadleaf tree,Btr,GF,Btr,GFET,,,7.007,0,0.278,0.208,0.116,0.139,0.03,0.05,0.06,0.04,0.8,0.4,0.7,0.4,1.2,0.1,0.2,0.04,1,0.5,0.8,0.3,0.4
TEOWBtr5339,,Broadleaf tree,Btr,GF,Btr,GFET,,,3.898,0,0.291,0.218,0.121,0.145,0.03,0.05,0.06,0.04,0.8,0.4,0.7,0.4,1.2,0.1,0.2,0.04,1,0.5,0.8,0.3,0.4
TEOWBtr5340,,Broadleaf tree,Btr,GF,Btr,GFET,,,1.227,0,0.314,0.235,0.131,0.157,0.03,0.05,0.06,0.04,0.8,0.4,0.7,0.4,1.2,0.1,0.2,0.04,1,0.5,0.8,0.3,0.4
TEOWBtr5341,,Broadleaf tree,Btr,GF,Btr,GFET,,,5.961,0,0.28,0.21,0.117,0.14,0.03,0.05,0.06,0.04,0.8,0.4,0.7,0.4,1.2,0.1,0.2,0.04,1,0.5,0.8,0.3,0.4
TEOWBtr5342,,Broadleaf tree,Btr,GF,Btr,GFET,,,3.243,0,0.258,0.193,0.107,0.129,0.03,0.05,0.06,0.04,0.8,0.4,0.7,0.4,1.2,0.1,0.2,0.04,1,0.5,0.8,0.3,0.4
TEOWBtr5343,,Broadleaf tree,Btr,GF,Btr,GFET,,,11.947,0,0.339,0.254,0.141,0.169,0.03,0.05,0.06,0.04,0.8,0.4,0.7,0.4,1.2,0.1,0.2,0.04,1,0.5,0.8,0.3,0.4
TEOWBtr5344,,Broadleaf tree,Btr,GF,Btr,GFET,,,2.177,0,0.571,0.428,0.238,0.286,0.03,0.05,0.06,0.04,0.8,0.4,0.7,0.4,1.2,0.1,0.2,0.04,1,0.5,0.8,0.3,0.4
TEOWBtr5345,,Broadleaf tree,Btr,GF,Btr,GFET,,,9.077,0,0.242,0.181,0.101,0.121,0.03,0.05,0.06,0.04,0.8,0.4,0.7,0.4,1.2,0.1,0.2,0.04,1,0.5,0.8,0.3,0.4
TEOWBtr5346,,Broadleaf tree,Btr,GF,Btr,GFET,,,5.132,0,0.198,0.148,0.082,0.099,0.03,0.05,0.06,0.04,0.8,0.4,0.7,0.4,1.2,0.1,0.2,0.04,1,0.5,0.8,0.3,0.4
TEOWBtr5347,,Broadleaf tree,Btr,GF,Btr,GFET,,,2.935,0,0.341,0.256,0.142,0.171,0.03,0.05,0.06,0.04,0.8,0.4,0.7,0.4,1.2,0.1,0.2,0.04,1,0.5,0.8,0.3,0.4
TEOWBtr5348,,Broadleaf tree,Btr,GF,Btr,GFET,,,5.638,0,0.238,0.178,0.099,0.119,0.03,0.05,0.06,0.04,0.8,0.4,0.7,0.4,1.2,0.1,0.2,0.04,1,0.5,0.8,0.3,0.4
TEOWBtr5349,,Broadleaf tree,Btr,GF,Btr,GFET,,,15.014,0,0.161,0.121,0.067,0.081,0.03,0.05,0.06,0.04,0.8,0.4,0.7,0.4,1.2,0.1,0.2,0.04,1,0.5,0.8,0.3,0.4
TEOWBtr5350,,Broadleaf tree,Btr,GF,Btr,GFET,,,5.163,0,0.325,0.244,0.136,0.163,0.03,0.05,0.06,0.04,0.8,0.4,0.7,0.4,1.2,0.1,0.2,0.04,1,0.5,0.8,0.3,0.4
TEOWBtr5351,,Broadleaf tree,Btr,GF,Btr,GFET,,,4.274,0,0.166,0.124,0.069,0.083,0.03,0.05,0.06,0.04,0.8,0.4,0.7,0.4,1.2,0.1,0.2,0.04,1,0.5,0.8,0.3,0.4
TEOWBtr5352,,Broadleaf tree,Btr,GF,Btr,GFET,,,4.874,0,0.145,0.109,0.06,0.072,0.03,0.05,0.06,0.04,0.8,0.4,0.7,0.4,1.2,0.1,0.2,0.04,1,0.5,0.8,0.3,0.4
TEOWBtr5353,,Broadleaf tree,Btr,GF,Btr,GFET,,,7.607,0,0.287,0.215,0.119,0.143,0.03,0.05,0.06,0.04,0.8,0.4,0.7,0.4,1.2,0.1,0.2,0.04,1,0.5,0.8,0.3,0.4
TEOWBtr5354,,Broadleaf tree,Btr,GF,Btr,GFET,,,3.527,0,0.252,0.189,0.105,0.126,0.03,0.05,0.06,0.04,0.8,0.4,0.7,0.4,1.2,0.1,0.2,0.04,1,0.5,0.8,0.3,0.4
TEOWBtr5355,,Broadleaf tree,Btr,GF,Btr,GFET,,,12.832,0,0.185,0.138,0.077,0.092,0.03,0.05,0.06,0.04,0.8,0.4,0.7,0.4,1.2,0.1,0.2,0.04,1,0.5,0.8,0.3,0.4
TEOWBtr5356,,Broadleaf tree,Btr,GF,Btr,GFET,,,4.686,0,0.231,0.173,0.096,0.115,0.03,0.05,0.06,0.04,0.8,0.4,0.7,0.4,1.2,0.1,0.2,0.04,1,0.5,0.8,0.3,0.4
TEOWBtr5357,,Broadleaf tree,Btr,GF,Btr,GFET,,,5.008,0,0.264,0.198,0.11,0.132,0.03,0.05,0.06,0.04,0.8,0.4,0.7,0.4,1.2,0.1,0.2,0.04,1,0.5,0.8,0.3,0.4
TEOWBtr5358,,Broadleaf tree,Btr,GF,Btr,GFET,,,15.14,0,0.1,0.075,0.042,0.05,0.03,0.05,0.06,0.04,0.8,0.4,0.7,0.4,1.2,0.1,0.2,0.04,1,0.5,0.8,0.3,0.4
TEOWBtr5359,,Broadleaf tree,Btr,GF,Btr,GFET,,,3.221,0,0.501,0.376,0.209,0.251,0.03,0.05,0.06,0.04,0.8,0.4,0.7,0.4,1.2,0.1,0.2,0.04,1,0.5,0.8,0.3,0.4
TEOWBtr5360,,Broadleaf tree,Btr,GF,Btr,GFET,,,3.618,0,0.464,0.348,0.194,0.232,0.03,0.05,0.06,0.04,0.8,0.4,0.7,0.4,1.2,0.1,0.2,0.04,1,0.5,0.8,0.3,0.4
TEOWBtr5361,,Broadleaf tree,Btr,GF,Btr,GFET,,,10.842,0,0.177,0.133,0.074,0.088,0.03,0.05,0.06,0.04,0.8,0.4,0.7,0.4,1.2,0.1,0.2,0.04,1,0.5,0.8,0.3,0.4
TEOWBtr5362,,Broadleaf tree,Btr,GF,Btr,GFET,,,10.471,0,0.309,0.232,0.129,0.154,0.03,0.05,0.06,0.04,0.8,0.4,0.7,0.4,1.2,0.1,0.2,0.04,1,0.5,0.8,0.3,0.4
TEOWBtr5363,,Broadleaf tree,Btr,GF,Btr,GFET,,,14.331,0,0.102,0.077,0.043,0.051,0.03,0.05,0.06,0.04,0.8,0.4,0.7,0.4,1.2,0.1,0.2,0.04,1,0.5,0.8,0.3,0.4
TEOWBtr5364,,Broadleaf tree,Btr,GF,Btr,GFET,,,8.174,0,0.128,0.096,0.053,0.064,0.03,0.05,0.06,0.04,0.8,0.4,0.7,0.4,1.2,0.1,0.2,0.04,1,0.5,0.8,0.3,0.4
TEOWBtr5365,,Broadleaf tree,Btr,GF,Btr,GFET,,,14.798,0,0.052,0.039,0.022,0.026,0.03,0.05,0.06,0.04,0.8,0.4,0.7,0.4,1.2,0.1,0.2,0.04,1,0.5,0.8,0.3,0.4
TEOWBtr5366,,Broadleaf tree,Btr,GF,Btr,GFET,,,10.797,0,0.062,0.046,0.026,0.031,0.03,0.05,0.06,0.04,0.8,0.4,0.7,0.4,1.2,0.1,0.2,0.04,1,0.5,0.8,0.3,0.4
TEOWBtr5367,,Broadleaf tree,Btr,GF,Btr,GFET,,,6.407,0,0.193,0.145,0.08,0.097,0.03,0.05,0.06,0.04,0.8,0.4,0.7,0.4,1.2,0.1,0.2,0.04,1,0.5,0.8,0.3,0.4
TEOWBtr5368,,Broadleaf tree,Btr,GF,Btr,GFET,,,9.811,0,0.219,0.164,0.091,0.11,0.03,0.05,0.06,0.04,0.8,0.4,0.7,0.4,1.2,0.1,0.2,0.04,1,0.5,0.8,0.3,0.4
TEOWBtr5369,,Broadleaf tree,Btr,GF,Btr,GFET,,,15.299,0,0.074,0.055,0.031,0.037,0.03,0.05,0.06,0.04,0.8,0.4,0.7,0.4,1.2,0.1,0.2,0.04,1,0.5,0.8,0.3,0.4
TEOWBtr5370,,Broadleaf tree,Btr,GF,Btr,GFET,,,11.176,0,0.124,0.093,0.052,0.062,0.03,0.05,0.06,0.04,0.8,0.4,0.7,0.4,1.2,0.1,0.2,0.04,1,0.5,0.8,0.3,0.4
TEOWBtr5371,,Broadleaf tree,Btr,GF,Btr,GFET,,,6.684,0,0.124,0.093,0.052,0.062,0.03,0.05,0.06,0.04,0.8,0.4,0.7,0.4,1.2,0.1,0.2,0.04,1,0.5,0.8,0.3,0.4
TEOWBtr5372,,Broadleaf tree,Btr,GF,Btr,GFET,,,8.382,0,0.156,0.117,0.065,0.078,0.03,0.05,0.06,0.04,0.8,0.4,0.7,0.4,1.2,0.1,0.2,0.04,1,0.5,0.8,0.3,0.4
TEOWBtr5373,,Broadleaf tree,Btr,GF,Btr,GFET,,,7.493,0,0.261,0.195,0.109,0.13,0.03,0.05,0.06,0.04,0.8,0.4,0.7,0.4,1.2,0.1,0.2,0.04,1,0.5,0.8,0.3,0.4
TEOWBtr5374,,Broadleaf tree,Btr,GF,Btr,GFET,,,15.727,0,0.117,0.088,0.049,0.059,0.03,0.05,0.06,0.04,0.8,0.4,0.7,0.4,1.2,0.1,0.2,0.04,1,0.5,0.8,0.3,0.4
TEOWBtr5375,,Broadleaf tree,Btr,GF,Btr,GFET,,,10.933,0,0.248,0.186,0.103,0.124,0.03,0.05,0.06,0.04,0.8,0.4,0.7,0.4,1.2,0.1,0.2,0.04,1,0.5,0.8,0.3,0.4
TEOWBtr5376,,Broadleaf tree,Btr,GF,Btr,GFET,,,15.901,0,0.15,0.112,0.062,0.075,0.03,0.05,0.06,0.04,0.8,0.4,0.7,0.4,1.2,0.1,0.2,0.04,1,0.5,0.8,0.3,0.4
TEOWBtr5377,,Broadleaf tree,Btr,GF,Btr,GFET,,,6.112,0,0.275,0.206,0.114,0.137,0.03,0.05,0.06,0.04,0.8,0.4,0.7,0.4,1.2,0.1,0.2,0.04,1,0.5,0.8,0.3,0.4
TEOWBtr5378,,Broadleaf tree,Btr,GF,Btr,GFET,,,8.804,0,0.054,0.04,0.022,0.027,0.03,0.05,0.06,0.04,0.8,0.4,0.7,0.4,1.2,0.1,0.2,0.04,1,0.5,0.8,0.3,0.4
TEOWBtr5379,,Broadleaf tree,Btr,GF,Btr,GFET,,,8.784,0,0.182,0.137,0.076,0.091,0.03,0.05,0.06,0.04,0.8,0.4,0.7,0.4,1.2,0.1,0.2,0.04,1,0.5,0.8,0.3,0.4
TEOWBtr5380,,Broadleaf tree,Btr,GF,Btr,GFET,,,21.528,0,0.113,0.084,0.047,0.056,0.03,0.05,0.06,0.04,0.8,0.4,0.7,0.4,1.2,0.1,0.2,0.04,1,0.5,0.8,0.3,0.4
TEOWBtr5381,,Broadleaf tree,Btr,GF,Btr,GFET,,,7.718,0,0.092,0.069,0.038,0.046,0.03,0.05,0.06,0.04,0.8,0.4,0.7,0.4,1.2,0.1,0.2,0.04,1,0.5,0.8,0.3,0.4
TEOWBtr5382,,Broadleaf tree,Btr,GF,Btr,GFET,,,15.373,0,0.076,0.057,0.032,0.038,0.03,0.05,0.06,0.04,0.8,0.4,0.7,0.4,1.2,0.1,0.2,0.04,1,0.5,0.8,0.3,0.4
TEOWBtr5383,,Broadleaf tree,Btr,GF,Btr,GFET,,,9.806,0,0.152,0.114,0.063,0.076,0.03,0.05,0.06,0.04,0.8,0.4,0.7,0.4,1.2,0.1,0.2,0.04,1,0.5,0.8,0.3,0.4
TEOWBtr5384,,Broadleaf tree,Btr,GF,Btr,GFET,,,11.514,0,0.154,0.115,0.064,0.077,0.03,0.05,0.06,0.04,0.8,0.4,0.7,0.4,1.2,0.1,0.2,0.04,1,0.5,0.8,0.3,0.4
TEOWBtr5385,,Broadleaf tree,Btr,GF,Btr,GFET,,,7.928,0,0.427,0.32,0.178,0.214,0.03,0.05,0.06,0.04,0.8,0.4,0.7,0.4,1.2,0.1,0.2,0.04,1,0.5,0.8,0.3,0.4
TEOWBtr5386,,Broadleaf tree,Btr,GF,Btr,GFET,,,34.538,0,0.123,0.092,0.051,0.062,0.03,0.05,0.06,0.04,0.8,0.4,0.7,0.4,1.2,0.1,0.2,0.04,1,0.5,0.8,0.3,0.4
TEOWBtr5387,,Broadleaf tree,Btr,GF,Btr,GFET,,,3.702,0,0.236,0.177,0.098,0.118,0.03,0.05,0.06,0.04,0.8,0.4,0.7,0.4,1.2,0.1,0.2,0.04,1,0.5,0.8,0.3,0.4
TEOWBtr5388,,Broadleaf tree,Btr,GF,Btr,GFET,,,4.763,0,0.272,0.204,0.113,0.136,0.03,0.05,0.06,0.04,0.8,0.4,0.7,0.4,1.2,0.1,0.2,0.04,1,0.5,0.8,0.3,0.4
TEOWBtr5389,,Broadleaf tree,Btr,GF,Btr,GFET,,,5.685,0,0.399,0.299,0.166,0.199,0.03,0.05,0.06,0.04,0.8,0.4,0.7,0.4,1.2,0.1,0.2,0.04,1,0.5,0.8,0.3,0.4
TEOWBtr5390,,Broadleaf tree,Btr,GF,Btr,GFET,,,13.703,0,0.168,0.126,0.07,0.084,0.03,0.05,0.06,0.04,0.8,0.4,0.7,0.4,1.2,0.1,0.2,0.04,1,0.5,0.8,0.3,0.4
TEOWBtr5391,,Broadleaf tree,Btr,GF,Btr,GFET,,,9.442,0,0.19,0.143,0.079,0.095,0.03,0.05,0.06,0.04,0.8,0.4,0.7,0.4,1.2,0.1,0.2,0.04,1,0.5,0.8,0.3,0.4
TEOWBtr5392,,Broadleaf tree,Btr,GF,Btr,GFET,,,12.119,0,0.056,0.042,0.023,0.028,0.03,0.05,0.06,0.04,0.8,0.4,0.7,0.4,1.2,0.1,0.2,0.04,1,0.5,0.8,0.3,0.4
TEOWBtr5393,,Broadleaf tree,Btr,GF,Btr,GFET,,,1.492,0,0.381,0.286,0.159,0.191,0.03,0.05,0.06,0.04,0.8,0.4,0.7,0.4,1.2,0.1,0.2,0.04,1,0.5,0.8,0.3,0.4
TEOWBtr5394,,Broadleaf tree,Btr,GF,Btr,GFET,,,16.617,0,0.085,0.064,0.036,0.043,0.03,0.05,0.06,0.04,0.8,0.4,0.7,0.4,1.2,0.1,0.2,0.04,1,0.5,0.8,0.3,0.4
TEOWBtr5395,,Broadleaf tree,Btr,GF,Btr,GFET,,,4.312,0,0.207,0.155,0.086,0.103,0.03,0.05,0.06,0.04,0.8,0.4,0.7,0.4,1.2,0.1,0.2,0.04,1,0.5,0.8,0.3,0.4
TEOWBtr5396,,Broadleaf tree,Btr,GF,Btr,GFET,,,11.077,0,0.133,0.1,0.055,0.066,0.03,0.05,0.06,0.04,0.8,0.4,0.7,0.4,1.2,0.1,0.2,0.04,1,0.5,0.8,0.3,0.4
TEOWBtr5397,,Broadleaf tree,Btr,GF,Btr,GFET,,,27.425,0,0.003,0.002,0.001,0.001,0.03,0.05,0.06,0.04,0.8,0.4,0.7,0.4,1.2,0.1,0.2,0.04,1,0.5,0.8,0.3,0.4
TEOWBtr5398,,Broadleaf tree,Btr,GF,Btr,GFET,,,15.999,0,0.101,0.075,0.042,0.05,0.03,0.05,0.06,0.04,0.8,0.4,0.7,0.4,1.2,0.1,0.2,0.04,1,0.5,0.8,0.3,0.4
TEOWBtr5399,,Broadleaf tree,Btr,GF,Btr,GFET,,,0.386,0,0.086,0.064,0.036,0.043,0.03,0.05,0.06,0.04,0.8,0.4,0.7,0.4,1.2,0.1,0.2,0.04,1,0.5,0.8,0.3,0.4
TEOWBtr5400,,Broadleaf tree,Btr,GF,Btr,GFET,,,33.521,0,0.605,0.454,0.252,0.302,0.03,0.05,0.06,0.04,0.8,0.4,0.7,0.4,1.2,0.1,0.2,0.04,1,0.5,0.8,0.3,0.4
TEOWBtr5401,,Broadleaf tree,Btr,GF,Btr,GFET,,,0.003,0,0.081,0.061,0.034,0.04,0.03,0.05,0.06,0.04,0.8,0.4,0.7,0.4,1.2,0.1,0.2,0.04,1,0.5,0.8,0.3,0.4
TEOWBtr5402,,Broadleaf tree,Btr,GF,Btr,GFET,,,11.061,0,0.068,0.051,0.028,0.034,0.03,0.05,0.06,0.04,0.8,0.4,0.7,0.4,1.2,0.1,0.2,0.04,1,0.5,0.8,0.3,0.4
TEOWBtr5403,,Broadleaf tree,Btr,GF,Btr,GFET,,,18.973,0,0.057,0.043,0.024,0.029,0.03,0.05,0.06,0.04,0.8,0.4,0.7,0.4,1.2,0.1,0.2,0.04,1,0.5,0.8,0.3,0.4
TEOWBtr5404,,Broadleaf tree,Btr,GF,Btr,GFET,,,25.694,0,0.643,0.483,0.268,0.322,0.03,0.05,0.06,0.04,0.8,0.4,0.7,0.4,1.2,0.1,0.2,0.04,1,0.5,0.8,0.3,0.4
TEOWBtr5405,,Broadleaf tree,Btr,GF,Btr,GFET,,,25.202,0,0.182,0.136,0.076,0.091,0.03,0.05,0.06,0.04,0.8,0.4,0.7,0.4,1.2,0.1,0.2,0.04,1,0.5,0.8,0.3,0.4
TEOWBtr5406,,Broadleaf tree,Btr,GF,Btr,GFET,,,9.893,0,0.074,0.056,0.031,0.037,0.03,0.05,0.06,0.04,0.8,0.4,0.7,0.4,1.2,0.1,0.2,0.04,1,0.5,0.8,0.3,0.4
TEOWBtr5407,,Broadleaf tree,Btr,GF,Btr,GFET,,,8.386,0,0.193,0.145,0.08,0.096,0.03,0.05,0.06,0.04,0.8,0.4,0.7,0.4,1.2,0.1,0.2,0.04,1,0.5,0.8,0.3,0.4
TEOWBtr5408,,Broadleaf tree,Btr,GF,Btr,GFET,,,11.859,0,0.173,0.13,0.072,0.086,0.03,0.05,0.06,0.04,0.8,0.4,0.7,0.4,1.2,0.1,0.2,0.04,1,0.5,0.8,0.3,0.4
TEOWBtr5409,,Broadleaf tree,Btr,GF,Btr,GFET,,,15.471,0,0.245,0.184,0.102,0.123,0.03,0.05,0.06,0.04,0.8,0.4,0.7,0.4,1.2,0.1,0.2,0.04,1,0.5,0.8,0.3,0.4
TEOWBtr5410,,Broadleaf tree,Btr,GF,Btr,GFET,,,12.53,0,0.188,0.141,0.079,0.094,0.03,0.05,0.06,0.04,0.8,0.4,0.7,0.4,1.2,0.1,0.2,0.04,1,0.5,0.8,0.3,0.4
TEOWBtr5411,,Broadleaf tree,Btr,GF,Btr,GFET,,,12.576,0,0.18,0.135,0.075,0.09,0.03,0.05,0.06,0.04,0.8,0.4,0.7,0.4,1.2,0.1,0.2,0.04,1,0.5,0.8,0.3,0.4
TEOWBtr5412,,Broadleaf tree,Btr,GF,Btr,GFET,,,5.863,0,0.301,0.225,0.125,0.15,0.03,0.05,0.06,0.04,0.8,0.4,0.7,0.4,1.2,0.1,0.2,0.04,1,0.5,0.8,0.3,0.4
TEOWBtr5413,,Broadleaf tree,Btr,GF,Btr,GFET,,,24.878,0,0.497,0.373,0.207,0.249,0.03,0.05,0.06,0.04,0.8,0.4,0.7,0.4,1.2,0.1,0.2,0.04,1,0.5,0.8,0.3,0.4
TEOWBtr5414,,Broadleaf tree,Btr,GF,Btr,GFET,,,22.375,0,0.229,0.172,0.095,0.114,0.03,0.05,0.06,0.04,0.8,0.4,0.7,0.4,1.2,0.1,0.2,0.04,1,0.5,0.8,0.3,0.4
TEOWBtr5415,,Broadleaf tree,Btr,GF,Btr,GFET,,,17.044,0,0.141,0.106,0.059,0.071,0.03,0.05,0.06,0.04,0.8,0.4,0.7,0.4,1.2,0.1,0.2,0.04,1,0.5,0.8,0.3,0.4
TEOWBtr5416,,Broadleaf tree,Btr,GF,Btr,GFET,,,17.469,0,0.178,0.134,0.074,0.089,0.03,0.05,0.06,0.04,0.8,0.4,0.7,0.4,1.2,0.1,0.2,0.04,1,0.5,0.8,0.3,0.4
TEOWBtr5417,,Broadleaf tree,Btr,GF,Btr,GFET,,,14.606,0,0.305,0.229,0.127,0.153,0.03,0.05,0.06,0.04,0.8,0.4,0.7,0.4,1.2,0.1,0.2,0.04,1,0.5,0.8,0.3,0.4
TEOWBtr5418,,Broadleaf tree,Btr,GF,Btr,GFET,,,7.132,0,0.616,0.462,0.257,0.308,0.03,0.05,0.06,0.04,0.8,0.4,0.7,0.4,1.2,0.1,0.2,0.04,1,0.5,0.8,0.3,0.4
TEOWBtr5419,,Broadleaf tree,Btr,GF,Btr,GFET,,,4.402,0,0.853,0.64,0.355,0.426,0.03,0.05,0.06,0.04,0.8,0.4,0.7,0.4,1.2,0.1,0.2,0.04,1,0.5,0.8,0.3,0.4
TEOWBtr5420,,Broadleaf tree,Btr,GF,Btr,GFET,,,9.065,0,0.419,0.314,0.175,0.209,0.03,0.05,0.06,0.04,0.8,0.4,0.7,0.4,1.2,0.1,0.2,0.04,1,0.5,0.8,0.3,0.4
TEOWBtr5421,,Broadleaf tree,Btr,GF,Btr,GFET,,,5.358,0,0.48,0.36,0.2,0.24,0.03,0.05,0.06,0.04,0.8,0.4,0.7,0.4,1.2,0.1,0.2,0.04,1,0.5,0.8,0.3,0.4
TEOWBtr5422,,Broadleaf tree,Btr,GF,Btr,GFET,,,12.595,0,0.306,0.23,0.128,0.153,0.03,0.05,0.06,0.04,0.8,0.4,0.7,0.4,1.2,0.1,0.2,0.04,1,0.5,0.8,0.3,0.4
TEOWBtr5423,,Broadleaf tree,Btr,GF,Btr,GFET,,,0.482,0,0.603,0.452,0.251,0.302,0.03,0.05,0.06,0.04,0.8,0.4,0.7,0.4,1.2,0.1,0.2,0.04,1,0.5,0.8,0.3,0.4
TEOWBtr5424,,Broadleaf tree,Btr,GF,Btr,GFET,,,10.897,0,0.151,0.113,0.063,0.075,0.03,0.05,0.06,0.04,0.8,0.4,0.7,0.4,1.2,0.1,0.2,0.04,1,0.5,0.8,0.3,0.4
TEOWBtr5425,,Broadleaf tree,Btr,GF,Btr,GFET,,,1.91,0,0.682,0.512,0.284,0.341,0.03,0.05,0.06,0.04,0.8,0.4,0.7,0.4,1.2,0.1,0.2,0.04,1,0.5,0.8,0.3,0.4
TEOWBtr5426,,Broadleaf tree,Btr,GF,Btr,GFET,,,10.618,0,0.225,0.168,0.094,0.112,0.03,0.05,0.06,0.04,0.8,0.4,0.7,0.4,1.2,0.1,0.2,0.04,1,0.5,0.8,0.3,0.4
TEOWBtr5427,,Broadleaf tree,Btr,GF,Btr,GFET,,,6.435,0,0.239,0.179,0.1,0.119,0.03,0.05,0.06,0.04,0.8,0.4,0.7,0.4,1.2,0.1,0.2,0.04,1,0.5,0.8,0.3,0.4
TEOWBtr5428,,Broadleaf tree,Btr,GF,Btr,GFET,,,7.394,0,0.631,0.473,0.263,0.316,0.03,0.05,0.06,0.04,0.8,0.4,0.7,0.4,1.2,0.1,0.2,0.04,1,0.5,0.8,0.3,0.4
TEOWBtr5429,,Broadleaf tree,Btr,GF,Btr,GFET,,,5.856,0,0.733,0.549,0.305,0.366,0.03,0.05,0.06,0.04,0.8,0.4,0.7,0.4,1.2,0.1,0.2,0.04,1,0.5,0.8,0.3,0.4
TEOWBtr5430,,Broadleaf tree,Btr,GF,Btr,GFET,,,0.003,0,0.116,0.087,0.048,0.058,0.03,0.05,0.06,0.04,0.8,0.4,0.7,0.4,1.2,0.1,0.2,0.04,1,0.5,0.8,0.3,0.4
TEOWBtr5431,,Broadleaf tree,Btr,GF,Btr,GFET,,,9.679,0,0.272,0.204,0.114,0.136,0.03,0.05,0.06,0.04,0.8,0.4,0.7,0.4,1.2,0.1,0.2,0.04,1,0.5,0.8,0.3,0.4
TEOWBtr5432,,Broadleaf tree,Btr,GF,Btr,GFET,,,9.204,0,0.236,0.177,0.098,0.118,0.03,0.05,0.06,0.04,0.8,0.4,0.7,0.4,1.2,0.1,0.2,0.04,1,0.5,0.8,0.3,0.4
TEOWBtr5433,,Broadleaf tree,Btr,GF,Btr,GFET,,,8.408,0,0.257,0.192,0.107,0.128,0.03,0.05,0.06,0.04,0.8,0.4,0.7,0.4,1.2,0.1,0.2,0.04,1,0.5,0.8,0.3,0.4
TEOWBtr5434,,Broadleaf tree,Btr,GF,Btr,GFET,,,7.349,0,0.177,0.133,0.074,0.089,0.03,0.05,0.06,0.04,0.8,0.4,0.7,0.4,1.2,0.1,0.2,0.04,1,0.5,0.8,0.3,0.4
TEOWBtr5435,,Broadleaf tree,Btr,GF,Btr,GFET,,,16.01,0,0.204,0.153,0.085,0.102,0.03,0.05,0.06,0.04,0.8,0.4,0.7,0.4,1.2,0.1,0.2,0.04,1,0.5,0.8,0.3,0.4
TEOWBtr5436,,Broadleaf tree,Btr,GF,Btr,GFET,,,6.901,0,0.225,0.169,0.094,0.112,0.03,0.05,0.06,0.04,0.8,0.4,0.7,0.4,1.2,0.1,0.2,0.04,1,0.5,0.8,0.3,0.4
TEOWBtr5437,,Broadleaf tree,Btr,GF,Btr,GFET,,,12.395,0,0.158,0.118,0.066,0.079,0.03,0.05,0.06,0.04,0.8,0.4,0.7,0.4,1.2,0.1,0.2,0.04,1,0.5,0.8,0.3,0.4
TEOWBtr5438,,Broadleaf tree,Btr,GF,Btr,GFET,,,7.404,0,0.225,0.169,0.094,0.113,0.03,0.05,0.06,0.04,0.8,0.4,0.7,0.4,1.2,0.1,0.2,0.04,1,0.5,0.8,0.3,0.4
TEOWBtr5439,,Broadleaf tree,Btr,GF,Btr,GFET,,,5.879,0,0.305,0.229,0.127,0.153,0.03,0.05,0.06,0.04,0.8,0.4,0.7,0.4,1.2,0.1,0.2,0.04,1,0.5,0.8,0.3,0.4
TEOWBtr5440,,Broadleaf tree,Btr,GF,Btr,GFET,,,5.084,0,0.305,0.229,0.127,0.153,0.03,0.05,0.06,0.04,0.8,0.4,0.7,0.4,1.2,0.1,0.2,0.04,1,0.5,0.8,0.3,0.4
TEOWBtr5441,,Broadleaf tree,Btr,GF,Btr,GFET,,,7.861,0,0.307,0.23,0.128,0.154,0.03,0.05,0.06,0.04,0.8,0.4,0.7,0.4,1.2,0.1,0.2,0.04,1,0.5,0.8,0.3,0.4
TEOWBtr5442,,Broadleaf tree,Btr,GF,Btr,GFET,,,7.808,0,0.305,0.229,0.127,0.153,0.03,0.05,0.06,0.04,0.8,0.4,0.7,0.4,1.2,0.1,0.2,0.04,1,0.5,0.8,0.3,0.4
TEOWBtr5443,,Broadleaf tree,Btr,GF,Btr,GFET,,,8.373,0,0.305,0.229,0.127,0.153,0.03,0.05,0.06,0.04,0.8,0.4,0.7,0.4,1.2,0.1,0.2,0.04,1,0.5,0.8,0.3,0.4
TEOWBtr5444,,Broadleaf tree,Btr,GF,Btr,GFET,,,7.566,0,0.305,0.229,0.127,0.153,0.03,0.05,0.06,0.04,0.8,0.4,0.7,0.4,1.2,0.1,0.2,0.04,1,0.5,0.8,0.3,0.4
TEOWBtr5445,,Broadleaf tree,Btr,GF,Btr,GFET,,,7.195,0,0.305,0.229,0.127,0.153,0.03,0.05,0.06,0.04,0.8,0.4,0.7,0.4,1.2,0.1,0.2,0.04,1,0.5,0.8,0.3,0.4
TEOWBtr5446,,Broadleaf tree,Btr,GF,Btr,GFET,,,0.01,0,0.012,0.009,0.005,0.006,0.03,0.05,0.06,0.04,0.8,0.4,0.7,0.4,1.2,0.1,0.2,0.04,1,0.5,0.8,0.3,0.4
TEOWBtr5447,,Broadleaf tree,Btr,GF,Btr,GFET,,,7.233,0,0.305,0.229,0.127,0.153,0.03,0.05,0.06,0.04,0.8,0.4,0.7,0.4,1.2,0.1,0.2,0.04,1,0.5,0.8,0.3,0.4
TEOWBtr5448,,Broadleaf tree,Btr,GF,Btr,GFET,,,7.124,0,0.305,0.229,0.127,0.153,0.03,0.05,0.06,0.04,0.8,0.4,0.7,0.4,1.2,0.1,0.2,0.04,1,0.5,0.8,0.3,0.4
TEOWBtr5449,,Broadleaf tree,Btr,GF,Btr,GFET,,,6.1,0,0.306,0.229,0.127,0.153,0.03,0.05,0.06,0.04,0.8,0.4,0.7,0.4,1.2,0.1,0.2,0.04,1,0.5,0.8,0.3,0.4
TEOWBtr5450,,Broadleaf tree,Btr,GF,Btr,GFET,,,6.771,0,0.307,0.23,0.128,0.153,0.03,0.05,0.06,0.04,0.8,0.4,0.7,0.4,1.2,0.1,0.2,0.04,1,0.5,0.8,0.3,0.4
TEOWBtr5451,,Broadleaf tree,Btr,GF,Btr,GFET,,,7.168,0,0.305,0.229,0.127,0.153,0.03,0.05,0.06,0.04,0.8,0.4,0.7,0.4,1.2,0.1,0.2,0.04,1,0.5,0.8,0.3,0.4
TEOWBtr5452,,Broadleaf tree,Btr,GF,Btr,GFET,,,7.72,0,0.305,0.229,0.127,0.153,0.03,0.05,0.06,0.04,0.8,0.4,0.7,0.4,1.2,0.1,0.2,0.04,1,0.5,0.8,0.3,0.4
TEOWBtr5453,,Broadleaf tree,Btr,GF,Btr,GFET,,,0.01,0,0.012,0.009,0.005,0.006,0.03,0.05,0.06,0.04,0.8,0.4,0.7,0.4,1.2,0.1,0.2,0.04,1,0.5,0.8,0.3,0.4
TEOWBtr5454,,Broadleaf tree,Btr,GF,Btr,GFET,,,8.273,0,0.305,0.229,0.127,0.153,0.03,0.05,0.06,0.04,0.8,0.4,0.7,0.4,1.2,0.1,0.2,0.04,1,0.5,0.8,0.3,0.4
TEOWBtr5455,,Broadleaf tree,Btr,GF,Btr,GFET,,,8.52,0,0.305,0.229,0.127,0.153,0.03,0.05,0.06,0.04,0.8,0.4,0.7,0.4,1.2,0.1,0.2,0.04,1,0.5,0.8,0.3,0.4
TEOWBtr5456,,Broadleaf tree,Btr,GF,Btr,GFET,,,7.106,0,0.305,0.229,0.127,0.153,0.03,0.05,0.06,0.04,0.8,0.4,0.7,0.4,1.2,0.1,0.2,0.04,1,0.5,0.8,0.3,0.4
TEOWBtr5457,,Broadleaf tree,Btr,GF,Btr,GFET,,,6.652,0,0.308,0.231,0.128,0.154,0.03,0.05,0.06,0.04,0.8,0.4,0.7,0.4,1.2,0.1,0.2,0.04,1,0.5,0.8,0.3,0.4
TEOWBtr5458,,Broadleaf tree,Btr,GF,Btr,GFET,,,10.881,0,0.305,0.229,0.127,0.153,0.03,0.05,0.06,0.04,0.8,0.4,0.7,0.4,1.2,0.1,0.2,0.04,1,0.5,0.8,0.3,0.4
TEOWBtr5459,,Broadleaf tree,Btr,GF,Btr,GFET,,,7.507,0,0.306,0.23,0.128,0.153,0.03,0.05,0.06,0.04,0.8,0.4,0.7,0.4,1.2,0.1,0.2,0.04,1,0.5,0.8,0.3,0.4
TEOWBtr5460,,Broadleaf tree,Btr,GF,Btr,GFET,,,6.712,0,0.305,0.228,0.127,0.152,0.03,0.05,0.06,0.04,0.8,0.4,0.7,0.4,1.2,0.1,0.2,0.04,1,0.5,0.8,0.3,0.4
TEOWBtr5461,,Broadleaf tree,Btr,GF,Btr,GFET,,,7.061,0,0.306,0.229,0.127,0.153,0.03,0.05,0.06,0.04,0.8,0.4,0.7,0.4,1.2,0.1,0.2,0.04,1,0.5,0.8,0.3,0.4
TEOWBtr5462,,Broadleaf tree,Btr,GF,Btr,GFET,,,8.169,0,0.305,0.229,0.127,0.153,0.03,0.05,0.06,0.04,0.8,0.4,0.7,0.4,1.2,0.1,0.2,0.04,1,0.5,0.8,0.3,0.4
TEOWBtr5463,,Broadleaf tree,Btr,GF,Btr,GFET,,,8.287,0,0.305,0.229,0.127,0.153,0.03,0.05,0.06,0.04,0.8,0.4,0.7,0.4,1.2,0.1,0.2,0.04,1,0.5,0.8,0.3,0.4
TEOWBtr5464,,Broadleaf tree,Btr,GF,Btr,GFET,,,7.192,0,0.305,0.229,0.127,0.153,0.03,0.05,0.06,0.04,0.8,0.4,0.7,0.4,1.2,0.1,0.2,0.04,1,0.5,0.8,0.3,0.4
TEOWBtr5465,,Broadleaf tree,Btr,GF,Btr,GFET,,,13.291,0,0.305,0.229,0.127,0.153,0.03,0.05,0.06,0.04,0.8,0.4,0.7,0.4,1.2,0.1,0.2,0.04,1,0.5,0.8,0.3,0.4
TEOWBtr5466,,Broadleaf tree,Btr,GF,Btr,GFET,,,6.672,0,0.305,0.229,0.127,0.153,0.03,0.05,0.06,0.04,0.8,0.4,0.7,0.4,1.2,0.1,0.2,0.04,1,0.5,0.8,0.3,0.4
TEOWBtr5467,,Broadleaf tree,Btr,GF,Btr,GFET,,,6.503,0,0.307,0.23,0.128,0.153,0.03,0.05,0.06,0.04,0.8,0.4,0.7,0.4,1.2,0.1,0.2,0.04,1,0.5,0.8,0.3,0.4
TEOWBtr5468,,Broadleaf tree,Btr,GF,Btr,GFET,,,6.904,0,0.305,0.229,0.127,0.153,0.03,0.05,0.06,0.04,0.8,0.4,0.7,0.4,1.2,0.1,0.2,0.04,1,0.5,0.8,0.3,0.4
TEOWBtr5469,,Broadleaf tree,Btr,GF,Btr,GFET,,,10.125,0,0.108,0.081,0.045,0.054,0.03,0.05,0.06,0.04,0.8,0.4,0.7,0.4,1.2,0.1,0.2,0.04,1,0.5,0.8,0.3,0.4
TEOWBtr5470,,Broadleaf tree,Btr,GF,Btr,GFET,,,8.077,0,0.305,0.229,0.127,0.153,0.03,0.05,0.06,0.04,0.8,0.4,0.7,0.4,1.2,0.1,0.2,0.04,1,0.5,0.8,0.3,0.4
TEOWBtr5471,,Broadleaf tree,Btr,GF,Btr,GFET,,,7.495,0,0.305,0.229,0.127,0.153,0.03,0.05,0.06,0.04,0.8,0.4,0.7,0.4,1.2,0.1,0.2,0.04,1,0.5,0.8,0.3,0.4
TEOWBtr5472,,Broadleaf tree,Btr,GF,Btr,GFET,,,8.329,0,0.305,0.229,0.127,0.153,0.03,0.05,0.06,0.04,0.8,0.4,0.7,0.4,1.2,0.1,0.2,0.04,1,0.5,0.8,0.3,0.4
TEOWBtr5473,,Broadleaf tree,Btr,GF,Btr,GFET,,,8.165,0,0.305,0.229,0.127,0.153,0.03,0.05,0.06,0.04,0.8,0.4,0.7,0.4,1.2,0.1,0.2,0.04,1,0.5,0.8,0.3,0.4
TEOWBtr5474,,Broadleaf tree,Btr,GF,Btr,GFET,,,6.428,0,0.305,0.229,0.127,0.152,0.03,0.05,0.06,0.04,0.8,0.4,0.7,0.4,1.2,0.1,0.2,0.04,1,0.5,0.8,0.3,0.4
TEOWBtr5475,,Broadleaf tree,Btr,GF,Btr,GFET,,,4.658,0,0.305,0.229,0.127,0.153,0.03,0.05,0.06,0.04,0.8,0.4,0.7,0.4,1.2,0.1,0.2,0.04,1,0.5,0.8,0.3,0.4
TEOWBtr5476,,Broadleaf tree,Btr,GF,Btr,GFET,,,7.969,0,0.305,0.229,0.127,0.153,0.03,0.05,0.06,0.04,0.8,0.4,0.7,0.4,1.2,0.1,0.2,0.04,1,0.5,0.8,0.3,0.4
TEOWBtr5477,,Broadleaf tree,Btr,GF,Btr,GFET,,,6.772,0,0.305,0.229,0.127,0.153,0.03,0.05,0.06,0.04,0.8,0.4,0.7,0.4,1.2,0.1,0.2,0.04,1,0.5,0.8,0.3,0.4
TEOWBtr5478,,Broadleaf tree,Btr,GF,Btr,GFET,,,6.533,0,0.305,0.229,0.127,0.153,0.03,0.05,0.06,0.04,0.8,0.4,0.7,0.4,1.2,0.1,0.2,0.04,1,0.5,0.8,0.3,0.4
TEOWBtr5479,,Broadleaf tree,Btr,GF,Btr,GFET,,,6.095,0,0.305,0.229,0.127,0.153,0.03,0.05,0.06,0.04,0.8,0.4,0.7,0.4,1.2,0.1,0.2,0.04,1,0.5,0.8,0.3,0.4
TEOWBtr5480,,Broadleaf tree,Btr,GF,Btr,GFET,,,7.149,0,0.308,0.231,0.128,0.154,0.03,0.05,0.06,0.04,0.8,0.4,0.7,0.4,1.2,0.1,0.2,0.04,1,0.5,0.8,0.3,0.4
TEOWBtr5481,,Broadleaf tree,Btr,GF,Btr,GFET,,,6.461,0,0.305,0.229,0.127,0.153,0.03,0.05,0.06,0.04,0.8,0.4,0.7,0.4,1.2,0.1,0.2,0.04,1,0.5,0.8,0.3,0.4
TEOWBtr5482,,Broadleaf tree,Btr,GF,Btr,GFET,,,6.215,0,0.305,0.229,0.127,0.153,0.03,0.05,0.06,0.04,0.8,0.4,0.7,0.4,1.2,0.1,0.2,0.04,1,0.5,0.8,0.3,0.4
TEOWBtr5483,,Broadleaf tree,Btr,GF,Btr,GFET,,,7.304,0,0.305,0.229,0.127,0.153,0.03,0.05,0.06,0.04,0.8,0.4,0.7,0.4,1.2,0.1,0.2,0.04,1,0.5,0.8,0.3,0.4
TEOWBtr5484,,Broadleaf tree,Btr,GF,Btr,GFET,,,7.754,0,0.306,0.229,0.127,0.153,0.03,0.05,0.06,0.04,0.8,0.4,0.7,0.4,1.2,0.1,0.2,0.04,1,0.5,0.8,0.3,0.4
TEOWBtr5485,,Broadleaf tree,Btr,GF,Btr,GFET,,,6.105,0,0.306,0.229,0.127,0.153,0.03,0.05,0.06,0.04,0.8,0.4,0.7,0.4,1.2,0.1,0.2,0.04,1,0.5,0.8,0.3,0.4
TEOWBtr5486,,Broadleaf tree,Btr,GF,Btr,GFET,,,8.143,0,0.305,0.229,0.127,0.153,0.03,0.05,0.06,0.04,0.8,0.4,0.7,0.4,1.2,0.1,0.2,0.04,1,0.5,0.8,0.3,0.4
TEOWBtr5487,,Broadleaf tree,Btr,GF,Btr,GFET,,,8.095,0,0.305,0.229,0.127,0.153,0.03,0.05,0.06,0.04,0.8,0.4,0.7,0.4,1.2,0.1,0.2,0.04,1,0.5,0.8,0.3,0.4
TEOWBtr5488,,Broadleaf tree,Btr,GF,Btr,GFET,,,7.67,0,0.305,0.229,0.127,0.153,0.03,0.05,0.06,0.04,0.8,0.4,0.7,0.4,1.2,0.1,0.2,0.04,1,0.5,0.8,0.3,0.4
TEOWBtr5489,,Broadleaf tree,Btr,GF,Btr,GFET,,,4.612,0,0.305,0.229,0.127,0.153,0.03,0.05,0.06,0.04,0.8,0.4,0.7,0.4,1.2,0.1,0.2,0.04,1,0.5,0.8,0.3,0.4
TEOWBtr5490,,Broadleaf tree,Btr,GF,Btr,GFET,,,7.698,0,0.305,0.229,0.127,0.153,0.03,0.05,0.06,0.04,0.8,0.4,0.7,0.4,1.2,0.1,0.2,0.04,1,0.5,0.8,0.3,0.4
TEOWBtr5491,,Broadleaf tree,Btr,GF,Btr,GFET,,,6.694,0,0.306,0.229,0.127,0.153,0.03,0.05,0.06,0.04,0.8,0.4,0.7,0.4,1.2,0.1,0.2,0.04,1,0.5,0.8,0.3,0.4
TEOWBtr5492,,Broadleaf tree,Btr,GF,Btr,GFET,,,6.843,0,0.306,0.229,0.127,0.153,0.03,0.05,0.06,0.04,0.8,0.4,0.7,0.4,1.2,0.1,0.2,0.04,1,0.5,0.8,0.3,0.4
TEOWBtr5493,,Broadleaf tree,Btr,GF,Btr,GFET,,,8.477,0,0.305,0.229,0.127,0.153,0.03,0.05,0.06,0.04,0.8,0.4,0.7,0.4,1.2,0.1,0.2,0.04,1,0.5,0.8,0.3,0.4
TEOWBtr5494,,Broadleaf tree,Btr,GF,Btr,GFET,,,9.373,0,0.343,0.258,0.143,0.172,0.03,0.05,0.06,0.04,0.8,0.4,0.7,0.4,1.2,0.1,0.2,0.04,1,0.5,0.8,0.3,0.4
TEOWBtr5495,,Broadleaf tree,Btr,GF,Btr,GFET,,,8.163,0,0.312,0.234,0.13,0.156,0.03,0.05,0.06,0.04,0.8,0.4,0.7,0.4,1.2,0.1,0.2,0.04,1,0.5,0.8,0.3,0.4
TEOWBtr5496,,Broadleaf tree,Btr,GF,Btr,GFET,,,16.967,0,0.204,0.153,0.085,0.102,0.03,0.05,0.06,0.04,0.8,0.4,0.7,0.4,1.2,0.1,0.2,0.04,1,0.5,0.8,0.3,0.4
TEOWBtr5497,,Broadleaf tree,Btr,GF,Btr,GFET,,,7.017,0,0.305,0.229,0.127,0.153,0.03,0.05,0.06,0.04,0.8,0.4,0.7,0.4,1.2,0.1,0.2,0.04,1,0.5,0.8,0.3,0.4
TEOWBtr5498,,Broadleaf tree,Btr,GF,Btr,GFET,,,5.164,0,0.305,0.229,0.127,0.153,0.03,0.05,0.06,0.04,0.8,0.4,0.7,0.4,1.2,0.1,0.2,0.04,1,0.5,0.8,0.3,0.4
TEOWBtr5499,,Broadleaf tree,Btr,GF,Btr,GFET,,,7.94,0,0.305,0.229,0.127,0.153,0.03,0.05,0.06,0.04,0.8,0.4,0.7,0.4,1.2,0.1,0.2,0.04,1,0.5,0.8,0.3,0.4
TEOWBtr5500,,Broadleaf tree,Btr,GF,Btr,GFET,,,7.191,0,0.305,0.229,0.127,0.153,0.03,0.05,0.06,0.04,0.8,0.4,0.7,0.4,1.2,0.1,0.2,0.04,1,0.5,0.8,0.3,0.4
TEOWBtr5501,,Broadleaf tree,Btr,GF,Btr,GFET,,,7.078,0,0.305,0.229,0.127,0.153,0.03,0.05,0.06,0.04,0.8,0.4,0.7,0.4,1.2,0.1,0.2,0.04,1,0.5,0.8,0.3,0.4
TEOWBtr5502,,Broadleaf tree,Btr,GF,Btr,GFET,,,0.01,0,0.012,0.009,0.005,0.006,0.03,0.05,0.06,0.04,0.8,0.4,0.7,0.4,1.2,0.1,0.2,0.04,1,0.5,0.8,0.3,0.4
TEOWBtr5503,,Broadleaf tree,Btr,GF,Btr,GFET,,,10.854,0,0.305,0.229,0.127,0.153,0.03,0.05,0.06,0.04,0.8,0.4,0.7,0.4,1.2,0.1,0.2,0.04,1,0.5,0.8,0.3,0.4
TEOWBtr5504,,Broadleaf tree,Btr,GF,Btr,GFET,,,10.925,0,0.305,0.229,0.127,0.153,0.03,0.05,0.06,0.04,0.8,0.4,0.7,0.4,1.2,0.1,0.2,0.04,1,0.5,0.8,0.3,0.4
TEOWBtr5505,,Broadleaf tree,Btr,GF,Btr,GFET,,,6.119,0,0.305,0.229,0.127,0.153,0.03,0.05,0.06,0.04,0.8,0.4,0.7,0.4,1.2,0.1,0.2,0.04,1,0.5,0.8,0.3,0.4
TEOWBtr5506,,Broadleaf tree,Btr,GF,Btr,GFET,,,6.581,0,0.305,0.229,0.127,0.153,0.03,0.05,0.06,0.04,0.8,0.4,0.7,0.4,1.2,0.1,0.2,0.04,1,0.5,0.8,0.3,0.4
TEOWBtr5507,,Broadleaf tree,Btr,GF,Btr,GFET,,,7.853,0,0.306,0.229,0.127,0.153,0.03,0.05,0.06,0.04,0.8,0.4,0.7,0.4,1.2,0.1,0.2,0.04,1,0.5,0.8,0.3,0.4
TEOWBtr5508,,Broadleaf tree,Btr,GF,Btr,GFET,,,5.845,0,0.305,0.229,0.127,0.153,0.03,0.05,0.06,0.04,0.8,0.4,0.7,0.4,1.2,0.1,0.2,0.04,1,0.5,0.8,0.3,0.4
TEOWBtr5509,,Broadleaf tree,Btr,GF,Btr,GFET,,,6.587,0,0.305,0.229,0.127,0.153,0.03,0.05,0.06,0.04,0.8,0.4,0.7,0.4,1.2,0.1,0.2,0.04,1,0.5,0.8,0.3,0.4
TEOWBtr5510,,Broadleaf tree,Btr,GF,Btr,GFET,,,7.288,0,0.305,0.229,0.127,0.153,0.03,0.05,0.06,0.04,0.8,0.4,0.7,0.4,1.2,0.1,0.2,0.04,1,0.5,0.8,0.3,0.4
TEOWBtr5511,,Broadleaf tree,Btr,GF,Btr,GFET,,,7.71,0,0.305,0.229,0.127,0.153,0.03,0.05,0.06,0.04,0.8,0.4,0.7,0.4,1.2,0.1,0.2,0.04,1,0.5,0.8,0.3,0.4
TEOWBtr5512,,Broadleaf tree,Btr,GF,Btr,GFET,,,12.324,0,0.306,0.229,0.127,0.153,0.03,0.05,0.06,0.04,0.8,0.4,0.7,0.4,1.2,0.1,0.2,0.04,1,0.5,0.8,0.3,0.4
TEOWBtr5513,,Broadleaf tree,Btr,GF,Btr,GFET,,,12.768,0,0.305,0.229,0.127,0.153,0.03,0.05,0.06,0.04,0.8,0.4,0.7,0.4,1.2,0.1,0.2,0.04,1,0.5,0.8,0.3,0.4
TEOWBtr5514,,Broadleaf tree,Btr,GF,Btr,GFET,,,7.771,0,0.305,0.229,0.127,0.153,0.03,0.05,0.06,0.04,0.8,0.4,0.7,0.4,1.2,0.1,0.2,0.04,1,0.5,0.8,0.3,0.4
TEOWBtr5515,,Broadleaf tree,Btr,GF,Btr,GFET,,,13.045,0,0.306,0.229,0.127,0.153,0.03,0.05,0.06,0.04,0.8,0.4,0.7,0.4,1.2,0.1,0.2,0.04,1,0.5,0.8,0.3,0.4
TEOWBtr5516,,Broadleaf tree,Btr,GF,Btr,GFET,,,11.624,0,0.305,0.229,0.127,0.153,0.03,0.05,0.06,0.04,0.8,0.4,0.7,0.4,1.2,0.1,0.2,0.04,1,0.5,0.8,0.3,0.4
TEOWBtr5517,,Broadleaf tree,Btr,GF,Btr,GFET,,,15.35,0,0.305,0.229,0.127,0.153,0.03,0.05,0.06,0.04,0.8,0.4,0.7,0.4,1.2,0.1,0.2,0.04,1,0.5,0.8,0.3,0.4
TEOWBtr5518,,Broadleaf tree,Btr,GF,Btr,GFET,,,10.285,0,0.305,0.229,0.127,0.153,0.03,0.05,0.06,0.04,0.8,0.4,0.7,0.4,1.2,0.1,0.2,0.04,1,0.5,0.8,0.3,0.4
TEOWBtr5519,,Broadleaf tree,Btr,GF,Btr,GFET,,,4.385,0,0.305,0.229,0.127,0.153,0.03,0.05,0.06,0.04,0.8,0.4,0.7,0.4,1.2,0.1,0.2,0.04,1,0.5,0.8,0.3,0.4
TEOWBtr5520,,Broadleaf tree,Btr,GF,Btr,GFET,,,10.472,0,0.307,0.23,0.128,0.153,0.03,0.05,0.06,0.04,0.8,0.4,0.7,0.4,1.2,0.1,0.2,0.04,1,0.5,0.8,0.3,0.4
TEOWBtr5521,,Broadleaf tree,Btr,GF,Btr,GFET,,,13.698,0,0.309,0.231,0.129,0.154,0.03,0.05,0.06,0.04,0.8,0.4,0.7,0.4,1.2,0.1,0.2,0.04,1,0.5,0.8,0.3,0.4
TEOWBtr5522,,Broadleaf tree,Btr,GF,Btr,GFET,,,10.696,0,0.306,0.23,0.128,0.153,0.03,0.05,0.06,0.04,0.8,0.4,0.7,0.4,1.2,0.1,0.2,0.04,1,0.5,0.8,0.3,0.4
TEOWBtr5523,,Broadleaf tree,Btr,GF,Btr,GFET,,,16.304,0,0.306,0.23,0.128,0.153,0.03,0.05,0.06,0.04,0.8,0.4,0.7,0.4,1.2,0.1,0.2,0.04,1,0.5,0.8,0.3,0.4
TEOWBtr5524,,Broadleaf tree,Btr,GF,Btr,GFET,,,7.903,0,0.306,0.229,0.127,0.153,0.03,0.05,0.06,0.04,0.8,0.4,0.7,0.4,1.2,0.1,0.2,0.04,1,0.5,0.8,0.3,0.4
TEOWBtr5525,,Broadleaf tree,Btr,GF,Btr,GFET,,,9.728,0,0.305,0.229,0.127,0.153,0.03,0.05,0.06,0.04,0.8,0.4,0.7,0.4,1.2,0.1,0.2,0.04,1,0.5,0.8,0.3,0.4
TEOWBtr5526,,Broadleaf tree,Btr,GF,Btr,GFET,,,11.75,0,0.307,0.23,0.128,0.154,0.03,0.05,0.06,0.04,0.8,0.4,0.7,0.4,1.2,0.1,0.2,0.04,1,0.5,0.8,0.3,0.4
TEOWBtr5527,,Broadleaf tree,Btr,GF,Btr,GFET,,,11.272,0,0.305,0.229,0.127,0.153,0.03,0.05,0.06,0.04,0.8,0.4,0.7,0.4,1.2,0.1,0.2,0.04,1,0.5,0.8,0.3,0.4
TEOWBtr5528,,Broadleaf tree,Btr,GF,Btr,GFET,,,12.036,0,0.306,0.229,0.127,0.153,0.03,0.05,0.06,0.04,0.8,0.4,0.7,0.4,1.2,0.1,0.2,0.04,1,0.5,0.8,0.3,0.4
TEOWBtr5529,,Broadleaf tree,Btr,GF,Btr,GFET,,,9.419,0,0.306,0.23,0.128,0.153,0.03,0.05,0.06,0.04,0.8,0.4,0.7,0.4,1.2,0.1,0.2,0.04,1,0.5,0.8,0.3,0.4
TEOWBtr5530,,Broadleaf tree,Btr,GF,Btr,GFET,,,13.195,0,0.306,0.229,0.127,0.153,0.03,0.05,0.06,0.04,0.8,0.4,0.7,0.4,1.2,0.1,0.2,0.04,1,0.5,0.8,0.3,0.4
TEOWBtr5531,,Broadleaf tree,Btr,GF,Btr,GFET,,,12.181,0,0.305,0.229,0.127,0.153,0.03,0.05,0.06,0.04,0.8,0.4,0.7,0.4,1.2,0.1,0.2,0.04,1,0.5,0.8,0.3,0.4
TEOWBtr5532,,Broadleaf tree,Btr,GF,Btr,GFET,,,8.608,0,0.305,0.229,0.127,0.153,0.03,0.05,0.06,0.04,0.8,0.4,0.7,0.4,1.2,0.1,0.2,0.04,1,0.5,0.8,0.3,0.4
TEOWBtr5533,,Broadleaf tree,Btr,GF,Btr,GFET,,,10.116,0,0.305,0.229,0.127,0.153,0.03,0.05,0.06,0.04,0.8,0.4,0.7,0.4,1.2,0.1,0.2,0.04,1,0.5,0.8,0.3,0.4
TEOWBtr5534,,Broadleaf tree,Btr,GF,Btr,GFET,,,11.739,0,0.305,0.229,0.127,0.153,0.03,0.05,0.06,0.04,0.8,0.4,0.7,0.4,1.2,0.1,0.2,0.04,1,0.5,0.8,0.3,0.4
TEOWBtr5535,,Broadleaf tree,Btr,GF,Btr,GFET,,,8.933,0,0.305,0.229,0.127,0.153,0.03,0.05,0.06,0.04,0.8,0.4,0.7,0.4,1.2,0.1,0.2,0.04,1,0.5,0.8,0.3,0.4
TEOWBtr5536,,Broadleaf tree,Btr,GF,Btr,GFET,,,7.983,0,0.306,0.229,0.127,0.153,0.03,0.05,0.06,0.04,0.8,0.4,0.7,0.4,1.2,0.1,0.2,0.04,1,0.5,0.8,0.3,0.4
TEOWBtr5537,,Broadleaf tree,Btr,GF,Btr,GFET,,,8.459,0,0.307,0.23,0.128,0.153,0.03,0.05,0.06,0.04,0.8,0.4,0.7,0.4,1.2,0.1,0.2,0.04,1,0.5,0.8,0.3,0.4
TEOWBtr5538,,Broadleaf tree,Btr,GF,Btr,GFET,,,15.491,0,0.305,0.229,0.127,0.153,0.03,0.05,0.06,0.04,0.8,0.4,0.7,0.4,1.2,0.1,0.2,0.04,1,0.5,0.8,0.3,0.4
TEOWBtr5539,,Broadleaf tree,Btr,GF,Btr,GFET,,,12.146,0,0.306,0.23,0.128,0.153,0.03,0.05,0.06,0.04,0.8,0.4,0.7,0.4,1.2,0.1,0.2,0.04,1,0.5,0.8,0.3,0.4
TEOWBtr5540,,Broadleaf tree,Btr,GF,Btr,GFET,,,9.3,0,0.305,0.229,0.127,0.153,0.03,0.05,0.06,0.04,0.8,0.4,0.7,0.4,1.2,0.1,0.2,0.04,1,0.5,0.8,0.3,0.4
TEOWBtr5541,,Broadleaf tree,Btr,GF,Btr,GFET,,,11.378,0,0.306,0.229,0.127,0.153,0.03,0.05,0.06,0.04,0.8,0.4,0.7,0.4,1.2,0.1,0.2,0.04,1,0.5,0.8,0.3,0.4
TEOWBtr5542,,Broadleaf tree,Btr,GF,Btr,GFET,,,12.703,0,0.305,0.229,0.127,0.153,0.03,0.05,0.06,0.04,0.8,0.4,0.7,0.4,1.2,0.1,0.2,0.04,1,0.5,0.8,0.3,0.4
TEOWBtr5543,,Broadleaf tree,Btr,GF,Btr,GFET,,,11.592,0,0.305,0.229,0.127,0.153,0.03,0.05,0.06,0.04,0.8,0.4,0.7,0.4,1.2,0.1,0.2,0.04,1,0.5,0.8,0.3,0.4
TEOWBtr5544,,Broadleaf tree,Btr,GF,Btr,GFET,,,9.475,0,0.308,0.231,0.128,0.154,0.03,0.05,0.06,0.04,0.8,0.4,0.7,0.4,1.2,0.1,0.2,0.04,1,0.5,0.8,0.3,0.4
TEOWBtr5545,,Broadleaf tree,Btr,GF,Btr,GFET,,,11.841,0,0.305,0.229,0.127,0.153,0.03,0.05,0.06,0.04,0.8,0.4,0.7,0.4,1.2,0.1,0.2,0.04,1,0.5,0.8,0.3,0.4
TEOWBtr5546,,Broadleaf tree,Btr,GF,Btr,GFET,,,13.47,0,0.306,0.229,0.127,0.153,0.03,0.05,0.06,0.04,0.8,0.4,0.7,0.4,1.2,0.1,0.2,0.04,1,0.5,0.8,0.3,0.4
TEOWBtr5547,,Broadleaf tree,Btr,GF,Btr,GFET,,,7.364,0,0.305,0.229,0.127,0.153,0.03,0.05,0.06,0.04,0.8,0.4,0.7,0.4,1.2,0.1,0.2,0.04,1,0.5,0.8,0.3,0.4
TEOWBtr5548,,Broadleaf tree,Btr,GF,Btr,GFET,,,13.537,0,0.305,0.229,0.127,0.153,0.03,0.05,0.06,0.04,0.8,0.4,0.7,0.4,1.2,0.1,0.2,0.04,1,0.5,0.8,0.3,0.4
TEOWBtr5549,,Broadleaf tree,Btr,GF,Btr,GFET,,,25.436,0,0.1,0.075,0.042,0.05,0.03,0.05,0.06,0.04,0.8,0.4,0.7,0.4,1.2,0.1,0.2,0.04,1,0.5,0.8,0.3,0.4
TEOWBtr5550,,Broadleaf tree,Btr,GF,Btr,GFET,,,11.67,0,0.307,0.23,0.128,0.153,0.03,0.05,0.06,0.04,0.8,0.4,0.7,0.4,1.2,0.1,0.2,0.04,1,0.5,0.8,0.3,0.4
TEOWBtr5551,,Broadleaf tree,Btr,GF,Btr,GFET,,,12.932,0,0.306,0.23,0.128,0.153,0.03,0.05,0.06,0.04,0.8,0.4,0.7,0.4,1.2,0.1,0.2,0.04,1,0.5,0.8,0.3,0.4
TEOWBtr5552,,Broadleaf tree,Btr,GF,Btr,GFET,,,12.541,0,0.305,0.229,0.127,0.153,0.03,0.05,0.06,0.04,0.8,0.4,0.7,0.4,1.2,0.1,0.2,0.04,1,0.5,0.8,0.3,0.4
TEOWBtr5553,,Broadleaf tree,Btr,GF,Btr,GFET,,,27.283,0,0.1,0.075,0.042,0.05,0.03,0.05,0.06,0.04,0.8,0.4,0.7,0.4,1.2,0.1,0.2,0.04,1,0.5,0.8,0.3,0.4
TEOWBtr5554,,Broadleaf tree,Btr,GF,Btr,GFET,,,26.929,0,0.1,0.075,0.042,0.05,0.03,0.05,0.06,0.04,0.8,0.4,0.7,0.4,1.2,0.1,0.2,0.04,1,0.5,0.8,0.3,0.4
TEOWBtr5555,,Broadleaf tree,Btr,GF,Btr,GFET,,,23.158,0,0.1,0.075,0.042,0.05,0.03,0.05,0.06,0.04,0.8,0.4,0.7,0.4,1.2,0.1,0.2,0.04,1,0.5,0.8,0.3,0.4
TEOWBtr5556,,Broadleaf tree,Btr,GF,Btr,GFET,,,24.083,0,0.1,0.075,0.042,0.05,0.03,0.05,0.06,0.04,0.8,0.4,0.7,0.4,1.2,0.1,0.2,0.04,1,0.5,0.8,0.3,0.4
TEOWBtr5557,,Broadleaf tree,Btr,GF,Btr,GFET,,,8.598,0,0.305,0.229,0.127,0.153,0.03,0.05,0.06,0.04,0.8,0.4,0.7,0.4,1.2,0.1,0.2,0.04,1,0.5,0.8,0.3,0.4
TEOWBtr5558,,Broadleaf tree,Btr,GF,Btr,GFET,,,11.416,0,0.305,0.229,0.127,0.153,0.03,0.05,0.06,0.04,0.8,0.4,0.7,0.4,1.2,0.1,0.2,0.04,1,0.5,0.8,0.3,0.4
TEOWBtr5559,,Broadleaf tree,Btr,GF,Btr,GFET,,,0.01,0,0.012,0.009,0.005,0.006,0.03,0.05,0.06,0.04,0.8,0.4,0.7,0.4,1.2,0.1,0.2,0.04,1,0.5,0.8,0.3,0.4
TEOWBtr5560,,Broadleaf tree,Btr,GF,Btr,GFET,,,15.804,0,0.305,0.229,0.127,0.153,0.03,0.05,0.06,0.04,0.8,0.4,0.7,0.4,1.2,0.1,0.2,0.04,1,0.5,0.8,0.3,0.4
TEOWBtr5561,,Broadleaf tree,Btr,GF,Btr,GFET,,,14.378,0,0.305,0.229,0.127,0.153,0.03,0.05,0.06,0.04,0.8,0.4,0.7,0.4,1.2,0.1,0.2,0.04,1,0.5,0.8,0.3,0.4
TEOWBtr5562,,Broadleaf tree,Btr,GF,Btr,GFET,,,13.24,0,0.305,0.229,0.127,0.153,0.03,0.05,0.06,0.04,0.8,0.4,0.7,0.4,1.2,0.1,0.2,0.04,1,0.5,0.8,0.3,0.4
TEOWBtr5563,,Broadleaf tree,Btr,GF,Btr,GFET,,,13.391,0,0.305,0.229,0.127,0.152,0.03,0.05,0.06,0.04,0.8,0.4,0.7,0.4,1.2,0.1,0.2,0.04,1,0.5,0.8,0.3,0.4
TEOWBtr5564,,Broadleaf tree,Btr,GF,Btr,GFET,,,12.111,0,0.308,0.231,0.128,0.154,0.03,0.05,0.06,0.04,0.8,0.4,0.7,0.4,1.2,0.1,0.2,0.04,1,0.5,0.8,0.3,0.4
TEOWBtr5565,,Broadleaf tree,Btr,GF,Btr,GFET,,,0.01,0,0.012,0.009,0.005,0.006,0.03,0.05,0.06,0.04,0.8,0.4,0.7,0.4,1.2,0.1,0.2,0.04,1,0.5,0.8,0.3,0.4
TEOWBtr5566,,Broadleaf tree,Btr,GF,Btr,GFET,,,14.791,0,0.298,0.224,0.124,0.149,0.03,0.05,0.06,0.04,0.8,0.4,0.7,0.4,1.2,0.1,0.2,0.04,1,0.5,0.8,0.3,0.4
TEOWBtr5567,,Broadleaf tree,Btr,GF,Btr,GFET,,,11.177,0,0.305,0.229,0.127,0.153,0.03,0.05,0.06,0.04,0.8,0.4,0.7,0.4,1.2,0.1,0.2,0.04,1,0.5,0.8,0.3,0.4
TEOWBtr5568,,Broadleaf tree,Btr,GF,Btr,GFET,,,13.312,0,0.304,0.228,0.127,0.152,0.03,0.05,0.06,0.04,0.8,0.4,0.7,0.4,1.2,0.1,0.2,0.04,1,0.5,0.8,0.3,0.4
TEOWBtr5569,,Broadleaf tree,Btr,GF,Btr,GFET,,,11.284,0,0.305,0.229,0.127,0.153,0.03,0.05,0.06,0.04,0.8,0.4,0.7,0.4,1.2,0.1,0.2,0.04,1,0.5,0.8,0.3,0.4
TEOWBtr5570,,Broadleaf tree,Btr,GF,Btr,GFET,,,11.116,0,0.306,0.229,0.127,0.153,0.03,0.05,0.06,0.04,0.8,0.4,0.7,0.4,1.2,0.1,0.2,0.04,1,0.5,0.8,0.3,0.4
TEOWBtr5571,,Broadleaf tree,Btr,GF,Btr,GFET,,,11.079,0,0.305,0.229,0.127,0.153,0.03,0.05,0.06,0.04,0.8,0.4,0.7,0.4,1.2,0.1,0.2,0.04,1,0.5,0.8,0.3,0.4
TEOWBtr5572,,Broadleaf tree,Btr,GF,Btr,GFET,,,15.788,0,0.303,0.227,0.126,0.151,0.03,0.05,0.06,0.04,0.8,0.4,0.7,0.4,1.2,0.1,0.2,0.04,1,0.5,0.8,0.3,0.4
TEOWBtr5573,,Broadleaf tree,Btr,GF,Btr,GFET,,,13.182,0,0.306,0.229,0.127,0.153,0.03,0.05,0.06,0.04,0.8,0.4,0.7,0.4,1.2,0.1,0.2,0.04,1,0.5,0.8,0.3,0.4
TEOWBtr5574,,Broadleaf tree,Btr,GF,Btr,GFET,,,13.268,0,0.305,0.229,0.127,0.153,0.03,0.05,0.06,0.04,0.8,0.4,0.7,0.4,1.2,0.1,0.2,0.04,1,0.5,0.8,0.3,0.4
TEOWBtr5575,,Broadleaf tree,Btr,GF,Btr,GFET,,,16.08,0,0.303,0.228,0.126,0.152,0.03,0.05,0.06,0.04,0.8,0.4,0.7,0.4,1.2,0.1,0.2,0.04,1,0.5,0.8,0.3,0.4
TEOWBtr5576,,Broadleaf tree,Btr,GF,Btr,GFET,,,14.326,0,0.311,0.233,0.13,0.155,0.03,0.05,0.06,0.04,0.8,0.4,0.7,0.4,1.2,0.1,0.2,0.04,1,0.5,0.8,0.3,0.4
TEOWBtr5577,,Broadleaf tree,Btr,GF,Btr,GFET,,,10.663,0,0.305,0.229,0.127,0.153,0.03,0.05,0.06,0.04,0.8,0.4,0.7,0.4,1.2,0.1,0.2,0.04,1,0.5,0.8,0.3,0.4
TEOWBtr5578,,Broadleaf tree,Btr,GF,Btr,GFET,,,10.558,0,0.305,0.229,0.127,0.153,0.03,0.05,0.06,0.04,0.8,0.4,0.7,0.4,1.2,0.1,0.2,0.04,1,0.5,0.8,0.3,0.4
TEOWBtr5579,,Broadleaf tree,Btr,GF,Btr,GFET,,,12.487,0,0.306,0.229,0.127,0.153,0.03,0.05,0.06,0.04,0.8,0.4,0.7,0.4,1.2,0.1,0.2,0.04,1,0.5,0.8,0.3,0.4
TEOWBtr5580,,Broadleaf tree,Btr,GF,Btr,GFET,,,9.771,0,0.272,0.204,0.113,0.136,0.03,0.05,0.06,0.04,0.8,0.4,0.7,0.4,1.2,0.1,0.2,0.04,1,0.5,0.8,0.3,0.4
TEOWBtr5581,,Broadleaf tree,Btr,GF,Btr,GFET,,,10.152,0,0.305,0.229,0.127,0.153,0.03,0.05,0.06,0.04,0.8,0.4,0.7,0.4,1.2,0.1,0.2,0.04,1,0.5,0.8,0.3,0.4
TEOWBtr5582,,Broadleaf tree,Btr,GF,Btr,GFET,,,13.007,0,0.305,0.229,0.127,0.153,0.03,0.05,0.06,0.04,0.8,0.4,0.7,0.4,1.2,0.1,0.2,0.04,1,0.5,0.8,0.3,0.4
TEOWBtr5583,,Broadleaf tree,Btr,GF,Btr,GFET,,,14.053,0,0.306,0.229,0.127,0.153,0.03,0.05,0.06,0.04,0.8,0.4,0.7,0.4,1.2,0.1,0.2,0.04,1,0.5,0.8,0.3,0.4
TEOWBtr5584,,Broadleaf tree,Btr,GF,Btr,GFET,,,13.518,0,0.305,0.229,0.127,0.153,0.03,0.05,0.06,0.04,0.8,0.4,0.7,0.4,1.2,0.1,0.2,0.04,1,0.5,0.8,0.3,0.4
TEOWBtr5585,,Broadleaf tree,Btr,GF,Btr,GFET,,,12.405,0,0.305,0.229,0.127,0.152,0.03,0.05,0.06,0.04,0.8,0.4,0.7,0.4,1.2,0.1,0.2,0.04,1,0.5,0.8,0.3,0.4
TEOWBtr5586,,Broadleaf tree,Btr,GF,Btr,GFET,,,16.745,0,0.302,0.227,0.126,0.151,0.03,0.05,0.06,0.04,0.8,0.4,0.7,0.4,1.2,0.1,0.2,0.04,1,0.5,0.8,0.3,0.4
TEOWBtr5587,,Broadleaf tree,Btr,GF,Btr,GFET,,,15.988,0,0.305,0.229,0.127,0.153,0.03,0.05,0.06,0.04,0.8,0.4,0.7,0.4,1.2,0.1,0.2,0.04,1,0.5,0.8,0.3,0.4
TEOWBtr5588,,Broadleaf tree,Btr,GF,Btr,GFET,,,14.462,0,0.305,0.229,0.127,0.153,0.03,0.05,0.06,0.04,0.8,0.4,0.7,0.4,1.2,0.1,0.2,0.04,1,0.5,0.8,0.3,0.4
TEOWBtr5589,,Broadleaf tree,Btr,GF,Btr,GFET,,,12.005,0,0.305,0.229,0.127,0.153,0.03,0.05,0.06,0.04,0.8,0.4,0.7,0.4,1.2,0.1,0.2,0.04,1,0.5,0.8,0.3,0.4
TEOWBtr5590,,Broadleaf tree,Btr,GF,Btr,GFET,,,11.017,0,0.305,0.229,0.127,0.153,0.03,0.05,0.06,0.04,0.8,0.4,0.7,0.4,1.2,0.1,0.2,0.04,1,0.5,0.8,0.3,0.4
TEOWBtr5591,,Broadleaf tree,Btr,GF,Btr,GFET,,,11.146,0,0.305,0.229,0.127,0.153,0.03,0.05,0.06,0.04,0.8,0.4,0.7,0.4,1.2,0.1,0.2,0.04,1,0.5,0.8,0.3,0.4
TEOWBtr5592,,Broadleaf tree,Btr,GF,Btr,GFET,,,11.022,0,0.305,0.229,0.127,0.153,0.03,0.05,0.06,0.04,0.8,0.4,0.7,0.4,1.2,0.1,0.2,0.04,1,0.5,0.8,0.3,0.4
TEOWBtr5593,,Broadleaf tree,Btr,GF,Btr,GFET,,,16.211,0,0.304,0.228,0.127,0.152,0.03,0.05,0.06,0.04,0.8,0.4,0.7,0.4,1.2,0.1,0.2,0.04,1,0.5,0.8,0.3,0.4
TEOWBtr5594,,Broadleaf tree,Btr,GF,Btr,GFET,,,14.654,0,0.305,0.229,0.127,0.153,0.03,0.05,0.06,0.04,0.8,0.4,0.7,0.4,1.2,0.1,0.2,0.04,1,0.5,0.8,0.3,0.4
TEOWBtr5595,,Broadleaf tree,Btr,GF,Btr,GFET,,,14.739,0,0.306,0.23,0.128,0.153,0.03,0.05,0.06,0.04,0.8,0.4,0.7,0.4,1.2,0.1,0.2,0.04,1,0.5,0.8,0.3,0.4
TEOWBtr5596,,Broadleaf tree,Btr,GF,Btr,GFET,,,13.32,0,0.306,0.229,0.127,0.153,0.03,0.05,0.06,0.04,0.8,0.4,0.7,0.4,1.2,0.1,0.2,0.04,1,0.5,0.8,0.3,0.4
TEOWBtr5597,,Broadleaf tree,Btr,GF,Btr,GFET,,,13.458,0,0.305,0.229,0.127,0.153,0.03,0.05,0.06,0.04,0.8,0.4,0.7,0.4,1.2,0.1,0.2,0.04,1,0.5,0.8,0.3,0.4
TEOWBtr5598,,Broadleaf tree,Btr,GF,Btr,GFET,,,16.597,0,0.305,0.229,0.127,0.153,0.03,0.05,0.06,0.04,0.8,0.4,0.7,0.4,1.2,0.1,0.2,0.04,1,0.5,0.8,0.3,0.4
TEOWBtr5599,,Broadleaf tree,Btr,GF,Btr,GFET,,,12.486,0,0.307,0.23,0.128,0.153,0.03,0.05,0.06,0.04,0.8,0.4,0.7,0.4,1.2,0.1,0.2,0.04,1,0.5,0.8,0.3,0.4
TEOWBtr5600,,Broadleaf tree,Btr,GF,Btr,GFET,,,10.59,0,0.307,0.23,0.128,0.153,0.03,0.05,0.06,0.04,0.8,0.4,0.7,0.4,1.2,0.1,0.2,0.04,1,0.5,0.8,0.3,0.4
TEOWBtr5601,,Broadleaf tree,Btr,GF,Btr,GFET,,,0.01,0,0.012,0.009,0.005,0.006,0.03,0.05,0.06,0.04,0.8,0.4,0.7,0.4,1.2,0.1,0.2,0.04,1,0.5,0.8,0.3,0.4
TEOWBtr5602,,Broadleaf tree,Btr,GF,Btr,GFET,,,11.824,0,0.306,0.23,0.128,0.153,0.03,0.05,0.06,0.04,0.8,0.4,0.7,0.4,1.2,0.1,0.2,0.04,1,0.5,0.8,0.3,0.4
TEOWBtr5603,,Broadleaf tree,Btr,GF,Btr,GFET,,,11.066,0,0.306,0.229,0.127,0.153,0.03,0.05,0.06,0.04,0.8,0.4,0.7,0.4,1.2,0.1,0.2,0.04,1,0.5,0.8,0.3,0.4
TEOWBtr5604,,Broadleaf tree,Btr,GF,Btr,GFET,,,11.706,0,0.305,0.229,0.127,0.153,0.03,0.05,0.06,0.04,0.8,0.4,0.7,0.4,1.2,0.1,0.2,0.04,1,0.5,0.8,0.3,0.4
TEOWBtr5605,,Broadleaf tree,Btr,GF,Btr,GFET,,,0.01,0,0.012,0.009,0.005,0.006,0.03,0.05,0.06,0.04,0.8,0.4,0.7,0.4,1.2,0.1,0.2,0.04,1,0.5,0.8,0.3,0.4
TEOWBtr5606,,Broadleaf tree,Btr,GF,Btr,GFET,,,12.469,0,0.305,0.229,0.127,0.153,0.03,0.05,0.06,0.04,0.8,0.4,0.7,0.4,1.2,0.1,0.2,0.04,1,0.5,0.8,0.3,0.4
TEOWBtr5607,,Broadleaf tree,Btr,GF,Btr,GFET,,,14.712,0,0.305,0.229,0.127,0.153,0.03,0.05,0.06,0.04,0.8,0.4,0.7,0.4,1.2,0.1,0.2,0.04,1,0.5,0.8,0.3,0.4
TEOWBtr5608,,Broadleaf tree,Btr,GF,Btr,GFET,,,16.208,0,0.305,0.229,0.127,0.153,0.03,0.05,0.06,0.04,0.8,0.4,0.7,0.4,1.2,0.1,0.2,0.04,1,0.5,0.8,0.3,0.4
TEOWBtr5609,,Broadleaf tree,Btr,GF,Btr,GFET,,,14.897,0,0.306,0.229,0.127,0.153,0.03,0.05,0.06,0.04,0.8,0.4,0.7,0.4,1.2,0.1,0.2,0.04,1,0.5,0.8,0.3,0.4
TEOWBtr5610,,Broadleaf tree,Btr,GF,Btr,GFET,,,14.358,0,0.306,0.229,0.127,0.153,0.03,0.05,0.06,0.04,0.8,0.4,0.7,0.4,1.2,0.1,0.2,0.04,1,0.5,0.8,0.3,0.4
TEOWBtr5611,,Broadleaf tree,Btr,GF,Btr,GFET,,,11.173,0,0.305,0.229,0.127,0.153,0.03,0.05,0.06,0.04,0.8,0.4,0.7,0.4,1.2,0.1,0.2,0.04,1,0.5,0.8,0.3,0.4
TEOWBtr5612,,Broadleaf tree,Btr,GF,Btr,GFET,,,0.01,0,0.012,0.009,0.005,0.006,0.03,0.05,0.06,0.04,0.8,0.4,0.7,0.4,1.2,0.1,0.2,0.04,1,0.5,0.8,0.3,0.4
TEOWBtr5613,,Broadleaf tree,Btr,GF,Btr,GFET,,,0.003,0,0.011,0.009,0.005,0.006,0.03,0.05,0.06,0.04,0.8,0.4,0.7,0.4,1.2,0.1,0.2,0.04,1,0.5,0.8,0.3,0.4
TEOWBtr5614,,Broadleaf tree,Btr,GF,Btr,GFET,,,0.003,0,0.011,0.009,0.005,0.006,0.03,0.05,0.06,0.04,0.8,0.4,0.7,0.4,1.2,0.1,0.2,0.04,1,0.5,0.8,0.3,0.4
TEOWBtr5615,,Broadleaf tree,Btr,GF,Btr,GFET,,,0.003,0,0.011,0.009,0.005,0.006,0.03,0.05,0.06,0.04,0.8,0.4,0.7,0.4,1.2,0.1,0.2,0.04,1,0.5,0.8,0.3,0.4
TEOWBtr5616,,Broadleaf tree,Btr,GF,Btr,GFET,,,0.003,0,0.011,0.008,0.005,0.006,0.03,0.05,0.06,0.04,0.8,0.4,0.7,0.4,1.2,0.1,0.2,0.04,1,0.5,0.8,0.3,0.4
TEOWBtr5617,,Broadleaf tree,Btr,GF,Btr,GFET,,,0.003,0,0.011,0.009,0.005,0.006,0.03,0.05,0.06,0.04,0.8,0.4,0.7,0.4,1.2,0.1,0.2,0.04,1,0.5,0.8,0.3,0.4
TEOWBtr5618,,Broadleaf tree,Btr,GF,Btr,GFET,,,0.003,0,0.011,0.009,0.005,0.006,0.03,0.05,0.06,0.04,0.8,0.4,0.7,0.4,1.2,0.1,0.2,0.04,1,0.5,0.8,0.3,0.4
TEOWBtr5619,,Broadleaf tree,Btr,GF,Btr,GFET,,,0.003,0,0.011,0.009,0.005,0.006,0.03,0.05,0.06,0.04,0.8,0.4,0.7,0.4,1.2,0.1,0.2,0.04,1,0.5,0.8,0.3,0.4
TEOWBtr5620,,Broadleaf tree,Btr,GF,Btr,GFET,,,0.003,0,0.011,0.009,0.005,0.006,0.03,0.05,0.06,0.04,0.8,0.4,0.7,0.4,1.2,0.1,0.2,0.04,1,0.5,0.8,0.3,0.4
TEOWBtr5621,,Broadleaf tree,Btr,GF,Btr,GFET,,,0.003,0,0.011,0.009,0.005,0.006,0.03,0.05,0.06,0.04,0.8,0.4,0.7,0.4,1.2,0.1,0.2,0.04,1,0.5,0.8,0.3,0.4
TEOWBtr5622,,Broadleaf tree,Btr,GF,Btr,GFET,,,0.003,0,0.011,0.009,0.005,0.006,0.03,0.05,0.06,0.04,0.8,0.4,0.7,0.4,1.2,0.1,0.2,0.04,1,0.5,0.8,0.3,0.4
TEOWBtr5623,,Broadleaf tree,Btr,GF,Btr,GFET,,,0.003,0,0.011,0.009,0.005,0.006,0.03,0.05,0.06,0.04,0.8,0.4,0.7,0.4,1.2,0.1,0.2,0.04,1,0.5,0.8,0.3,0.4
TEOWBtr5624,,Broadleaf tree,Btr,GF,Btr,GFET,,,0.003,0,0.011,0.009,0.005,0.006,0.03,0.05,0.06,0.04,0.8,0.4,0.7,0.4,1.2,0.1,0.2,0.04,1,0.5,0.8,0.3,0.4
TEOWBtr5625,,Broadleaf tree,Btr,GF,Btr,GFET,,,0.003,0,0.011,0.009,0.005,0.006,0.03,0.05,0.06,0.04,0.8,0.4,0.7,0.4,1.2,0.1,0.2,0.04,1,0.5,0.8,0.3,0.4
TEOWBtr5626,,Broadleaf tree,Btr,GF,Btr,GFET,,,0.003,0,0.011,0.009,0.005,0.006,0.03,0.05,0.06,0.04,0.8,0.4,0.7,0.4,1.2,0.1,0.2,0.04,1,0.5,0.8,0.3,0.4
TEOWBtr5627,,Broadleaf tree,Btr,GF,Btr,GFET,,,0.003,0,0.011,0.009,0.005,0.006,0.03,0.05,0.06,0.04,0.8,0.4,0.7,0.4,1.2,0.1,0.2,0.04,1,0.5,0.8,0.3,0.4
TEOWBtr5628,,Broadleaf tree,Btr,GF,Btr,GFET,,,0.003,0,0.011,0.009,0.005,0.006,0.03,0.05,0.06,0.04,0.8,0.4,0.7,0.4,1.2,0.1,0.2,0.04,1,0.5,0.8,0.3,0.4
TEOWBtr5629,,Broadleaf tree,Btr,GF,Btr,GFET,,,0.003,0,0.011,0.009,0.005,0.006,0.03,0.05,0.06,0.04,0.8,0.4,0.7,0.4,1.2,0.1,0.2,0.04,1,0.5,0.8,0.3,0.4
TEOWBtr5630,,Broadleaf tree,Btr,GF,Btr,GFET,,,0.003,0,0.011,0.009,0.005,0.006,0.03,0.05,0.06,0.04,0.8,0.4,0.7,0.4,1.2,0.1,0.2,0.04,1,0.5,0.8,0.3,0.4
TEOWBtr5631,,Broadleaf tree,Btr,GF,Btr,GFET,,,0.003,0,0.011,0.009,0.005,0.006,0.03,0.05,0.06,0.04,0.8,0.4,0.7,0.4,1.2,0.1,0.2,0.04,1,0.5,0.8,0.3,0.4
TEOWBtr5632,,Broadleaf tree,Btr,GF,Btr,GFET,,,0.003,0,0.011,0.009,0.005,0.006,0.03,0.05,0.06,0.04,0.8,0.4,0.7,0.4,1.2,0.1,0.2,0.04,1,0.5,0.8,0.3,0.4
TEOWBtr5633,,Broadleaf tree,Btr,GF,Btr,GFET,,,0.003,0,0.011,0.009,0.005,0.006,0.03,0.05,0.06,0.04,0.8,0.4,0.7,0.4,1.2,0.1,0.2,0.04,1,0.5,0.8,0.3,0.4
TEOWBtr5634,,Broadleaf tree,Btr,GF,Btr,GFET,,,0.003,0,0.011,0.009,0.005,0.006,0.03,0.05,0.06,0.04,0.8,0.4,0.7,0.4,1.2,0.1,0.2,0.04,1,0.5,0.8,0.3,0.4
TEOWBtr5635,,Broadleaf tree,Btr,GF,Btr,GFET,,,0.003,0,0.011,0.009,0.005,0.006,0.03,0.05,0.06,0.04,0.8,0.4,0.7,0.4,1.2,0.1,0.2,0.04,1,0.5,0.8,0.3,0.4
TEOWBtr5636,,Broadleaf tree,Btr,GF,Btr,GFET,,,0.003,0,0.011,0.009,0.005,0.006,0.03,0.05,0.06,0.04,0.8,0.4,0.7,0.4,1.2,0.1,0.2,0.04,1,0.5,0.8,0.3,0.4
TEOWBtr5637,,Broadleaf tree,Btr,GF,Btr,GFET,,,0.003,0,0.011,0.009,0.005,0.006,0.03,0.05,0.06,0.04,0.8,0.4,0.7,0.4,1.2,0.1,0.2,0.04,1,0.5,0.8,0.3,0.4
TEOWBtr5638,,Broadleaf tree,Btr,GF,Btr,GFET,,,0.003,0,0.011,0.009,0.005,0.006,0.03,0.05,0.06,0.04,0.8,0.4,0.7,0.4,1.2,0.1,0.2,0.04,1,0.5,0.8,0.3,0.4
TEOWBtr5639,,Broadleaf tree,Btr,GF,Btr,GFET,,,0.003,0,0.011,0.009,0.005,0.006,0.03,0.05,0.06,0.04,0.8,0.4,0.7,0.4,1.2,0.1,0.2,0.04,1,0.5,0.8,0.3,0.4
TEOWBtr5640,,Broadleaf tree,Btr,GF,Btr,GFET,,,0.003,0,0.011,0.009,0.005,0.006,0.03,0.05,0.06,0.04,0.8,0.4,0.7,0.4,1.2,0.1,0.2,0.04,1,0.5,0.8,0.3,0.4
TEOWBtr5641,,Broadleaf tree,Btr,GF,Btr,GFET,,,0.003,0,0.011,0.009,0.005,0.006,0.03,0.05,0.06,0.04,0.8,0.4,0.7,0.4,1.2,0.1,0.2,0.04,1,0.5,0.8,0.3,0.4
TEOWBtr5642,,Broadleaf tree,Btr,GF,Btr,GFET,,,0.003,0,0.011,0.009,0.005,0.006,0.03,0.05,0.06,0.04,0.8,0.4,0.7,0.4,1.2,0.1,0.2,0.04,1,0.5,0.8,0.3,0.4
TEOWBtr5643,,Broadleaf tree,Btr,GF,Btr,GFET,,,0.003,0,0.011,0.009,0.005,0.006,0.03,0.05,0.06,0.04,0.8,0.4,0.7,0.4,1.2,0.1,0.2,0.04,1,0.5,0.8,0.3,0.4
TEOWBtr5644,,Broadleaf tree,Btr,GF,Btr,GFET,,,0.003,0,0.011,0.009,0.005,0.006,0.03,0.05,0.06,0.04,0.8,0.4,0.7,0.4,1.2,0.1,0.2,0.04,1,0.5,0.8,0.3,0.4
TEOWBtr5645,,Broadleaf tree,Btr,GF,Btr,GFET,,,0.003,0,0.011,0.008,0.005,0.006,0.03,0.05,0.06,0.04,0.8,0.4,0.7,0.4,1.2,0.1,0.2,0.04,1,0.5,0.8,0.3,0.4
TEOWBtr5646,,Broadleaf tree,Btr,GF,Btr,GFET,,,0.003,0,0.011,0.009,0.005,0.006,0.03,0.05,0.06,0.04,0.8,0.4,0.7,0.4,1.2,0.1,0.2,0.04,1,0.5,0.8,0.3,0.4
TEOWBtr5647,,Broadleaf tree,Btr,GF,Btr,GFET,,,0.003,0,0.011,0.009,0.005,0.006,0.03,0.05,0.06,0.04,0.8,0.4,0.7,0.4,1.2,0.1,0.2,0.04,1,0.5,0.8,0.3,0.4
TEOWBtr5648,,Broadleaf tree,Btr,GF,Btr,GFET,,,0.003,0,0.011,0.009,0.005,0.006,0.03,0.05,0.06,0.04,0.8,0.4,0.7,0.4,1.2,0.1,0.2,0.04,1,0.5,0.8,0.3,0.4
TEOWBtr5649,,Broadleaf tree,Btr,GF,Btr,GFET,,,0.003,0,0.011,0.009,0.005,0.006,0.03,0.05,0.06,0.04,0.8,0.4,0.7,0.4,1.2,0.1,0.2,0.04,1,0.5,0.8,0.3,0.4
TEOWBtr5650,,Broadleaf tree,Btr,GF,Btr,GFET,,,3.877,0,0.305,0.229,0.127,0.153,0.03,0.05,0.06,0.04,0.8,0.4,0.7,0.4,1.2,0.1,0.2,0.04,1,0.5,0.8,0.3,0.4
TEOWBtr5651,,Broadleaf tree,Btr,GF,Btr,GFET,,,0.01,0,0.012,0.009,0.005,0.006,0.03,0.05,0.06,0.04,0.8,0.4,0.7,0.4,1.2,0.1,0.2,0.04,1,0.5,0.8,0.3,0.4
TEOWBtr5652,,Broadleaf tree,Btr,GF,Btr,GFET,,,0.01,0,0.012,0.009,0.005,0.006,0.03,0.05,0.06,0.04,0.8,0.4,0.7,0.4,1.2,0.1,0.2,0.04,1,0.5,0.8,0.3,0.4
TEOWBtr5653,,Broadleaf tree,Btr,GF,Btr,GFET,,,0.01,0,0.012,0.009,0.005,0.006,0.03,0.05,0.06,0.04,0.8,0.4,0.7,0.4,1.2,0.1,0.2,0.04,1,0.5,0.8,0.3,0.4
TEOWBtr5654,,Broadleaf tree,Btr,GF,Btr,GFET,,,4.222,0,0.305,0.229,0.127,0.153,0.03,0.05,0.06,0.04,0.8,0.4,0.7,0.4,1.2,0.1,0.2,0.04,1,0.5,0.8,0.3,0.4
TEOWBtr5655,,Broadleaf tree,Btr,GF,Btr,GFET,,,3.699,0,0.305,0.229,0.127,0.153,0.03,0.05,0.06,0.04,0.8,0.4,0.7,0.4,1.2,0.1,0.2,0.04,1,0.5,0.8,0.3,0.4
TEOWBtr5656,,Broadleaf tree,Btr,GF,Btr,GFET,,,0.01,0,0.012,0.009,0.005,0.006,0.03,0.05,0.06,0.04,0.8,0.4,0.7,0.4,1.2,0.1,0.2,0.04,1,0.5,0.8,0.3,0.4
TEOWBtr5657,,Broadleaf tree,Btr,GF,Btr,GFET,,,0.01,0,0.012,0.009,0.005,0.006,0.03,0.05,0.06,0.04,0.8,0.4,0.7,0.4,1.2,0.1,0.2,0.04,1,0.5,0.8,0.3,0.4
TEOWBtr5658,,Broadleaf tree,Btr,GF,Btr,GFET,,,0.01,0,0.012,0.009,0.005,0.006,0.03,0.05,0.06,0.04,0.8,0.4,0.7,0.4,1.2,0.1,0.2,0.04,1,0.5,0.8,0.3,0.4
TEOWBtr5659,,Broadleaf tree,Btr,GF,Btr,GFET,,,10.567,0,0.305,0.229,0.127,0.153,0.03,0.05,0.06,0.04,0.8,0.4,0.7,0.4,1.2,0.1,0.2,0.04,1,0.5,0.8,0.3,0.4
TEOWBtr5660,,Broadleaf tree,Btr,GF,Btr,GFET,,,0.01,0,0.012,0.009,0.005,0.006,0.03,0.05,0.06,0.04,0.8,0.4,0.7,0.4,1.2,0.1,0.2,0.04,1,0.5,0.8,0.3,0.4
TEOWBtr5661,,Broadleaf tree,Btr,GF,Btr,GFET,,,0.01,0,0.012,0.009,0.005,0.006,0.03,0.05,0.06,0.04,0.8,0.4,0.7,0.4,1.2,0.1,0.2,0.04,1,0.5,0.8,0.3,0.4
TEOWBtr5662,,Broadleaf tree,Btr,GF,Btr,GFET,,,0.01,0,0.012,0.009,0.005,0.006,0.03,0.05,0.06,0.04,0.8,0.4,0.7,0.4,1.2,0.1,0.2,0.04,1,0.5,0.8,0.3,0.4
TEOWBtr5663,,Broadleaf tree,Btr,GF,Btr,GFET,,,0.01,0,0.012,0.009,0.005,0.006,0.03,0.05,0.06,0.04,0.8,0.4,0.7,0.4,1.2,0.1,0.2,0.04,1,0.5,0.8,0.3,0.4
TEOWBtr5664,,Broadleaf tree,Btr,GF,Btr,GFET,,,0.01,0,0.012,0.009,0.005,0.006,0.03,0.05,0.06,0.04,0.8,0.4,0.7,0.4,1.2,0.1,0.2,0.04,1,0.5,0.8,0.3,0.4
TEOWBtr5665,,Broadleaf tree,Btr,GF,Btr,GFET,,,0.01,0,0.012,0.009,0.005,0.006,0.03,0.05,0.06,0.04,0.8,0.4,0.7,0.4,1.2,0.1,0.2,0.04,1,0.5,0.8,0.3,0.4
TEOWBtr5666,,Broadleaf tree,Btr,GF,Btr,GFET,,,0.01,0,0.012,0.009,0.005,0.006,0.03,0.05,0.06,0.04,0.8,0.4,0.7,0.4,1.2,0.1,0.2,0.04,1,0.5,0.8,0.3,0.4
TEOWBtr5667,,Broadleaf tree,Btr,GF,Btr,GFET,,,7.465,0,0.305,0.229,0.127,0.153,0.03,0.05,0.06,0.04,0.8,0.4,0.7,0.4,1.2,0.1,0.2,0.04,1,0.5,0.8,0.3,0.4
TEOWBtr5668,,Broadleaf tree,Btr,GF,Btr,GFET,,,8.965,0,0.305,0.229,0.127,0.153,0.03,0.05,0.06,0.04,0.8,0.4,0.7,0.4,1.2,0.1,0.2,0.04,1,0.5,0.8,0.3,0.4
TEOWBtr5669,,Broadleaf tree,Btr,GF,Btr,GFET,,,8.546,0,0.305,0.229,0.127,0.153,0.03,0.05,0.06,0.04,0.8,0.4,0.7,0.4,1.2,0.1,0.2,0.04,1,0.5,0.8,0.3,0.4
TEOWBtr5670,,Broadleaf tree,Btr,GF,Btr,GFET,,,8.552,0,0.305,0.229,0.127,0.153,0.03,0.05,0.06,0.04,0.8,0.4,0.7,0.4,1.2,0.1,0.2,0.04,1,0.5,0.8,0.3,0.4
TEOWBtr5671,,Broadleaf tree,Btr,GF,Btr,GFET,,,7.433,0,0.305,0.229,0.127,0.153,0.03,0.05,0.06,0.04,0.8,0.4,0.7,0.4,1.2,0.1,0.2,0.04,1,0.5,0.8,0.3,0.4
TEOWBtr5672,,Broadleaf tree,Btr,GF,Btr,GFET,,,13.009,0,0.305,0.229,0.127,0.153,0.03,0.05,0.06,0.04,0.8,0.4,0.7,0.4,1.2,0.1,0.2,0.04,1,0.5,0.8,0.3,0.4
TEOWBtr5673,,Broadleaf tree,Btr,GF,Btr,GFET,,,0.01,0,0.012,0.009,0.005,0.006,0.03,0.05,0.06,0.04,0.8,0.4,0.7,0.4,1.2,0.1,0.2,0.04,1,0.5,0.8,0.3,0.4
TEOWBtr5674,,Broadleaf tree,Btr,GF,Btr,GFET,,,9.23,0,0.229,0.172,0.096,0.115,0.03,0.05,0.06,0.04,0.8,0.4,0.7,0.4,1.2,0.1,0.2,0.04,1,0.5,0.8,0.3,0.4
TEOWBtr5675,,Broadleaf tree,Btr,GF,Btr,GFET,,,9.503,0,0.242,0.182,0.101,0.121,0.03,0.05,0.06,0.04,0.8,0.4,0.7,0.4,1.2,0.1,0.2,0.04,1,0.5,0.8,0.3,0.4
TEOWBtr5676,,Broadleaf tree,Btr,GF,Btr,GFET,,,9.307,0,0.312,0.234,0.13,0.156,0.03,0.05,0.06,0.04,0.8,0.4,0.7,0.4,1.2,0.1,0.2,0.04,1,0.5,0.8,0.3,0.4
TEOWBtr5677,,Broadleaf tree,Btr,GF,Btr,GFET,,,6.721,0,0.325,0.244,0.136,0.163,0.03,0.05,0.06,0.04,0.8,0.4,0.7,0.4,1.2,0.1,0.2,0.04,1,0.5,0.8,0.3,0.4
TEOWBtr5678,,Broadleaf tree,Btr,GF,Btr,GFET,,,0.01,0,0.012,0.009,0.005,0.006,0.03,0.05,0.06,0.04,0.8,0.4,0.7,0.4,1.2,0.1,0.2,0.04,1,0.5,0.8,0.3,0.4
TEOWBtr5679,,Broadleaf tree,Btr,GF,Btr,GFET,,,7.532,0,0.371,0.278,0.155,0.185,0.03,0.05,0.06,0.04,0.8,0.4,0.7,0.4,1.2,0.1,0.2,0.04,1,0.5,0.8,0.3,0.4
TEOWBtr5680,,Broadleaf tree,Btr,GF,Btr,GFET,,,5.273,0,0.333,0.249,0.139,0.166,0.03,0.05,0.06,0.04,0.8,0.4,0.7,0.4,1.2,0.1,0.2,0.04,1,0.5,0.8,0.3,0.4
TEOWBtr5681,,Broadleaf tree,Btr,GF,Btr,GFET,,,4.649,0,0.365,0.274,0.152,0.182,0.03,0.05,0.06,0.04,0.8,0.4,0.7,0.4,1.2,0.1,0.2,0.04,1,0.5,0.8,0.3,0.4
TEOWBtr5682,,Broadleaf tree,Btr,GF,Btr,GFET,,,11.794,0,0.307,0.23,0.128,0.154,0.03,0.05,0.06,0.04,0.8,0.4,0.7,0.4,1.2,0.1,0.2,0.04,1,0.5,0.8,0.3,0.4
TEOWBtr5683,,Broadleaf tree,Btr,GF,Btr,GFET,,,10.723,0,0.176,0.132,0.073,0.088,0.03,0.05,0.06,0.04,0.8,0.4,0.7,0.4,1.2,0.1,0.2,0.04,1,0.5,0.8,0.3,0.4
TEOWBtr5684,,Broadleaf tree,Btr,GF,Btr,GFET,,,5.802,0,0.282,0.212,0.118,0.141,0.03,0.05,0.06,0.04,0.8,0.4,0.7,0.4,1.2,0.1,0.2,0.04,1,0.5,0.8,0.3,0.4
TEOWBtr5685,,Broadleaf tree,Btr,GF,Btr,GFET,,,12.304,0,0.193,0.144,0.08,0.096,0.03,0.05,0.06,0.04,0.8,0.4,0.7,0.4,1.2,0.1,0.2,0.04,1,0.5,0.8,0.3,0.4
TEOWBtr5686,,Broadleaf tree,Btr,GF,Btr,GFET,,,14.469,0,0.167,0.125,0.069,0.083,0.03,0.05,0.06,0.04,0.8,0.4,0.7,0.4,1.2,0.1,0.2,0.04,1,0.5,0.8,0.3,0.4
TEOWBtr5687,,Broadleaf tree,Btr,GF,Btr,GFET,,,5.215,0,0.33,0.247,0.137,0.165,0.03,0.05,0.06,0.04,0.8,0.4,0.7,0.4,1.2,0.1,0.2,0.04,1,0.5,0.8,0.3,0.4
TEOWBtr5688,,Broadleaf tree,Btr,GF,Btr,GFET,,,10.041,0,0.306,0.229,0.127,0.153,0.03,0.05,0.06,0.04,0.8,0.4,0.7,0.4,1.2,0.1,0.2,0.04,1,0.5,0.8,0.3,0.4
TEOWBtr5689,,Broadleaf tree,Btr,GF,Btr,GFET,,,9.617,0,0.101,0.076,0.042,0.05,0.03,0.05,0.06,0.04,0.8,0.4,0.7,0.4,1.2,0.1,0.2,0.04,1,0.5,0.8,0.3,0.4
TEOWBtr5690,,Broadleaf tree,Btr,GF,Btr,GFET,,,11.497,0,0.204,0.153,0.085,0.102,0.03,0.05,0.06,0.04,0.8,0.4,0.7,0.4,1.2,0.1,0.2,0.04,1,0.5,0.8,0.3,0.4
TEOWBtr5691,,Broadleaf tree,Btr,GF,Btr,GFET,,,11.187,0,0.288,0.216,0.12,0.144,0.03,0.05,0.06,0.04,0.8,0.4,0.7,0.4,1.2,0.1,0.2,0.04,1,0.5,0.8,0.3,0.4
TEOWBtr5692,,Broadleaf tree,Btr,GF,Btr,GFET,,,12.341,0,0.086,0.064,0.036,0.043,0.03,0.05,0.06,0.04,0.8,0.4,0.7,0.4,1.2,0.1,0.2,0.04,1,0.5,0.8,0.3,0.4
TEOWBtr5693,,Broadleaf tree,Btr,GF,Btr,GFET,,,8.925,0,0.341,0.255,0.142,0.17,0.03,0.05,0.06,0.04,0.8,0.4,0.7,0.4,1.2,0.1,0.2,0.04,1,0.5,0.8,0.3,0.4
TEOWBtr5694,,Broadleaf tree,Btr,GF,Btr,GFET,,,8.144,0,0.248,0.186,0.103,0.124,0.03,0.05,0.06,0.04,0.8,0.4,0.7,0.4,1.2,0.1,0.2,0.04,1,0.5,0.8,0.3,0.4
TEOWBtr5695,,Broadleaf tree,Btr,GF,Btr,GFET,,,25.713,0,0.13,0.098,0.054,0.065,0.03,0.05,0.06,0.04,0.8,0.4,0.7,0.4,1.2,0.1,0.2,0.04,1,0.5,0.8,0.3,0.4
TEOWBtr5696,,Broadleaf tree,Btr,GF,Btr,GFET,,,9.086,0,0.299,0.224,0.124,0.149,0.03,0.05,0.06,0.04,0.8,0.4,0.7,0.4,1.2,0.1,0.2,0.04,1,0.5,0.8,0.3,0.4
TEOWBtr5697,,Broadleaf tree,Btr,GF,Btr,GFET,,,10.262,0,0.331,0.248,0.138,0.166,0.03,0.05,0.06,0.04,0.8,0.4,0.7,0.4,1.2,0.1,0.2,0.04,1,0.5,0.8,0.3,0.4
TEOWBtr5698,,Broadleaf tree,Btr,GF,Btr,GFET,,,8.523,0,0.305,0.229,0.127,0.153,0.03,0.05,0.06,0.04,0.8,0.4,0.7,0.4,1.2,0.1,0.2,0.04,1,0.5,0.8,0.3,0.4
TEOWBtr5699,,Broadleaf tree,Btr,GF,Btr,GFET,,,14.933,0,0.165,0.124,0.069,0.083,0.03,0.05,0.06,0.04,0.8,0.4,0.7,0.4,1.2,0.1,0.2,0.04,1,0.5,0.8,0.3,0.4
TEOWBtr5700,,Broadleaf tree,Btr,GF,Btr,GFET,,,0.01,0,0.012,0.009,0.005,0.006,0.03,0.05,0.06,0.04,0.8,0.4,0.7,0.4,1.2,0.1,0.2,0.04,1,0.5,0.8,0.3,0.4
TEOWBtr5701,,Broadleaf tree,Btr,GF,Btr,GFET,,,12.599,0,0.186,0.14,0.078,0.093,0.03,0.05,0.06,0.04,0.8,0.4,0.7,0.4,1.2,0.1,0.2,0.04,1,0.5,0.8,0.3,0.4
TEOWBtr5702,,Broadleaf tree,Btr,GF,Btr,GFET,,,7.421,0,0.305,0.229,0.127,0.153,0.03,0.05,0.06,0.04,0.8,0.4,0.7,0.4,1.2,0.1,0.2,0.04,1,0.5,0.8,0.3,0.4
TEOWBtr5703,,Broadleaf tree,Btr,GF,Btr,GFET,,,8.716,0,0.305,0.229,0.127,0.153,0.03,0.05,0.06,0.04,0.8,0.4,0.7,0.4,1.2,0.1,0.2,0.04,1,0.5,0.8,0.3,0.4
TEOWBtr5704,,Broadleaf tree,Btr,GF,Btr,GFET,,,5.021,0,0.296,0.222,0.123,0.148,0.03,0.05,0.06,0.04,0.8,0.4,0.7,0.4,1.2,0.1,0.2,0.04,1,0.5,0.8,0.3,0.4
TEOWBtr5705,,Broadleaf tree,Btr,GF,Btr,GFET,,,8.956,0,0.089,0.067,0.037,0.045,0.03,0.05,0.06,0.04,0.8,0.4,0.7,0.4,1.2,0.1,0.2,0.04,1,0.5,0.8,0.3,0.4
TEOWBtr5706,,Broadleaf tree,Btr,GF,Btr,GFET,,,8.566,0,0.341,0.256,0.142,0.171,0.03,0.05,0.06,0.04,0.8,0.4,0.7,0.4,1.2,0.1,0.2,0.04,1,0.5,0.8,0.3,0.4
TEOWBtr5707,,Broadleaf tree,Btr,GF,Btr,GFET,,,9.619,0,0.326,0.244,0.136,0.163,0.03,0.05,0.06,0.04,0.8,0.4,0.7,0.4,1.2,0.1,0.2,0.04,1,0.5,0.8,0.3,0.4
TEOWBtr5708,,Broadleaf tree,Btr,GF,Btr,GFET,,,5.778,0,0.319,0.24,0.133,0.16,0.03,0.05,0.06,0.04,0.8,0.4,0.7,0.4,1.2,0.1,0.2,0.04,1,0.5,0.8,0.3,0.4
TEOWBtr5709,,Broadleaf tree,Btr,GF,Btr,GFET,,,12.595,0,0.164,0.123,0.068,0.082,0.03,0.05,0.06,0.04,0.8,0.4,0.7,0.4,1.2,0.1,0.2,0.04,1,0.5,0.8,0.3,0.4
TEOWBtr5710,,Broadleaf tree,Btr,GF,Btr,GFET,,,8.38,0,0.334,0.251,0.139,0.167,0.03,0.05,0.06,0.04,0.8,0.4,0.7,0.4,1.2,0.1,0.2,0.04,1,0.5,0.8,0.3,0.4
TEOWBtr5711,,Broadleaf tree,Btr,GF,Btr,GFET,,,5.817,0,0.158,0.118,0.066,0.079,0.03,0.05,0.06,0.04,0.8,0.4,0.7,0.4,1.2,0.1,0.2,0.04,1,0.5,0.8,0.3,0.4
TEOWBtr5712,,Broadleaf tree,Btr,GF,Btr,GFET,,,11.282,0,0.204,0.153,0.085,0.102,0.03,0.05,0.06,0.04,0.8,0.4,0.7,0.4,1.2,0.1,0.2,0.04,1,0.5,0.8,0.3,0.4
TEOWBtr5713,,Broadleaf tree,Btr,GF,Btr,GFET,,,9.789,0,0.185,0.139,0.077,0.093,0.03,0.05,0.06,0.04,0.8,0.4,0.7,0.4,1.2,0.1,0.2,0.04,1,0.5,0.8,0.3,0.4
TEOWBtr5714,,Broadleaf tree,Btr,GF,Btr,GFET,,,8.321,0,0.305,0.229,0.127,0.153,0.03,0.05,0.06,0.04,0.8,0.4,0.7,0.4,1.2,0.1,0.2,0.04,1,0.5,0.8,0.3,0.4
TEOWBtr5715,,Broadleaf tree,Btr,GF,Btr,GFET,,,6.95,0,0.305,0.229,0.127,0.153,0.03,0.05,0.06,0.04,0.8,0.4,0.7,0.4,1.2,0.1,0.2,0.04,1,0.5,0.8,0.3,0.4
TEOWBtr5716,,Broadleaf tree,Btr,GF,Btr,GFET,,,6.262,0,0.305,0.229,0.127,0.153,0.03,0.05,0.06,0.04,0.8,0.4,0.7,0.4,1.2,0.1,0.2,0.04,1,0.5,0.8,0.3,0.4
TEOWBtr5717,,Broadleaf tree,Btr,GF,Btr,GFET,,,16.506,0,0.323,0.242,0.134,0.161,0.03,0.05,0.06,0.04,0.8,0.4,0.7,0.4,1.2,0.1,0.2,0.04,1,0.5,0.8,0.3,0.4
TEOWBtr5718,,Broadleaf tree,Btr,GF,Btr,GFET,,,9.108,0,0.299,0.224,0.125,0.15,0.03,0.05,0.06,0.04,0.8,0.4,0.7,0.4,1.2,0.1,0.2,0.04,1,0.5,0.8,0.3,0.4
TEOWBtr5719,,Broadleaf tree,Btr,GF,Btr,GFET,,,6.484,0,0.3,0.225,0.125,0.15,0.03,0.05,0.06,0.04,0.8,0.4,0.7,0.4,1.2,0.1,0.2,0.04,1,0.5,0.8,0.3,0.4
TEOWBtr5720,,Broadleaf tree,Btr,GF,Btr,GFET,,,7.307,0,0.342,0.256,0.142,0.171,0.03,0.05,0.06,0.04,0.8,0.4,0.7,0.4,1.2,0.1,0.2,0.04,1,0.5,0.8,0.3,0.4
TEOWBtr5721,,Broadleaf tree,Btr,GF,Btr,GFET,,,16.495,0,0.121,0.091,0.051,0.061,0.03,0.05,0.06,0.04,0.8,0.4,0.7,0.4,1.2,0.1,0.2,0.04,1,0.5,0.8,0.3,0.4
TEOWBtr5722,,Broadleaf tree,Btr,GF,Btr,GFET,,,7.376,0,0.349,0.262,0.146,0.175,0.03,0.05,0.06,0.04,0.8,0.4,0.7,0.4,1.2,0.1,0.2,0.04,1,0.5,0.8,0.3,0.4
TEOWBtr5723,,Broadleaf tree,Btr,GF,Btr,GFET,,,13.962,0,0.186,0.139,0.077,0.093,0.03,0.05,0.06,0.04,0.8,0.4,0.7,0.4,1.2,0.1,0.2,0.04,1,0.5,0.8,0.3,0.4
TEOWBtr5724,,Broadleaf tree,Btr,GF,Btr,GFET,,,7.311,0,0.298,0.223,0.124,0.149,0.03,0.05,0.06,0.04,0.8,0.4,0.7,0.4,1.2,0.1,0.2,0.04,1,0.5,0.8,0.3,0.4
TEOWBtr5725,,Broadleaf tree,Btr,GF,Btr,GFET,,,5.058,0,0.421,0.316,0.175,0.211,0.03,0.05,0.06,0.04,0.8,0.4,0.7,0.4,1.2,0.1,0.2,0.04,1,0.5,0.8,0.3,0.4
TEOWBtr5726,,Broadleaf tree,Btr,GF,Btr,GFET,,,9.491,0,0.185,0.139,0.077,0.093,0.03,0.05,0.06,0.04,0.8,0.4,0.7,0.4,1.2,0.1,0.2,0.04,1,0.5,0.8,0.3,0.4
TEOWBtr5727,,Broadleaf tree,Btr,GF,Btr,GFET,,,16.256,0,0.306,0.229,0.127,0.153,0.03,0.05,0.06,0.04,0.8,0.4,0.7,0.4,1.2,0.1,0.2,0.04,1,0.5,0.8,0.3,0.4
TEOWBtr5728,,Broadleaf tree,Btr,GF,Btr,GFET,,,14.919,0,0.306,0.23,0.128,0.153,0.03,0.05,0.06,0.04,0.8,0.4,0.7,0.4,1.2,0.1,0.2,0.04,1,0.5,0.8,0.3,0.4
TEOWBtr5729,,Broadleaf tree,Btr,GF,Btr,GFET,,,14.442,0,0.308,0.231,0.129,0.154,0.03,0.05,0.06,0.04,0.8,0.4,0.7,0.4,1.2,0.1,0.2,0.04,1,0.5,0.8,0.3,0.4
TEOWBtr5730,,Broadleaf tree,Btr,GF,Btr,GFET,,,7.891,0,0.305,0.229,0.127,0.153,0.03,0.05,0.06,0.04,0.8,0.4,0.7,0.4,1.2,0.1,0.2,0.04,1,0.5,0.8,0.3,0.4
TEOWBtr5731,,Broadleaf tree,Btr,GF,Btr,GFET,,,8.26,0,0.305,0.229,0.127,0.153,0.03,0.05,0.06,0.04,0.8,0.4,0.7,0.4,1.2,0.1,0.2,0.04,1,0.5,0.8,0.3,0.4
TEOWBtr5732,,Broadleaf tree,Btr,GF,Btr,GFET,,,8.792,0,0.305,0.229,0.127,0.153,0.03,0.05,0.06,0.04,0.8,0.4,0.7,0.4,1.2,0.1,0.2,0.04,1,0.5,0.8,0.3,0.4
TEOWBtr5733,,Broadleaf tree,Btr,GF,Btr,GFET,,,11.099,0,0.305,0.229,0.127,0.153,0.03,0.05,0.06,0.04,0.8,0.4,0.7,0.4,1.2,0.1,0.2,0.04,1,0.5,0.8,0.3,0.4
TEOWBtr5734,,Broadleaf tree,Btr,GF,Btr,GFET,,,12.179,0,0.306,0.23,0.128,0.153,0.03,0.05,0.06,0.04,0.8,0.4,0.7,0.4,1.2,0.1,0.2,0.04,1,0.5,0.8,0.3,0.4
TEOWBtr5735,,Broadleaf tree,Btr,GF,Btr,GFET,,,7.533,0,0.305,0.229,0.127,0.153,0.03,0.05,0.06,0.04,0.8,0.4,0.7,0.4,1.2,0.1,0.2,0.04,1,0.5,0.8,0.3,0.4
TEOWBtr5736,,Broadleaf tree,Btr,GF,Btr,GFET,,,7.516,0,0.338,0.253,0.141,0.169,0.03,0.05,0.06,0.04,0.8,0.4,0.7,0.4,1.2,0.1,0.2,0.04,1,0.5,0.8,0.3,0.4
TEOWBtr5737,,Broadleaf tree,Btr,GF,Btr,GFET,,,8.956,0,0.305,0.229,0.127,0.153,0.03,0.05,0.06,0.04,0.8,0.4,0.7,0.4,1.2,0.1,0.2,0.04,1,0.5,0.8,0.3,0.4
TEOWBtr5738,,Broadleaf tree,Btr,GF,Btr,GFET,,,11.021,0,0.305,0.229,0.127,0.153,0.03,0.05,0.06,0.04,0.8,0.4,0.7,0.4,1.2,0.1,0.2,0.04,1,0.5,0.8,0.3,0.4
TEOWBtr5739,,Broadleaf tree,Btr,GF,Btr,GFET,,,9.12,0,0.182,0.136,0.076,0.091,0.03,0.05,0.06,0.04,0.8,0.4,0.7,0.4,1.2,0.1,0.2,0.04,1,0.5,0.8,0.3,0.4
TEOWBtr5740,,Broadleaf tree,Btr,GF,Btr,GFET,,,7.917,0,0.185,0.139,0.077,0.093,0.03,0.05,0.06,0.04,0.8,0.4,0.7,0.4,1.2,0.1,0.2,0.04,1,0.5,0.8,0.3,0.4
TEOWBtr5741,,Broadleaf tree,Btr,GF,Btr,GFET,,,3.803,0,0.139,0.104,0.058,0.069,0.03,0.05,0.06,0.04,0.8,0.4,0.7,0.4,1.2,0.1,0.2,0.04,1,0.5,0.8,0.3,0.4
TEOWBtr5742,,Broadleaf tree,Btr,GF,Btr,GFET,,,11.977,0,0.307,0.231,0.128,0.154,0.03,0.05,0.06,0.04,0.8,0.4,0.7,0.4,1.2,0.1,0.2,0.04,1,0.5,0.8,0.3,0.4
TEOWBtr5743,,Broadleaf tree,Btr,GF,Btr,GFET,,,9.256,0,0.185,0.139,0.077,0.093,0.03,0.05,0.06,0.04,0.8,0.4,0.7,0.4,1.2,0.1,0.2,0.04,1,0.5,0.8,0.3,0.4
TEOWBtr5744,,Broadleaf tree,Btr,GF,Btr,GFET,,,12.547,0,0.305,0.229,0.127,0.153,0.03,0.05,0.06,0.04,0.8,0.4,0.7,0.4,1.2,0.1,0.2,0.04,1,0.5,0.8,0.3,0.4
TEOWBtr5745,,Broadleaf tree,Btr,GF,Btr,GFET,,,16.232,0,0.185,0.139,0.077,0.093,0.03,0.05,0.06,0.04,0.8,0.4,0.7,0.4,1.2,0.1,0.2,0.04,1,0.5,0.8,0.3,0.4
TEOWBtr5746,,Broadleaf tree,Btr,GF,Btr,GFET,,,10.034,0,0.185,0.139,0.077,0.093,0.03,0.05,0.06,0.04,0.8,0.4,0.7,0.4,1.2,0.1,0.2,0.04,1,0.5,0.8,0.3,0.4
TEOWBtr5747,,Broadleaf tree,Btr,GF,Btr,GFET,,,16.856,0,0.168,0.126,0.07,0.084,0.03,0.05,0.06,0.04,0.8,0.4,0.7,0.4,1.2,0.1,0.2,0.04,1,0.5,0.8,0.3,0.4
TEOWBtr5748,,Broadleaf tree,Btr,GF,Btr,GFET,,,6.759,0,0.185,0.139,0.077,0.093,0.03,0.05,0.06,0.04,0.8,0.4,0.7,0.4,1.2,0.1,0.2,0.04,1,0.5,0.8,0.3,0.4
TEOWBtr5749,,Broadleaf tree,Btr,GF,Btr,GFET,,,7.396,0,0.185,0.139,0.077,0.093,0.03,0.05,0.06,0.04,0.8,0.4,0.7,0.4,1.2,0.1,0.2,0.04,1,0.5,0.8,0.3,0.4
TEOWBtr5750,,Broadleaf tree,Btr,GF,Btr,GFET,,,6.749,0,0.183,0.137,0.076,0.091,0.03,0.05,0.06,0.04,0.8,0.4,0.7,0.4,1.2,0.1,0.2,0.04,1,0.5,0.8,0.3,0.4
TEOWBtr5751,,Broadleaf tree,Btr,GF,Btr,GFET,,,7.063,0,0.185,0.139,0.077,0.093,0.03,0.05,0.06,0.04,0.8,0.4,0.7,0.4,1.2,0.1,0.2,0.04,1,0.5,0.8,0.3,0.4
TEOWBtr5752,,Broadleaf tree,Btr,GF,Btr,GFET,,,6.676,0,0.185,0.139,0.077,0.093,0.03,0.05,0.06,0.04,0.8,0.4,0.7,0.4,1.2,0.1,0.2,0.04,1,0.5,0.8,0.3,0.4
TEOWBtr5753,,Broadleaf tree,Btr,GF,Btr,GFET,,,9.111,0,0.168,0.126,0.07,0.084,0.03,0.05,0.06,0.04,0.8,0.4,0.7,0.4,1.2,0.1,0.2,0.04,1,0.5,0.8,0.3,0.4
TEOWBtr5754,,Broadleaf tree,Btr,GF,Btr,GFET,,,14.781,0,0.317,0.237,0.132,0.158,0.03,0.05,0.06,0.04,0.8,0.4,0.7,0.4,1.2,0.1,0.2,0.04,1,0.5,0.8,0.3,0.4
TEOWBtr5755,,Broadleaf tree,Btr,GF,Btr,GFET,,,14.004,0,0.305,0.229,0.127,0.153,0.03,0.05,0.06,0.04,0.8,0.4,0.7,0.4,1.2,0.1,0.2,0.04,1,0.5,0.8,0.3,0.4
TEOWBtr5756,,Broadleaf tree,Btr,GF,Btr,GFET,,,16.669,0,0.305,0.229,0.127,0.153,0.03,0.05,0.06,0.04,0.8,0.4,0.7,0.4,1.2,0.1,0.2,0.04,1,0.5,0.8,0.3,0.4
TEOWBtr5757,,Broadleaf tree,Btr,GF,Btr,GFET,,,13.059,0,0.186,0.139,0.077,0.093,0.03,0.05,0.06,0.04,0.8,0.4,0.7,0.4,1.2,0.1,0.2,0.04,1,0.5,0.8,0.3,0.4
TEOWBtr5758,,Broadleaf tree,Btr,GF,Btr,GFET,,,15.273,0,0.304,0.228,0.127,0.152,0.03,0.05,0.06,0.04,0.8,0.4,0.7,0.4,1.2,0.1,0.2,0.04,1,0.5,0.8,0.3,0.4
TEOWBtr5759,,Broadleaf tree,Btr,GF,Btr,GFET,,,14.578,0,0.301,0.226,0.125,0.15,0.03,0.05,0.06,0.04,0.8,0.4,0.7,0.4,1.2,0.1,0.2,0.04,1,0.5,0.8,0.3,0.4
TEOWBtr5760,,Broadleaf tree,Btr,GF,Btr,GFET,,,0.01,0,0.012,0.009,0.005,0.006,0.03,0.05,0.06,0.04,0.8,0.4,0.7,0.4,1.2,0.1,0.2,0.04,1,0.5,0.8,0.3,0.4
TEOWBtr5761,,Broadleaf tree,Btr,GF,Btr,GFET,,,13.936,0,0.298,0.224,0.124,0.149,0.03,0.05,0.06,0.04,0.8,0.4,0.7,0.4,1.2,0.1,0.2,0.04,1,0.5,0.8,0.3,0.4
TEOWBtr5762,,Broadleaf tree,Btr,GF,Btr,GFET,,,10.041,0,0.193,0.145,0.081,0.097,0.03,0.05,0.06,0.04,0.8,0.4,0.7,0.4,1.2,0.1,0.2,0.04,1,0.5,0.8,0.3,0.4
TEOWBtr5763,,Broadleaf tree,Btr,GF,Btr,GFET,,,15.958,0,0.186,0.14,0.078,0.093,0.03,0.05,0.06,0.04,0.8,0.4,0.7,0.4,1.2,0.1,0.2,0.04,1,0.5,0.8,0.3,0.4
TEOWBtr5764,,Broadleaf tree,Btr,GF,Btr,GFET,,,12.957,0,0.312,0.234,0.13,0.156,0.03,0.05,0.06,0.04,0.8,0.4,0.7,0.4,1.2,0.1,0.2,0.04,1,0.5,0.8,0.3,0.4
TEOWBtr5765,,Broadleaf tree,Btr,GF,Btr,GFET,,,16.495,0,0.312,0.234,0.13,0.156,0.03,0.05,0.06,0.04,0.8,0.4,0.7,0.4,1.2,0.1,0.2,0.04,1,0.5,0.8,0.3,0.4
TEOWBtr5766,,Broadleaf tree,Btr,GF,Btr,GFET,,,17.771,0,0.169,0.127,0.071,0.085,0.03,0.05,0.06,0.04,0.8,0.4,0.7,0.4,1.2,0.1,0.2,0.04,1,0.5,0.8,0.3,0.4
TEOWBtr5767,,Broadleaf tree,Btr,GF,Btr,GFET,,,10.25,0,0.306,0.229,0.127,0.153,0.03,0.05,0.06,0.04,0.8,0.4,0.7,0.4,1.2,0.1,0.2,0.04,1,0.5,0.8,0.3,0.4
TEOWBtr5768,,Broadleaf tree,Btr,GF,Btr,GFET,,,7.629,0,0.186,0.139,0.077,0.093,0.03,0.05,0.06,0.04,0.8,0.4,0.7,0.4,1.2,0.1,0.2,0.04,1,0.5,0.8,0.3,0.4
TEOWBtr5769,,Broadleaf tree,Btr,GF,Btr,GFET,,,14.804,0,0.186,0.139,0.077,0.093,0.03,0.05,0.06,0.04,0.8,0.4,0.7,0.4,1.2,0.1,0.2,0.04,1,0.5,0.8,0.3,0.4
TEOWBtr5770,,Broadleaf tree,Btr,GF,Btr,GFET,,,8.091,0,0.2,0.15,0.083,0.1,0.03,0.05,0.06,0.04,0.8,0.4,0.7,0.4,1.2,0.1,0.2,0.04,1,0.5,0.8,0.3,0.4
TEOWBtr5771,,Broadleaf tree,Btr,GF,Btr,GFET,,,13.61,0,0.308,0.231,0.128,0.154,0.03,0.05,0.06,0.04,0.8,0.4,0.7,0.4,1.2,0.1,0.2,0.04,1,0.5,0.8,0.3,0.4
TEOWBtr5772,,Broadleaf tree,Btr,GF,Btr,GFET,,,9.777,0,0.187,0.14,0.078,0.093,0.03,0.05,0.06,0.04,0.8,0.4,0.7,0.4,1.2,0.1,0.2,0.04,1,0.5,0.8,0.3,0.4
TEOWBtr5773,,Broadleaf tree,Btr,GF,Btr,GFET,,,12.598,0,0.311,0.234,0.13,0.156,0.03,0.05,0.06,0.04,0.8,0.4,0.7,0.4,1.2,0.1,0.2,0.04,1,0.5,0.8,0.3,0.4
TEOWBtr5774,,Broadleaf tree,Btr,GF,Btr,GFET,,,13.547,0,0.306,0.229,0.127,0.153,0.03,0.05,0.06,0.04,0.8,0.4,0.7,0.4,1.2,0.1,0.2,0.04,1,0.5,0.8,0.3,0.4
TEOWBtr5775,,Broadleaf tree,Btr,GF,Btr,GFET,,,15.189,0,0.309,0.231,0.129,0.154,0.03,0.05,0.06,0.04,0.8,0.4,0.7,0.4,1.2,0.1,0.2,0.04,1,0.5,0.8,0.3,0.4
TEOWBtr5776,,Broadleaf tree,Btr,GF,Btr,GFET,,,16.692,0,0.306,0.229,0.127,0.153,0.03,0.05,0.06,0.04,0.8,0.4,0.7,0.4,1.2,0.1,0.2,0.04,1,0.5,0.8,0.3,0.4
TEOWBtr5777,,Broadleaf tree,Btr,GF,Btr,GFET,,,16.648,0,0.306,0.23,0.128,0.153,0.03,0.05,0.06,0.04,0.8,0.4,0.7,0.4,1.2,0.1,0.2,0.04,1,0.5,0.8,0.3,0.4
TEOWBtr5778,,Broadleaf tree,Btr,GF,Btr,GFET,,,10.828,0,0.186,0.14,0.078,0.093,0.03,0.05,0.06,0.04,0.8,0.4,0.7,0.4,1.2,0.1,0.2,0.04,1,0.5,0.8,0.3,0.4
TEOWBtr5779,,Broadleaf tree,Btr,GF,Btr,GFET,,,13.169,0,0.312,0.234,0.13,0.156,0.03,0.05,0.06,0.04,0.8,0.4,0.7,0.4,1.2,0.1,0.2,0.04,1,0.5,0.8,0.3,0.4
TEOWBtr5780,,Broadleaf tree,Btr,GF,Btr,GFET,,,17.78,0,0.186,0.139,0.077,0.093,0.03,0.05,0.06,0.04,0.8,0.4,0.7,0.4,1.2,0.1,0.2,0.04,1,0.5,0.8,0.3,0.4
TEOWBtr5781,,Broadleaf tree,Btr,GF,Btr,GFET,,,16.761,0,0.307,0.23,0.128,0.153,0.03,0.05,0.06,0.04,0.8,0.4,0.7,0.4,1.2,0.1,0.2,0.04,1,0.5,0.8,0.3,0.4
TEOWBtr5782,,Broadleaf tree,Btr,GF,Btr,GFET,,,10.796,0,0.305,0.229,0.127,0.153,0.03,0.05,0.06,0.04,0.8,0.4,0.7,0.4,1.2,0.1,0.2,0.04,1,0.5,0.8,0.3,0.4
TEOWBtr5783,,Broadleaf tree,Btr,GF,Btr,GFET,,,17.071,0,0.306,0.229,0.127,0.153,0.03,0.05,0.06,0.04,0.8,0.4,0.7,0.4,1.2,0.1,0.2,0.04,1,0.5,0.8,0.3,0.4
TEOWBtr5784,,Broadleaf tree,Btr,GF,Btr,GFET,,,15.647,0,0.305,0.229,0.127,0.153,0.03,0.05,0.06,0.04,0.8,0.4,0.7,0.4,1.2,0.1,0.2,0.04,1,0.5,0.8,0.3,0.4
TEOWBtr5785,,Broadleaf tree,Btr,GF,Btr,GFET,,,15.676,0,0.306,0.229,0.127,0.153,0.03,0.05,0.06,0.04,0.8,0.4,0.7,0.4,1.2,0.1,0.2,0.04,1,0.5,0.8,0.3,0.4
TEOWBtr5786,,Broadleaf tree,Btr,GF,Btr,GFET,,,15.256,0,0.305,0.229,0.127,0.153,0.03,0.05,0.06,0.04,0.8,0.4,0.7,0.4,1.2,0.1,0.2,0.04,1,0.5,0.8,0.3,0.4
TEOWBtr5787,,Broadleaf tree,Btr,GF,Btr,GFET,,,16.638,0,0.31,0.233,0.129,0.155,0.03,0.05,0.06,0.04,0.8,0.4,0.7,0.4,1.2,0.1,0.2,0.04,1,0.5,0.8,0.3,0.4
TEOWBtr5788,,Broadleaf tree,Btr,GF,Btr,GFET,,,16.814,0,0.306,0.229,0.127,0.153,0.03,0.05,0.06,0.04,0.8,0.4,0.7,0.4,1.2,0.1,0.2,0.04,1,0.5,0.8,0.3,0.4
TEOWBtr5789,,Broadleaf tree,Btr,GF,Btr,GFET,,,16.692,0,0.306,0.229,0.127,0.153,0.03,0.05,0.06,0.04,0.8,0.4,0.7,0.4,1.2,0.1,0.2,0.04,1,0.5,0.8,0.3,0.4
TEOWBtr5790,,Broadleaf tree,Btr,GF,Btr,GFET,,,16.884,0,0.306,0.229,0.127,0.153,0.03,0.05,0.06,0.04,0.8,0.4,0.7,0.4,1.2,0.1,0.2,0.04,1,0.5,0.8,0.3,0.4
TEOWBtr5791,,Broadleaf tree,Btr,GF,Btr,GFET,,,11.905,0,0.305,0.229,0.127,0.153,0.03,0.05,0.06,0.04,0.8,0.4,0.7,0.4,1.2,0.1,0.2,0.04,1,0.5,0.8,0.3,0.4
TEOWBtr5792,,Broadleaf tree,Btr,GF,Btr,GFET,,,20.038,0,0.164,0.123,0.068,0.082,0.03,0.05,0.06,0.04,0.8,0.4,0.7,0.4,1.2,0.1,0.2,0.04,1,0.5,0.8,0.3,0.4
TEOWBtr5793,,Broadleaf tree,Btr,GF,Btr,GFET,,,15.569,0,0.311,0.233,0.13,0.156,0.03,0.05,0.06,0.04,0.8,0.4,0.7,0.4,1.2,0.1,0.2,0.04,1,0.5,0.8,0.3,0.4
TEOWBtr5794,,Broadleaf tree,Btr,GF,Btr,GFET,,,15.349,0,0.306,0.229,0.127,0.153,0.03,0.05,0.06,0.04,0.8,0.4,0.7,0.4,1.2,0.1,0.2,0.04,1,0.5,0.8,0.3,0.4
TEOWBtr5795,,Broadleaf tree,Btr,GF,Btr,GFET,,,11.16,0,0.185,0.139,0.077,0.093,0.03,0.05,0.06,0.04,0.8,0.4,0.7,0.4,1.2,0.1,0.2,0.04,1,0.5,0.8,0.3,0.4
TEOWBtr5796,,Broadleaf tree,Btr,GF,Btr,GFET,,,14.221,0,0.181,0.135,0.075,0.09,0.03,0.05,0.06,0.04,0.8,0.4,0.7,0.4,1.2,0.1,0.2,0.04,1,0.5,0.8,0.3,0.4
TEOWBtr5797,,Broadleaf tree,Btr,GF,Btr,GFET,,,14.351,0,0.31,0.233,0.129,0.155,0.03,0.05,0.06,0.04,0.8,0.4,0.7,0.4,1.2,0.1,0.2,0.04,1,0.5,0.8,0.3,0.4
TEOWBtr5798,,Broadleaf tree,Btr,GF,Btr,GFET,,,14.06,0,0.31,0.233,0.129,0.155,0.03,0.05,0.06,0.04,0.8,0.4,0.7,0.4,1.2,0.1,0.2,0.04,1,0.5,0.8,0.3,0.4
TEOWBtr5799,,Broadleaf tree,Btr,GF,Btr,GFET,,,15.816,0,0.306,0.229,0.127,0.153,0.03,0.05,0.06,0.04,0.8,0.4,0.7,0.4,1.2,0.1,0.2,0.04,1,0.5,0.8,0.3,0.4
TEOWBtr5800,,Broadleaf tree,Btr,GF,Btr,GFET,,,12.378,0,0.306,0.229,0.127,0.153,0.03,0.05,0.06,0.04,0.8,0.4,0.7,0.4,1.2,0.1,0.2,0.04,1,0.5,0.8,0.3,0.4
TEOWBtr5801,,Broadleaf tree,Btr,GF,Btr,GFET,,,15.685,0,0.306,0.229,0.127,0.153,0.03,0.05,0.06,0.04,0.8,0.4,0.7,0.4,1.2,0.1,0.2,0.04,1,0.5,0.8,0.3,0.4
TEOWBtr5802,,Broadleaf tree,Btr,GF,Btr,GFET,,,22.681,0,0.185,0.139,0.077,0.093,0.03,0.05,0.06,0.04,0.8,0.4,0.7,0.4,1.2,0.1,0.2,0.04,1,0.5,0.8,0.3,0.4
TEOWBtr5803,,Broadleaf tree,Btr,GF,Btr,GFET,,,21.115,0,0.185,0.139,0.077,0.093,0.03,0.05,0.06,0.04,0.8,0.4,0.7,0.4,1.2,0.1,0.2,0.04,1,0.5,0.8,0.3,0.4
TEOWBtr5804,,Broadleaf tree,Btr,GF,Btr,GFET,,,20.083,0,0.185,0.139,0.077,0.093,0.03,0.05,0.06,0.04,0.8,0.4,0.7,0.4,1.2,0.1,0.2,0.04,1,0.5,0.8,0.3,0.4
TEOWBtr5805,,Broadleaf tree,Btr,GF,Btr,GFET,,,22.645,0,0.185,0.139,0.077,0.093,0.03,0.05,0.06,0.04,0.8,0.4,0.7,0.4,1.2,0.1,0.2,0.04,1,0.5,0.8,0.3,0.4
TEOWBtr5806,,Broadleaf tree,Btr,GF,Btr,GFET,,,18.296,0,0.185,0.139,0.077,0.093,0.03,0.05,0.06,0.04,0.8,0.4,0.7,0.4,1.2,0.1,0.2,0.04,1,0.5,0.8,0.3,0.4
TEOWBtr5807,,Broadleaf tree,Btr,GF,Btr,GFET,,,16.601,0,0.179,0.134,0.075,0.09,0.03,0.05,0.06,0.04,0.8,0.4,0.7,0.4,1.2,0.1,0.2,0.04,1,0.5,0.8,0.3,0.4
TEOWBtr5808,,Broadleaf tree,Btr,GF,Btr,GFET,,,22.214,0,0.185,0.139,0.077,0.093,0.03,0.05,0.06,0.04,0.8,0.4,0.7,0.4,1.2,0.1,0.2,0.04,1,0.5,0.8,0.3,0.4
TEOWBtr5809,,Broadleaf tree,Btr,GF,Btr,GFET,,,18.991,0,0.185,0.139,0.077,0.093,0.03,0.05,0.06,0.04,0.8,0.4,0.7,0.4,1.2,0.1,0.2,0.04,1,0.5,0.8,0.3,0.4
TEOWBtr5810,,Broadleaf tree,Btr,GF,Btr,GFET,,,23.176,0,0.185,0.139,0.077,0.093,0.03,0.05,0.06,0.04,0.8,0.4,0.7,0.4,1.2,0.1,0.2,0.04,1,0.5,0.8,0.3,0.4
TEOWBtr5811,,Broadleaf tree,Btr,GF,Btr,GFET,,,4.736,0,0.14,0.105,0.058,0.07,0.03,0.05,0.06,0.04,0.8,0.4,0.7,0.4,1.2,0.1,0.2,0.04,1,0.5,0.8,0.3,0.4
TEOWBtr5812,,Broadleaf tree,Btr,GF,Btr,GFET,,,22.093,0,0.185,0.139,0.077,0.093,0.03,0.05,0.06,0.04,0.8,0.4,0.7,0.4,1.2,0.1,0.2,0.04,1,0.5,0.8,0.3,0.4
TEOWBtr5813,,Broadleaf tree,Btr,GF,Btr,GFET,,,12.353,0,0.185,0.139,0.077,0.093,0.03,0.05,0.06,0.04,0.8,0.4,0.7,0.4,1.2,0.1,0.2,0.04,1,0.5,0.8,0.3,0.4
TEOWBtr5814,,Broadleaf tree,Btr,GF,Btr,GFET,,,22.787,0,0.185,0.139,0.077,0.093,0.03,0.05,0.06,0.04,0.8,0.4,0.7,0.4,1.2,0.1,0.2,0.04,1,0.5,0.8,0.3,0.4
TEOWBtr5815,,Broadleaf tree,Btr,GF,Btr,GFET,,,21.002,0,0.185,0.139,0.077,0.093,0.03,0.05,0.06,0.04,0.8,0.4,0.7,0.4,1.2,0.1,0.2,0.04,1,0.5,0.8,0.3,0.4
TEOWBtr5816,,Broadleaf tree,Btr,GF,Btr,GFET,,,8.956,0,0.371,0.278,0.155,0.185,0.03,0.05,0.06,0.04,0.8,0.4,0.7,0.4,1.2,0.1,0.2,0.04,1,0.5,0.8,0.3,0.4
TEOWBtr5817,,Broadleaf tree,Btr,GF,Btr,GFET,,,11.602,0,0.306,0.229,0.127,0.153,0.03,0.05,0.06,0.04,0.8,0.4,0.7,0.4,1.2,0.1,0.2,0.04,1,0.5,0.8,0.3,0.4
TEOWBtr5818,,Broadleaf tree,Btr,GF,Btr,GFET,,,7.043,0,0.325,0.244,0.136,0.163,0.03,0.05,0.06,0.04,0.8,0.4,0.7,0.4,1.2,0.1,0.2,0.04,1,0.5,0.8,0.3,0.4
TEOWBtr5819,,Broadleaf tree,Btr,GF,Btr,GFET,,,5.18,0,0.314,0.236,0.131,0.157,0.03,0.05,0.06,0.04,0.8,0.4,0.7,0.4,1.2,0.1,0.2,0.04,1,0.5,0.8,0.3,0.4
TEOWBtr5820,,Broadleaf tree,Btr,GF,Btr,GFET,,,12.056,0,0.329,0.247,0.137,0.164,0.03,0.05,0.06,0.04,0.8,0.4,0.7,0.4,1.2,0.1,0.2,0.04,1,0.5,0.8,0.3,0.4
TEOWBtr5821,,Broadleaf tree,Btr,GF,Btr,GFET,,,15.007,0,0.305,0.229,0.127,0.153,0.03,0.05,0.06,0.04,0.8,0.4,0.7,0.4,1.2,0.1,0.2,0.04,1,0.5,0.8,0.3,0.4
TEOWBtr5822,,Broadleaf tree,Btr,GF,Btr,GFET,,,14.517,0,0.309,0.232,0.129,0.154,0.03,0.05,0.06,0.04,0.8,0.4,0.7,0.4,1.2,0.1,0.2,0.04,1,0.5,0.8,0.3,0.4
TEOWBtr5823,,Broadleaf tree,Btr,GF,Btr,GFET,,,7.044,0,0.326,0.245,0.136,0.163,0.03,0.05,0.06,0.04,0.8,0.4,0.7,0.4,1.2,0.1,0.2,0.04,1,0.5,0.8,0.3,0.4
TEOWBtr5824,,Broadleaf tree,Btr,GF,Btr,GFET,,,7.357,0,0.34,0.255,0.142,0.17,0.03,0.05,0.06,0.04,0.8,0.4,0.7,0.4,1.2,0.1,0.2,0.04,1,0.5,0.8,0.3,0.4
TEOWBtr5825,,Broadleaf tree,Btr,GF,Btr,GFET,,,8.288,0,0.338,0.253,0.141,0.169,0.03,0.05,0.06,0.04,0.8,0.4,0.7,0.4,1.2,0.1,0.2,0.04,1,0.5,0.8,0.3,0.4
TEOWBtr5826,,Broadleaf tree,Btr,GF,Btr,GFET,,,8.212,0,0.325,0.244,0.136,0.163,0.03,0.05,0.06,0.04,0.8,0.4,0.7,0.4,1.2,0.1,0.2,0.04,1,0.5,0.8,0.3,0.4
TEOWBtr5827,,Broadleaf tree,Btr,GF,Btr,GFET,,,8.391,0,0.327,0.245,0.136,0.164,0.03,0.05,0.06,0.04,0.8,0.4,0.7,0.4,1.2,0.1,0.2,0.04,1,0.5,0.8,0.3,0.4
TEOWBtr5828,,Broadleaf tree,Btr,GF,Btr,GFET,,,16.918,0,0.314,0.236,0.131,0.157,0.03,0.05,0.06,0.04,0.8,0.4,0.7,0.4,1.2,0.1,0.2,0.04,1,0.5,0.8,0.3,0.4
TEOWBtr5829,,Broadleaf tree,Btr,GF,Btr,GFET,,,8.064,0,0.327,0.245,0.136,0.164,0.03,0.05,0.06,0.04,0.8,0.4,0.7,0.4,1.2,0.1,0.2,0.04,1,0.5,0.8,0.3,0.4
TEOWBtr5830,,Broadleaf tree,Btr,GF,Btr,GFET,,,6.575,0,0.319,0.239,0.133,0.159,0.03,0.05,0.06,0.04,0.8,0.4,0.7,0.4,1.2,0.1,0.2,0.04,1,0.5,0.8,0.3,0.4
TEOWBtr5831,,Broadleaf tree,Btr,GF,Btr,GFET,,,5.95,0,0.372,0.279,0.155,0.186,0.03,0.05,0.06,0.04,0.8,0.4,0.7,0.4,1.2,0.1,0.2,0.04,1,0.5,0.8,0.3,0.4
TEOWBtr5832,,Broadleaf tree,Btr,GF,Btr,GFET,,,6.68,0,0.348,0.261,0.145,0.174,0.03,0.05,0.06,0.04,0.8,0.4,0.7,0.4,1.2,0.1,0.2,0.04,1,0.5,0.8,0.3,0.4
TEOWBtr5833,,Broadleaf tree,Btr,GF,Btr,GFET,,,7.522,0,0.326,0.245,0.136,0.163,0.03,0.05,0.06,0.04,0.8,0.4,0.7,0.4,1.2,0.1,0.2,0.04,1,0.5,0.8,0.3,0.4
TEOWBtr5834,,Broadleaf tree,Btr,GF,Btr,GFET,,,8.318,0,0.326,0.245,0.136,0.163,0.03,0.05,0.06,0.04,0.8,0.4,0.7,0.4,1.2,0.1,0.2,0.04,1,0.5,0.8,0.3,0.4
TEOWBtr5835,,Broadleaf tree,Btr,GF,Btr,GFET,,,13.09,0,0.306,0.23,0.128,0.153,0.03,0.05,0.06,0.04,0.8,0.4,0.7,0.4,1.2,0.1,0.2,0.04,1,0.5,0.8,0.3,0.4
TEOWBtr5836,,Broadleaf tree,Btr,GF,Btr,GFET,,,6.102,0,0.452,0.339,0.189,0.226,0.03,0.05,0.06,0.04,0.8,0.4,0.7,0.4,1.2,0.1,0.2,0.04,1,0.5,0.8,0.3,0.4
TEOWBtr5837,,Broadleaf tree,Btr,GF,Btr,GFET,,,9.279,0,0.328,0.246,0.137,0.164,0.03,0.05,0.06,0.04,0.8,0.4,0.7,0.4,1.2,0.1,0.2,0.04,1,0.5,0.8,0.3,0.4
TEOWBtr5838,,Broadleaf tree,Btr,GF,Btr,GFET,,,16.713,0,0.306,0.229,0.127,0.153,0.03,0.05,0.06,0.04,0.8,0.4,0.7,0.4,1.2,0.1,0.2,0.04,1,0.5,0.8,0.3,0.4
TEOWBtr5839,,Broadleaf tree,Btr,GF,Btr,GFET,,,20.287,0,0.168,0.126,0.07,0.084,0.03,0.05,0.06,0.04,0.8,0.4,0.7,0.4,1.2,0.1,0.2,0.04,1,0.5,0.8,0.3,0.4
TEOWBtr5840,,Broadleaf tree,Btr,GF,Btr,GFET,,,16.641,0,0.308,0.231,0.128,0.154,0.03,0.05,0.06,0.04,0.8,0.4,0.7,0.4,1.2,0.1,0.2,0.04,1,0.5,0.8,0.3,0.4
TEOWBtr5841,,Broadleaf tree,Btr,GF,Btr,GFET,,,17.152,0,0.289,0.217,0.12,0.144,0.03,0.05,0.06,0.04,0.8,0.4,0.7,0.4,1.2,0.1,0.2,0.04,1,0.5,0.8,0.3,0.4
TEOWBtr5842,,Broadleaf tree,Btr,GF,Btr,GFET,,,14.454,0,0.308,0.231,0.128,0.154,0.03,0.05,0.06,0.04,0.8,0.4,0.7,0.4,1.2,0.1,0.2,0.04,1,0.5,0.8,0.3,0.4
TEOWBtr5843,,Broadleaf tree,Btr,GF,Btr,GFET,,,16.701,0,0.33,0.247,0.137,0.165,0.03,0.05,0.06,0.04,0.8,0.4,0.7,0.4,1.2,0.1,0.2,0.04,1,0.5,0.8,0.3,0.4
TEOWBtr5844,,Broadleaf tree,Btr,GF,Btr,GFET,,,15.594,0,0.323,0.242,0.135,0.162,0.03,0.05,0.06,0.04,0.8,0.4,0.7,0.4,1.2,0.1,0.2,0.04,1,0.5,0.8,0.3,0.4
TEOWBtr5845,,Broadleaf tree,Btr,GF,Btr,GFET,,,19.528,0,0.185,0.139,0.077,0.093,0.03,0.05,0.06,0.04,0.8,0.4,0.7,0.4,1.2,0.1,0.2,0.04,1,0.5,0.8,0.3,0.4
TEOWBtr5846,,Broadleaf tree,Btr,GF,Btr,GFET,,,16.872,0,0.306,0.23,0.128,0.153,0.03,0.05,0.06,0.04,0.8,0.4,0.7,0.4,1.2,0.1,0.2,0.04,1,0.5,0.8,0.3,0.4
TEOWBtr5847,,Broadleaf tree,Btr,GF,Btr,GFET,,,15.57,0,0.309,0.231,0.129,0.154,0.03,0.05,0.06,0.04,0.8,0.4,0.7,0.4,1.2,0.1,0.2,0.04,1,0.5,0.8,0.3,0.4
TEOWBtr5848,,Broadleaf tree,Btr,GF,Btr,GFET,,,15.404,0,0.314,0.236,0.131,0.157,0.03,0.05,0.06,0.04,0.8,0.4,0.7,0.4,1.2,0.1,0.2,0.04,1,0.5,0.8,0.3,0.4
TEOWBtr5849,,Broadleaf tree,Btr,GF,Btr,GFET,,,16.371,0,0.331,0.248,0.138,0.165,0.03,0.05,0.06,0.04,0.8,0.4,0.7,0.4,1.2,0.1,0.2,0.04,1,0.5,0.8,0.3,0.4
TEOWBtr5850,,Broadleaf tree,Btr,GF,Btr,GFET,,,16.684,0,0.307,0.23,0.128,0.153,0.03,0.05,0.06,0.04,0.8,0.4,0.7,0.4,1.2,0.1,0.2,0.04,1,0.5,0.8,0.3,0.4
TEOWBtr5851,,Broadleaf tree,Btr,GF,Btr,GFET,,,17.043,0,0.303,0.228,0.126,0.152,0.03,0.05,0.06,0.04,0.8,0.4,0.7,0.4,1.2,0.1,0.2,0.04,1,0.5,0.8,0.3,0.4
TEOWBtr5852,,Broadleaf tree,Btr,GF,Btr,GFET,,,16.963,0,0.304,0.228,0.126,0.152,0.03,0.05,0.06,0.04,0.8,0.4,0.7,0.4,1.2,0.1,0.2,0.04,1,0.5,0.8,0.3,0.4
TEOWBtr5853,,Broadleaf tree,Btr,GF,Btr,GFET,,,16.222,0,0.185,0.139,0.077,0.093,0.03,0.05,0.06,0.04,0.8,0.4,0.7,0.4,1.2,0.1,0.2,0.04,1,0.5,0.8,0.3,0.4
TEOWBtr5854,,Broadleaf tree,Btr,GF,Btr,GFET,,,14.991,0,0.299,0.224,0.125,0.15,0.03,0.05,0.06,0.04,0.8,0.4,0.7,0.4,1.2,0.1,0.2,0.04,1,0.5,0.8,0.3,0.4
TEOWBtr5855,,Broadleaf tree,Btr,GF,Btr,GFET,,,16.229,0,0.305,0.228,0.127,0.152,0.03,0.05,0.06,0.04,0.8,0.4,0.7,0.4,1.2,0.1,0.2,0.04,1,0.5,0.8,0.3,0.4
TEOWBtr5856,,Broadleaf tree,Btr,GF,Btr,GFET,,,16.413,0,0.294,0.22,0.122,0.147,0.03,0.05,0.06,0.04,0.8,0.4,0.7,0.4,1.2,0.1,0.2,0.04,1,0.5,0.8,0.3,0.4
TEOWBtr5857,,Broadleaf tree,Btr,GF,Btr,GFET,,,16.819,0,0.311,0.233,0.13,0.156,0.03,0.05,0.06,0.04,0.8,0.4,0.7,0.4,1.2,0.1,0.2,0.04,1,0.5,0.8,0.3,0.4
TEOWBtr5858,,Broadleaf tree,Btr,GF,Btr,GFET,,,16.896,0,0.33,0.247,0.137,0.165,0.03,0.05,0.06,0.04,0.8,0.4,0.7,0.4,1.2,0.1,0.2,0.04,1,0.5,0.8,0.3,0.4
TEOWBtr5859,,Broadleaf tree,Btr,GF,Btr,GFET,,,16.722,0,0.311,0.233,0.13,0.156,0.03,0.05,0.06,0.04,0.8,0.4,0.7,0.4,1.2,0.1,0.2,0.04,1,0.5,0.8,0.3,0.4
TEOWBtr5860,,Broadleaf tree,Btr,GF,Btr,GFET,,,17.015,0,0.306,0.23,0.128,0.153,0.03,0.05,0.06,0.04,0.8,0.4,0.7,0.4,1.2,0.1,0.2,0.04,1,0.5,0.8,0.3,0.4
TEOWBtr5861,,Broadleaf tree,Btr,GF,Btr,GFET,,,16.926,0,0.306,0.23,0.128,0.153,0.03,0.05,0.06,0.04,0.8,0.4,0.7,0.4,1.2,0.1,0.2,0.04,1,0.5,0.8,0.3,0.4
TEOWBtr5862,,Broadleaf tree,Btr,GF,Btr,GFET,,,16.86,0,0.305,0.229,0.127,0.153,0.03,0.05,0.06,0.04,0.8,0.4,0.7,0.4,1.2,0.1,0.2,0.04,1,0.5,0.8,0.3,0.4
TEOWBtr5863,,Broadleaf tree,Btr,GF,Btr,GFET,,,16.906,0,0.307,0.23,0.128,0.153,0.03,0.05,0.06,0.04,0.8,0.4,0.7,0.4,1.2,0.1,0.2,0.04,1,0.5,0.8,0.3,0.4
TEOWBtr5864,,Broadleaf tree,Btr,GF,Btr,GFET,,,16.595,0,0.322,0.242,0.134,0.161,0.03,0.05,0.06,0.04,0.8,0.4,0.7,0.4,1.2,0.1,0.2,0.04,1,0.5,0.8,0.3,0.4
TEOWBtr5865,,Broadleaf tree,Btr,GF,Btr,GFET,,,16.873,0,0.308,0.231,0.128,0.154,0.03,0.05,0.06,0.04,0.8,0.4,0.7,0.4,1.2,0.1,0.2,0.04,1,0.5,0.8,0.3,0.4
TEOWBtr5866,,Broadleaf tree,Btr,GF,Btr,GFET,,,16.998,0,0.304,0.228,0.127,0.152,0.03,0.05,0.06,0.04,0.8,0.4,0.7,0.4,1.2,0.1,0.2,0.04,1,0.5,0.8,0.3,0.4
TEOWBtr5867,,Broadleaf tree,Btr,GF,Btr,GFET,,,16.029,0,0.313,0.235,0.13,0.156,0.03,0.05,0.06,0.04,0.8,0.4,0.7,0.4,1.2,0.1,0.2,0.04,1,0.5,0.8,0.3,0.4
TEOWBtr5868,,Broadleaf tree,Btr,GF,Btr,GFET,,,16,0,0.3,0.23,0.13,0.16,0.03,0.05,0.06,0.04,0.8,0.4,0.7,0.4,1.2,0.1,0.2,0.04,1,0.5,0.8,0.3,0.4
TEOWBtr5869,,Broadleaf tree,Btr,GF,Btr,GFET,,,17.159,0,0.305,0.229,0.127,0.153,0.03,0.05,0.06,0.04,0.8,0.4,0.7,0.4,1.2,0.1,0.2,0.04,1,0.5,0.8,0.3,0.4
TEOWNtr5001,,Needleleaf tree,Ntr,GF,Ntr,GFET,,,0.65,0.149,0.036,0.027,0.015,0.5,0.03,0.05,0.09,0.06,1.6,0.4,0.7,0.4,1.5,0.1,0.2,0.04,1,0.5,0.8,0.3,0.4
TEOWNtr5002,,Needleleaf tree,Ntr,GF,Ntr,GFET,,,4.794,0.367,0.268,0.201,0.112,0.5,0.03,0.05,0.09,0.06,1.6,0.4,0.7,0.4,1.5,0.1,0.2,0.04,1,0.5,0.8,0.3,0.4
TEOWNtr5003,,Needleleaf tree,Ntr,GF,Ntr,GFET,,,13.251,0.041,0.905,0.679,0.377,0.5,0.03,0.05,0.09,0.06,1.6,0.4,0.7,0.4,1.5,0.1,0.2,0.04,1,0.5,0.8,0.3,0.4
TEOWNtr5004,,Needleleaf tree,Ntr,GF,Ntr,GFET,,,15.579,0.042,0.906,0.679,0.377,0.5,0.03,0.05,0.09,0.06,1.6,0.4,0.7,0.4,1.5,0.1,0.2,0.04,1,0.5,0.8,0.3,0.4
TEOWNtr5005,,Needleleaf tree,Ntr,GF,Ntr,GFET,,,16.41,0.04,0.905,0.679,0.377,0.5,0.03,0.05,0.09,0.06,1.6,0.4,0.7,0.4,1.5,0.1,0.2,0.04,1,0.5,0.8,0.3,0.4
TEOWNtr5006,,Needleleaf tree,Ntr,GF,Ntr,GFET,,,14.966,0.043,0.905,0.679,0.377,0.5,0.03,0.05,0.09,0.06,1.6,0.4,0.7,0.4,1.5,0.1,0.2,0.04,1,0.5,0.8,0.3,0.4
TEOWNtr5007,,Needleleaf tree,Ntr,GF,Ntr,GFET,,,12.246,0.043,0.905,0.679,0.377,0.5,0.03,0.05,0.09,0.06,1.6,0.4,0.7,0.4,1.5,0.1,0.2,0.04,1,0.5,0.8,0.3,0.4
TEOWNtr5008,,Needleleaf tree,Ntr,GF,Ntr,GFET,,,16.314,0.042,0.905,0.679,0.377,0.5,0.03,0.05,0.09,0.06,1.6,0.4,0.7,0.4,1.5,0.1,0.2,0.04,1,0.5,0.8,0.3,0.4
TEOWNtr5009,,Needleleaf tree,Ntr,GF,Ntr,GFET,,,13.277,0.043,0.905,0.679,0.377,0.5,0.03,0.05,0.09,0.06,1.6,0.4,0.7,0.4,1.5,0.1,0.2,0.04,1,0.5,0.8,0.3,0.4
TEOWNtr5010,,Needleleaf tree,Ntr,GF,Ntr,GFET,,,16.511,0.04,0.905,0.679,0.377,0.5,0.03,0.05,0.09,0.06,1.6,0.4,0.7,0.4,1.5,0.1,0.2,0.04,1,0.5,0.8,0.3,0.4
TEOWNtr5011,,Needleleaf tree,Ntr,GF,Ntr,GFET,,,0.01,0.01,0.012,0.009,0.005,0.5,0.03,0.05,0.09,0.06,1.6,0.4,0.7,0.4,1.5,0.1,0.2,0.04,1,0.5,0.8,0.3,0.4
TEOWNtr5012,,Needleleaf tree,Ntr,GF,Ntr,GFET,,,14.684,0.042,0.905,0.679,0.377,0.5,0.03,0.05,0.09,0.06,1.6,0.4,0.7,0.4,1.5,0.1,0.2,0.04,1,0.5,0.8,0.3,0.4
TEOWNtr5013,,Needleleaf tree,Ntr,GF,Ntr,GFET,,,14.696,0.042,0.905,0.679,0.377,0.5,0.03,0.05,0.09,0.06,1.6,0.4,0.7,0.4,1.5,0.1,0.2,0.04,1,0.5,0.8,0.3,0.4
TEOWNtr5014,,Needleleaf tree,Ntr,GF,Ntr,GFET,,,10.283,0.043,0.905,0.679,0.377,0.5,0.03,0.05,0.09,0.06,1.6,0.4,0.7,0.4,1.5,0.1,0.2,0.04,1,0.5,0.8,0.3,0.4
TEOWNtr5015,,Needleleaf tree,Ntr,GF,Ntr,GFET,,,13.385,0.043,0.905,0.679,0.377,0.5,0.03,0.05,0.09,0.06,1.6,0.4,0.7,0.4,1.5,0.1,0.2,0.04,1,0.5,0.8,0.3,0.4
TEOWNtr5016,,Needleleaf tree,Ntr,GF,Ntr,GFET,,,0.01,0.01,0.012,0.009,0.005,0.5,0.03,0.05,0.09,0.06,1.6,0.4,0.7,0.4,1.5,0.1,0.2,0.04,1,0.5,0.8,0.3,0.4
TEOWNtr5017,,Needleleaf tree,Ntr,GF,Ntr,GFET,,,16.261,0.041,0.905,0.679,0.377,0.5,0.03,0.05,0.09,0.06,1.6,0.4,0.7,0.4,1.5,0.1,0.2,0.04,1,0.5,0.8,0.3,0.4
TEOWNtr5018,,Needleleaf tree,Ntr,GF,Ntr,GFET,,,14.996,0.043,0.905,0.679,0.377,0.5,0.03,0.05,0.09,0.06,1.6,0.4,0.7,0.4,1.5,0.1,0.2,0.04,1,0.5,0.8,0.3,0.4
TEOWNtr5019,,Needleleaf tree,Ntr,GF,Ntr,GFET,,,18.895,0.039,0.839,0.629,0.35,0.5,0.03,0.05,0.09,0.06,1.6,0.4,0.7,0.4,1.5,0.1,0.2,0.04,1,0.5,0.8,0.3,0.4
TEOWNtr5020,,Needleleaf tree,Ntr,GF,Ntr,GFET,,,15.969,0.042,0.905,0.679,0.377,0.5,0.03,0.05,0.09,0.06,1.6,0.4,0.7,0.4,1.5,0.1,0.2,0.04,1,0.5,0.8,0.3,0.4
TEOWNtr5021,,Needleleaf tree,Ntr,GF,Ntr,GFET,,,14.761,0.042,0.905,0.679,0.377,0.5,0.03,0.05,0.09,0.06,1.6,0.4,0.7,0.4,1.5,0.1,0.2,0.04,1,0.5,0.8,0.3,0.4
TEOWNtr5022,,Needleleaf tree,Ntr,GF,Ntr,GFET,,,14.506,0.043,0.905,0.679,0.377,0.5,0.03,0.05,0.09,0.06,1.6,0.4,0.7,0.4,1.5,0.1,0.2,0.04,1,0.5,0.8,0.3,0.4
TEOWNtr5023,,Needleleaf tree,Ntr,GF,Ntr,GFET,,,14.759,0.042,0.905,0.679,0.377,0.5,0.03,0.05,0.09,0.06,1.6,0.4,0.7,0.4,1.5,0.1,0.2,0.04,1,0.5,0.8,0.3,0.4
TEOWNtr5024,,Needleleaf tree,Ntr,GF,Ntr,GFET,,,15.701,0.042,0.905,0.679,0.377,0.5,0.03,0.05,0.09,0.06,1.6,0.4,0.7,0.4,1.5,0.1,0.2,0.04,1,0.5,0.8,0.3,0.4
TEOWNtr5025,,Needleleaf tree,Ntr,GF,Ntr,GFET,,,14.498,0.043,0.906,0.68,0.378,0.5,0.03,0.05,0.09,0.06,1.6,0.4,0.7,0.4,1.5,0.1,0.2,0.04,1,0.5,0.8,0.3,0.4
TEOWNtr5026,,Needleleaf tree,Ntr,GF,Ntr,GFET,,,14.326,0.043,0.905,0.679,0.377,0.5,0.03,0.05,0.09,0.06,1.6,0.4,0.7,0.4,1.5,0.1,0.2,0.04,1,0.5,0.8,0.3,0.4
TEOWNtr5027,,Needleleaf tree,Ntr,GF,Ntr,GFET,,,15.632,0.042,0.905,0.679,0.377,0.5,0.03,0.05,0.09,0.06,1.6,0.4,0.7,0.4,1.5,0.1,0.2,0.04,1,0.5,0.8,0.3,0.4
TEOWNtr5028,,Needleleaf tree,Ntr,GF,Ntr,GFET,,,14.037,0.043,0.905,0.679,0.377,0.5,0.03,0.05,0.09,0.06,1.6,0.4,0.7,0.4,1.5,0.1,0.2,0.04,1,0.5,0.8,0.3,0.4
TEOWNtr5029,,Needleleaf tree,Ntr,GF,Ntr,GFET,,,14.701,0.043,0.905,0.679,0.377,0.5,0.03,0.05,0.09,0.06,1.6,0.4,0.7,0.4,1.5,0.1,0.2,0.04,1,0.5,0.8,0.3,0.4
TEOWNtr5030,,Needleleaf tree,Ntr,GF,Ntr,GFET,,,16.674,0.041,0.905,0.679,0.377,0.5,0.03,0.05,0.09,0.06,1.6,0.4,0.7,0.4,1.5,0.1,0.2,0.04,1,0.5,0.8,0.3,0.4
TEOWNtr5031,,Needleleaf tree,Ntr,GF,Ntr,GFET,,,13.909,0.043,0.906,0.68,0.378,0.5,0.03,0.05,0.09,0.06,1.6,0.4,0.7,0.4,1.5,0.1,0.2,0.04,1,0.5,0.8,0.3,0.4
TEOWNtr5032,,Needleleaf tree,Ntr,GF,Ntr,GFET,,,10.013,0.043,0.905,0.679,0.377,0.5,0.03,0.05,0.09,0.06,1.6,0.4,0.7,0.4,1.5,0.1,0.2,0.04,1,0.5,0.8,0.3,0.4
TEOWNtr5033,,Needleleaf tree,Ntr,GF,Ntr,GFET,,,11.661,0.043,0.907,0.68,0.378,0.5,0.03,0.05,0.09,0.06,1.6,0.4,0.7,0.4,1.5,0.1,0.2,0.04,1,0.5,0.8,0.3,0.4
TEOWNtr5034,,Needleleaf tree,Ntr,GF,Ntr,GFET,,,12.351,0.038,0.807,0.605,0.336,0.5,0.03,0.05,0.09,0.06,1.6,0.4,0.7,0.4,1.5,0.1,0.2,0.04,1,0.5,0.8,0.3,0.4
TEOWNtr5035,,Needleleaf tree,Ntr,GF,Ntr,GFET,,,0.01,0.01,0.012,0.009,0.005,0.5,0.03,0.05,0.09,0.06,1.6,0.4,0.7,0.4,1.5,0.1,0.2,0.04,1,0.5,0.8,0.3,0.4
TEOWNtr5036,,Needleleaf tree,Ntr,GF,Ntr,GFET,,,28.192,0.038,0.792,0.594,0.33,0.5,0.03,0.05,0.09,0.06,1.6,0.4,0.7,0.4,1.5,0.1,0.2,0.04,1,0.5,0.8,0.3,0.4
TEOWNtr5037,,Needleleaf tree,Ntr,GF,Ntr,GFET,,,6.404,0.043,0.905,0.679,0.377,0.5,0.03,0.05,0.09,0.06,1.6,0.4,0.7,0.4,1.5,0.1,0.2,0.04,1,0.5,0.8,0.3,0.4
TEOWNtr5038,,Needleleaf tree,Ntr,GF,Ntr,GFET,,,4.005,0.043,0.905,0.679,0.377,0.5,0.03,0.05,0.09,0.06,1.6,0.4,0.7,0.4,1.5,0.1,0.2,0.04,1,0.5,0.8,0.3,0.4
TEOWNtr5039,,Needleleaf tree,Ntr,GF,Ntr,GFET,,,11.614,0.043,0.907,0.68,0.378,0.5,0.03,0.05,0.09,0.06,1.6,0.4,0.7,0.4,1.5,0.1,0.2,0.04,1,0.5,0.8,0.3,0.4
TEOWNtr5040,,Needleleaf tree,Ntr,GF,Ntr,GFET,,,14.399,0.042,0.908,0.681,0.378,0.5,0.03,0.05,0.09,0.06,1.6,0.4,0.7,0.4,1.5,0.1,0.2,0.04,1,0.5,0.8,0.3,0.4
TEOWNtr5041,,Needleleaf tree,Ntr,GF,Ntr,GFET,,,3.454,0.043,0.905,0.679,0.377,0.5,0.03,0.05,0.09,0.06,1.6,0.4,0.7,0.4,1.5,0.1,0.2,0.04,1,0.5,0.8,0.3,0.4
TEOWNtr5042,,Needleleaf tree,Ntr,GF,Ntr,GFET,,,5.52,0.043,0.906,0.68,0.378,0.5,0.03,0.05,0.09,0.06,1.6,0.4,0.7,0.4,1.5,0.1,0.2,0.04,1,0.5,0.8,0.3,0.4
TEOWNtr5043,,Needleleaf tree,Ntr,GF,Ntr,GFET,,,29.277,0.039,0.841,0.631,0.35,0.5,0.03,0.05,0.09,0.06,1.6,0.4,0.7,0.4,1.5,0.1,0.2,0.04,1,0.5,0.8,0.3,0.4
TEOWNtr5044,,Needleleaf tree,Ntr,GF,Ntr,GFET,,,13.587,0.043,0.906,0.679,0.377,0.5,0.03,0.05,0.09,0.06,1.6,0.4,0.7,0.4,1.5,0.1,0.2,0.04,1,0.5,0.8,0.3,0.4
TEOWNtr5045,,Needleleaf tree,Ntr,GF,Ntr,GFET,,,29.892,0.039,0.813,0.61,0.339,0.5,0.03,0.05,0.09,0.06,1.6,0.4,0.7,0.4,1.5,0.1,0.2,0.04,1,0.5,0.8,0.3,0.4
TEOWNtr5046,,Needleleaf tree,Ntr,GF,Ntr,GFET,,,28.607,0.039,0.793,0.595,0.331,0.5,0.03,0.05,0.09,0.06,1.6,0.4,0.7,0.4,1.5,0.1,0.2,0.04,1,0.5,0.8,0.3,0.4
TEOWNtr5047,,Needleleaf tree,Ntr,GF,Ntr,GFET,,,29.145,0.04,0.827,0.62,0.344,0.5,0.03,0.05,0.09,0.06,1.6,0.4,0.7,0.4,1.5,0.1,0.2,0.04,1,0.5,0.8,0.3,0.4
TEOWNtr5048,,Needleleaf tree,Ntr,GF,Ntr,GFET,,,5.493,0.043,0.905,0.679,0.377,0.5,0.03,0.05,0.09,0.06,1.6,0.4,0.7,0.4,1.5,0.1,0.2,0.04,1,0.5,0.8,0.3,0.4
TEOWNtr5049,,Needleleaf tree,Ntr,GF,Ntr,GFET,,,24.868,0.035,0.752,0.564,0.313,0.5,0.03,0.05,0.09,0.06,1.6,0.4,0.7,0.4,1.5,0.1,0.2,0.04,1,0.5,0.8,0.3,0.4
TEOWNtr5050,,Needleleaf tree,Ntr,GF,Ntr,GFET,,,24.381,0.038,0.802,0.602,0.334,0.5,0.03,0.05,0.09,0.06,1.6,0.4,0.7,0.4,1.5,0.1,0.2,0.04,1,0.5,0.8,0.3,0.4
TEOWNtr5051,,Needleleaf tree,Ntr,GF,Ntr,GFET,,,21.857,0.035,0.731,0.549,0.305,0.5,0.03,0.05,0.09,0.06,1.6,0.4,0.7,0.4,1.5,0.1,0.2,0.04,1,0.5,0.8,0.3,0.4
TEOWNtr5052,,Needleleaf tree,Ntr,GF,Ntr,GFET,,,26.512,0.038,0.859,0.644,0.358,0.5,0.03,0.05,0.09,0.06,1.6,0.4,0.7,0.4,1.5,0.1,0.2,0.04,1,0.5,0.8,0.3,0.4
TEOWNtr5053,,Needleleaf tree,Ntr,GF,Ntr,GFET,,,25.351,0.036,0.767,0.575,0.32,0.5,0.03,0.05,0.09,0.06,1.6,0.4,0.7,0.4,1.5,0.1,0.2,0.04,1,0.5,0.8,0.3,0.4
TEOWNtr5054,,Needleleaf tree,Ntr,GF,Ntr,GFET,,,27.15,0.04,0.84,0.63,0.35,0.5,0.03,0.05,0.09,0.06,1.6,0.4,0.7,0.4,1.5,0.1,0.2,0.04,1,0.5,0.8,0.3,0.4
TEOWNtr5055,,Needleleaf tree,Ntr,GF,Ntr,GFET,,,29.809,0.041,0.916,0.687,0.382,0.5,0.03,0.05,0.09,0.06,1.6,0.4,0.7,0.4,1.5,0.1,0.2,0.04,1,0.5,0.8,0.3,0.4
TEOWNtr5056,,Needleleaf tree,Ntr,GF,Ntr,GFET,,,20.112,0.043,0.905,0.679,0.377,0.5,0.03,0.05,0.09,0.06,1.6,0.4,0.7,0.4,1.5,0.1,0.2,0.04,1,0.5,0.8,0.3,0.4
TEOWNtr5057,,Needleleaf tree,Ntr,GF,Ntr,GFET,,,26.294,0.04,0.846,0.635,0.353,0.5,0.03,0.05,0.09,0.06,1.6,0.4,0.7,0.4,1.5,0.1,0.2,0.04,1,0.5,0.8,0.3,0.4
TEOWNtr5058,,Needleleaf tree,Ntr,GF,Ntr,GFET,,,22.475,0.043,0.909,0.682,0.379,0.5,0.03,0.05,0.09,0.06,1.6,0.4,0.7,0.4,1.5,0.1,0.2,0.04,1,0.5,0.8,0.3,0.4
TEOWNtr5059,,Needleleaf tree,Ntr,GF,Ntr,GFET,,,27.842,0.038,0.903,0.677,0.376,0.5,0.03,0.05,0.09,0.06,1.6,0.4,0.7,0.4,1.5,0.1,0.2,0.04,1,0.5,0.8,0.3,0.4
TEOWNtr5060,,Needleleaf tree,Ntr,GF,Ntr,GFET,,,27.218,0.037,0.857,0.643,0.357,0.5,0.03,0.05,0.09,0.06,1.6,0.4,0.7,0.4,1.5,0.1,0.2,0.04,1,0.5,0.8,0.3,0.4
TEOWNtr5061,,Needleleaf tree,Ntr,GF,Ntr,GFET,,,33.529,0.037,0.724,0.543,0.302,0.5,0.03,0.05,0.09,0.06,1.6,0.4,0.7,0.4,1.5,0.1,0.2,0.04,1,0.5,0.8,0.3,0.4
TEOWNtr5062,,Needleleaf tree,Ntr,GF,Ntr,GFET,,,18.544,0.043,0.905,0.679,0.377,0.5,0.03,0.05,0.09,0.06,1.6,0.4,0.7,0.4,1.5,0.1,0.2,0.04,1,0.5,0.8,0.3,0.4
TEOWNtr5063,,Needleleaf tree,Ntr,GF,Ntr,GFET,,,12.34,0.043,0.906,0.679,0.377,0.5,0.03,0.05,0.09,0.06,1.6,0.4,0.7,0.4,1.5,0.1,0.2,0.04,1,0.5,0.8,0.3,0.4
TEOWNtr5064,,Needleleaf tree,Ntr,GF,Ntr,GFET,,,0.01,0.01,0.012,0.009,0.005,0.5,0.03,0.05,0.09,0.06,1.6,0.4,0.7,0.4,1.5,0.1,0.2,0.04,1,0.5,0.8,0.3,0.4
TEOWNtr5065,,Needleleaf tree,Ntr,GF,Ntr,GFET,,,26.587,0.036,0.781,0.585,0.325,0.5,0.03,0.05,0.09,0.06,1.6,0.4,0.7,0.4,1.5,0.1,0.2,0.04,1,0.5,0.8,0.3,0.4
TEOWNtr5066,,Needleleaf tree,Ntr,GF,Ntr,GFET,,,29.436,0.036,0.91,0.683,0.379,0.5,0.03,0.05,0.09,0.06,1.6,0.4,0.7,0.4,1.5,0.1,0.2,0.04,1,0.5,0.8,0.3,0.4
TEOWNtr5067,,Needleleaf tree,Ntr,GF,Ntr,GFET,,,31.475,0.036,0.996,0.747,0.415,0.5,0.03,0.05,0.09,0.06,1.6,0.4,0.7,0.4,1.5,0.1,0.2,0.04,1,0.5,0.8,0.3,0.4
TEOWNtr5068,,Needleleaf tree,Ntr,GF,Ntr,GFET,,,31.32,0.039,0.807,0.605,0.336,0.5,0.03,0.05,0.09,0.06,1.6,0.4,0.7,0.4,1.5,0.1,0.2,0.04,1,0.5,0.8,0.3,0.4
TEOWNtr5069,,Needleleaf tree,Ntr,GF,Ntr,GFET,,,23.943,0.042,0.897,0.673,0.374,0.5,0.03,0.05,0.09,0.06,1.6,0.4,0.7,0.4,1.5,0.1,0.2,0.04,1,0.5,0.8,0.3,0.4
TEOWNtr5070,,Needleleaf tree,Ntr,GF,Ntr,GFET,,,28.104,0.039,0.911,0.683,0.38,0.5,0.03,0.05,0.09,0.06,1.6,0.4,0.7,0.4,1.5,0.1,0.2,0.04,1,0.5,0.8,0.3,0.4
TEOWNtr5071,,Needleleaf tree,Ntr,GF,Ntr,GFET,,,30.286,0.034,0.877,0.657,0.365,0.5,0.03,0.05,0.09,0.06,1.6,0.4,0.7,0.4,1.5,0.1,0.2,0.04,1,0.5,0.8,0.3,0.4
TEOWNtr5072,,Needleleaf tree,Ntr,GF,Ntr,GFET,,,25.581,0.04,0.854,0.64,0.356,0.5,0.03,0.05,0.09,0.06,1.6,0.4,0.7,0.4,1.5,0.1,0.2,0.04,1,0.5,0.8,0.3,0.4
TEOWNtr5073,,Needleleaf tree,Ntr,GF,Ntr,GFET,,,29.285,0.039,0.984,0.738,0.41,0.5,0.03,0.05,0.09,0.06,1.6,0.4,0.7,0.4,1.5,0.1,0.2,0.04,1,0.5,0.8,0.3,0.4
TEOWNtr5074,,Needleleaf tree,Ntr,GF,Ntr,GFET,,,28.737,0.037,0.88,0.66,0.367,0.5,0.03,0.05,0.09,0.06,1.6,0.4,0.7,0.4,1.5,0.1,0.2,0.04,1,0.5,0.8,0.3,0.4
TEOWNtr5075,,Needleleaf tree,Ntr,GF,Ntr,GFET,,,34.922,0.02,0.946,0.709,0.394,0.5,0.03,0.05,0.09,0.06,1.6,0.4,0.7,0.4,1.5,0.1,0.2,0.04,1,0.5,0.8,0.3,0.4
TEOWNtr5076,,Needleleaf tree,Ntr,GF,Ntr,GFET,,,31.859,0.043,0.904,0.678,0.377,0.5,0.03,0.05,0.09,0.06,1.6,0.4,0.7,0.4,1.5,0.1,0.2,0.04,1,0.5,0.8,0.3,0.4
TEOWNtr5077,,Needleleaf tree,Ntr,GF,Ntr,GFET,,,33.445,0.025,0.906,0.68,0.378,0.5,0.03,0.05,0.09,0.06,1.6,0.4,0.7,0.4,1.5,0.1,0.2,0.04,1,0.5,0.8,0.3,0.4
TEOWNtr5078,,Needleleaf tree,Ntr,GF,Ntr,GFET,,,32.961,0.033,0.907,0.68,0.378,0.5,0.03,0.05,0.09,0.06,1.6,0.4,0.7,0.4,1.5,0.1,0.2,0.04,1,0.5,0.8,0.3,0.4
TEOWNtr5079,,Needleleaf tree,Ntr,GF,Ntr,GFET,,,33.693,0.022,0.909,0.682,0.379,0.5,0.03,0.05,0.09,0.06,1.6,0.4,0.7,0.4,1.5,0.1,0.2,0.04,1,0.5,0.8,0.3,0.4
TEOWNtr5080,,Needleleaf tree,Ntr,GF,Ntr,GFET,,,32.136,0.041,0.899,0.674,0.375,0.5,0.03,0.05,0.09,0.06,1.6,0.4,0.7,0.4,1.5,0.1,0.2,0.04,1,0.5,0.8,0.3,0.4
TEOWNtr5081,,Needleleaf tree,Ntr,GF,Ntr,GFET,,,32.298,0.037,0.906,0.68,0.378,0.5,0.03,0.05,0.09,0.06,1.6,0.4,0.7,0.4,1.5,0.1,0.2,0.04,1,0.5,0.8,0.3,0.4
TEOWNtr5082,,Needleleaf tree,Ntr,GF,Ntr,GFET,,,33.258,0.027,0.928,0.696,0.387,0.5,0.03,0.05,0.09,0.06,1.6,0.4,0.7,0.4,1.5,0.1,0.2,0.04,1,0.5,0.8,0.3,0.4
TEOWNtr5083,,Needleleaf tree,Ntr,GF,Ntr,GFET,,,31.596,0.024,0.971,0.728,0.405,0.5,0.03,0.05,0.09,0.06,1.6,0.4,0.7,0.4,1.5,0.1,0.2,0.04,1,0.5,0.8,0.3,0.4
TEOWNtr5084,,Needleleaf tree,Ntr,GF,Ntr,GFET,,,31.138,0.025,0.975,0.732,0.406,0.5,0.03,0.05,0.09,0.06,1.6,0.4,0.7,0.4,1.5,0.1,0.2,0.04,1,0.5,0.8,0.3,0.4
TEOWNtr5085,,Needleleaf tree,Ntr,GF,Ntr,GFET,,,0.003,0.042,0.905,0.679,0.377,0.5,0.03,0.05,0.09,0.06,1.6,0.4,0.7,0.4,1.5,0.1,0.2,0.04,1,0.5,0.8,0.3,0.4
TEOWNtr5086,,Needleleaf tree,Ntr,GF,Ntr,GFET,,,0.01,0.01,0.012,0.009,0.005,0.5,0.03,0.05,0.09,0.06,1.6,0.4,0.7,0.4,1.5,0.1,0.2,0.04,1,0.5,0.8,0.3,0.4
TEOWNtr5087,,Needleleaf tree,Ntr,GF,Ntr,GFET,,,0.01,0.01,0.012,0.009,0.005,0.5,0.03,0.05,0.09,0.06,1.6,0.4,0.7,0.4,1.5,0.1,0.2,0.04,1,0.5,0.8,0.3,0.4
TEOWNtr5088,,Needleleaf tree,Ntr,GF,Ntr,GFET,,,0.01,0.01,0.012,0.009,0.005,0.5,0.03,0.05,0.09,0.06,1.6,0.4,0.7,0.4,1.5,0.1,0.2,0.04,1,0.5,0.8,0.3,0.4
TEOWNtr5089,,Needleleaf tree,Ntr,GF,Ntr,GFET,,,0.01,0.01,0.012,0.009,0.005,0.5,0.03,0.05,0.09,0.06,1.6,0.4,0.7,0.4,1.5,0.1,0.2,0.04,1,0.5,0.8,0.3,0.4
TEOWNtr5090,,Needleleaf tree,Ntr,GF,Ntr,GFET,,,5.014,0.041,0.855,0.641,0.356,0.5,0.03,0.05,0.09,0.06,1.6,0.4,0.7,0.4,1.5,0.1,0.2,0.04,1,0.5,0.8,0.3,0.4
TEOWNtr5091,,Needleleaf tree,Ntr,GF,Ntr,GFET,,,7.665,0.042,0.937,0.703,0.391,0.5,0.03,0.05,0.09,0.06,1.6,0.4,0.7,0.4,1.5,0.1,0.2,0.04,1,0.5,0.8,0.3,0.4
TEOWNtr5092,,Needleleaf tree,Ntr,GF,Ntr,GFET,,,6.976,0.043,0.907,0.68,0.378,0.5,0.03,0.05,0.09,0.06,1.6,0.4,0.7,0.4,1.5,0.1,0.2,0.04,1,0.5,0.8,0.3,0.4
TEOWNtr5093,,Needleleaf tree,Ntr,GF,Ntr,GFET,,,7.718,0.042,0.913,0.685,0.381,0.5,0.03,0.05,0.09,0.06,1.6,0.4,0.7,0.4,1.5,0.1,0.2,0.04,1,0.5,0.8,0.3,0.4
TEOWNtr5094,,Needleleaf tree,Ntr,GF,Ntr,GFET,,,5.759,0.043,0.905,0.679,0.377,0.5,0.03,0.05,0.09,0.06,1.6,0.4,0.7,0.4,1.5,0.1,0.2,0.04,1,0.5,0.8,0.3,0.4
TEOWNtr5095,,Needleleaf tree,Ntr,GF,Ntr,GFET,,,6.466,0.043,0.906,0.679,0.377,0.5,0.03,0.05,0.09,0.06,1.6,0.4,0.7,0.4,1.5,0.1,0.2,0.04,1,0.5,0.8,0.3,0.4
TEOWNtr5096,,Needleleaf tree,Ntr,GF,Ntr,GFET,,,6.454,0.043,0.905,0.679,0.377,0.5,0.03,0.05,0.09,0.06,1.6,0.4,0.7,0.4,1.5,0.1,0.2,0.04,1,0.5,0.8,0.3,0.4
TEOWNtr5097,,Needleleaf tree,Ntr,GF,Ntr,GFET,,,4.93,0.042,0.881,0.661,0.367,0.5,0.03,0.05,0.09,0.06,1.6,0.4,0.7,0.4,1.5,0.1,0.2,0.04,1,0.5,0.8,0.3,0.4
TEOWNtr5098,,Needleleaf tree,Ntr,GF,Ntr,GFET,,,4.811,0.056,0.716,0.537,0.299,0.5,0.03,0.05,0.09,0.06,1.6,0.4,0.7,0.4,1.5,0.1,0.2,0.04,1,0.5,0.8,0.3,0.4
TEOWNtr5099,,Needleleaf tree,Ntr,GF,Ntr,GFET,,,11.72,0.043,0.917,0.688,0.382,0.5,0.03,0.05,0.09,0.06,1.6,0.4,0.7,0.4,1.5,0.1,0.2,0.04,1,0.5,0.8,0.3,0.4
TEOWNtr5100,,Needleleaf tree,Ntr,GF,Ntr,GFET,,,6.173,0.043,0.905,0.679,0.377,0.5,0.03,0.05,0.09,0.06,1.6,0.4,0.7,0.4,1.5,0.1,0.2,0.04,1,0.5,0.8,0.3,0.4
TEOWNtr5101,,Needleleaf tree,Ntr,GF,Ntr,GFET,,,7.049,0.043,0.912,0.684,0.38,0.5,0.03,0.05,0.09,0.06,1.6,0.4,0.7,0.4,1.5,0.1,0.2,0.04,1,0.5,0.8,0.3,0.4
TEOWNtr5102,,Needleleaf tree,Ntr,GF,Ntr,GFET,,,0.01,0.01,0.012,0.009,0.005,0.5,0.03,0.05,0.09,0.06,1.6,0.4,0.7,0.4,1.5,0.1,0.2,0.04,1,0.5,0.8,0.3,0.4
TEOWNtr5103,,Needleleaf tree,Ntr,GF,Ntr,GFET,,,6.375,0.043,0.906,0.68,0.378,0.5,0.03,0.05,0.09,0.06,1.6,0.4,0.7,0.4,1.5,0.1,0.2,0.04,1,0.5,0.8,0.3,0.4
TEOWNtr5104,,Needleleaf tree,Ntr,GF,Ntr,GFET,,,17.966,0.504,0.628,0.471,0.262,0.5,0.03,0.05,0.09,0.06,1.6,0.4,0.7,0.4,1.5,0.1,0.2,0.04,1,0.5,0.8,0.3,0.4
TEOWNtr5105,,Needleleaf tree,Ntr,GF,Ntr,GFET,,,7.503,0.384,0.82,0.615,0.342,0.5,0.03,0.05,0.09,0.06,1.6,0.4,0.7,0.4,1.5,0.1,0.2,0.04,1,0.5,0.8,0.3,0.4
TEOWNtr5106,,Needleleaf tree,Ntr,GF,Ntr,GFET,,,7.514,0.043,0.906,0.679,0.377,0.5,0.03,0.05,0.09,0.06,1.6,0.4,0.7,0.4,1.5,0.1,0.2,0.04,1,0.5,0.8,0.3,0.4
TEOWNtr5107,,Needleleaf tree,Ntr,GF,Ntr,GFET,,,7.358,0.043,0.906,0.679,0.377,0.5,0.03,0.05,0.09,0.06,1.6,0.4,0.7,0.4,1.5,0.1,0.2,0.04,1,0.5,0.8,0.3,0.4
TEOWNtr5108,,Needleleaf tree,Ntr,GF,Ntr,GFET,,,7.076,0.05,0.872,0.654,0.363,0.5,0.03,0.05,0.09,0.06,1.6,0.4,0.7,0.4,1.5,0.1,0.2,0.04,1,0.5,0.8,0.3,0.4
TEOWNtr5109,,Needleleaf tree,Ntr,GF,Ntr,GFET,,,0.01,0.01,0.012,0.009,0.005,0.5,0.03,0.05,0.09,0.06,1.6,0.4,0.7,0.4,1.5,0.1,0.2,0.04,1,0.5,0.8,0.3,0.4
TEOWNtr5110,,Needleleaf tree,Ntr,GF,Ntr,GFET,,,7.618,0.042,0.905,0.679,0.377,0.5,0.03,0.05,0.09,0.06,1.6,0.4,0.7,0.4,1.5,0.1,0.2,0.04,1,0.5,0.8,0.3,0.4
TEOWNtr5111,,Needleleaf tree,Ntr,GF,Ntr,GFET,,,4.82,0.043,0.905,0.679,0.377,0.5,0.03,0.05,0.09,0.06,1.6,0.4,0.7,0.4,1.5,0.1,0.2,0.04,1,0.5,0.8,0.3,0.4
TEOWNtr5112,,Needleleaf tree,Ntr,GF,Ntr,GFET,,,6.212,0.043,0.906,0.68,0.378,0.5,0.03,0.05,0.09,0.06,1.6,0.4,0.7,0.4,1.5,0.1,0.2,0.04,1,0.5,0.8,0.3,0.4
TEOWNtr5113,,Needleleaf tree,Ntr,GF,Ntr,GFET,,,8.113,0.043,0.904,0.678,0.377,0.5,0.03,0.05,0.09,0.06,1.6,0.4,0.7,0.4,1.5,0.1,0.2,0.04,1,0.5,0.8,0.3,0.4
TEOWNtr5114,,Needleleaf tree,Ntr,GF,Ntr,GFET,,,2.764,0.043,0.891,0.669,0.371,0.5,0.03,0.05,0.09,0.06,1.6,0.4,0.7,0.4,1.5,0.1,0.2,0.04,1,0.5,0.8,0.3,0.4
TEOWNtr5115,,Needleleaf tree,Ntr,GF,Ntr,GFET,,,7.876,0.042,0.925,0.694,0.385,0.5,0.03,0.05,0.09,0.06,1.6,0.4,0.7,0.4,1.5,0.1,0.2,0.04,1,0.5,0.8,0.3,0.4
TEOWNtr5116,,Needleleaf tree,Ntr,GF,Ntr,GFET,,,3.346,0.043,0.905,0.679,0.377,0.5,0.03,0.05,0.09,0.06,1.6,0.4,0.7,0.4,1.5,0.1,0.2,0.04,1,0.5,0.8,0.3,0.4
TEOWNtr5117,,Needleleaf tree,Ntr,GF,Ntr,GFET,,,5.281,0.043,0.903,0.678,0.376,0.5,0.03,0.05,0.09,0.06,1.6,0.4,0.7,0.4,1.5,0.1,0.2,0.04,1,0.5,0.8,0.3,0.4
TEOWNtr5118,,Needleleaf tree,Ntr,GF,Ntr,GFET,,,14.325,0.043,0.925,0.694,0.386,0.5,0.03,0.05,0.09,0.06,1.6,0.4,0.7,0.4,1.5,0.1,0.2,0.04,1,0.5,0.8,0.3,0.4
TEOWNtr5119,,Needleleaf tree,Ntr,GF,Ntr,GFET,,,6.355,0.043,0.906,0.679,0.377,0.5,0.03,0.05,0.09,0.06,1.6,0.4,0.7,0.4,1.5,0.1,0.2,0.04,1,0.5,0.8,0.3,0.4
TEOWNtr5120,,Needleleaf tree,Ntr,GF,Ntr,GFET,,,0.01,0.01,0.012,0.009,0.005,0.5,0.03,0.05,0.09,0.06,1.6,0.4,0.7,0.4,1.5,0.1,0.2,0.04,1,0.5,0.8,0.3,0.4
TEOWNtr5121,,Needleleaf tree,Ntr,GF,Ntr,GFET,,,12.157,0.043,0.906,0.679,0.377,0.5,0.03,0.05,0.09,0.06,1.6,0.4,0.7,0.4,1.5,0.1,0.2,0.04,1,0.5,0.8,0.3,0.4
TEOWNtr5122,,Needleleaf tree,Ntr,GF,Ntr,GFET,,,6.64,0.043,0.927,0.695,0.386,0.5,0.03,0.05,0.09,0.06,1.6,0.4,0.7,0.4,1.5,0.1,0.2,0.04,1,0.5,0.8,0.3,0.4
TEOWNtr5123,,Needleleaf tree,Ntr,GF,Ntr,GFET,,,7.479,0.043,0.879,0.659,0.366,0.5,0.03,0.05,0.09,0.06,1.6,0.4,0.7,0.4,1.5,0.1,0.2,0.04,1,0.5,0.8,0.3,0.4
TEOWNtr5124,,Needleleaf tree,Ntr,GF,Ntr,GFET,,,4.71,0.042,0.885,0.664,0.369,0.5,0.03,0.05,0.09,0.06,1.6,0.4,0.7,0.4,1.5,0.1,0.2,0.04,1,0.5,0.8,0.3,0.4
TEOWNtr5125,,Needleleaf tree,Ntr,GF,Ntr,GFET,,,0.01,0.01,0.012,0.009,0.005,0.5,0.03,0.05,0.09,0.06,1.6,0.4,0.7,0.4,1.5,0.1,0.2,0.04,1,0.5,0.8,0.3,0.4
TEOWNtr5126,,Needleleaf tree,Ntr,GF,Ntr,GFET,,,4.427,0.043,0.896,0.672,0.373,0.5,0.03,0.05,0.09,0.06,1.6,0.4,0.7,0.4,1.5,0.1,0.2,0.04,1,0.5,0.8,0.3,0.4
TEOWNtr5127,,Needleleaf tree,Ntr,GF,Ntr,GFET,,,14.105,0.043,0.91,0.683,0.379,0.5,0.03,0.05,0.09,0.06,1.6,0.4,0.7,0.4,1.5,0.1,0.2,0.04,1,0.5,0.8,0.3,0.4
TEOWNtr5128,,Needleleaf tree,Ntr,GF,Ntr,GFET,,,5.311,0.043,0.9,0.675,0.375,0.5,0.03,0.05,0.09,0.06,1.6,0.4,0.7,0.4,1.5,0.1,0.2,0.04,1,0.5,0.8,0.3,0.4
TEOWNtr5129,,Needleleaf tree,Ntr,GF,Ntr,GFET,,,10.871,0.043,0.905,0.679,0.377,0.5,0.03,0.05,0.09,0.06,1.6,0.4,0.7,0.4,1.5,0.1,0.2,0.04,1,0.5,0.8,0.3,0.4
TEOWNtr5130,,Needleleaf tree,Ntr,GF,Ntr,GFET,,,11.463,0.043,0.904,0.678,0.376,0.5,0.03,0.05,0.09,0.06,1.6,0.4,0.7,0.4,1.5,0.1,0.2,0.04,1,0.5,0.8,0.3,0.4
TEOWNtr5131,,Needleleaf tree,Ntr,GF,Ntr,GFET,,,3.698,0.04,0.922,0.692,0.384,0.5,0.03,0.05,0.09,0.06,1.6,0.4,0.7,0.4,1.5,0.1,0.2,0.04,1,0.5,0.8,0.3,0.4
TEOWNtr5132,,Needleleaf tree,Ntr,GF,Ntr,GFET,,,13.908,0.043,0.921,0.691,0.384,0.5,0.03,0.05,0.09,0.06,1.6,0.4,0.7,0.4,1.5,0.1,0.2,0.04,1,0.5,0.8,0.3,0.4
TEOWNtr5133,,Needleleaf tree,Ntr,GF,Ntr,GFET,,,2.046,0.039,0.867,0.65,0.361,0.5,0.03,0.05,0.09,0.06,1.6,0.4,0.7,0.4,1.5,0.1,0.2,0.04,1,0.5,0.8,0.3,0.4
TEOWNtr5134,,Needleleaf tree,Ntr,GF,Ntr,GFET,,,10.656,0.043,0.906,0.68,0.378,0.5,0.03,0.05,0.09,0.06,1.6,0.4,0.7,0.4,1.5,0.1,0.2,0.04,1,0.5,0.8,0.3,0.4
TEOWNtr5135,,Needleleaf tree,Ntr,GF,Ntr,GFET,,,13.032,0.042,0.928,0.696,0.387,0.5,0.03,0.05,0.09,0.06,1.6,0.4,0.7,0.4,1.5,0.1,0.2,0.04,1,0.5,0.8,0.3,0.4
TEOWNtr5136,,Needleleaf tree,Ntr,GF,Ntr,GFET,,,5.322,0.044,0.91,0.682,0.379,0.5,0.03,0.05,0.09,0.06,1.6,0.4,0.7,0.4,1.5,0.1,0.2,0.04,1,0.5,0.8,0.3,0.4
TEOWNtr5137,,Needleleaf tree,Ntr,GF,Ntr,GFET,,,1.872,0.04,0.915,0.687,0.381,0.5,0.03,0.05,0.09,0.06,1.6,0.4,0.7,0.4,1.5,0.1,0.2,0.04,1,0.5,0.8,0.3,0.4
TEOWNtr5138,,Needleleaf tree,Ntr,GF,Ntr,GFET,,,2.769,0.042,0.889,0.667,0.371,0.5,0.03,0.05,0.09,0.06,1.6,0.4,0.7,0.4,1.5,0.1,0.2,0.04,1,0.5,0.8,0.3,0.4
TEOWNtr5139,,Needleleaf tree,Ntr,GF,Ntr,GFET,,,5.507,0.054,0.885,0.664,0.369,0.5,0.03,0.05,0.09,0.06,1.6,0.4,0.7,0.4,1.5,0.1,0.2,0.04,1,0.5,0.8,0.3,0.4
TEOWNtr5140,,Needleleaf tree,Ntr,GF,Ntr,GFET,,,6.691,0.043,0.897,0.673,0.374,0.5,0.03,0.05,0.09,0.06,1.6,0.4,0.7,0.4,1.5,0.1,0.2,0.04,1,0.5,0.8,0.3,0.4
TEOWNtr5141,,Needleleaf tree,Ntr,GF,Ntr,GFET,,,5.562,0.043,0.9,0.675,0.375,0.5,0.03,0.05,0.09,0.06,1.6,0.4,0.7,0.4,1.5,0.1,0.2,0.04,1,0.5,0.8,0.3,0.4
TEOWNtr5142,,Needleleaf tree,Ntr,GF,Ntr,GFET,,,0.01,0.01,0.012,0.009,0.005,0.5,0.03,0.05,0.09,0.06,1.6,0.4,0.7,0.4,1.5,0.1,0.2,0.04,1,0.5,0.8,0.3,0.4
TEOWNtr5143,,Needleleaf tree,Ntr,GF,Ntr,GFET,,,2.643,0.029,0.614,0.46,0.256,0.5,0.03,0.05,0.09,0.06,1.6,0.4,0.7,0.4,1.5,0.1,0.2,0.04,1,0.5,0.8,0.3,0.4
TEOWNtr5144,,Needleleaf tree,Ntr,GF,Ntr,GFET,,,11.143,0.042,0.913,0.684,0.38,0.5,0.03,0.05,0.09,0.06,1.6,0.4,0.7,0.4,1.5,0.1,0.2,0.04,1,0.5,0.8,0.3,0.4
TEOWNtr5145,,Needleleaf tree,Ntr,GF,Ntr,GFET,,,6.71,0.043,0.897,0.673,0.374,0.5,0.03,0.05,0.09,0.06,1.6,0.4,0.7,0.4,1.5,0.1,0.2,0.04,1,0.5,0.8,0.3,0.4
TEOWNtr5146,,Needleleaf tree,Ntr,GF,Ntr,GFET,,,5.979,0.043,0.883,0.662,0.368,0.5,0.03,0.05,0.09,0.06,1.6,0.4,0.7,0.4,1.5,0.1,0.2,0.04,1,0.5,0.8,0.3,0.4
TEOWNtr5147,,Needleleaf tree,Ntr,GF,Ntr,GFET,,,4.661,0.051,0.855,0.642,0.356,0.5,0.03,0.05,0.09,0.06,1.6,0.4,0.7,0.4,1.5,0.1,0.2,0.04,1,0.5,0.8,0.3,0.4
TEOWNtr5148,,Needleleaf tree,Ntr,GF,Ntr,GFET,,,7.905,0.043,0.916,0.687,0.381,0.5,0.03,0.05,0.09,0.06,1.6,0.4,0.7,0.4,1.5,0.1,0.2,0.04,1,0.5,0.8,0.3,0.4
TEOWNtr5149,,Needleleaf tree,Ntr,GF,Ntr,GFET,,,16.418,0.03,0.908,0.681,0.378,0.5,0.03,0.05,0.09,0.06,1.6,0.4,0.7,0.4,1.5,0.1,0.2,0.04,1,0.5,0.8,0.3,0.4
TEOWNtr5150,,Needleleaf tree,Ntr,GF,Ntr,GFET,,,0.01,0.01,0.012,0.009,0.005,0.5,0.03,0.05,0.09,0.06,1.6,0.4,0.7,0.4,1.5,0.1,0.2,0.04,1,0.5,0.8,0.3,0.4
TEOWNtr5151,,Needleleaf tree,Ntr,GF,Ntr,GFET,,,0.01,0.01,0.012,0.009,0.005,0.5,0.03,0.05,0.09,0.06,1.6,0.4,0.7,0.4,1.5,0.1,0.2,0.04,1,0.5,0.8,0.3,0.4
TEOWNtr5152,,Needleleaf tree,Ntr,GF,Ntr,GFET,,,4.438,0.046,1.022,0.766,0.426,0.5,0.03,0.05,0.09,0.06,1.6,0.4,0.7,0.4,1.5,0.1,0.2,0.04,1,0.5,0.8,0.3,0.4
TEOWNtr5153,,Needleleaf tree,Ntr,GF,Ntr,GFET,,,8.711,0.04,0.838,0.629,0.349,0.5,0.03,0.05,0.09,0.06,1.6,0.4,0.7,0.4,1.5,0.1,0.2,0.04,1,0.5,0.8,0.3,0.4
TEOWNtr5154,,Needleleaf tree,Ntr,GF,Ntr,GFET,,,16.628,0.029,0.953,0.715,0.397,0.5,0.03,0.05,0.09,0.06,1.6,0.4,0.7,0.4,1.5,0.1,0.2,0.04,1,0.5,0.8,0.3,0.4
TEOWNtr5155,,Needleleaf tree,Ntr,GF,Ntr,GFET,,,15.912,0.037,0.937,0.703,0.39,0.5,0.03,0.05,0.09,0.06,1.6,0.4,0.7,0.4,1.5,0.1,0.2,0.04,1,0.5,0.8,0.3,0.4
TEOWNtr5156,,Needleleaf tree,Ntr,GF,Ntr,GFET,,,13.767,0.043,0.909,0.682,0.379,0.5,0.03,0.05,0.09,0.06,1.6,0.4,0.7,0.4,1.5,0.1,0.2,0.04,1,0.5,0.8,0.3,0.4
TEOWNtr5157,,Needleleaf tree,Ntr,GF,Ntr,GFET,,,4.534,0.043,0.846,0.635,0.353,0.5,0.03,0.05,0.09,0.06,1.6,0.4,0.7,0.4,1.5,0.1,0.2,0.04,1,0.5,0.8,0.3,0.4
TEOWNtr5158,,Needleleaf tree,Ntr,GF,Ntr,GFET,,,7.164,0.043,0.873,0.655,0.364,0.5,0.03,0.05,0.09,0.06,1.6,0.4,0.7,0.4,1.5,0.1,0.2,0.04,1,0.5,0.8,0.3,0.4
TEOWNtr5159,,Needleleaf tree,Ntr,GF,Ntr,GFET,,,6.182,0.043,0.915,0.687,0.381,0.5,0.03,0.05,0.09,0.06,1.6,0.4,0.7,0.4,1.5,0.1,0.2,0.04,1,0.5,0.8,0.3,0.4
TEOWNtr5160,,Needleleaf tree,Ntr,GF,Ntr,GFET,,,10.132,0.043,0.905,0.679,0.377,0.5,0.03,0.05,0.09,0.06,1.6,0.4,0.7,0.4,1.5,0.1,0.2,0.04,1,0.5,0.8,0.3,0.4
TEOWNtr5161,,Needleleaf tree,Ntr,GF,Ntr,GFET,,,5.206,0.042,0.87,0.652,0.362,0.5,0.03,0.05,0.09,0.06,1.6,0.4,0.7,0.4,1.5,0.1,0.2,0.04,1,0.5,0.8,0.3,0.4
TEOWNtr5162,,Needleleaf tree,Ntr,GF,Ntr,GFET,,,16.463,1.563,0.596,0.447,0.248,0.5,0.03,0.05,0.09,0.06,1.6,0.4,0.7,0.4,1.5,0.1,0.2,0.04,1,0.5,0.8,0.3,0.4
TEOWNtr5163,,Needleleaf tree,Ntr,GF,Ntr,GFET,,,12.633,1.038,0.694,0.521,0.289,0.5,0.03,0.05,0.09,0.06,1.6,0.4,0.7,0.4,1.5,0.1,0.2,0.04,1,0.5,0.8,0.3,0.4
TEOWNtr5164,,Needleleaf tree,Ntr,GF,Ntr,GFET,,,5.632,0.043,0.916,0.687,0.381,0.5,0.03,0.05,0.09,0.06,1.6,0.4,0.7,0.4,1.5,0.1,0.2,0.04,1,0.5,0.8,0.3,0.4
TEOWNtr5165,,Needleleaf tree,Ntr,GF,Ntr,GFET,,,5.48,0.043,0.907,0.68,0.378,0.5,0.03,0.05,0.09,0.06,1.6,0.4,0.7,0.4,1.5,0.1,0.2,0.04,1,0.5,0.8,0.3,0.4
TEOWNtr5166,,Needleleaf tree,Ntr,GF,Ntr,GFET,,,12.037,0.043,0.91,0.682,0.379,0.5,0.03,0.05,0.09,0.06,1.6,0.4,0.7,0.4,1.5,0.1,0.2,0.04,1,0.5,0.8,0.3,0.4
TEOWNtr5167,,Needleleaf tree,Ntr,GF,Ntr,GFET,,,11.798,0.043,0.908,0.681,0.378,0.5,0.03,0.05,0.09,0.06,1.6,0.4,0.7,0.4,1.5,0.1,0.2,0.04,1,0.5,0.8,0.3,0.4
TEOWNtr5168,,Needleleaf tree,Ntr,GF,Ntr,GFET,,,16.58,1.476,0.615,0.461,0.256,0.5,0.03,0.05,0.09,0.06,1.6,0.4,0.7,0.4,1.5,0.1,0.2,0.04,1,0.5,0.8,0.3,0.4
TEOWNtr5169,,Needleleaf tree,Ntr,GF,Ntr,GFET,,,13.406,0.043,0.918,0.689,0.383,0.5,0.03,0.05,0.09,0.06,1.6,0.4,0.7,0.4,1.5,0.1,0.2,0.04,1,0.5,0.8,0.3,0.4
TEOWNtr5170,,Needleleaf tree,Ntr,GF,Ntr,GFET,,,13.63,0.043,0.906,0.679,0.377,0.5,0.03,0.05,0.09,0.06,1.6,0.4,0.7,0.4,1.5,0.1,0.2,0.04,1,0.5,0.8,0.3,0.4
TEOWNtr5171,,Needleleaf tree,Ntr,GF,Ntr,GFET,,,6.592,0.408,0.811,0.608,0.338,0.5,0.03,0.05,0.09,0.06,1.6,0.4,0.7,0.4,1.5,0.1,0.2,0.04,1,0.5,0.8,0.3,0.4
TEOWNtr5172,,Needleleaf tree,Ntr,GF,Ntr,GFET,,,13.488,0.038,0.921,0.69,0.384,0.5,0.03,0.05,0.09,0.06,1.6,0.4,0.7,0.4,1.5,0.1,0.2,0.04,1,0.5,0.8,0.3,0.4
TEOWNtr5173,,Needleleaf tree,Ntr,GF,Ntr,GFET,,,8.026,0.043,0.886,0.664,0.369,0.5,0.03,0.05,0.09,0.06,1.6,0.4,0.7,0.4,1.5,0.1,0.2,0.04,1,0.5,0.8,0.3,0.4
TEOWNtr5174,,Needleleaf tree,Ntr,GF,Ntr,GFET,,,4.305,0.049,0.833,0.624,0.347,0.5,0.03,0.05,0.09,0.06,1.6,0.4,0.7,0.4,1.5,0.1,0.2,0.04,1,0.5,0.8,0.3,0.4
TEOWNtr5175,,Needleleaf tree,Ntr,GF,Ntr,GFET,,,10.061,0.658,0.784,0.588,0.327,0.5,0.03,0.05,0.09,0.06,1.6,0.4,0.7,0.4,1.5,0.1,0.2,0.04,1,0.5,0.8,0.3,0.4
TEOWNtr5176,,Needleleaf tree,Ntr,GF,Ntr,GFET,,,14.297,2.028,0.552,0.414,0.23,0.5,0.03,0.05,0.09,0.06,1.6,0.4,0.7,0.4,1.5,0.1,0.2,0.04,1,0.5,0.8,0.3,0.4
TEOWNtr5177,,Needleleaf tree,Ntr,GF,Ntr,GFET,,,16.412,2.009,0.546,0.41,0.228,0.5,0.03,0.05,0.09,0.06,1.6,0.4,0.7,0.4,1.5,0.1,0.2,0.04,1,0.5,0.8,0.3,0.4
TEOWNtr5179,,Needleleaf tree,Ntr,GF,Ntr,GFET,,,17.16,0.06,0.902,0.677,0.376,0.5,0.03,0.05,0.09,0.06,1.6,0.4,0.7,0.4,1.5,0.1,0.2,0.04,1,0.5,0.8,0.3,0.4
TEOWNtr5180,,Needleleaf tree,Ntr,GF,Ntr,GFET,,,16.752,0.036,0.908,0.681,0.378,0.5,0.03,0.05,0.09,0.06,1.6,0.4,0.7,0.4,1.5,0.1,0.2,0.04,1,0.5,0.8,0.3,0.4
TEOWNtr5181,,Needleleaf tree,Ntr,GF,Ntr,GFET,,,15.769,0.038,0.933,0.7,0.389,0.5,0.03,0.05,0.09,0.06,1.6,0.4,0.7,0.4,1.5,0.1,0.2,0.04,1,0.5,0.8,0.3,0.4
TEOWNtr5182,,Needleleaf tree,Ntr,GF,Ntr,GFET,,,16.762,0.022,0.908,0.681,0.378,0.5,0.03,0.05,0.09,0.06,1.6,0.4,0.7,0.4,1.5,0.1,0.2,0.04,1,0.5,0.8,0.3,0.4
TEOWNtr5183,,Needleleaf tree,Ntr,GF,Ntr,GFET,,,16.502,0.035,0.91,0.683,0.379,0.5,0.03,0.05,0.09,0.06,1.6,0.4,0.7,0.4,1.5,0.1,0.2,0.04,1,0.5,0.8,0.3,0.4
TEOWNtr5184,,Needleleaf tree,Ntr,GF,Ntr,GFET,,,16.713,0.032,0.907,0.68,0.378,0.5,0.03,0.05,0.09,0.06,1.6,0.4,0.7,0.4,1.5,0.1,0.2,0.04,1,0.5,0.8,0.3,0.4
TEOWNtr5185,,Needleleaf tree,Ntr,GF,Ntr,GFET,,,16.085,0.039,0.91,0.682,0.379,0.5,0.03,0.05,0.09,0.06,1.6,0.4,0.7,0.4,1.5,0.1,0.2,0.04,1,0.5,0.8,0.3,0.4
TEOWNtr5186,,Needleleaf tree,Ntr,GF,Ntr,GFET,,,2.973,0.051,0.928,0.696,0.387,0.5,0.03,0.05,0.09,0.06,1.6,0.4,0.7,0.4,1.5,0.1,0.2,0.04,1,0.5,0.8,0.3,0.4
TEOWNtr5187,,Needleleaf tree,Ntr,GF,Ntr,GFET,,,8.034,0.042,0.752,0.564,0.313,0.5,0.03,0.05,0.09,0.06,1.6,0.4,0.7,0.4,1.5,0.1,0.2,0.04,1,0.5,0.8,0.3,0.4
TEOWNtr5188,,Needleleaf tree,Ntr,GF,Ntr,GFET,,,13.68,0.043,0.906,0.679,0.377,0.5,0.03,0.05,0.09,0.06,1.6,0.4,0.7,0.4,1.5,0.1,0.2,0.04,1,0.5,0.8,0.3,0.4
TEOWNtr5189,,Needleleaf tree,Ntr,GF,Ntr,GFET,,,13.417,0.043,0.906,0.679,0.377,0.5,0.03,0.05,0.09,0.06,1.6,0.4,0.7,0.4,1.5,0.1,0.2,0.04,1,0.5,0.8,0.3,0.4
TEOWNtr5190,,Needleleaf tree,Ntr,GF,Ntr,GFET,,,16.618,0.036,0.907,0.68,0.378,0.5,0.03,0.05,0.09,0.06,1.6,0.4,0.7,0.4,1.5,0.1,0.2,0.04,1,0.5,0.8,0.3,0.4
TEOWNtr5191,,Needleleaf tree,Ntr,GF,Ntr,GFET,,,19.949,0.772,0.704,0.528,0.293,0.5,0.03,0.05,0.09,0.06,1.6,0.4,0.7,0.4,1.5,0.1,0.2,0.04,1,0.5,0.8,0.3,0.4
TEOWNtr5192,,Needleleaf tree,Ntr,GF,Ntr,GFET,,,10.257,0.003,0.576,0.432,0.24,0.5,0.03,0.05,0.09,0.06,1.6,0.4,0.7,0.4,1.5,0.1,0.2,0.04,1,0.5,0.8,0.3,0.4
TEOWNtr5193,,Needleleaf tree,Ntr,GF,Ntr,GFET,,,6.589,0.04,0.993,0.745,0.414,0.5,0.03,0.05,0.09,0.06,1.6,0.4,0.7,0.4,1.5,0.1,0.2,0.04,1,0.5,0.8,0.3,0.4
TEOWNtr5194,,Needleleaf tree,Ntr,GF,Ntr,GFET,,,17.132,0.006,0.906,0.68,0.378,0.5,0.03,0.05,0.09,0.06,1.6,0.4,0.7,0.4,1.5,0.1,0.2,0.04,1,0.5,0.8,0.3,0.4
TEOWNtr5195,,Needleleaf tree,Ntr,GF,Ntr,GFET,,,16.489,0.038,0.908,0.681,0.378,0.5,0.03,0.05,0.09,0.06,1.6,0.4,0.7,0.4,1.5,0.1,0.2,0.04,1,0.5,0.8,0.3,0.4
TEOWNtr5196,,Needleleaf tree,Ntr,GF,Ntr,GFET,,,16.372,0.031,0.908,0.681,0.378,0.5,0.03,0.05,0.09,0.06,1.6,0.4,0.7,0.4,1.5,0.1,0.2,0.04,1,0.5,0.8,0.3,0.4
TEOWNtr5197,,Needleleaf tree,Ntr,GF,Ntr,GFET,,,16.389,0.042,0.909,0.682,0.379,0.5,0.03,0.05,0.09,0.06,1.6,0.4,0.7,0.4,1.5,0.1,0.2,0.04,1,0.5,0.8,0.3,0.4
TEOWNtr5198,,Needleleaf tree,Ntr,GF,Ntr,GFET,,,16.223,0.04,0.912,0.684,0.38,0.5,0.03,0.05,0.09,0.06,1.6,0.4,0.7,0.4,1.5,0.1,0.2,0.04,1,0.5,0.8,0.3,0.4
TEOWNtr5199,,Needleleaf tree,Ntr,GF,Ntr,GFET,,,20.067,0.748,0.662,0.497,0.276,0.5,0.03,0.05,0.09,0.06,1.6,0.4,0.7,0.4,1.5,0.1,0.2,0.04,1,0.5,0.8,0.3,0.4
TEOWNtr5200,,Needleleaf tree,Ntr,GF,Ntr,GFET,,,0.292,0.043,0.904,0.678,0.377,0.5,0.03,0.05,0.09,0.06,1.6,0.4,0.7,0.4,1.5,0.1,0.2,0.04,1,0.5,0.8,0.3,0.4
TEOWNtr5201,,Needleleaf tree,Ntr,GF,Ntr,GFET,,,2.221,0.043,0.906,0.68,0.378,0.5,0.03,0.05,0.09,0.06,1.6,0.4,0.7,0.4,1.5,0.1,0.2,0.04,1,0.5,0.8,0.3,0.4
TEOWNtr5202,,Needleleaf tree,Ntr,GF,Ntr,GFET,,,0.003,0.043,0.907,0.68,0.378,0.5,0.03,0.05,0.09,0.06,1.6,0.4,0.7,0.4,1.5,0.1,0.2,0.04,1,0.5,0.8,0.3,0.4
TEOWNtr5203,,Needleleaf tree,Ntr,GF,Ntr,GFET,,,0.003,0.043,0.906,0.68,0.378,0.5,0.03,0.05,0.09,0.06,1.6,0.4,0.7,0.4,1.5,0.1,0.2,0.04,1,0.5,0.8,0.3,0.4
TEOWNtr5204,,Needleleaf tree,Ntr,GF,Ntr,GFET,,,6.966,0.114,0.901,0.676,0.375,0.5,0.03,0.05,0.09,0.06,1.6,0.4,0.7,0.4,1.5,0.1,0.2,0.04,1,0.5,0.8,0.3,0.4
TEOWNtr5205,,Needleleaf tree,Ntr,GF,Ntr,GFET,,,13.877,0.042,0.905,0.679,0.377,0.5,0.03,0.05,0.09,0.06,1.6,0.4,0.7,0.4,1.5,0.1,0.2,0.04,1,0.5,0.8,0.3,0.4
TEOWNtr5206,,Needleleaf tree,Ntr,GF,Ntr,GFET,,,15.79,0.042,0.907,0.68,0.378,0.5,0.03,0.05,0.09,0.06,1.6,0.4,0.7,0.4,1.5,0.1,0.2,0.04,1,0.5,0.8,0.3,0.4
TEOWNtr5207,,Needleleaf tree,Ntr,GF,Ntr,GFET,,,16.368,0.042,0.906,0.679,0.377,0.5,0.03,0.05,0.09,0.06,1.6,0.4,0.7,0.4,1.5,0.1,0.2,0.04,1,0.5,0.8,0.3,0.4
TEOWNtr5208,,Needleleaf tree,Ntr,GF,Ntr,GFET,,,15.099,0.043,0.905,0.679,0.377,0.5,0.03,0.05,0.09,0.06,1.6,0.4,0.7,0.4,1.5,0.1,0.2,0.04,1,0.5,0.8,0.3,0.4
TEOWNtr5209,,Needleleaf tree,Ntr,GF,Ntr,GFET,,,12.727,0.043,0.907,0.68,0.378,0.5,0.03,0.05,0.09,0.06,1.6,0.4,0.7,0.4,1.5,0.1,0.2,0.04,1,0.5,0.8,0.3,0.4
TEOWNtr5210,,Needleleaf tree,Ntr,GF,Ntr,GFET,,,11.846,0.043,0.907,0.68,0.378,0.5,0.03,0.05,0.09,0.06,1.6,0.4,0.7,0.4,1.5,0.1,0.2,0.04,1,0.5,0.8,0.3,0.4
TEOWNtr5211,,Needleleaf tree,Ntr,GF,Ntr,GFET,,,11.964,0.043,0.906,0.679,0.377,0.5,0.03,0.05,0.09,0.06,1.6,0.4,0.7,0.4,1.5,0.1,0.2,0.04,1,0.5,0.8,0.3,0.4
TEOWNtr5212,,Needleleaf tree,Ntr,GF,Ntr,GFET,,,9.589,0.043,0.906,0.68,0.378,0.5,0.03,0.05,0.09,0.06,1.6,0.4,0.7,0.4,1.5,0.1,0.2,0.04,1,0.5,0.8,0.3,0.4
TEOWNtr5213,,Needleleaf tree,Ntr,GF,Ntr,GFET,,,14.392,0.043,0.905,0.679,0.377,0.5,0.03,0.05,0.09,0.06,1.6,0.4,0.7,0.4,1.5,0.1,0.2,0.04,1,0.5,0.8,0.3,0.4
TEOWNtr5214,,Needleleaf tree,Ntr,GF,Ntr,GFET,,,9.55,0.043,0.905,0.679,0.377,0.5,0.03,0.05,0.09,0.06,1.6,0.4,0.7,0.4,1.5,0.1,0.2,0.04,1,0.5,0.8,0.3,0.4
TEOWNtr5215,,Needleleaf tree,Ntr,GF,Ntr,GFET,,,11.813,0.043,0.913,0.685,0.38,0.5,0.03,0.05,0.09,0.06,1.6,0.4,0.7,0.4,1.5,0.1,0.2,0.04,1,0.5,0.8,0.3,0.4
TEOWNtr5216,,Needleleaf tree,Ntr,GF,Ntr,GFET,,,12.723,0.043,0.905,0.679,0.377,0.5,0.03,0.05,0.09,0.06,1.6,0.4,0.7,0.4,1.5,0.1,0.2,0.04,1,0.5,0.8,0.3,0.4
TEOWNtr5217,,Needleleaf tree,Ntr,GF,Ntr,GFET,,,11.236,0.043,0.908,0.681,0.378,0.5,0.03,0.05,0.09,0.06,1.6,0.4,0.7,0.4,1.5,0.1,0.2,0.04,1,0.5,0.8,0.3,0.4
TEOWNtr5218,,Needleleaf tree,Ntr,GF,Ntr,GFET,,,10.656,0.043,0.907,0.68,0.378,0.5,0.03,0.05,0.09,0.06,1.6,0.4,0.7,0.4,1.5,0.1,0.2,0.04,1,0.5,0.8,0.3,0.4
TEOWNtr5219,,Needleleaf tree,Ntr,GF,Ntr,GFET,,,10.723,0.043,0.907,0.68,0.378,0.5,0.03,0.05,0.09,0.06,1.6,0.4,0.7,0.4,1.5,0.1,0.2,0.04,1,0.5,0.8,0.3,0.4
TEOWNtr5220,,Needleleaf tree,Ntr,GF,Ntr,GFET,,,12.305,0.043,0.905,0.679,0.377,0.5,0.03,0.05,0.09,0.06,1.6,0.4,0.7,0.4,1.5,0.1,0.2,0.04,1,0.5,0.8,0.3,0.4
TEOWNtr5221,,Needleleaf tree,Ntr,GF,Ntr,GFET,,,12.968,0.043,0.91,0.682,0.379,0.5,0.03,0.05,0.09,0.06,1.6,0.4,0.7,0.4,1.5,0.1,0.2,0.04,1,0.5,0.8,0.3,0.4
TEOWNtr5222,,Needleleaf tree,Ntr,GF,Ntr,GFET,,,8.302,0.286,0.569,0.427,0.237,0.5,0.03,0.05,0.09,0.06,1.6,0.4,0.7,0.4,1.5,0.1,0.2,0.04,1,0.5,0.8,0.3,0.4
TEOWNtr5223,,Needleleaf tree,Ntr,GF,Ntr,GFET,,,12.636,0.043,0.906,0.679,0.377,0.5,0.03,0.05,0.09,0.06,1.6,0.4,0.7,0.4,1.5,0.1,0.2,0.04,1,0.5,0.8,0.3,0.4
TEOWNtr5224,,Needleleaf tree,Ntr,GF,Ntr,GFET,,,12.905,0.043,0.906,0.68,0.378,0.5,0.03,0.05,0.09,0.06,1.6,0.4,0.7,0.4,1.5,0.1,0.2,0.04,1,0.5,0.8,0.3,0.4
TEOWNtr5225,,Needleleaf tree,Ntr,GF,Ntr,GFET,,,13.926,0.043,0.906,0.679,0.377,0.5,0.03,0.05,0.09,0.06,1.6,0.4,0.7,0.4,1.5,0.1,0.2,0.04,1,0.5,0.8,0.3,0.4
TEOWNtr5226,,Needleleaf tree,Ntr,GF,Ntr,GFET,,,15.428,0.042,0.905,0.679,0.377,0.5,0.03,0.05,0.09,0.06,1.6,0.4,0.7,0.4,1.5,0.1,0.2,0.04,1,0.5,0.8,0.3,0.4
TEOWNtr5227,,Needleleaf tree,Ntr,GF,Ntr,GFET,,,11.811,0.043,0.906,0.68,0.378,0.5,0.03,0.05,0.09,0.06,1.6,0.4,0.7,0.4,1.5,0.1,0.2,0.04,1,0.5,0.8,0.3,0.4
TEOWNtr5228,,Needleleaf tree,Ntr,GF,Ntr,GFET,,,10.892,0.043,0.912,0.684,0.38,0.5,0.03,0.05,0.09,0.06,1.6,0.4,0.7,0.4,1.5,0.1,0.2,0.04,1,0.5,0.8,0.3,0.4
TEOWNtr5229,,Needleleaf tree,Ntr,GF,Ntr,GFET,,,11.565,0.043,0.905,0.679,0.377,0.5,0.03,0.05,0.09,0.06,1.6,0.4,0.7,0.4,1.5,0.1,0.2,0.04,1,0.5,0.8,0.3,0.4
TEOWNtr5230,,Needleleaf tree,Ntr,GF,Ntr,GFET,,,0.01,0.01,0.012,0.009,0.005,0.5,0.03,0.05,0.09,0.06,1.6,0.4,0.7,0.4,1.5,0.1,0.2,0.04,1,0.5,0.8,0.3,0.4
TEOWNtr5231,,Needleleaf tree,Ntr,GF,Ntr,GFET,,,13.549,0.043,0.907,0.68,0.378,0.5,0.03,0.05,0.09,0.06,1.6,0.4,0.7,0.4,1.5,0.1,0.2,0.04,1,0.5,0.8,0.3,0.4
TEOWNtr5232,,Needleleaf tree,Ntr,GF,Ntr,GFET,,,5.759,0.043,0.905,0.679,0.377,0.5,0.03,0.05,0.09,0.06,1.6,0.4,0.7,0.4,1.5,0.1,0.2,0.04,1,0.5,0.8,0.3,0.4
TEOWNtr5233,,Needleleaf tree,Ntr,GF,Ntr,GFET,,,14.029,0.043,0.905,0.679,0.377,0.5,0.03,0.05,0.09,0.06,1.6,0.4,0.7,0.4,1.5,0.1,0.2,0.04,1,0.5,0.8,0.3,0.4
TEOWNtr5234,,Needleleaf tree,Ntr,GF,Ntr,GFET,,,12.643,0.043,0.906,0.68,0.378,0.5,0.03,0.05,0.09,0.06,1.6,0.4,0.7,0.4,1.5,0.1,0.2,0.04,1,0.5,0.8,0.3,0.4
TEOWNtr5235,,Needleleaf tree,Ntr,GF,Ntr,GFET,,,12.195,0.043,0.906,0.679,0.377,0.5,0.03,0.05,0.09,0.06,1.6,0.4,0.7,0.4,1.5,0.1,0.2,0.04,1,0.5,0.8,0.3,0.4
TEOWNtr5236,,Needleleaf tree,Ntr,GF,Ntr,GFET,,,13.489,0.043,0.906,0.679,0.377,0.5,0.03,0.05,0.09,0.06,1.6,0.4,0.7,0.4,1.5,0.1,0.2,0.04,1,0.5,0.8,0.3,0.4
TEOWNtr5237,,Needleleaf tree,Ntr,GF,Ntr,GFET,,,13.021,0.043,0.91,0.683,0.379,0.5,0.03,0.05,0.09,0.06,1.6,0.4,0.7,0.4,1.5,0.1,0.2,0.04,1,0.5,0.8,0.3,0.4
TEOWNtr5238,,Needleleaf tree,Ntr,GF,Ntr,GFET,,,12.503,0.043,0.905,0.679,0.377,0.5,0.03,0.05,0.09,0.06,1.6,0.4,0.7,0.4,1.5,0.1,0.2,0.04,1,0.5,0.8,0.3,0.4
TEOWNtr5239,,Needleleaf tree,Ntr,GF,Ntr,GFET,,,10.842,0.043,0.91,0.682,0.379,0.5,0.03,0.05,0.09,0.06,1.6,0.4,0.7,0.4,1.5,0.1,0.2,0.04,1,0.5,0.8,0.3,0.4
TEOWNtr5240,,Needleleaf tree,Ntr,GF,Ntr,GFET,,,11.796,0.043,0.913,0.685,0.38,0.5,0.03,0.05,0.09,0.06,1.6,0.4,0.7,0.4,1.5,0.1,0.2,0.04,1,0.5,0.8,0.3,0.4
TEOWNtr5241,,Needleleaf tree,Ntr,GF,Ntr,GFET,,,12.843,0.043,0.905,0.679,0.377,0.5,0.03,0.05,0.09,0.06,1.6,0.4,0.7,0.4,1.5,0.1,0.2,0.04,1,0.5,0.8,0.3,0.4
TEOWNtr5242,,Needleleaf tree,Ntr,GF,Ntr,GFET,,,7.451,0.3,0.59,0.443,0.246,0.5,0.03,0.05,0.09,0.06,1.6,0.4,0.7,0.4,1.5,0.1,0.2,0.04,1,0.5,0.8,0.3,0.4
TEOWNtr5243,,Needleleaf tree,Ntr,GF,Ntr,GFET,,,11.358,0.043,0.907,0.68,0.378,0.5,0.03,0.05,0.09,0.06,1.6,0.4,0.7,0.4,1.5,0.1,0.2,0.04,1,0.5,0.8,0.3,0.4
TEOWNtr5244,,Needleleaf tree,Ntr,GF,Ntr,GFET,,,12.621,0.043,0.906,0.68,0.378,0.5,0.03,0.05,0.09,0.06,1.6,0.4,0.7,0.4,1.5,0.1,0.2,0.04,1,0.5,0.8,0.3,0.4
TEOWNtr5245,,Needleleaf tree,Ntr,GF,Ntr,GFET,,,14.464,0.043,0.905,0.679,0.377,0.5,0.03,0.05,0.09,0.06,1.6,0.4,0.7,0.4,1.5,0.1,0.2,0.04,1,0.5,0.8,0.3,0.4
TEOWNtr5246,,Needleleaf tree,Ntr,GF,Ntr,GFET,,,11.583,0.043,0.906,0.679,0.377,0.5,0.03,0.05,0.09,0.06,1.6,0.4,0.7,0.4,1.5,0.1,0.2,0.04,1,0.5,0.8,0.3,0.4
TEOWNtr5247,,Needleleaf tree,Ntr,GF,Ntr,GFET,,,12.054,0.043,0.906,0.679,0.377,0.5,0.03,0.05,0.09,0.06,1.6,0.4,0.7,0.4,1.5,0.1,0.2,0.04,1,0.5,0.8,0.3,0.4
TEOWNtr5248,,Needleleaf tree,Ntr,GF,Ntr,GFET,,,14.606,0.042,0.906,0.679,0.377,0.5,0.03,0.05,0.09,0.06,1.6,0.4,0.7,0.4,1.5,0.1,0.2,0.04,1,0.5,0.8,0.3,0.4
TEOWNtr5249,,Needleleaf tree,Ntr,GF,Ntr,GFET,,,15.149,0.042,0.905,0.679,0.377,0.5,0.03,0.05,0.09,0.06,1.6,0.4,0.7,0.4,1.5,0.1,0.2,0.04,1,0.5,0.8,0.3,0.4
TEOWNtr5250,,Needleleaf tree,Ntr,GF,Ntr,GFET,,,14.005,0.043,0.903,0.677,0.376,0.5,0.03,0.05,0.09,0.06,1.6,0.4,0.7,0.4,1.5,0.1,0.2,0.04,1,0.5,0.8,0.3,0.4
TEOWNtr5251,,Needleleaf tree,Ntr,GF,Ntr,GFET,,,12.422,0.043,0.905,0.679,0.377,0.5,0.03,0.05,0.09,0.06,1.6,0.4,0.7,0.4,1.5,0.1,0.2,0.04,1,0.5,0.8,0.3,0.4
TEOWNtr5252,,Needleleaf tree,Ntr,GF,Ntr,GFET,,,12.456,0.043,0.905,0.679,0.377,0.5,0.03,0.05,0.09,0.06,1.6,0.4,0.7,0.4,1.5,0.1,0.2,0.04,1,0.5,0.8,0.3,0.4
TEOWNtr5253,,Needleleaf tree,Ntr,GF,Ntr,GFET,,,0.01,0.01,0.012,0.009,0.005,0.5,0.03,0.05,0.09,0.06,1.6,0.4,0.7,0.4,1.5,0.1,0.2,0.04,1,0.5,0.8,0.3,0.4
TEOWNtr5254,,Needleleaf tree,Ntr,GF,Ntr,GFET,,,8.046,0.043,0.906,0.68,0.378,0.5,0.03,0.05,0.09,0.06,1.6,0.4,0.7,0.4,1.5,0.1,0.2,0.04,1,0.5,0.8,0.3,0.4
TEOWNtr5255,,Needleleaf tree,Ntr,GF,Ntr,GFET,,,12.408,0.043,0.912,0.684,0.38,0.5,0.03,0.05,0.09,0.06,1.6,0.4,0.7,0.4,1.5,0.1,0.2,0.04,1,0.5,0.8,0.3,0.4
TEOWNtr5256,,Needleleaf tree,Ntr,GF,Ntr,GFET,,,13.065,0.043,0.907,0.68,0.378,0.5,0.03,0.05,0.09,0.06,1.6,0.4,0.7,0.4,1.5,0.1,0.2,0.04,1,0.5,0.8,0.3,0.4
TEOWNtr5257,,Needleleaf tree,Ntr,GF,Ntr,GFET,,,14.057,0.043,0.905,0.679,0.377,0.5,0.03,0.05,0.09,0.06,1.6,0.4,0.7,0.4,1.5,0.1,0.2,0.04,1,0.5,0.8,0.3,0.4
TEOWNtr5258,,Needleleaf tree,Ntr,GF,Ntr,GFET,,,13.822,0.043,0.905,0.679,0.377,0.5,0.03,0.05,0.09,0.06,1.6,0.4,0.7,0.4,1.5,0.1,0.2,0.04,1,0.5,0.8,0.3,0.4
TEOWNtr5259,,Needleleaf tree,Ntr,GF,Ntr,GFET,,,9.458,0.043,0.905,0.679,0.377,0.5,0.03,0.05,0.09,0.06,1.6,0.4,0.7,0.4,1.5,0.1,0.2,0.04,1,0.5,0.8,0.3,0.4
TEOWNtr5260,,Needleleaf tree,Ntr,GF,Ntr,GFET,,,12.841,0.043,0.905,0.679,0.377,0.5,0.03,0.05,0.09,0.06,1.6,0.4,0.7,0.4,1.5,0.1,0.2,0.04,1,0.5,0.8,0.3,0.4
TEOWNtr5261,,Needleleaf tree,Ntr,GF,Ntr,GFET,,,13.465,0.043,0.905,0.679,0.377,0.5,0.03,0.05,0.09,0.06,1.6,0.4,0.7,0.4,1.5,0.1,0.2,0.04,1,0.5,0.8,0.3,0.4
TEOWNtr5262,,Needleleaf tree,Ntr,GF,Ntr,GFET,,,9.37,0.043,0.906,0.679,0.377,0.5,0.03,0.05,0.09,0.06,1.6,0.4,0.7,0.4,1.5,0.1,0.2,0.04,1,0.5,0.8,0.3,0.4
TEOWNtr5263,,Needleleaf tree,Ntr,GF,Ntr,GFET,,,8.985,0.043,0.906,0.679,0.377,0.5,0.03,0.05,0.09,0.06,1.6,0.4,0.7,0.4,1.5,0.1,0.2,0.04,1,0.5,0.8,0.3,0.4
TEOWNtr5264,,Needleleaf tree,Ntr,GF,Ntr,GFET,,,7.837,0.043,0.906,0.679,0.377,0.5,0.03,0.05,0.09,0.06,1.6,0.4,0.7,0.4,1.5,0.1,0.2,0.04,1,0.5,0.8,0.3,0.4
TEOWNtr5265,,Needleleaf tree,Ntr,GF,Ntr,GFET,,,9.885,0.043,0.905,0.679,0.377,0.5,0.03,0.05,0.09,0.06,1.6,0.4,0.7,0.4,1.5,0.1,0.2,0.04,1,0.5,0.8,0.3,0.4
TEOWNtr5266,,Needleleaf tree,Ntr,GF,Ntr,GFET,,,14.877,0.043,0.906,0.679,0.377,0.5,0.03,0.05,0.09,0.06,1.6,0.4,0.7,0.4,1.5,0.1,0.2,0.04,1,0.5,0.8,0.3,0.4
TEOWNtr5267,,Needleleaf tree,Ntr,GF,Ntr,GFET,,,13.452,0.043,0.906,0.679,0.377,0.5,0.03,0.05,0.09,0.06,1.6,0.4,0.7,0.4,1.5,0.1,0.2,0.04,1,0.5,0.8,0.3,0.4
TEOWNtr5268,,Needleleaf tree,Ntr,GF,Ntr,GFET,,,12.743,0.043,0.908,0.681,0.378,0.5,0.03,0.05,0.09,0.06,1.6,0.4,0.7,0.4,1.5,0.1,0.2,0.04,1,0.5,0.8,0.3,0.4
TEOWNtr5269,,Needleleaf tree,Ntr,GF,Ntr,GFET,,,11.816,0.043,0.908,0.681,0.378,0.5,0.03,0.05,0.09,0.06,1.6,0.4,0.7,0.4,1.5,0.1,0.2,0.04,1,0.5,0.8,0.3,0.4
TEOWNtr5270,,Needleleaf tree,Ntr,GF,Ntr,GFET,,,11.44,0.043,0.905,0.679,0.377,0.5,0.03,0.05,0.09,0.06,1.6,0.4,0.7,0.4,1.5,0.1,0.2,0.04,1,0.5,0.8,0.3,0.4
TEOWNtr5271,,Needleleaf tree,Ntr,GF,Ntr,GFET,,,11.995,0.043,0.904,0.678,0.377,0.5,0.03,0.05,0.09,0.06,1.6,0.4,0.7,0.4,1.5,0.1,0.2,0.04,1,0.5,0.8,0.3,0.4
TEOWNtr5272,,Needleleaf tree,Ntr,GF,Ntr,GFET,,,8.119,0.043,0.905,0.679,0.377,0.5,0.03,0.05,0.09,0.06,1.6,0.4,0.7,0.4,1.5,0.1,0.2,0.04,1,0.5,0.8,0.3,0.4
TEOWNtr5273,,Needleleaf tree,Ntr,GF,Ntr,GFET,,,9.426,0.043,0.906,0.68,0.378,0.5,0.03,0.05,0.09,0.06,1.6,0.4,0.7,0.4,1.5,0.1,0.2,0.04,1,0.5,0.8,0.3,0.4
TEOWNtr5274,,Needleleaf tree,Ntr,GF,Ntr,GFET,,,8.592,0.043,0.905,0.679,0.377,0.5,0.03,0.05,0.09,0.06,1.6,0.4,0.7,0.4,1.5,0.1,0.2,0.04,1,0.5,0.8,0.3,0.4
TEOWNtr5275,,Needleleaf tree,Ntr,GF,Ntr,GFET,,,8.358,0.043,0.905,0.679,0.377,0.5,0.03,0.05,0.09,0.06,1.6,0.4,0.7,0.4,1.5,0.1,0.2,0.04,1,0.5,0.8,0.3,0.4
TEOWNtr5276,,Needleleaf tree,Ntr,GF,Ntr,GFET,,,10.237,0.043,0.906,0.679,0.377,0.5,0.03,0.05,0.09,0.06,1.6,0.4,0.7,0.4,1.5,0.1,0.2,0.04,1,0.5,0.8,0.3,0.4
TEOWNtr5277,,Needleleaf tree,Ntr,GF,Ntr,GFET,,,8.454,0.043,0.905,0.679,0.377,0.5,0.03,0.05,0.09,0.06,1.6,0.4,0.7,0.4,1.5,0.1,0.2,0.04,1,0.5,0.8,0.3,0.4
TEOWNtr5278,,Needleleaf tree,Ntr,GF,Ntr,GFET,,,11.98,0.043,0.916,0.687,0.382,0.5,0.03,0.05,0.09,0.06,1.6,0.4,0.7,0.4,1.5,0.1,0.2,0.04,1,0.5,0.8,0.3,0.4
TEOWNtr5279,,Needleleaf tree,Ntr,GF,Ntr,GFET,,,10.778,0.043,0.909,0.682,0.379,0.5,0.03,0.05,0.09,0.06,1.6,0.4,0.7,0.4,1.5,0.1,0.2,0.04,1,0.5,0.8,0.3,0.4
TEOWNtr5280,,Needleleaf tree,Ntr,GF,Ntr,GFET,,,10.504,0.043,0.904,0.678,0.377,0.5,0.03,0.05,0.09,0.06,1.6,0.4,0.7,0.4,1.5,0.1,0.2,0.04,1,0.5,0.8,0.3,0.4
TEOWNtr5281,,Needleleaf tree,Ntr,GF,Ntr,GFET,,,11.447,0.043,0.906,0.679,0.377,0.5,0.03,0.05,0.09,0.06,1.6,0.4,0.7,0.4,1.5,0.1,0.2,0.04,1,0.5,0.8,0.3,0.4
TEOWNtr5282,,Needleleaf tree,Ntr,GF,Ntr,GFET,,,13.622,0.043,0.911,0.683,0.38,0.5,0.03,0.05,0.09,0.06,1.6,0.4,0.7,0.4,1.5,0.1,0.2,0.04,1,0.5,0.8,0.3,0.4
TEOWNtr5283,,Needleleaf tree,Ntr,GF,Ntr,GFET,,,12.646,0.044,0.902,0.676,0.376,0.5,0.03,0.05,0.09,0.06,1.6,0.4,0.7,0.4,1.5,0.1,0.2,0.04,1,0.5,0.8,0.3,0.4
TEOWNtr5284,,Needleleaf tree,Ntr,GF,Ntr,GFET,,,11.953,0.043,0.902,0.676,0.376,0.5,0.03,0.05,0.09,0.06,1.6,0.4,0.7,0.4,1.5,0.1,0.2,0.04,1,0.5,0.8,0.3,0.4
TEOWNtr5285,,Needleleaf tree,Ntr,GF,Ntr,GFET,,,11.214,0.043,0.906,0.679,0.377,0.5,0.03,0.05,0.09,0.06,1.6,0.4,0.7,0.4,1.5,0.1,0.2,0.04,1,0.5,0.8,0.3,0.4
TEOWNtr5286,,Needleleaf tree,Ntr,GF,Ntr,GFET,,,10.701,0.043,0.906,0.679,0.377,0.5,0.03,0.05,0.09,0.06,1.6,0.4,0.7,0.4,1.5,0.1,0.2,0.04,1,0.5,0.8,0.3,0.4
TEOWNtr5287,,Needleleaf tree,Ntr,GF,Ntr,GFET,,,11.979,0.043,0.907,0.68,0.378,0.5,0.03,0.05,0.09,0.06,1.6,0.4,0.7,0.4,1.5,0.1,0.2,0.04,1,0.5,0.8,0.3,0.4
TEOWNtr5288,,Needleleaf tree,Ntr,GF,Ntr,GFET,,,13.462,0.043,0.906,0.679,0.377,0.5,0.03,0.05,0.09,0.06,1.6,0.4,0.7,0.4,1.5,0.1,0.2,0.04,1,0.5,0.8,0.3,0.4
TEOWNtr5289,,Needleleaf tree,Ntr,GF,Ntr,GFET,,,10.76,0.043,0.905,0.679,0.377,0.5,0.03,0.05,0.09,0.06,1.6,0.4,0.7,0.4,1.5,0.1,0.2,0.04,1,0.5,0.8,0.3,0.4
TEOWNtr5290,,Needleleaf tree,Ntr,GF,Ntr,GFET,,,9.911,0.043,0.914,0.685,0.381,0.5,0.03,0.05,0.09,0.06,1.6,0.4,0.7,0.4,1.5,0.1,0.2,0.04,1,0.5,0.8,0.3,0.4
TEOWNtr5291,,Needleleaf tree,Ntr,GF,Ntr,GFET,,,11.226,0.043,0.905,0.679,0.377,0.5,0.03,0.05,0.09,0.06,1.6,0.4,0.7,0.4,1.5,0.1,0.2,0.04,1,0.5,0.8,0.3,0.4
TEOWNtr5292,,Needleleaf tree,Ntr,GF,Ntr,GFET,,,11.754,0.043,0.905,0.679,0.377,0.5,0.03,0.05,0.09,0.06,1.6,0.4,0.7,0.4,1.5,0.1,0.2,0.04,1,0.5,0.8,0.3,0.4
TEOWNtr5293,,Needleleaf tree,Ntr,GF,Ntr,GFET,,,7.424,0.043,0.905,0.679,0.377,0.5,0.03,0.05,0.09,0.06,1.6,0.4,0.7,0.4,1.5,0.1,0.2,0.04,1,0.5,0.8,0.3,0.4
TEOWNtr5294,,Needleleaf tree,Ntr,GF,Ntr,GFET,,,10.945,0.043,0.906,0.679,0.377,0.5,0.03,0.05,0.09,0.06,1.6,0.4,0.7,0.4,1.5,0.1,0.2,0.04,1,0.5,0.8,0.3,0.4
TEOWNtr5295,,Needleleaf tree,Ntr,GF,Ntr,GFET,,,13.165,0.043,0.905,0.679,0.377,0.5,0.03,0.05,0.09,0.06,1.6,0.4,0.7,0.4,1.5,0.1,0.2,0.04,1,0.5,0.8,0.3,0.4
TEOWNtr5296,,Needleleaf tree,Ntr,GF,Ntr,GFET,,,9.027,0.043,0.908,0.681,0.378,0.5,0.03,0.05,0.09,0.06,1.6,0.4,0.7,0.4,1.5,0.1,0.2,0.04,1,0.5,0.8,0.3,0.4
TEOWNtr5297,,Needleleaf tree,Ntr,GF,Ntr,GFET,,,5.904,0.043,0.905,0.679,0.377,0.5,0.03,0.05,0.09,0.06,1.6,0.4,0.7,0.4,1.5,0.1,0.2,0.04,1,0.5,0.8,0.3,0.4
TEOWNtr5298,,Needleleaf tree,Ntr,GF,Ntr,GFET,,,9.475,0.043,0.925,0.693,0.385,0.5,0.03,0.05,0.09,0.06,1.6,0.4,0.7,0.4,1.5,0.1,0.2,0.04,1,0.5,0.8,0.3,0.4
TEOWNtr5299,,Needleleaf tree,Ntr,GF,Ntr,GFET,,,11.42,0.043,0.906,0.679,0.377,0.5,0.03,0.05,0.09,0.06,1.6,0.4,0.7,0.4,1.5,0.1,0.2,0.04,1,0.5,0.8,0.3,0.4
TEOWNtr5300,,Needleleaf tree,Ntr,GF,Ntr,GFET,,,16.366,0.033,0.908,0.681,0.378,0.5,0.03,0.05,0.09,0.06,1.6,0.4,0.7,0.4,1.5,0.1,0.2,0.04,1,0.5,0.8,0.3,0.4
TEOWNtr5301,,Needleleaf tree,Ntr,GF,Ntr,GFET,,,14.697,0.043,0.906,0.679,0.377,0.5,0.03,0.05,0.09,0.06,1.6,0.4,0.7,0.4,1.5,0.1,0.2,0.04,1,0.5,0.8,0.3,0.4
TEOWNtr5302,,Needleleaf tree,Ntr,GF,Ntr,GFET,,,13.825,0.043,0.899,0.674,0.374,0.5,0.03,0.05,0.09,0.06,1.6,0.4,0.7,0.4,1.5,0.1,0.2,0.04,1,0.5,0.8,0.3,0.4
TEOWNtr5303,,Needleleaf tree,Ntr,GF,Ntr,GFET,,,16.138,0.034,0.944,0.708,0.393,0.5,0.03,0.05,0.09,0.06,1.6,0.4,0.7,0.4,1.5,0.1,0.2,0.04,1,0.5,0.8,0.3,0.4
TEOWNtr5304,,Needleleaf tree,Ntr,GF,Ntr,GFET,,,14.591,0.042,0.905,0.679,0.377,0.5,0.03,0.05,0.09,0.06,1.6,0.4,0.7,0.4,1.5,0.1,0.2,0.04,1,0.5,0.8,0.3,0.4
TEOWNtr5305,,Needleleaf tree,Ntr,GF,Ntr,GFET,,,16.896,0.025,0.966,0.725,0.403,0.5,0.03,0.05,0.09,0.06,1.6,0.4,0.7,0.4,1.5,0.1,0.2,0.04,1,0.5,0.8,0.3,0.4
TEOWNtr5306,,Needleleaf tree,Ntr,GF,Ntr,GFET,,,0.003,0.043,0.902,0.676,0.376,0.5,0.03,0.05,0.09,0.06,1.6,0.4,0.7,0.4,1.5,0.1,0.2,0.04,1,0.5,0.8,0.3,0.4
TEOWNtr5307,,Needleleaf tree,Ntr,GF,Ntr,GFET,,,0.003,0.043,0.905,0.679,0.377,0.5,0.03,0.05,0.09,0.06,1.6,0.4,0.7,0.4,1.5,0.1,0.2,0.04,1,0.5,0.8,0.3,0.4
TEOWNtr5308,,Needleleaf tree,Ntr,GF,Ntr,GFET,,,0.003,0.043,0.92,0.69,0.383,0.5,0.03,0.05,0.09,0.06,1.6,0.4,0.7,0.4,1.5,0.1,0.2,0.04,1,0.5,0.8,0.3,0.4
TEOWNtr5309,,Needleleaf tree,Ntr,GF,Ntr,GFET,,,0.003,0.043,0.902,0.676,0.376,0.5,0.03,0.05,0.09,0.06,1.6,0.4,0.7,0.4,1.5,0.1,0.2,0.04,1,0.5,0.8,0.3,0.4
TEOWNtr5310,,Needleleaf tree,Ntr,GF,Ntr,GFET,,,0.003,0.043,0.905,0.679,0.377,0.5,0.03,0.05,0.09,0.06,1.6,0.4,0.7,0.4,1.5,0.1,0.2,0.04,1,0.5,0.8,0.3,0.4
TEOWNtr5311,,Needleleaf tree,Ntr,GF,Ntr,GFET,,,0.003,0.043,0.907,0.68,0.378,0.5,0.03,0.05,0.09,0.06,1.6,0.4,0.7,0.4,1.5,0.1,0.2,0.04,1,0.5,0.8,0.3,0.4
TEOWNtr5312,,Needleleaf tree,Ntr,GF,Ntr,GFET,,,9.491,0.044,0.919,0.689,0.383,0.5,0.03,0.05,0.09,0.06,1.6,0.4,0.7,0.4,1.5,0.1,0.2,0.04,1,0.5,0.8,0.3,0.4
TEOWNtr5313,,Needleleaf tree,Ntr,GF,Ntr,GFET,,,5.341,0,0.088,0.066,0.037,0.5,0.03,0.05,0.09,0.06,1.6,0.4,0.7,0.4,1.5,0.1,0.2,0.04,1,0.5,0.8,0.3,0.4
TEOWNtr5314,,Needleleaf tree,Ntr,GF,Ntr,GFET,,,13.131,1.344,0.395,0.296,0.165,0.5,0.03,0.05,0.09,0.06,1.6,0.4,0.7,0.4,1.5,0.1,0.2,0.04,1,0.5,0.8,0.3,0.4
TEOWNtr5315,,Needleleaf tree,Ntr,GF,Ntr,GFET,,,25.317,1.711,0.422,0.316,0.176,0.5,0.03,0.05,0.09,0.06,1.6,0.4,0.7,0.4,1.5,0.1,0.2,0.04,1,0.5,0.8,0.3,0.4
TEOWNtr5316,,Needleleaf tree,Ntr,GF,Ntr,GFET,,,6.049,0.094,0.502,0.376,0.209,0.5,0.03,0.05,0.09,0.06,1.6,0.4,0.7,0.4,1.5,0.1,0.2,0.04,1,0.5,0.8,0.3,0.4
TEOWNtr5317,,Needleleaf tree,Ntr,GF,Ntr,GFET,,,11.791,0.716,0.645,0.484,0.269,0.5,0.03,0.05,0.09,0.06,1.6,0.4,0.7,0.4,1.5,0.1,0.2,0.04,1,0.5,0.8,0.3,0.4
TEOWNtr5318,,Needleleaf tree,Ntr,GF,Ntr,GFET,,,14.162,0.821,0.633,0.475,0.264,0.5,0.03,0.05,0.09,0.06,1.6,0.4,0.7,0.4,1.5,0.1,0.2,0.04,1,0.5,0.8,0.3,0.4
TEOWNtr5319,,Needleleaf tree,Ntr,GF,Ntr,GFET,,,16.181,0.16,0.46,0.345,0.192,0.5,0.03,0.05,0.09,0.06,1.6,0.4,0.7,0.4,1.5,0.1,0.2,0.04,1,0.5,0.8,0.3,0.4
TEOWNtr5320,,Needleleaf tree,Ntr,GF,Ntr,GFET,,,18.951,0.837,0.462,0.346,0.192,0.5,0.03,0.05,0.09,0.06,1.6,0.4,0.7,0.4,1.5,0.1,0.2,0.04,1,0.5,0.8,0.3,0.4
TEOWNtr5321,,Needleleaf tree,Ntr,GF,Ntr,GFET,,,5.807,0.847,0.588,0.441,0.245,0.5,0.03,0.05,0.09,0.06,1.6,0.4,0.7,0.4,1.5,0.1,0.2,0.04,1,0.5,0.8,0.3,0.4
TEOWNtr5322,,Needleleaf tree,Ntr,GF,Ntr,GFET,,,6.985,0.337,0.581,0.435,0.242,0.5,0.03,0.05,0.09,0.06,1.6,0.4,0.7,0.4,1.5,0.1,0.2,0.04,1,0.5,0.8,0.3,0.4
TEOWNtr5323,,Needleleaf tree,Ntr,GF,Ntr,GFET,,,7.067,0.206,0.558,0.419,0.233,0.5,0.03,0.05,0.09,0.06,1.6,0.4,0.7,0.4,1.5,0.1,0.2,0.04,1,0.5,0.8,0.3,0.4
TEOWNtr5324,,Needleleaf tree,Ntr,GF,Ntr,GFET,,,14.881,0.196,0.461,0.345,0.192,0.5,0.03,0.05,0.09,0.06,1.6,0.4,0.7,0.4,1.5,0.1,0.2,0.04,1,0.5,0.8,0.3,0.4
TEOWNtr5325,,Needleleaf tree,Ntr,GF,Ntr,GFET,,,7.361,0.061,0.638,0.479,0.266,0.5,0.03,0.05,0.09,0.06,1.6,0.4,0.7,0.4,1.5,0.1,0.2,0.04,1,0.5,0.8,0.3,0.4
TEOWNtr5326,,Needleleaf tree,Ntr,GF,Ntr,GFET,,,10.705,0.124,0.639,0.479,0.266,0.5,0.03,0.05,0.09,0.06,1.6,0.4,0.7,0.4,1.5,0.1,0.2,0.04,1,0.5,0.8,0.3,0.4
TEOWNtr5327,,Needleleaf tree,Ntr,GF,Ntr,GFET,,,13.877,0.495,0.541,0.406,0.225,0.5,0.03,0.05,0.09,0.06,1.6,0.4,0.7,0.4,1.5,0.1,0.2,0.04,1,0.5,0.8,0.3,0.4
TEOWNtr5328,,Needleleaf tree,Ntr,GF,Ntr,GFET,,,13.133,1.475,0.828,0.621,0.345,0.5,0.03,0.05,0.09,0.06,1.6,0.4,0.7,0.4,1.5,0.1,0.2,0.04,1,0.5,0.8,0.3,0.4
TEOWNtr5329,,Needleleaf tree,Ntr,GF,Ntr,GFET,,,7.539,0.307,0.539,0.404,0.224,0.5,0.03,0.05,0.09,0.06,1.6,0.4,0.7,0.4,1.5,0.1,0.2,0.04,1,0.5,0.8,0.3,0.4
TEOWNtr5330,,Needleleaf tree,Ntr,GF,Ntr,GFET,,,11.902,1.367,0.493,0.37,0.205,0.5,0.03,0.05,0.09,0.06,1.6,0.4,0.7,0.4,1.5,0.1,0.2,0.04,1,0.5,0.8,0.3,0.4
TEOWNtr5331,,Needleleaf tree,Ntr,GF,Ntr,GFET,,,10.072,1.338,0.505,0.379,0.21,0.5,0.03,0.05,0.09,0.06,1.6,0.4,0.7,0.4,1.5,0.1,0.2,0.04,1,0.5,0.8,0.3,0.4
TEOWNtr5332,,Needleleaf tree,Ntr,GF,Ntr,GFET,,,5.067,0.251,0.575,0.431,0.239,0.5,0.03,0.05,0.09,0.06,1.6,0.4,0.7,0.4,1.5,0.1,0.2,0.04,1,0.5,0.8,0.3,0.4
TEOWNtr5333,,Needleleaf tree,Ntr,GF,Ntr,GFET,,,6.327,3.281,0.613,0.46,0.255,0.5,0.03,0.05,0.09,0.06,1.6,0.4,0.7,0.4,1.5,0.1,0.2,0.04,1,0.5,0.8,0.3,0.4
TEOWNtr5334,,Needleleaf tree,Ntr,GF,Ntr,GFET,,,7.221,2.263,0.616,0.462,0.257,0.5,0.03,0.05,0.09,0.06,1.6,0.4,0.7,0.4,1.5,0.1,0.2,0.04,1,0.5,0.8,0.3,0.4
TEOWNtr5335,,Needleleaf tree,Ntr,GF,Ntr,GFET,,,8.797,1.657,0.422,0.316,0.176,0.5,0.03,0.05,0.09,0.06,1.6,0.4,0.7,0.4,1.5,0.1,0.2,0.04,1,0.5,0.8,0.3,0.4
TEOWNtr5336,,Needleleaf tree,Ntr,GF,Ntr,GFET,,,11.603,1.262,0.513,0.385,0.214,0.5,0.03,0.05,0.09,0.06,1.6,0.4,0.7,0.4,1.5,0.1,0.2,0.04,1,0.5,0.8,0.3,0.4
TEOWNtr5337,,Needleleaf tree,Ntr,GF,Ntr,GFET,,,1.578,4.797,0.622,0.466,0.259,0.5,0.03,0.05,0.09,0.06,1.6,0.4,0.7,0.4,1.5,0.1,0.2,0.04,1,0.5,0.8,0.3,0.4
TEOWNtr5338,,Needleleaf tree,Ntr,GF,Ntr,GFET,,,7.007,0.982,0.542,0.407,0.226,0.5,0.03,0.05,0.09,0.06,1.6,0.4,0.7,0.4,1.5,0.1,0.2,0.04,1,0.5,0.8,0.3,0.4
TEOWNtr5339,,Needleleaf tree,Ntr,GF,Ntr,GFET,,,3.898,2.772,0.583,0.437,0.243,0.5,0.03,0.05,0.09,0.06,1.6,0.4,0.7,0.4,1.5,0.1,0.2,0.04,1,0.5,0.8,0.3,0.4
TEOWNtr5340,,Needleleaf tree,Ntr,GF,Ntr,GFET,,,1.227,0.496,0.546,0.409,0.227,0.5,0.03,0.05,0.09,0.06,1.6,0.4,0.7,0.4,1.5,0.1,0.2,0.04,1,0.5,0.8,0.3,0.4
TEOWNtr5341,,Needleleaf tree,Ntr,GF,Ntr,GFET,,,5.961,1.876,0.609,0.457,0.254,0.5,0.03,0.05,0.09,0.06,1.6,0.4,0.7,0.4,1.5,0.1,0.2,0.04,1,0.5,0.8,0.3,0.4
TEOWNtr5342,,Needleleaf tree,Ntr,GF,Ntr,GFET,,,3.243,0.517,0.526,0.394,0.219,0.5,0.03,0.05,0.09,0.06,1.6,0.4,0.7,0.4,1.5,0.1,0.2,0.04,1,0.5,0.8,0.3,0.4
TEOWNtr5343,,Needleleaf tree,Ntr,GF,Ntr,GFET,,,11.947,4.673,0.434,0.326,0.181,0.5,0.03,0.05,0.09,0.06,1.6,0.4,0.7,0.4,1.5,0.1,0.2,0.04,1,0.5,0.8,0.3,0.4
TEOWNtr5344,,Needleleaf tree,Ntr,GF,Ntr,GFET,,,2.177,6.552,0.618,0.464,0.258,0.5,0.03,0.05,0.09,0.06,1.6,0.4,0.7,0.4,1.5,0.1,0.2,0.04,1,0.5,0.8,0.3,0.4
TEOWNtr5345,,Needleleaf tree,Ntr,GF,Ntr,GFET,,,9.077,0.761,0.824,0.618,0.343,0.5,0.03,0.05,0.09,0.06,1.6,0.4,0.7,0.4,1.5,0.1,0.2,0.04,1,0.5,0.8,0.3,0.4
TEOWNtr5346,,Needleleaf tree,Ntr,GF,Ntr,GFET,,,5.132,1.708,0.632,0.474,0.263,0.5,0.03,0.05,0.09,0.06,1.6,0.4,0.7,0.4,1.5,0.1,0.2,0.04,1,0.5,0.8,0.3,0.4
TEOWNtr5347,,Needleleaf tree,Ntr,GF,Ntr,GFET,,,2.935,0.289,0.468,0.351,0.195,0.5,0.03,0.05,0.09,0.06,1.6,0.4,0.7,0.4,1.5,0.1,0.2,0.04,1,0.5,0.8,0.3,0.4
TEOWNtr5348,,Needleleaf tree,Ntr,GF,Ntr,GFET,,,5.638,1.548,0.482,0.361,0.201,0.5,0.03,0.05,0.09,0.06,1.6,0.4,0.7,0.4,1.5,0.1,0.2,0.04,1,0.5,0.8,0.3,0.4
TEOWNtr5349,,Needleleaf tree,Ntr,GF,Ntr,GFET,,,15.014,1.642,0.762,0.572,0.318,0.5,0.03,0.05,0.09,0.06,1.6,0.4,0.7,0.4,1.5,0.1,0.2,0.04,1,0.5,0.8,0.3,0.4
TEOWNtr5350,,Needleleaf tree,Ntr,GF,Ntr,GFET,,,5.163,2.089,0.569,0.427,0.237,0.5,0.03,0.05,0.09,0.06,1.6,0.4,0.7,0.4,1.5,0.1,0.2,0.04,1,0.5,0.8,0.3,0.4
TEOWNtr5351,,Needleleaf tree,Ntr,GF,Ntr,GFET,,,4.274,0.205,0.435,0.326,0.181,0.5,0.03,0.05,0.09,0.06,1.6,0.4,0.7,0.4,1.5,0.1,0.2,0.04,1,0.5,0.8,0.3,0.4
TEOWNtr5352,,Needleleaf tree,Ntr,GF,Ntr,GFET,,,4.874,1.514,0.266,0.2,0.111,0.5,0.03,0.05,0.09,0.06,1.6,0.4,0.7,0.4,1.5,0.1,0.2,0.04,1,0.5,0.8,0.3,0.4
TEOWNtr5353,,Needleleaf tree,Ntr,GF,Ntr,GFET,,,7.607,1.667,0.583,0.438,0.243,0.5,0.03,0.05,0.09,0.06,1.6,0.4,0.7,0.4,1.5,0.1,0.2,0.04,1,0.5,0.8,0.3,0.4
TEOWNtr5354,,Needleleaf tree,Ntr,GF,Ntr,GFET,,,3.527,2.617,0.603,0.452,0.251,0.5,0.03,0.05,0.09,0.06,1.6,0.4,0.7,0.4,1.5,0.1,0.2,0.04,1,0.5,0.8,0.3,0.4
TEOWNtr5355,,Needleleaf tree,Ntr,GF,Ntr,GFET,,,12.832,1.413,0.91,0.682,0.379,0.5,0.03,0.05,0.09,0.06,1.6,0.4,0.7,0.4,1.5,0.1,0.2,0.04,1,0.5,0.8,0.3,0.4
TEOWNtr5356,,Needleleaf tree,Ntr,GF,Ntr,GFET,,,4.686,0.298,0.511,0.383,0.213,0.5,0.03,0.05,0.09,0.06,1.6,0.4,0.7,0.4,1.5,0.1,0.2,0.04,1,0.5,0.8,0.3,0.4
TEOWNtr5357,,Needleleaf tree,Ntr,GF,Ntr,GFET,,,5.008,0.98,0.558,0.418,0.232,0.5,0.03,0.05,0.09,0.06,1.6,0.4,0.7,0.4,1.5,0.1,0.2,0.04,1,0.5,0.8,0.3,0.4
TEOWNtr5358,,Needleleaf tree,Ntr,GF,Ntr,GFET,,,15.14,2.932,0.442,0.332,0.184,0.5,0.03,0.05,0.09,0.06,1.6,0.4,0.7,0.4,1.5,0.1,0.2,0.04,1,0.5,0.8,0.3,0.4
TEOWNtr5359,,Needleleaf tree,Ntr,GF,Ntr,GFET,,,3.221,3.887,0.541,0.406,0.225,0.5,0.03,0.05,0.09,0.06,1.6,0.4,0.7,0.4,1.5,0.1,0.2,0.04,1,0.5,0.8,0.3,0.4
TEOWNtr5360,,Needleleaf tree,Ntr,GF,Ntr,GFET,,,3.618,4.641,0.532,0.399,0.222,0.5,0.03,0.05,0.09,0.06,1.6,0.4,0.7,0.4,1.5,0.1,0.2,0.04,1,0.5,0.8,0.3,0.4
TEOWNtr5361,,Needleleaf tree,Ntr,GF,Ntr,GFET,,,10.842,1.528,0.702,0.526,0.292,0.5,0.03,0.05,0.09,0.06,1.6,0.4,0.7,0.4,1.5,0.1,0.2,0.04,1,0.5,0.8,0.3,0.4
TEOWNtr5362,,Needleleaf tree,Ntr,GF,Ntr,GFET,,,10.471,2.095,0.505,0.378,0.21,0.5,0.03,0.05,0.09,0.06,1.6,0.4,0.7,0.4,1.5,0.1,0.2,0.04,1,0.5,0.8,0.3,0.4
TEOWNtr5363,,Needleleaf tree,Ntr,GF,Ntr,GFET,,,14.331,0,0.625,0.469,0.261,0.5,0.03,0.05,0.09,0.06,1.6,0.4,0.7,0.4,1.5,0.1,0.2,0.04,1,0.5,0.8,0.3,0.4
TEOWNtr5364,,Needleleaf tree,Ntr,GF,Ntr,GFET,,,8.174,1.437,0.61,0.457,0.254,0.5,0.03,0.05,0.09,0.06,1.6,0.4,0.7,0.4,1.5,0.1,0.2,0.04,1,0.5,0.8,0.3,0.4
TEOWNtr5365,,Needleleaf tree,Ntr,GF,Ntr,GFET,,,14.798,0,0.461,0.346,0.192,0.5,0.03,0.05,0.09,0.06,1.6,0.4,0.7,0.4,1.5,0.1,0.2,0.04,1,0.5,0.8,0.3,0.4
TEOWNtr5366,,Needleleaf tree,Ntr,GF,Ntr,GFET,,,10.797,0,0.625,0.469,0.261,0.5,0.03,0.05,0.09,0.06,1.6,0.4,0.7,0.4,1.5,0.1,0.2,0.04,1,0.5,0.8,0.3,0.4
TEOWNtr5367,,Needleleaf tree,Ntr,GF,Ntr,GFET,,,6.407,0.027,0.743,0.558,0.31,0.5,0.03,0.05,0.09,0.06,1.6,0.4,0.7,0.4,1.5,0.1,0.2,0.04,1,0.5,0.8,0.3,0.4
TEOWNtr5368,,Needleleaf tree,Ntr,GF,Ntr,GFET,,,9.811,0.018,0.731,0.548,0.304,0.5,0.03,0.05,0.09,0.06,1.6,0.4,0.7,0.4,1.5,0.1,0.2,0.04,1,0.5,0.8,0.3,0.4
TEOWNtr5369,,Needleleaf tree,Ntr,GF,Ntr,GFET,,,15.299,0.08,0.627,0.47,0.261,0.5,0.03,0.05,0.09,0.06,1.6,0.4,0.7,0.4,1.5,0.1,0.2,0.04,1,0.5,0.8,0.3,0.4
TEOWNtr5370,,Needleleaf tree,Ntr,GF,Ntr,GFET,,,9.552,1.131,0.625,0.469,0.26,0.5,0.03,0.05,0.09,0.06,1.6,0.4,0.7,0.4,1.5,0.1,0.2,0.04,1,0.5,0.8,0.3,0.4
TEOWNtr5371,,Needleleaf tree,Ntr,GF,Ntr,GFET,,,8.968,2.323,0.556,0.417,0.232,0.5,0.03,0.05,0.09,0.06,1.6,0.4,0.7,0.4,1.5,0.1,0.2,0.04,1,0.5,0.8,0.3,0.4
TEOWNtr5372,,Needleleaf tree,Ntr,GF,Ntr,GFET,,,8.382,0.634,0.674,0.505,0.281,0.5,0.03,0.05,0.09,0.06,1.6,0.4,0.7,0.4,1.5,0.1,0.2,0.04,1,0.5,0.8,0.3,0.4
TEOWNtr5373,,Needleleaf tree,Ntr,GF,Ntr,GFET,,,7.493,0.001,0.705,0.529,0.294,0.5,0.03,0.05,0.09,0.06,1.6,0.4,0.7,0.4,1.5,0.1,0.2,0.04,1,0.5,0.8,0.3,0.4
TEOWNtr5374,,Needleleaf tree,Ntr,GF,Ntr,GFET,,,15.727,0.891,0.649,0.487,0.27,0.5,0.03,0.05,0.09,0.06,1.6,0.4,0.7,0.4,1.5,0.1,0.2,0.04,1,0.5,0.8,0.3,0.4
TEOWNtr5375,,Needleleaf tree,Ntr,GF,Ntr,GFET,,,10.933,2.059,0.579,0.434,0.241,0.5,0.03,0.05,0.09,0.06,1.6,0.4,0.7,0.4,1.5,0.1,0.2,0.04,1,0.5,0.8,0.3,0.4
TEOWNtr5376,,Needleleaf tree,Ntr,GF,Ntr,GFET,,,15.901,0.658,0.667,0.5,0.278,0.5,0.03,0.05,0.09,0.06,1.6,0.4,0.7,0.4,1.5,0.1,0.2,0.04,1,0.5,0.8,0.3,0.4
TEOWNtr5377,,Needleleaf tree,Ntr,GF,Ntr,GFET,,,6.112,0,0.78,0.585,0.325,0.5,0.03,0.05,0.09,0.06,1.6,0.4,0.7,0.4,1.5,0.1,0.2,0.04,1,0.5,0.8,0.3,0.4
TEOWNtr5378,,Needleleaf tree,Ntr,GF,Ntr,GFET,,,8.804,1.006,0.628,0.471,0.262,0.5,0.03,0.05,0.09,0.06,1.6,0.4,0.7,0.4,1.5,0.1,0.2,0.04,1,0.5,0.8,0.3,0.4
TEOWNtr5379,,Needleleaf tree,Ntr,GF,Ntr,GFET,,,8.784,2.708,0.587,0.44,0.245,0.5,0.03,0.05,0.09,0.06,1.6,0.4,0.7,0.4,1.5,0.1,0.2,0.04,1,0.5,0.8,0.3,0.4
TEOWNtr5380,,Needleleaf tree,Ntr,GF,Ntr,GFET,,,19.056,1.65,0.754,0.566,0.314,0.5,0.03,0.05,0.09,0.06,1.6,0.4,0.7,0.4,1.5,0.1,0.2,0.04,1,0.5,0.8,0.3,0.4
TEOWNtr5381,,Needleleaf tree,Ntr,GF,Ntr,GFET,,,7.718,0.313,0.227,0.17,0.094,0.5,0.03,0.05,0.09,0.06,1.6,0.4,0.7,0.4,1.5,0.1,0.2,0.04,1,0.5,0.8,0.3,0.4
TEOWNtr5382,,Needleleaf tree,Ntr,GF,Ntr,GFET,,,15.373,1.713,0.662,0.497,0.276,0.5,0.03,0.05,0.09,0.06,1.6,0.4,0.7,0.4,1.5,0.1,0.2,0.04,1,0.5,0.8,0.3,0.4
TEOWNtr5383,,Needleleaf tree,Ntr,GF,Ntr,GFET,,,9.806,0.377,0.723,0.542,0.301,0.5,0.03,0.05,0.09,0.06,1.6,0.4,0.7,0.4,1.5,0.1,0.2,0.04,1,0.5,0.8,0.3,0.4
TEOWNtr5384,,Needleleaf tree,Ntr,GF,Ntr,GFET,,,11.514,0.057,0.484,0.363,0.201,0.5,0.03,0.05,0.09,0.06,1.6,0.4,0.7,0.4,1.5,0.1,0.2,0.04,1,0.5,0.8,0.3,0.4
TEOWNtr5385,,Needleleaf tree,Ntr,GF,Ntr,GFET,,,7.928,0.021,0.682,0.511,0.284,0.5,0.03,0.05,0.09,0.06,1.6,0.4,0.7,0.4,1.5,0.1,0.2,0.04,1,0.5,0.8,0.3,0.4
TEOWNtr5386,,Needleleaf tree,Ntr,GF,Ntr,GFET,,,34.538,0.009,0.313,0.235,0.13,0.5,0.03,0.05,0.09,0.06,1.6,0.4,0.7,0.4,1.5,0.1,0.2,0.04,1,0.5,0.8,0.3,0.4
TEOWNtr5387,,Needleleaf tree,Ntr,GF,Ntr,GFET,,,3.702,0,0.981,0.736,0.409,0.5,0.03,0.05,0.09,0.06,1.6,0.4,0.7,0.4,1.5,0.1,0.2,0.04,1,0.5,0.8,0.3,0.4
TEOWNtr5388,,Needleleaf tree,Ntr,GF,Ntr,GFET,,,4.763,4.819,0.493,0.369,0.205,0.5,0.03,0.05,0.09,0.06,1.6,0.4,0.7,0.4,1.5,0.1,0.2,0.04,1,0.5,0.8,0.3,0.4
TEOWNtr5389,,Needleleaf tree,Ntr,GF,Ntr,GFET,,,5.685,4.943,1.324,0.993,0.552,0.5,0.03,0.05,0.09,0.06,1.6,0.4,0.7,0.4,1.5,0.1,0.2,0.04,1,0.5,0.8,0.3,0.4
TEOWNtr5390,,Needleleaf tree,Ntr,GF,Ntr,GFET,,,13.703,2.426,0.539,0.404,0.225,0.5,0.03,0.05,0.09,0.06,1.6,0.4,0.7,0.4,1.5,0.1,0.2,0.04,1,0.5,0.8,0.3,0.4
TEOWNtr5391,,Needleleaf tree,Ntr,GF,Ntr,GFET,,,9.442,7.22,0.646,0.485,0.269,0.5,0.03,0.05,0.09,0.06,1.6,0.4,0.7,0.4,1.5,0.1,0.2,0.04,1,0.5,0.8,0.3,0.4
TEOWNtr5392,,Needleleaf tree,Ntr,GF,Ntr,GFET,,,12.119,0.091,0.73,0.547,0.304,0.5,0.03,0.05,0.09,0.06,1.6,0.4,0.7,0.4,1.5,0.1,0.2,0.04,1,0.5,0.8,0.3,0.4
TEOWNtr5393,,Needleleaf tree,Ntr,GF,Ntr,GFET,,,1.492,4.549,0.675,0.506,0.281,0.5,0.03,0.05,0.09,0.06,1.6,0.4,0.7,0.4,1.5,0.1,0.2,0.04,1,0.5,0.8,0.3,0.4
TEOWNtr5394,,Needleleaf tree,Ntr,GF,Ntr,GFET,,,16.617,1.112,0.491,0.369,0.205,0.5,0.03,0.05,0.09,0.06,1.6,0.4,0.7,0.4,1.5,0.1,0.2,0.04,1,0.5,0.8,0.3,0.4
TEOWNtr5395,,Needleleaf tree,Ntr,GF,Ntr,GFET,,,4.312,2.659,0.679,0.51,0.283,0.5,0.03,0.05,0.09,0.06,1.6,0.4,0.7,0.4,1.5,0.1,0.2,0.04,1,0.5,0.8,0.3,0.4
TEOWNtr5396,,Needleleaf tree,Ntr,GF,Ntr,GFET,,,11.077,0.058,0.629,0.472,0.262,0.5,0.03,0.05,0.09,0.06,1.6,0.4,0.7,0.4,1.5,0.1,0.2,0.04,1,0.5,0.8,0.3,0.4
TEOWNtr5397,,Needleleaf tree,Ntr,GF,Ntr,GFET,,,27.425,0.044,0.905,0.679,0.377,0.5,0.03,0.05,0.09,0.06,1.6,0.4,0.7,0.4,1.5,0.1,0.2,0.04,1,0.5,0.8,0.3,0.4
TEOWNtr5398,,Needleleaf tree,Ntr,GF,Ntr,GFET,,,15.999,0.024,0.842,0.632,0.351,0.5,0.03,0.05,0.09,0.06,1.6,0.4,0.7,0.4,1.5,0.1,0.2,0.04,1,0.5,0.8,0.3,0.4
TEOWNtr5399,,Needleleaf tree,Ntr,GF,Ntr,GFET,,,0.386,0.044,0.9,0.675,0.375,0.5,0.03,0.05,0.09,0.06,1.6,0.4,0.7,0.4,1.5,0.1,0.2,0.04,1,0.5,0.8,0.3,0.4
TEOWNtr5400,,Needleleaf tree,Ntr,GF,Ntr,GFET,,,33.521,0.012,0.804,0.603,0.335,0.5,0.03,0.05,0.09,0.06,1.6,0.4,0.7,0.4,1.5,0.1,0.2,0.04,1,0.5,0.8,0.3,0.4
TEOWNtr5401,,Needleleaf tree,Ntr,GF,Ntr,GFET,,,0.003,0,0.625,0.469,0.261,0.5,0.03,0.05,0.09,0.06,1.6,0.4,0.7,0.4,1.5,0.1,0.2,0.04,1,0.5,0.8,0.3,0.4
TEOWNtr5402,,Needleleaf tree,Ntr,GF,Ntr,GFET,,,11.061,0,0.716,0.537,0.298,0.5,0.03,0.05,0.09,0.06,1.6,0.4,0.7,0.4,1.5,0.1,0.2,0.04,1,0.5,0.8,0.3,0.4
TEOWNtr5403,,Needleleaf tree,Ntr,GF,Ntr,GFET,,,18.973,2.656,0.646,0.485,0.269,0.5,0.03,0.05,0.09,0.06,1.6,0.4,0.7,0.4,1.5,0.1,0.2,0.04,1,0.5,0.8,0.3,0.4
TEOWNtr5404,,Needleleaf tree,Ntr,GF,Ntr,GFET,,,25.694,0.027,0.834,0.626,0.348,0.5,0.03,0.05,0.09,0.06,1.6,0.4,0.7,0.4,1.5,0.1,0.2,0.04,1,0.5,0.8,0.3,0.4
TEOWNtr5405,,Needleleaf tree,Ntr,GF,Ntr,GFET,,,25.202,0.018,0.874,0.655,0.364,0.5,0.03,0.05,0.09,0.06,1.6,0.4,0.7,0.4,1.5,0.1,0.2,0.04,1,0.5,0.8,0.3,0.4
TEOWNtr5406,,Needleleaf tree,Ntr,GF,Ntr,GFET,,,9.893,1.965,0.621,0.466,0.259,0.5,0.03,0.05,0.09,0.06,1.6,0.4,0.7,0.4,1.5,0.1,0.2,0.04,1,0.5,0.8,0.3,0.4
TEOWNtr5407,,Needleleaf tree,Ntr,GF,Ntr,GFET,,,8.386,0.038,0.905,0.679,0.377,0.5,0.03,0.05,0.09,0.06,1.6,0.4,0.7,0.4,1.5,0.1,0.2,0.04,1,0.5,0.8,0.3,0.4
TEOWNtr5408,,Needleleaf tree,Ntr,GF,Ntr,GFET,,,11.859,0.043,0.905,0.679,0.377,0.5,0.03,0.05,0.09,0.06,1.6,0.4,0.7,0.4,1.5,0.1,0.2,0.04,1,0.5,0.8,0.3,0.4
TEOWNtr5409,,Needleleaf tree,Ntr,GF,Ntr,GFET,,,15.471,0.001,0.676,0.507,0.282,0.5,0.03,0.05,0.09,0.06,1.6,0.4,0.7,0.4,1.5,0.1,0.2,0.04,1,0.5,0.8,0.3,0.4
TEOWNtr5410,,Needleleaf tree,Ntr,GF,Ntr,GFET,,,12.53,0.023,0.841,0.631,0.35,0.5,0.03,0.05,0.09,0.06,1.6,0.4,0.7,0.4,1.5,0.1,0.2,0.04,1,0.5,0.8,0.3,0.4
TEOWNtr5411,,Needleleaf tree,Ntr,GF,Ntr,GFET,,,12.576,1.791,0.656,0.492,0.273,0.5,0.03,0.05,0.09,0.06,1.6,0.4,0.7,0.4,1.5,0.1,0.2,0.04,1,0.5,0.8,0.3,0.4
TEOWNtr5412,,Needleleaf tree,Ntr,GF,Ntr,GFET,,,5.863,0.316,0.557,0.417,0.232,0.5,0.03,0.05,0.09,0.06,1.6,0.4,0.7,0.4,1.5,0.1,0.2,0.04,1,0.5,0.8,0.3,0.4
TEOWNtr5413,,Needleleaf tree,Ntr,GF,Ntr,GFET,,,24.878,0.024,0.762,0.571,0.317,0.5,0.03,0.05,0.09,0.06,1.6,0.4,0.7,0.4,1.5,0.1,0.2,0.04,1,0.5,0.8,0.3,0.4
TEOWNtr5414,,Needleleaf tree,Ntr,GF,Ntr,GFET,,,22.375,0.701,0.616,0.462,0.257,0.5,0.03,0.05,0.09,0.06,1.6,0.4,0.7,0.4,1.5,0.1,0.2,0.04,1,0.5,0.8,0.3,0.4
TEOWNtr5415,,Needleleaf tree,Ntr,GF,Ntr,GFET,,,17.044,3.325,0.408,0.306,0.17,0.5,0.03,0.05,0.09,0.06,1.6,0.4,0.7,0.4,1.5,0.1,0.2,0.04,1,0.5,0.8,0.3,0.4
TEOWNtr5416,,Needleleaf tree,Ntr,GF,Ntr,GFET,,,17.469,3.101,0.434,0.325,0.181,0.5,0.03,0.05,0.09,0.06,1.6,0.4,0.7,0.4,1.5,0.1,0.2,0.04,1,0.5,0.8,0.3,0.4
TEOWNtr5417,,Needleleaf tree,Ntr,GF,Ntr,GFET,,,14.606,0.04,0.906,0.679,0.377,0.5,0.03,0.05,0.09,0.06,1.6,0.4,0.7,0.4,1.5,0.1,0.2,0.04,1,0.5,0.8,0.3,0.4
TEOWNtr5418,,Needleleaf tree,Ntr,GF,Ntr,GFET,,,7.132,0.037,0.757,0.568,0.316,0.5,0.03,0.05,0.09,0.06,1.6,0.4,0.7,0.4,1.5,0.1,0.2,0.04,1,0.5,0.8,0.3,0.4
TEOWNtr5419,,Needleleaf tree,Ntr,GF,Ntr,GFET,,,4.402,0.411,1.141,0.856,0.475,0.5,0.03,0.05,0.09,0.06,1.6,0.4,0.7,0.4,1.5,0.1,0.2,0.04,1,0.5,0.8,0.3,0.4
TEOWNtr5420,,Needleleaf tree,Ntr,GF,Ntr,GFET,,,9.065,0.579,0.478,0.358,0.199,0.5,0.03,0.05,0.09,0.06,1.6,0.4,0.7,0.4,1.5,0.1,0.2,0.04,1,0.5,0.8,0.3,0.4
TEOWNtr5421,,Needleleaf tree,Ntr,GF,Ntr,GFET,,,5.358,0.412,0.674,0.506,0.281,0.5,0.03,0.05,0.09,0.06,1.6,0.4,0.7,0.4,1.5,0.1,0.2,0.04,1,0.5,0.8,0.3,0.4
TEOWNtr5422,,Needleleaf tree,Ntr,GF,Ntr,GFET,,,12.595,0.026,0.687,0.515,0.286,0.5,0.03,0.05,0.09,0.06,1.6,0.4,0.7,0.4,1.5,0.1,0.2,0.04,1,0.5,0.8,0.3,0.4
TEOWNtr5423,,Needleleaf tree,Ntr,GF,Ntr,GFET,,,0.482,0.038,0.906,0.679,0.377,0.5,0.03,0.05,0.09,0.06,1.6,0.4,0.7,0.4,1.5,0.1,0.2,0.04,1,0.5,0.8,0.3,0.4
TEOWNtr5424,,Needleleaf tree,Ntr,GF,Ntr,GFET,,,10.897,0.706,0.635,0.477,0.265,0.5,0.03,0.05,0.09,0.06,1.6,0.4,0.7,0.4,1.5,0.1,0.2,0.04,1,0.5,0.8,0.3,0.4
TEOWNtr5425,,Needleleaf tree,Ntr,GF,Ntr,GFET,,,1.91,3.983,1.15,0.863,0.479,0.5,0.03,0.05,0.09,0.06,1.6,0.4,0.7,0.4,1.5,0.1,0.2,0.04,1,0.5,0.8,0.3,0.4
TEOWNtr5426,,Needleleaf tree,Ntr,GF,Ntr,GFET,,,10.618,0.273,0.646,0.484,0.269,0.5,0.03,0.05,0.09,0.06,1.6,0.4,0.7,0.4,1.5,0.1,0.2,0.04,1,0.5,0.8,0.3,0.4
TEOWNtr5427,,Needleleaf tree,Ntr,GF,Ntr,GFET,,,6.435,0.037,0.808,0.606,0.336,0.5,0.03,0.05,0.09,0.06,1.6,0.4,0.7,0.4,1.5,0.1,0.2,0.04,1,0.5,0.8,0.3,0.4
TEOWNtr5428,,Needleleaf tree,Ntr,GF,Ntr,GFET,,,7.394,0.078,1.105,0.829,0.46,0.5,0.03,0.05,0.09,0.06,1.6,0.4,0.7,0.4,1.5,0.1,0.2,0.04,1,0.5,0.8,0.3,0.4
TEOWNtr5429,,Needleleaf tree,Ntr,GF,Ntr,GFET,,,5.856,2.17,1.1,0.825,0.458,0.5,0.03,0.05,0.09,0.06,1.6,0.4,0.7,0.4,1.5,0.1,0.2,0.04,1,0.5,0.8,0.3,0.4
TEOWNtr5430,,Needleleaf tree,Ntr,GF,Ntr,GFET,,,0.003,0.043,0.908,0.681,0.378,0.5,0.03,0.05,0.09,0.06,1.6,0.4,0.7,0.4,1.5,0.1,0.2,0.04,1,0.5,0.8,0.3,0.4
TEOWNtr5431,,Needleleaf tree,Ntr,GF,Ntr,GFET,,,9.679,0.038,0.81,0.607,0.337,0.5,0.03,0.05,0.09,0.06,1.6,0.4,0.7,0.4,1.5,0.1,0.2,0.04,1,0.5,0.8,0.3,0.4
TEOWNtr5432,,Needleleaf tree,Ntr,GF,Ntr,GFET,,,9.204,0.043,0.905,0.679,0.377,0.5,0.03,0.05,0.09,0.06,1.6,0.4,0.7,0.4,1.5,0.1,0.2,0.04,1,0.5,0.8,0.3,0.4
TEOWNtr5433,,Needleleaf tree,Ntr,GF,Ntr,GFET,,,8.408,0.043,0.903,0.677,0.376,0.5,0.03,0.05,0.09,0.06,1.6,0.4,0.7,0.4,1.5,0.1,0.2,0.04,1,0.5,0.8,0.3,0.4
TEOWNtr5434,,Needleleaf tree,Ntr,GF,Ntr,GFET,,,7.349,0.043,0.904,0.678,0.377,0.5,0.03,0.05,0.09,0.06,1.6,0.4,0.7,0.4,1.5,0.1,0.2,0.04,1,0.5,0.8,0.3,0.4
TEOWNtr5435,,Needleleaf tree,Ntr,GF,Ntr,GFET,,,16.01,0.033,0.68,0.51,0.283,0.5,0.03,0.05,0.09,0.06,1.6,0.4,0.7,0.4,1.5,0.1,0.2,0.04,1,0.5,0.8,0.3,0.4
TEOWNtr5436,,Needleleaf tree,Ntr,GF,Ntr,GFET,,,6.901,0.043,0.906,0.68,0.378,0.5,0.03,0.05,0.09,0.06,1.6,0.4,0.7,0.4,1.5,0.1,0.2,0.04,1,0.5,0.8,0.3,0.4
TEOWNtr5437,,Needleleaf tree,Ntr,GF,Ntr,GFET,,,12.395,0.044,0.906,0.679,0.377,0.5,0.03,0.05,0.09,0.06,1.6,0.4,0.7,0.4,1.5,0.1,0.2,0.04,1,0.5,0.8,0.3,0.4
TEOWNtr5438,,Needleleaf tree,Ntr,GF,Ntr,GFET,,,7.404,0.043,0.909,0.682,0.379,0.5,0.03,0.05,0.09,0.06,1.6,0.4,0.7,0.4,1.5,0.1,0.2,0.04,1,0.5,0.8,0.3,0.4
TEOWNtr5439,,Needleleaf tree,Ntr,GF,Ntr,GFET,,,5.879,0.043,0.905,0.679,0.377,0.5,0.03,0.05,0.09,0.06,1.6,0.4,0.7,0.4,1.5,0.1,0.2,0.04,1,0.5,0.8,0.3,0.4
TEOWNtr5440,,Needleleaf tree,Ntr,GF,Ntr,GFET,,,5.084,0.043,0.905,0.679,0.377,0.5,0.03,0.05,0.09,0.06,1.6,0.4,0.7,0.4,1.5,0.1,0.2,0.04,1,0.5,0.8,0.3,0.4
TEOWNtr5441,,Needleleaf tree,Ntr,GF,Ntr,GFET,,,7.861,0.043,0.911,0.683,0.38,0.5,0.03,0.05,0.09,0.06,1.6,0.4,0.7,0.4,1.5,0.1,0.2,0.04,1,0.5,0.8,0.3,0.4
TEOWNtr5442,,Needleleaf tree,Ntr,GF,Ntr,GFET,,,7.808,0.042,0.905,0.679,0.377,0.5,0.03,0.05,0.09,0.06,1.6,0.4,0.7,0.4,1.5,0.1,0.2,0.04,1,0.5,0.8,0.3,0.4
TEOWNtr5443,,Needleleaf tree,Ntr,GF,Ntr,GFET,,,8.373,0.039,0.906,0.679,0.377,0.5,0.03,0.05,0.09,0.06,1.6,0.4,0.7,0.4,1.5,0.1,0.2,0.04,1,0.5,0.8,0.3,0.4
TEOWNtr5444,,Needleleaf tree,Ntr,GF,Ntr,GFET,,,7.566,0.043,0.905,0.679,0.377,0.5,0.03,0.05,0.09,0.06,1.6,0.4,0.7,0.4,1.5,0.1,0.2,0.04,1,0.5,0.8,0.3,0.4
TEOWNtr5445,,Needleleaf tree,Ntr,GF,Ntr,GFET,,,7.195,0.043,0.905,0.679,0.377,0.5,0.03,0.05,0.09,0.06,1.6,0.4,0.7,0.4,1.5,0.1,0.2,0.04,1,0.5,0.8,0.3,0.4
TEOWNtr5446,,Needleleaf tree,Ntr,GF,Ntr,GFET,,,0.01,0.01,0.012,0.009,0.005,0.5,0.03,0.05,0.09,0.06,1.6,0.4,0.7,0.4,1.5,0.1,0.2,0.04,1,0.5,0.8,0.3,0.4
TEOWNtr5447,,Needleleaf tree,Ntr,GF,Ntr,GFET,,,7.233,0.043,0.906,0.679,0.377,0.5,0.03,0.05,0.09,0.06,1.6,0.4,0.7,0.4,1.5,0.1,0.2,0.04,1,0.5,0.8,0.3,0.4
TEOWNtr5448,,Needleleaf tree,Ntr,GF,Ntr,GFET,,,7.124,0.043,0.905,0.679,0.377,0.5,0.03,0.05,0.09,0.06,1.6,0.4,0.7,0.4,1.5,0.1,0.2,0.04,1,0.5,0.8,0.3,0.4
TEOWNtr5449,,Needleleaf tree,Ntr,GF,Ntr,GFET,,,6.1,0.043,0.907,0.68,0.378,0.5,0.03,0.05,0.09,0.06,1.6,0.4,0.7,0.4,1.5,0.1,0.2,0.04,1,0.5,0.8,0.3,0.4
TEOWNtr5450,,Needleleaf tree,Ntr,GF,Ntr,GFET,,,6.771,0.043,0.909,0.682,0.379,0.5,0.03,0.05,0.09,0.06,1.6,0.4,0.7,0.4,1.5,0.1,0.2,0.04,1,0.5,0.8,0.3,0.4
TEOWNtr5451,,Needleleaf tree,Ntr,GF,Ntr,GFET,,,7.168,0.043,0.906,0.679,0.377,0.5,0.03,0.05,0.09,0.06,1.6,0.4,0.7,0.4,1.5,0.1,0.2,0.04,1,0.5,0.8,0.3,0.4
TEOWNtr5452,,Needleleaf tree,Ntr,GF,Ntr,GFET,,,7.72,0.042,0.905,0.679,0.377,0.5,0.03,0.05,0.09,0.06,1.6,0.4,0.7,0.4,1.5,0.1,0.2,0.04,1,0.5,0.8,0.3,0.4
TEOWNtr5453,,Needleleaf tree,Ntr,GF,Ntr,GFET,,,0.01,0.01,0.012,0.009,0.005,0.5,0.03,0.05,0.09,0.06,1.6,0.4,0.7,0.4,1.5,0.1,0.2,0.04,1,0.5,0.8,0.3,0.4
TEOWNtr5454,,Needleleaf tree,Ntr,GF,Ntr,GFET,,,8.273,0.043,0.905,0.679,0.377,0.5,0.03,0.05,0.09,0.06,1.6,0.4,0.7,0.4,1.5,0.1,0.2,0.04,1,0.5,0.8,0.3,0.4
TEOWNtr5455,,Needleleaf tree,Ntr,GF,Ntr,GFET,,,10.653,0.043,0.905,0.679,0.377,0.5,0.03,0.05,0.09,0.06,1.6,0.4,0.7,0.4,1.5,0.1,0.2,0.04,1,0.5,0.8,0.3,0.4
TEOWNtr5456,,Needleleaf tree,Ntr,GF,Ntr,GFET,,,7.106,0.043,0.905,0.679,0.377,0.5,0.03,0.05,0.09,0.06,1.6,0.4,0.7,0.4,1.5,0.1,0.2,0.04,1,0.5,0.8,0.3,0.4
TEOWNtr5457,,Needleleaf tree,Ntr,GF,Ntr,GFET,,,6.652,0.043,0.914,0.685,0.381,0.5,0.03,0.05,0.09,0.06,1.6,0.4,0.7,0.4,1.5,0.1,0.2,0.04,1,0.5,0.8,0.3,0.4
TEOWNtr5458,,Needleleaf tree,Ntr,GF,Ntr,GFET,,,8.361,0.043,0.905,0.679,0.377,0.5,0.03,0.05,0.09,0.06,1.6,0.4,0.7,0.4,1.5,0.1,0.2,0.04,1,0.5,0.8,0.3,0.4
TEOWNtr5459,,Needleleaf tree,Ntr,GF,Ntr,GFET,,,7.507,0.042,0.909,0.682,0.379,0.5,0.03,0.05,0.09,0.06,1.6,0.4,0.7,0.4,1.5,0.1,0.2,0.04,1,0.5,0.8,0.3,0.4
TEOWNtr5460,,Needleleaf tree,Ntr,GF,Ntr,GFET,,,6.712,0.043,0.903,0.678,0.376,0.5,0.03,0.05,0.09,0.06,1.6,0.4,0.7,0.4,1.5,0.1,0.2,0.04,1,0.5,0.8,0.3,0.4
TEOWNtr5461,,Needleleaf tree,Ntr,GF,Ntr,GFET,,,7.061,0.043,0.907,0.68,0.378,0.5,0.03,0.05,0.09,0.06,1.6,0.4,0.7,0.4,1.5,0.1,0.2,0.04,1,0.5,0.8,0.3,0.4
TEOWNtr5462,,Needleleaf tree,Ntr,GF,Ntr,GFET,,,8.169,0.044,0.905,0.679,0.377,0.5,0.03,0.05,0.09,0.06,1.6,0.4,0.7,0.4,1.5,0.1,0.2,0.04,1,0.5,0.8,0.3,0.4
TEOWNtr5463,,Needleleaf tree,Ntr,GF,Ntr,GFET,,,8.287,0.044,0.905,0.679,0.377,0.5,0.03,0.05,0.09,0.06,1.6,0.4,0.7,0.4,1.5,0.1,0.2,0.04,1,0.5,0.8,0.3,0.4
TEOWNtr5464,,Needleleaf tree,Ntr,GF,Ntr,GFET,,,7.192,0.043,0.905,0.679,0.377,0.5,0.03,0.05,0.09,0.06,1.6,0.4,0.7,0.4,1.5,0.1,0.2,0.04,1,0.5,0.8,0.3,0.4
TEOWNtr5465,,Needleleaf tree,Ntr,GF,Ntr,GFET,,,12.353,0.043,0.906,0.679,0.377,0.5,0.03,0.05,0.09,0.06,1.6,0.4,0.7,0.4,1.5,0.1,0.2,0.04,1,0.5,0.8,0.3,0.4
TEOWNtr5466,,Needleleaf tree,Ntr,GF,Ntr,GFET,,,6.672,0.043,0.906,0.679,0.377,0.5,0.03,0.05,0.09,0.06,1.6,0.4,0.7,0.4,1.5,0.1,0.2,0.04,1,0.5,0.8,0.3,0.4
TEOWNtr5467,,Needleleaf tree,Ntr,GF,Ntr,GFET,,,6.503,0.043,0.91,0.682,0.379,0.5,0.03,0.05,0.09,0.06,1.6,0.4,0.7,0.4,1.5,0.1,0.2,0.04,1,0.5,0.8,0.3,0.4
TEOWNtr5468,,Needleleaf tree,Ntr,GF,Ntr,GFET,,,6.904,0.043,0.906,0.679,0.377,0.5,0.03,0.05,0.09,0.06,1.6,0.4,0.7,0.4,1.5,0.1,0.2,0.04,1,0.5,0.8,0.3,0.4
TEOWNtr5469,,Needleleaf tree,Ntr,GF,Ntr,GFET,,,10.125,0.043,0.905,0.679,0.377,0.5,0.03,0.05,0.09,0.06,1.6,0.4,0.7,0.4,1.5,0.1,0.2,0.04,1,0.5,0.8,0.3,0.4
TEOWNtr5470,,Needleleaf tree,Ntr,GF,Ntr,GFET,,,8.077,0.042,0.906,0.68,0.378,0.5,0.03,0.05,0.09,0.06,1.6,0.4,0.7,0.4,1.5,0.1,0.2,0.04,1,0.5,0.8,0.3,0.4
TEOWNtr5471,,Needleleaf tree,Ntr,GF,Ntr,GFET,,,7.495,0.043,0.905,0.679,0.377,0.5,0.03,0.05,0.09,0.06,1.6,0.4,0.7,0.4,1.5,0.1,0.2,0.04,1,0.5,0.8,0.3,0.4
TEOWNtr5472,,Needleleaf tree,Ntr,GF,Ntr,GFET,,,8.329,0.043,0.905,0.679,0.377,0.5,0.03,0.05,0.09,0.06,1.6,0.4,0.7,0.4,1.5,0.1,0.2,0.04,1,0.5,0.8,0.3,0.4
TEOWNtr5473,,Needleleaf tree,Ntr,GF,Ntr,GFET,,,8.165,0.044,0.905,0.679,0.377,0.5,0.03,0.05,0.09,0.06,1.6,0.4,0.7,0.4,1.5,0.1,0.2,0.04,1,0.5,0.8,0.3,0.4
TEOWNtr5474,,Needleleaf tree,Ntr,GF,Ntr,GFET,,,6.428,0.043,0.905,0.679,0.377,0.5,0.03,0.05,0.09,0.06,1.6,0.4,0.7,0.4,1.5,0.1,0.2,0.04,1,0.5,0.8,0.3,0.4
TEOWNtr5475,,Needleleaf tree,Ntr,GF,Ntr,GFET,,,4.658,0.043,0.905,0.679,0.377,0.5,0.03,0.05,0.09,0.06,1.6,0.4,0.7,0.4,1.5,0.1,0.2,0.04,1,0.5,0.8,0.3,0.4
TEOWNtr5476,,Needleleaf tree,Ntr,GF,Ntr,GFET,,,7.969,0.042,0.906,0.679,0.377,0.5,0.03,0.05,0.09,0.06,1.6,0.4,0.7,0.4,1.5,0.1,0.2,0.04,1,0.5,0.8,0.3,0.4
TEOWNtr5477,,Needleleaf tree,Ntr,GF,Ntr,GFET,,,7.716,0.043,0.906,0.679,0.377,0.5,0.03,0.05,0.09,0.06,1.6,0.4,0.7,0.4,1.5,0.1,0.2,0.04,1,0.5,0.8,0.3,0.4
TEOWNtr5478,,Needleleaf tree,Ntr,GF,Ntr,GFET,,,6.533,0.043,0.906,0.679,0.377,0.5,0.03,0.05,0.09,0.06,1.6,0.4,0.7,0.4,1.5,0.1,0.2,0.04,1,0.5,0.8,0.3,0.4
TEOWNtr5479,,Needleleaf tree,Ntr,GF,Ntr,GFET,,,6.095,0.043,0.905,0.679,0.377,0.5,0.03,0.05,0.09,0.06,1.6,0.4,0.7,0.4,1.5,0.1,0.2,0.04,1,0.5,0.8,0.3,0.4
TEOWNtr5480,,Needleleaf tree,Ntr,GF,Ntr,GFET,,,7.149,0.043,0.913,0.685,0.38,0.5,0.03,0.05,0.09,0.06,1.6,0.4,0.7,0.4,1.5,0.1,0.2,0.04,1,0.5,0.8,0.3,0.4
TEOWNtr5481,,Needleleaf tree,Ntr,GF,Ntr,GFET,,,6.461,0.043,0.905,0.679,0.377,0.5,0.03,0.05,0.09,0.06,1.6,0.4,0.7,0.4,1.5,0.1,0.2,0.04,1,0.5,0.8,0.3,0.4
TEOWNtr5482,,Needleleaf tree,Ntr,GF,Ntr,GFET,,,6.215,0.043,0.905,0.679,0.377,0.5,0.03,0.05,0.09,0.06,1.6,0.4,0.7,0.4,1.5,0.1,0.2,0.04,1,0.5,0.8,0.3,0.4
TEOWNtr5483,,Needleleaf tree,Ntr,GF,Ntr,GFET,,,7.304,0.043,0.905,0.679,0.377,0.5,0.03,0.05,0.09,0.06,1.6,0.4,0.7,0.4,1.5,0.1,0.2,0.04,1,0.5,0.8,0.3,0.4
TEOWNtr5484,,Needleleaf tree,Ntr,GF,Ntr,GFET,,,7.754,0.042,0.908,0.681,0.378,0.5,0.03,0.05,0.09,0.06,1.6,0.4,0.7,0.4,1.5,0.1,0.2,0.04,1,0.5,0.8,0.3,0.4
TEOWNtr5485,,Needleleaf tree,Ntr,GF,Ntr,GFET,,,6.105,0.043,0.907,0.68,0.378,0.5,0.03,0.05,0.09,0.06,1.6,0.4,0.7,0.4,1.5,0.1,0.2,0.04,1,0.5,0.8,0.3,0.4
TEOWNtr5486,,Needleleaf tree,Ntr,GF,Ntr,GFET,,,8.143,0.044,0.905,0.679,0.377,0.5,0.03,0.05,0.09,0.06,1.6,0.4,0.7,0.4,1.5,0.1,0.2,0.04,1,0.5,0.8,0.3,0.4
TEOWNtr5487,,Needleleaf tree,Ntr,GF,Ntr,GFET,,,8.095,0.044,0.905,0.679,0.377,0.5,0.03,0.05,0.09,0.06,1.6,0.4,0.7,0.4,1.5,0.1,0.2,0.04,1,0.5,0.8,0.3,0.4
TEOWNtr5488,,Needleleaf tree,Ntr,GF,Ntr,GFET,,,7.67,0.043,0.905,0.679,0.377,0.5,0.03,0.05,0.09,0.06,1.6,0.4,0.7,0.4,1.5,0.1,0.2,0.04,1,0.5,0.8,0.3,0.4
TEOWNtr5489,,Needleleaf tree,Ntr,GF,Ntr,GFET,,,4.612,0.043,0.905,0.679,0.377,0.5,0.03,0.05,0.09,0.06,1.6,0.4,0.7,0.4,1.5,0.1,0.2,0.04,1,0.5,0.8,0.3,0.4
TEOWNtr5490,,Needleleaf tree,Ntr,GF,Ntr,GFET,,,7.698,0.043,0.906,0.68,0.378,0.5,0.03,0.05,0.09,0.06,1.6,0.4,0.7,0.4,1.5,0.1,0.2,0.04,1,0.5,0.8,0.3,0.4
TEOWNtr5491,,Needleleaf tree,Ntr,GF,Ntr,GFET,,,6.694,0.043,0.907,0.68,0.378,0.5,0.03,0.05,0.09,0.06,1.6,0.4,0.7,0.4,1.5,0.1,0.2,0.04,1,0.5,0.8,0.3,0.4
TEOWNtr5492,,Needleleaf tree,Ntr,GF,Ntr,GFET,,,6.843,0.043,0.907,0.68,0.378,0.5,0.03,0.05,0.09,0.06,1.6,0.4,0.7,0.4,1.5,0.1,0.2,0.04,1,0.5,0.8,0.3,0.4
TEOWNtr5493,,Needleleaf tree,Ntr,GF,Ntr,GFET,,,8.477,0.044,0.905,0.679,0.377,0.5,0.03,0.05,0.09,0.06,1.6,0.4,0.7,0.4,1.5,0.1,0.2,0.04,1,0.5,0.8,0.3,0.4
TEOWNtr5494,,Needleleaf tree,Ntr,GF,Ntr,GFET,,,9.373,0.34,0.897,0.673,0.374,0.5,0.03,0.05,0.09,0.06,1.6,0.4,0.7,0.4,1.5,0.1,0.2,0.04,1,0.5,0.8,0.3,0.4
TEOWNtr5495,,Needleleaf tree,Ntr,GF,Ntr,GFET,,,8.163,0.041,0.925,0.694,0.385,0.5,0.03,0.05,0.09,0.06,1.6,0.4,0.7,0.4,1.5,0.1,0.2,0.04,1,0.5,0.8,0.3,0.4
TEOWNtr5496,,Needleleaf tree,Ntr,GF,Ntr,GFET,,,16.967,0.031,0.68,0.51,0.283,0.5,0.03,0.05,0.09,0.06,1.6,0.4,0.7,0.4,1.5,0.1,0.2,0.04,1,0.5,0.8,0.3,0.4
TEOWNtr5497,,Needleleaf tree,Ntr,GF,Ntr,GFET,,,7.017,0.043,0.905,0.679,0.377,0.5,0.03,0.05,0.09,0.06,1.6,0.4,0.7,0.4,1.5,0.1,0.2,0.04,1,0.5,0.8,0.3,0.4
TEOWNtr5498,,Needleleaf tree,Ntr,GF,Ntr,GFET,,,4.192,0.042,0.905,0.679,0.377,0.5,0.03,0.05,0.09,0.06,1.6,0.4,0.7,0.4,1.5,0.1,0.2,0.04,1,0.5,0.8,0.3,0.4
TEOWNtr5499,,Needleleaf tree,Ntr,GF,Ntr,GFET,,,7.94,0.043,0.905,0.679,0.377,0.5,0.03,0.05,0.09,0.06,1.6,0.4,0.7,0.4,1.5,0.1,0.2,0.04,1,0.5,0.8,0.3,0.4
TEOWNtr5500,,Needleleaf tree,Ntr,GF,Ntr,GFET,,,7.191,0.043,0.905,0.679,0.377,0.5,0.03,0.05,0.09,0.06,1.6,0.4,0.7,0.4,1.5,0.1,0.2,0.04,1,0.5,0.8,0.3,0.4
TEOWNtr5501,,Needleleaf tree,Ntr,GF,Ntr,GFET,,,7.078,0.043,0.906,0.679,0.377,0.5,0.03,0.05,0.09,0.06,1.6,0.4,0.7,0.4,1.5,0.1,0.2,0.04,1,0.5,0.8,0.3,0.4
TEOWNtr5502,,Needleleaf tree,Ntr,GF,Ntr,GFET,,,0.01,0.01,0.012,0.009,0.005,0.5,0.03,0.05,0.09,0.06,1.6,0.4,0.7,0.4,1.5,0.1,0.2,0.04,1,0.5,0.8,0.3,0.4
TEOWNtr5503,,Needleleaf tree,Ntr,GF,Ntr,GFET,,,8.022,0.043,0.905,0.679,0.377,0.5,0.03,0.05,0.09,0.06,1.6,0.4,0.7,0.4,1.5,0.1,0.2,0.04,1,0.5,0.8,0.3,0.4
TEOWNtr5504,,Needleleaf tree,Ntr,GF,Ntr,GFET,,,8.449,0.04,0.905,0.679,0.377,0.5,0.03,0.05,0.09,0.06,1.6,0.4,0.7,0.4,1.5,0.1,0.2,0.04,1,0.5,0.8,0.3,0.4
TEOWNtr5505,,Needleleaf tree,Ntr,GF,Ntr,GFET,,,6.119,0.043,0.905,0.679,0.377,0.5,0.03,0.05,0.09,0.06,1.6,0.4,0.7,0.4,1.5,0.1,0.2,0.04,1,0.5,0.8,0.3,0.4
TEOWNtr5506,,Needleleaf tree,Ntr,GF,Ntr,GFET,,,6.581,0.043,0.906,0.679,0.377,0.5,0.03,0.05,0.09,0.06,1.6,0.4,0.7,0.4,1.5,0.1,0.2,0.04,1,0.5,0.8,0.3,0.4
TEOWNtr5507,,Needleleaf tree,Ntr,GF,Ntr,GFET,,,7.853,0.042,0.907,0.681,0.378,0.5,0.03,0.05,0.09,0.06,1.6,0.4,0.7,0.4,1.5,0.1,0.2,0.04,1,0.5,0.8,0.3,0.4
TEOWNtr5508,,Needleleaf tree,Ntr,GF,Ntr,GFET,,,5.845,0.043,0.905,0.679,0.377,0.5,0.03,0.05,0.09,0.06,1.6,0.4,0.7,0.4,1.5,0.1,0.2,0.04,1,0.5,0.8,0.3,0.4
TEOWNtr5509,,Needleleaf tree,Ntr,GF,Ntr,GFET,,,6.587,0.043,0.905,0.679,0.377,0.5,0.03,0.05,0.09,0.06,1.6,0.4,0.7,0.4,1.5,0.1,0.2,0.04,1,0.5,0.8,0.3,0.4
TEOWNtr5510,,Needleleaf tree,Ntr,GF,Ntr,GFET,,,8.164,0.041,0.905,0.679,0.377,0.5,0.03,0.05,0.09,0.06,1.6,0.4,0.7,0.4,1.5,0.1,0.2,0.04,1,0.5,0.8,0.3,0.4
TEOWNtr5511,,Needleleaf tree,Ntr,GF,Ntr,GFET,,,7.71,0.043,0.906,0.679,0.377,0.5,0.03,0.05,0.09,0.06,1.6,0.4,0.7,0.4,1.5,0.1,0.2,0.04,1,0.5,0.8,0.3,0.4
TEOWNtr5512,,Needleleaf tree,Ntr,GF,Ntr,GFET,,,12.324,0.043,0.907,0.681,0.378,0.5,0.03,0.05,0.09,0.06,1.6,0.4,0.7,0.4,1.5,0.1,0.2,0.04,1,0.5,0.8,0.3,0.4
TEOWNtr5513,,Needleleaf tree,Ntr,GF,Ntr,GFET,,,12.768,0.043,0.905,0.679,0.377,0.5,0.03,0.05,0.09,0.06,1.6,0.4,0.7,0.4,1.5,0.1,0.2,0.04,1,0.5,0.8,0.3,0.4
TEOWNtr5514,,Needleleaf tree,Ntr,GF,Ntr,GFET,,,7.771,0.043,0.905,0.679,0.377,0.5,0.03,0.05,0.09,0.06,1.6,0.4,0.7,0.4,1.5,0.1,0.2,0.04,1,0.5,0.8,0.3,0.4
TEOWNtr5515,,Needleleaf tree,Ntr,GF,Ntr,GFET,,,13.045,0.043,0.907,0.68,0.378,0.5,0.03,0.05,0.09,0.06,1.6,0.4,0.7,0.4,1.5,0.1,0.2,0.04,1,0.5,0.8,0.3,0.4
TEOWNtr5516,,Needleleaf tree,Ntr,GF,Ntr,GFET,,,11.624,0.043,0.906,0.68,0.378,0.5,0.03,0.05,0.09,0.06,1.6,0.4,0.7,0.4,1.5,0.1,0.2,0.04,1,0.5,0.8,0.3,0.4
TEOWNtr5517,,Needleleaf tree,Ntr,GF,Ntr,GFET,,,15.35,0.043,0.905,0.679,0.377,0.5,0.03,0.05,0.09,0.06,1.6,0.4,0.7,0.4,1.5,0.1,0.2,0.04,1,0.5,0.8,0.3,0.4
TEOWNtr5518,,Needleleaf tree,Ntr,GF,Ntr,GFET,,,10.285,0.043,0.906,0.68,0.378,0.5,0.03,0.05,0.09,0.06,1.6,0.4,0.7,0.4,1.5,0.1,0.2,0.04,1,0.5,0.8,0.3,0.4
TEOWNtr5519,,Needleleaf tree,Ntr,GF,Ntr,GFET,,,4.385,0.043,0.905,0.679,0.377,0.5,0.03,0.05,0.09,0.06,1.6,0.4,0.7,0.4,1.5,0.1,0.2,0.04,1,0.5,0.8,0.3,0.4
TEOWNtr5520,,Needleleaf tree,Ntr,GF,Ntr,GFET,,,10.472,0.043,0.91,0.682,0.379,0.5,0.03,0.05,0.09,0.06,1.6,0.4,0.7,0.4,1.5,0.1,0.2,0.04,1,0.5,0.8,0.3,0.4
TEOWNtr5521,,Needleleaf tree,Ntr,GF,Ntr,GFET,,,13.698,0.043,0.915,0.686,0.381,0.5,0.03,0.05,0.09,0.06,1.6,0.4,0.7,0.4,1.5,0.1,0.2,0.04,1,0.5,0.8,0.3,0.4
TEOWNtr5522,,Needleleaf tree,Ntr,GF,Ntr,GFET,,,10.696,0.043,0.908,0.681,0.378,0.5,0.03,0.05,0.09,0.06,1.6,0.4,0.7,0.4,1.5,0.1,0.2,0.04,1,0.5,0.8,0.3,0.4
TEOWNtr5523,,Needleleaf tree,Ntr,GF,Ntr,GFET,,,16.304,0.041,0.909,0.682,0.379,0.5,0.03,0.05,0.09,0.06,1.6,0.4,0.7,0.4,1.5,0.1,0.2,0.04,1,0.5,0.8,0.3,0.4
TEOWNtr5524,,Needleleaf tree,Ntr,GF,Ntr,GFET,,,7.903,0.043,0.907,0.681,0.378,0.5,0.03,0.05,0.09,0.06,1.6,0.4,0.7,0.4,1.5,0.1,0.2,0.04,1,0.5,0.8,0.3,0.4
TEOWNtr5525,,Needleleaf tree,Ntr,GF,Ntr,GFET,,,9.728,0.043,0.906,0.679,0.377,0.5,0.03,0.05,0.09,0.06,1.6,0.4,0.7,0.4,1.5,0.1,0.2,0.04,1,0.5,0.8,0.3,0.4
TEOWNtr5526,,Needleleaf tree,Ntr,GF,Ntr,GFET,,,11.75,0.043,0.912,0.684,0.38,0.5,0.03,0.05,0.09,0.06,1.6,0.4,0.7,0.4,1.5,0.1,0.2,0.04,1,0.5,0.8,0.3,0.4
TEOWNtr5527,,Needleleaf tree,Ntr,GF,Ntr,GFET,,,11.272,0.043,0.905,0.679,0.377,0.5,0.03,0.05,0.09,0.06,1.6,0.4,0.7,0.4,1.5,0.1,0.2,0.04,1,0.5,0.8,0.3,0.4
TEOWNtr5528,,Needleleaf tree,Ntr,GF,Ntr,GFET,,,12.036,0.043,0.908,0.681,0.378,0.5,0.03,0.05,0.09,0.06,1.6,0.4,0.7,0.4,1.5,0.1,0.2,0.04,1,0.5,0.8,0.3,0.4
TEOWNtr5529,,Needleleaf tree,Ntr,GF,Ntr,GFET,,,9.419,0.043,0.908,0.681,0.379,0.5,0.03,0.05,0.09,0.06,1.6,0.4,0.7,0.4,1.5,0.1,0.2,0.04,1,0.5,0.8,0.3,0.4
TEOWNtr5530,,Needleleaf tree,Ntr,GF,Ntr,GFET,,,13.195,0.043,0.907,0.68,0.378,0.5,0.03,0.05,0.09,0.06,1.6,0.4,0.7,0.4,1.5,0.1,0.2,0.04,1,0.5,0.8,0.3,0.4
TEOWNtr5531,,Needleleaf tree,Ntr,GF,Ntr,GFET,,,12.181,0.043,0.905,0.679,0.377,0.5,0.03,0.05,0.09,0.06,1.6,0.4,0.7,0.4,1.5,0.1,0.2,0.04,1,0.5,0.8,0.3,0.4
TEOWNtr5532,,Needleleaf tree,Ntr,GF,Ntr,GFET,,,8.608,0.043,0.906,0.68,0.378,0.5,0.03,0.05,0.09,0.06,1.6,0.4,0.7,0.4,1.5,0.1,0.2,0.04,1,0.5,0.8,0.3,0.4
TEOWNtr5533,,Needleleaf tree,Ntr,GF,Ntr,GFET,,,10.116,0.043,0.906,0.68,0.378,0.5,0.03,0.05,0.09,0.06,1.6,0.4,0.7,0.4,1.5,0.1,0.2,0.04,1,0.5,0.8,0.3,0.4
TEOWNtr5534,,Needleleaf tree,Ntr,GF,Ntr,GFET,,,11.739,0.043,0.905,0.679,0.377,0.5,0.03,0.05,0.09,0.06,1.6,0.4,0.7,0.4,1.5,0.1,0.2,0.04,1,0.5,0.8,0.3,0.4
TEOWNtr5535,,Needleleaf tree,Ntr,GF,Ntr,GFET,,,8.933,0.043,0.906,0.68,0.378,0.5,0.03,0.05,0.09,0.06,1.6,0.4,0.7,0.4,1.5,0.1,0.2,0.04,1,0.5,0.8,0.3,0.4
TEOWNtr5536,,Needleleaf tree,Ntr,GF,Ntr,GFET,,,7.983,0.043,0.906,0.68,0.378,0.5,0.03,0.05,0.09,0.06,1.6,0.4,0.7,0.4,1.5,0.1,0.2,0.04,1,0.5,0.8,0.3,0.4
TEOWNtr5537,,Needleleaf tree,Ntr,GF,Ntr,GFET,,,8.459,0.043,0.91,0.683,0.379,0.5,0.03,0.05,0.09,0.06,1.6,0.4,0.7,0.4,1.5,0.1,0.2,0.04,1,0.5,0.8,0.3,0.4
TEOWNtr5538,,Needleleaf tree,Ntr,GF,Ntr,GFET,,,15.491,0.043,0.905,0.679,0.377,0.5,0.03,0.05,0.09,0.06,1.6,0.4,0.7,0.4,1.5,0.1,0.2,0.04,1,0.5,0.8,0.3,0.4
TEOWNtr5539,,Needleleaf tree,Ntr,GF,Ntr,GFET,,,12.146,0.043,0.909,0.681,0.379,0.5,0.03,0.05,0.09,0.06,1.6,0.4,0.7,0.4,1.5,0.1,0.2,0.04,1,0.5,0.8,0.3,0.4
TEOWNtr5540,,Needleleaf tree,Ntr,GF,Ntr,GFET,,,9.3,0.043,0.906,0.679,0.377,0.5,0.03,0.05,0.09,0.06,1.6,0.4,0.7,0.4,1.5,0.1,0.2,0.04,1,0.5,0.8,0.3,0.4
TEOWNtr5541,,Needleleaf tree,Ntr,GF,Ntr,GFET,,,11.378,0.043,0.907,0.68,0.378,0.5,0.03,0.05,0.09,0.06,1.6,0.4,0.7,0.4,1.5,0.1,0.2,0.04,1,0.5,0.8,0.3,0.4
TEOWNtr5542,,Needleleaf tree,Ntr,GF,Ntr,GFET,,,12.703,0.043,0.906,0.68,0.378,0.5,0.03,0.05,0.09,0.06,1.6,0.4,0.7,0.4,1.5,0.1,0.2,0.04,1,0.5,0.8,0.3,0.4
TEOWNtr5543,,Needleleaf tree,Ntr,GF,Ntr,GFET,,,11.592,0.043,0.906,0.679,0.377,0.5,0.03,0.05,0.09,0.06,1.6,0.4,0.7,0.4,1.5,0.1,0.2,0.04,1,0.5,0.8,0.3,0.4
TEOWNtr5544,,Needleleaf tree,Ntr,GF,Ntr,GFET,,,9.475,0.043,0.914,0.686,0.381,0.5,0.03,0.05,0.09,0.06,1.6,0.4,0.7,0.4,1.5,0.1,0.2,0.04,1,0.5,0.8,0.3,0.4
TEOWNtr5545,,Needleleaf tree,Ntr,GF,Ntr,GFET,,,11.841,0.043,0.905,0.679,0.377,0.5,0.03,0.05,0.09,0.06,1.6,0.4,0.7,0.4,1.5,0.1,0.2,0.04,1,0.5,0.8,0.3,0.4
TEOWNtr5546,,Needleleaf tree,Ntr,GF,Ntr,GFET,,,13.47,0.043,0.907,0.68,0.378,0.5,0.03,0.05,0.09,0.06,1.6,0.4,0.7,0.4,1.5,0.1,0.2,0.04,1,0.5,0.8,0.3,0.4
TEOWNtr5547,,Needleleaf tree,Ntr,GF,Ntr,GFET,,,7.364,0.429,0.434,0.325,0.181,0.5,0.03,0.05,0.09,0.06,1.6,0.4,0.7,0.4,1.5,0.1,0.2,0.04,1,0.5,0.8,0.3,0.4
TEOWNtr5548,,Needleleaf tree,Ntr,GF,Ntr,GFET,,,13.537,0.428,0.434,0.325,0.181,0.5,0.03,0.05,0.09,0.06,1.6,0.4,0.7,0.4,1.5,0.1,0.2,0.04,1,0.5,0.8,0.3,0.4
TEOWNtr5549,,Needleleaf tree,Ntr,GF,Ntr,GFET,,,25.436,0.427,0.435,0.326,0.181,0.5,0.03,0.05,0.09,0.06,1.6,0.4,0.7,0.4,1.5,0.1,0.2,0.04,1,0.5,0.8,0.3,0.4
TEOWNtr5550,,Needleleaf tree,Ntr,GF,Ntr,GFET,,,11.67,0.428,0.436,0.327,0.182,0.5,0.03,0.05,0.09,0.06,1.6,0.4,0.7,0.4,1.5,0.1,0.2,0.04,1,0.5,0.8,0.3,0.4
TEOWNtr5551,,Needleleaf tree,Ntr,GF,Ntr,GFET,,,12.932,0.428,0.435,0.326,0.181,0.5,0.03,0.05,0.09,0.06,1.6,0.4,0.7,0.4,1.5,0.1,0.2,0.04,1,0.5,0.8,0.3,0.4
TEOWNtr5552,,Needleleaf tree,Ntr,GF,Ntr,GFET,,,12.541,0.428,0.434,0.326,0.181,0.5,0.03,0.05,0.09,0.06,1.6,0.4,0.7,0.4,1.5,0.1,0.2,0.04,1,0.5,0.8,0.3,0.4
TEOWNtr5553,,Needleleaf tree,Ntr,GF,Ntr,GFET,,,27.283,0.428,0.434,0.325,0.181,0.5,0.03,0.05,0.09,0.06,1.6,0.4,0.7,0.4,1.5,0.1,0.2,0.04,1,0.5,0.8,0.3,0.4
TEOWNtr5554,,Needleleaf tree,Ntr,GF,Ntr,GFET,,,26.929,0.427,0.434,0.325,0.181,0.5,0.03,0.05,0.09,0.06,1.6,0.4,0.7,0.4,1.5,0.1,0.2,0.04,1,0.5,0.8,0.3,0.4
TEOWNtr5555,,Needleleaf tree,Ntr,GF,Ntr,GFET,,,23.158,0.428,0.434,0.325,0.181,0.5,0.03,0.05,0.09,0.06,1.6,0.4,0.7,0.4,1.5,0.1,0.2,0.04,1,0.5,0.8,0.3,0.4
TEOWNtr5556,,Needleleaf tree,Ntr,GF,Ntr,GFET,,,24.083,0.043,0.906,0.679,0.377,0.5,0.03,0.05,0.09,0.06,1.6,0.4,0.7,0.4,1.5,0.1,0.2,0.04,1,0.5,0.8,0.3,0.4
TEOWNtr5557,,Needleleaf tree,Ntr,GF,Ntr,GFET,,,8.598,0.043,0.905,0.679,0.377,0.5,0.03,0.05,0.09,0.06,1.6,0.4,0.7,0.4,1.5,0.1,0.2,0.04,1,0.5,0.8,0.3,0.4
TEOWNtr5558,,Needleleaf tree,Ntr,GF,Ntr,GFET,,,11.416,0.043,0.905,0.679,0.377,0.5,0.03,0.05,0.09,0.06,1.6,0.4,0.7,0.4,1.5,0.1,0.2,0.04,1,0.5,0.8,0.3,0.4
TEOWNtr5559,,Needleleaf tree,Ntr,GF,Ntr,GFET,,,0.01,0.01,0.012,0.009,0.005,0.5,0.03,0.05,0.09,0.06,1.6,0.4,0.7,0.4,1.5,0.1,0.2,0.04,1,0.5,0.8,0.3,0.4
TEOWNtr5560,,Needleleaf tree,Ntr,GF,Ntr,GFET,,,15.804,0.042,0.906,0.68,0.378,0.5,0.03,0.05,0.09,0.06,1.6,0.4,0.7,0.4,1.5,0.1,0.2,0.04,1,0.5,0.8,0.3,0.4
TEOWNtr5561,,Needleleaf tree,Ntr,GF,Ntr,GFET,,,14.378,0.043,0.906,0.679,0.377,0.5,0.03,0.05,0.09,0.06,1.6,0.4,0.7,0.4,1.5,0.1,0.2,0.04,1,0.5,0.8,0.3,0.4
TEOWNtr5562,,Needleleaf tree,Ntr,GF,Ntr,GFET,,,13.24,0.043,0.905,0.679,0.377,0.5,0.03,0.05,0.09,0.06,1.6,0.4,0.7,0.4,1.5,0.1,0.2,0.04,1,0.5,0.8,0.3,0.4
TEOWNtr5563,,Needleleaf tree,Ntr,GF,Ntr,GFET,,,13.391,0.043,0.904,0.678,0.377,0.5,0.03,0.05,0.09,0.06,1.6,0.4,0.7,0.4,1.5,0.1,0.2,0.04,1,0.5,0.8,0.3,0.4
TEOWNtr5564,,Needleleaf tree,Ntr,GF,Ntr,GFET,,,12.111,0.043,0.913,0.685,0.38,0.5,0.03,0.05,0.09,0.06,1.6,0.4,0.7,0.4,1.5,0.1,0.2,0.04,1,0.5,0.8,0.3,0.4
TEOWNtr5565,,Needleleaf tree,Ntr,GF,Ntr,GFET,,,0.01,0.01,0.012,0.009,0.005,0.5,0.03,0.05,0.09,0.06,1.6,0.4,0.7,0.4,1.5,0.1,0.2,0.04,1,0.5,0.8,0.3,0.4
TEOWNtr5566,,Needleleaf tree,Ntr,GF,Ntr,GFET,,,14.791,0.043,0.885,0.664,0.369,0.5,0.03,0.05,0.09,0.06,1.6,0.4,0.7,0.4,1.5,0.1,0.2,0.04,1,0.5,0.8,0.3,0.4
TEOWNtr5567,,Needleleaf tree,Ntr,GF,Ntr,GFET,,,12.932,0.043,0.906,0.679,0.377,0.5,0.03,0.05,0.09,0.06,1.6,0.4,0.7,0.4,1.5,0.1,0.2,0.04,1,0.5,0.8,0.3,0.4
TEOWNtr5568,,Needleleaf tree,Ntr,GF,Ntr,GFET,,,13.312,0.043,0.902,0.677,0.376,0.5,0.03,0.05,0.09,0.06,1.6,0.4,0.7,0.4,1.5,0.1,0.2,0.04,1,0.5,0.8,0.3,0.4
TEOWNtr5569,,Needleleaf tree,Ntr,GF,Ntr,GFET,,,11.284,0.043,0.906,0.679,0.377,0.5,0.03,0.05,0.09,0.06,1.6,0.4,0.7,0.4,1.5,0.1,0.2,0.04,1,0.5,0.8,0.3,0.4
TEOWNtr5570,,Needleleaf tree,Ntr,GF,Ntr,GFET,,,11.116,0.043,0.907,0.681,0.378,0.5,0.03,0.05,0.09,0.06,1.6,0.4,0.7,0.4,1.5,0.1,0.2,0.04,1,0.5,0.8,0.3,0.4
TEOWNtr5571,,Needleleaf tree,Ntr,GF,Ntr,GFET,,,11.079,0.043,0.906,0.68,0.378,0.5,0.03,0.05,0.09,0.06,1.6,0.4,0.7,0.4,1.5,0.1,0.2,0.04,1,0.5,0.8,0.3,0.4
TEOWNtr5572,,Needleleaf tree,Ntr,GF,Ntr,GFET,,,15.788,0.041,0.898,0.674,0.374,0.5,0.03,0.05,0.09,0.06,1.6,0.4,0.7,0.4,1.5,0.1,0.2,0.04,1,0.5,0.8,0.3,0.4
TEOWNtr5573,,Needleleaf tree,Ntr,GF,Ntr,GFET,,,13.182,0.043,0.907,0.68,0.378,0.5,0.03,0.05,0.09,0.06,1.6,0.4,0.7,0.4,1.5,0.1,0.2,0.04,1,0.5,0.8,0.3,0.4
TEOWNtr5574,,Needleleaf tree,Ntr,GF,Ntr,GFET,,,13.268,0.043,0.905,0.679,0.377,0.5,0.03,0.05,0.09,0.06,1.6,0.4,0.7,0.4,1.5,0.1,0.2,0.04,1,0.5,0.8,0.3,0.4
TEOWNtr5575,,Needleleaf tree,Ntr,GF,Ntr,GFET,,,16.08,0.038,0.9,0.675,0.375,0.5,0.03,0.05,0.09,0.06,1.6,0.4,0.7,0.4,1.5,0.1,0.2,0.04,1,0.5,0.8,0.3,0.4
TEOWNtr5576,,Needleleaf tree,Ntr,GF,Ntr,GFET,,,14.326,0.043,0.922,0.692,0.384,0.5,0.03,0.05,0.09,0.06,1.6,0.4,0.7,0.4,1.5,0.1,0.2,0.04,1,0.5,0.8,0.3,0.4
TEOWNtr5577,,Needleleaf tree,Ntr,GF,Ntr,GFET,,,10.663,0.043,0.906,0.679,0.377,0.5,0.03,0.05,0.09,0.06,1.6,0.4,0.7,0.4,1.5,0.1,0.2,0.04,1,0.5,0.8,0.3,0.4
TEOWNtr5578,,Needleleaf tree,Ntr,GF,Ntr,GFET,,,10.558,0.043,0.906,0.68,0.378,0.5,0.03,0.05,0.09,0.06,1.6,0.4,0.7,0.4,1.5,0.1,0.2,0.04,1,0.5,0.8,0.3,0.4
TEOWNtr5579,,Needleleaf tree,Ntr,GF,Ntr,GFET,,,12.487,0.043,0.907,0.68,0.378,0.5,0.03,0.05,0.09,0.06,1.6,0.4,0.7,0.4,1.5,0.1,0.2,0.04,1,0.5,0.8,0.3,0.4
TEOWNtr5580,,Needleleaf tree,Ntr,GF,Ntr,GFET,,,9.771,0.435,0.837,0.627,0.349,0.5,0.03,0.05,0.09,0.06,1.6,0.4,0.7,0.4,1.5,0.1,0.2,0.04,1,0.5,0.8,0.3,0.4
TEOWNtr5581,,Needleleaf tree,Ntr,GF,Ntr,GFET,,,10.152,0.043,0.905,0.679,0.377,0.5,0.03,0.05,0.09,0.06,1.6,0.4,0.7,0.4,1.5,0.1,0.2,0.04,1,0.5,0.8,0.3,0.4
TEOWNtr5582,,Needleleaf tree,Ntr,GF,Ntr,GFET,,,13.007,0.043,0.906,0.679,0.377,0.5,0.03,0.05,0.09,0.06,1.6,0.4,0.7,0.4,1.5,0.1,0.2,0.04,1,0.5,0.8,0.3,0.4
TEOWNtr5583,,Needleleaf tree,Ntr,GF,Ntr,GFET,,,14.053,0.043,0.908,0.681,0.378,0.5,0.03,0.05,0.09,0.06,1.6,0.4,0.7,0.4,1.5,0.1,0.2,0.04,1,0.5,0.8,0.3,0.4
TEOWNtr5584,,Needleleaf tree,Ntr,GF,Ntr,GFET,,,13.518,0.043,0.906,0.679,0.377,0.5,0.03,0.05,0.09,0.06,1.6,0.4,0.7,0.4,1.5,0.1,0.2,0.04,1,0.5,0.8,0.3,0.4
TEOWNtr5585,,Needleleaf tree,Ntr,GF,Ntr,GFET,,,12.405,0.043,0.905,0.678,0.377,0.5,0.03,0.05,0.09,0.06,1.6,0.4,0.7,0.4,1.5,0.1,0.2,0.04,1,0.5,0.8,0.3,0.4
TEOWNtr5586,,Needleleaf tree,Ntr,GF,Ntr,GFET,,,16.745,0.032,0.897,0.673,0.374,0.5,0.03,0.05,0.09,0.06,1.6,0.4,0.7,0.4,1.5,0.1,0.2,0.04,1,0.5,0.8,0.3,0.4
TEOWNtr5587,,Needleleaf tree,Ntr,GF,Ntr,GFET,,,15.988,0.041,0.905,0.679,0.377,0.5,0.03,0.05,0.09,0.06,1.6,0.4,0.7,0.4,1.5,0.1,0.2,0.04,1,0.5,0.8,0.3,0.4
TEOWNtr5588,,Needleleaf tree,Ntr,GF,Ntr,GFET,,,14.462,0.043,0.905,0.679,0.377,0.5,0.03,0.05,0.09,0.06,1.6,0.4,0.7,0.4,1.5,0.1,0.2,0.04,1,0.5,0.8,0.3,0.4
TEOWNtr5589,,Needleleaf tree,Ntr,GF,Ntr,GFET,,,12.005,0.043,0.905,0.679,0.377,0.5,0.03,0.05,0.09,0.06,1.6,0.4,0.7,0.4,1.5,0.1,0.2,0.04,1,0.5,0.8,0.3,0.4
TEOWNtr5590,,Needleleaf tree,Ntr,GF,Ntr,GFET,,,11.017,0.043,0.905,0.679,0.377,0.5,0.03,0.05,0.09,0.06,1.6,0.4,0.7,0.4,1.5,0.1,0.2,0.04,1,0.5,0.8,0.3,0.4
TEOWNtr5591,,Needleleaf tree,Ntr,GF,Ntr,GFET,,,11.146,0.043,0.905,0.679,0.377,0.5,0.03,0.05,0.09,0.06,1.6,0.4,0.7,0.4,1.5,0.1,0.2,0.04,1,0.5,0.8,0.3,0.4
TEOWNtr5592,,Needleleaf tree,Ntr,GF,Ntr,GFET,,,11.022,0.043,0.905,0.679,0.377,0.5,0.03,0.05,0.09,0.06,1.6,0.4,0.7,0.4,1.5,0.1,0.2,0.04,1,0.5,0.8,0.3,0.4
TEOWNtr5593,,Needleleaf tree,Ntr,GF,Ntr,GFET,,,16.211,0.038,0.902,0.676,0.376,0.5,0.03,0.05,0.09,0.06,1.6,0.4,0.7,0.4,1.5,0.1,0.2,0.04,1,0.5,0.8,0.3,0.4
TEOWNtr5594,,Needleleaf tree,Ntr,GF,Ntr,GFET,,,14.654,0.042,0.905,0.679,0.377,0.5,0.03,0.05,0.09,0.06,1.6,0.4,0.7,0.4,1.5,0.1,0.2,0.04,1,0.5,0.8,0.3,0.4
TEOWNtr5595,,Needleleaf tree,Ntr,GF,Ntr,GFET,,,14.739,0.043,0.908,0.681,0.378,0.5,0.03,0.05,0.09,0.06,1.6,0.4,0.7,0.4,1.5,0.1,0.2,0.04,1,0.5,0.8,0.3,0.4
TEOWNtr5596,,Needleleaf tree,Ntr,GF,Ntr,GFET,,,13.32,0.043,0.906,0.68,0.378,0.5,0.03,0.05,0.09,0.06,1.6,0.4,0.7,0.4,1.5,0.1,0.2,0.04,1,0.5,0.8,0.3,0.4
TEOWNtr5597,,Needleleaf tree,Ntr,GF,Ntr,GFET,,,13.458,0.043,0.905,0.679,0.377,0.5,0.03,0.05,0.09,0.06,1.6,0.4,0.7,0.4,1.5,0.1,0.2,0.04,1,0.5,0.8,0.3,0.4
TEOWNtr5598,,Needleleaf tree,Ntr,GF,Ntr,GFET,,,16.597,0.034,0.906,0.679,0.377,0.5,0.03,0.05,0.09,0.06,1.6,0.4,0.7,0.4,1.5,0.1,0.2,0.04,1,0.5,0.8,0.3,0.4
TEOWNtr5599,,Needleleaf tree,Ntr,GF,Ntr,GFET,,,12.486,0.043,0.91,0.683,0.379,0.5,0.03,0.05,0.09,0.06,1.6,0.4,0.7,0.4,1.5,0.1,0.2,0.04,1,0.5,0.8,0.3,0.4
TEOWNtr5600,,Needleleaf tree,Ntr,GF,Ntr,GFET,,,10.59,0.043,0.91,0.682,0.379,0.5,0.03,0.05,0.09,0.06,1.6,0.4,0.7,0.4,1.5,0.1,0.2,0.04,1,0.5,0.8,0.3,0.4
TEOWNtr5601,,Needleleaf tree,Ntr,GF,Ntr,GFET,,,0.01,0.01,0.012,0.009,0.005,0.5,0.03,0.05,0.09,0.06,1.6,0.4,0.7,0.4,1.5,0.1,0.2,0.04,1,0.5,0.8,0.3,0.4
TEOWNtr5602,,Needleleaf tree,Ntr,GF,Ntr,GFET,,,11.824,0.043,0.909,0.682,0.379,0.5,0.03,0.05,0.09,0.06,1.6,0.4,0.7,0.4,1.5,0.1,0.2,0.04,1,0.5,0.8,0.3,0.4
TEOWNtr5603,,Needleleaf tree,Ntr,GF,Ntr,GFET,,,11.066,0.043,0.907,0.68,0.378,0.5,0.03,0.05,0.09,0.06,1.6,0.4,0.7,0.4,1.5,0.1,0.2,0.04,1,0.5,0.8,0.3,0.4
TEOWNtr5604,,Needleleaf tree,Ntr,GF,Ntr,GFET,,,11.706,0.043,0.905,0.679,0.377,0.5,0.03,0.05,0.09,0.06,1.6,0.4,0.7,0.4,1.5,0.1,0.2,0.04,1,0.5,0.8,0.3,0.4
TEOWNtr5605,,Needleleaf tree,Ntr,GF,Ntr,GFET,,,0.01,0.01,0.012,0.009,0.005,0.5,0.03,0.05,0.09,0.06,1.6,0.4,0.7,0.4,1.5,0.1,0.2,0.04,1,0.5,0.8,0.3,0.4
TEOWNtr5606,,Needleleaf tree,Ntr,GF,Ntr,GFET,,,12.469,0.043,0.906,0.68,0.378,0.5,0.03,0.05,0.09,0.06,1.6,0.4,0.7,0.4,1.5,0.1,0.2,0.04,1,0.5,0.8,0.3,0.4
TEOWNtr5607,,Needleleaf tree,Ntr,GF,Ntr,GFET,,,14.712,0.043,0.906,0.679,0.377,0.5,0.03,0.05,0.09,0.06,1.6,0.4,0.7,0.4,1.5,0.1,0.2,0.04,1,0.5,0.8,0.3,0.4
TEOWNtr5608,,Needleleaf tree,Ntr,GF,Ntr,GFET,,,16.208,0.044,0.905,0.679,0.377,0.5,0.03,0.05,0.09,0.06,1.6,0.4,0.7,0.4,1.5,0.1,0.2,0.04,1,0.5,0.8,0.3,0.4
TEOWNtr5609,,Needleleaf tree,Ntr,GF,Ntr,GFET,,,14.897,0.042,0.907,0.68,0.378,0.5,0.03,0.05,0.09,0.06,1.6,0.4,0.7,0.4,1.5,0.1,0.2,0.04,1,0.5,0.8,0.3,0.4
TEOWNtr5610,,Needleleaf tree,Ntr,GF,Ntr,GFET,,,14.358,0.043,0.908,0.681,0.378,0.5,0.03,0.05,0.09,0.06,1.6,0.4,0.7,0.4,1.5,0.1,0.2,0.04,1,0.5,0.8,0.3,0.4
TEOWNtr5611,,Needleleaf tree,Ntr,GF,Ntr,GFET,,,11.173,0.043,0.905,0.679,0.377,0.5,0.03,0.05,0.09,0.06,1.6,0.4,0.7,0.4,1.5,0.1,0.2,0.04,1,0.5,0.8,0.3,0.4
TEOWNtr5612,,Needleleaf tree,Ntr,GF,Ntr,GFET,,,0.01,0.01,0.012,0.009,0.005,0.5,0.03,0.05,0.09,0.06,1.6,0.4,0.7,0.4,1.5,0.1,0.2,0.04,1,0.5,0.8,0.3,0.4
TEOWNtr5613,,Needleleaf tree,Ntr,GF,Ntr,GFET,,,0.003,0.043,0.906,0.68,0.378,0.5,0.03,0.05,0.09,0.06,1.6,0.4,0.7,0.4,1.5,0.1,0.2,0.04,1,0.5,0.8,0.3,0.4
TEOWNtr5614,,Needleleaf tree,Ntr,GF,Ntr,GFET,,,0.003,0.043,0.905,0.679,0.377,0.5,0.03,0.05,0.09,0.06,1.6,0.4,0.7,0.4,1.5,0.1,0.2,0.04,1,0.5,0.8,0.3,0.4
TEOWNtr5615,,Needleleaf tree,Ntr,GF,Ntr,GFET,,,0.003,0.043,0.905,0.679,0.377,0.5,0.03,0.05,0.09,0.06,1.6,0.4,0.7,0.4,1.5,0.1,0.2,0.04,1,0.5,0.8,0.3,0.4
TEOWNtr5616,,Needleleaf tree,Ntr,GF,Ntr,GFET,,,0.003,0.042,0.9,0.675,0.375,0.5,0.03,0.05,0.09,0.06,1.6,0.4,0.7,0.4,1.5,0.1,0.2,0.04,1,0.5,0.8,0.3,0.4
TEOWNtr5617,,Needleleaf tree,Ntr,GF,Ntr,GFET,,,0.003,0.043,0.906,0.679,0.377,0.5,0.03,0.05,0.09,0.06,1.6,0.4,0.7,0.4,1.5,0.1,0.2,0.04,1,0.5,0.8,0.3,0.4
TEOWNtr5618,,Needleleaf tree,Ntr,GF,Ntr,GFET,,,0.003,0.042,0.905,0.679,0.377,0.5,0.03,0.05,0.09,0.06,1.6,0.4,0.7,0.4,1.5,0.1,0.2,0.04,1,0.5,0.8,0.3,0.4
TEOWNtr5619,,Needleleaf tree,Ntr,GF,Ntr,GFET,,,0.003,0.042,0.905,0.679,0.377,0.5,0.03,0.05,0.09,0.06,1.6,0.4,0.7,0.4,1.5,0.1,0.2,0.04,1,0.5,0.8,0.3,0.4
TEOWNtr5620,,Needleleaf tree,Ntr,GF,Ntr,GFET,,,0.003,0.043,0.907,0.68,0.378,0.5,0.03,0.05,0.09,0.06,1.6,0.4,0.7,0.4,1.5,0.1,0.2,0.04,1,0.5,0.8,0.3,0.4
TEOWNtr5621,,Needleleaf tree,Ntr,GF,Ntr,GFET,,,0.003,0.043,0.905,0.679,0.377,0.5,0.03,0.05,0.09,0.06,1.6,0.4,0.7,0.4,1.5,0.1,0.2,0.04,1,0.5,0.8,0.3,0.4
TEOWNtr5622,,Needleleaf tree,Ntr,GF,Ntr,GFET,,,0.003,0.043,0.907,0.68,0.378,0.5,0.03,0.05,0.09,0.06,1.6,0.4,0.7,0.4,1.5,0.1,0.2,0.04,1,0.5,0.8,0.3,0.4
TEOWNtr5623,,Needleleaf tree,Ntr,GF,Ntr,GFET,,,0.003,0.043,0.906,0.679,0.377,0.5,0.03,0.05,0.09,0.06,1.6,0.4,0.7,0.4,1.5,0.1,0.2,0.04,1,0.5,0.8,0.3,0.4
TEOWNtr5624,,Needleleaf tree,Ntr,GF,Ntr,GFET,,,0.003,0.044,0.906,0.679,0.377,0.5,0.03,0.05,0.09,0.06,1.6,0.4,0.7,0.4,1.5,0.1,0.2,0.04,1,0.5,0.8,0.3,0.4
TEOWNtr5625,,Needleleaf tree,Ntr,GF,Ntr,GFET,,,0.003,0.043,0.906,0.679,0.377,0.5,0.03,0.05,0.09,0.06,1.6,0.4,0.7,0.4,1.5,0.1,0.2,0.04,1,0.5,0.8,0.3,0.4
TEOWNtr5626,,Needleleaf tree,Ntr,GF,Ntr,GFET,,,0.003,0.043,0.905,0.678,0.377,0.5,0.03,0.05,0.09,0.06,1.6,0.4,0.7,0.4,1.5,0.1,0.2,0.04,1,0.5,0.8,0.3,0.4
TEOWNtr5627,,Needleleaf tree,Ntr,GF,Ntr,GFET,,,0.003,0.042,0.904,0.678,0.377,0.5,0.03,0.05,0.09,0.06,1.6,0.4,0.7,0.4,1.5,0.1,0.2,0.04,1,0.5,0.8,0.3,0.4
TEOWNtr5628,,Needleleaf tree,Ntr,GF,Ntr,GFET,,,0.003,0.043,0.905,0.679,0.377,0.5,0.03,0.05,0.09,0.06,1.6,0.4,0.7,0.4,1.5,0.1,0.2,0.04,1,0.5,0.8,0.3,0.4
TEOWNtr5629,,Needleleaf tree,Ntr,GF,Ntr,GFET,,,0.003,0.043,0.907,0.68,0.378,0.5,0.03,0.05,0.09,0.06,1.6,0.4,0.7,0.4,1.5,0.1,0.2,0.04,1,0.5,0.8,0.3,0.4
TEOWNtr5630,,Needleleaf tree,Ntr,GF,Ntr,GFET,,,0.003,0.043,0.915,0.686,0.381,0.5,0.03,0.05,0.09,0.06,1.6,0.4,0.7,0.4,1.5,0.1,0.2,0.04,1,0.5,0.8,0.3,0.4
TEOWNtr5631,,Needleleaf tree,Ntr,GF,Ntr,GFET,,,0.003,0.043,0.906,0.679,0.377,0.5,0.03,0.05,0.09,0.06,1.6,0.4,0.7,0.4,1.5,0.1,0.2,0.04,1,0.5,0.8,0.3,0.4
TEOWNtr5632,,Needleleaf tree,Ntr,GF,Ntr,GFET,,,0.003,0.043,0.906,0.679,0.377,0.5,0.03,0.05,0.09,0.06,1.6,0.4,0.7,0.4,1.5,0.1,0.2,0.04,1,0.5,0.8,0.3,0.4
TEOWNtr5633,,Needleleaf tree,Ntr,GF,Ntr,GFET,,,0.003,0.043,0.906,0.679,0.377,0.5,0.03,0.05,0.09,0.06,1.6,0.4,0.7,0.4,1.5,0.1,0.2,0.04,1,0.5,0.8,0.3,0.4
TEOWNtr5634,,Needleleaf tree,Ntr,GF,Ntr,GFET,,,0.003,0.043,0.906,0.68,0.378,0.5,0.03,0.05,0.09,0.06,1.6,0.4,0.7,0.4,1.5,0.1,0.2,0.04,1,0.5,0.8,0.3,0.4
TEOWNtr5635,,Needleleaf tree,Ntr,GF,Ntr,GFET,,,0.003,0.043,0.906,0.68,0.378,0.5,0.03,0.05,0.09,0.06,1.6,0.4,0.7,0.4,1.5,0.1,0.2,0.04,1,0.5,0.8,0.3,0.4
TEOWNtr5636,,Needleleaf tree,Ntr,GF,Ntr,GFET,,,0.003,0.043,0.906,0.679,0.377,0.5,0.03,0.05,0.09,0.06,1.6,0.4,0.7,0.4,1.5,0.1,0.2,0.04,1,0.5,0.8,0.3,0.4
TEOWNtr5637,,Needleleaf tree,Ntr,GF,Ntr,GFET,,,0.003,0.043,0.911,0.683,0.38,0.5,0.03,0.05,0.09,0.06,1.6,0.4,0.7,0.4,1.5,0.1,0.2,0.04,1,0.5,0.8,0.3,0.4
TEOWNtr5638,,Needleleaf tree,Ntr,GF,Ntr,GFET,,,0.003,0.042,0.912,0.684,0.38,0.5,0.03,0.05,0.09,0.06,1.6,0.4,0.7,0.4,1.5,0.1,0.2,0.04,1,0.5,0.8,0.3,0.4
TEOWNtr5639,,Needleleaf tree,Ntr,GF,Ntr,GFET,,,0.003,0.043,0.906,0.679,0.377,0.5,0.03,0.05,0.09,0.06,1.6,0.4,0.7,0.4,1.5,0.1,0.2,0.04,1,0.5,0.8,0.3,0.4
TEOWNtr5640,,Needleleaf tree,Ntr,GF,Ntr,GFET,,,0.003,0.043,0.905,0.679,0.377,0.5,0.03,0.05,0.09,0.06,1.6,0.4,0.7,0.4,1.5,0.1,0.2,0.04,1,0.5,0.8,0.3,0.4
TEOWNtr5641,,Needleleaf tree,Ntr,GF,Ntr,GFET,,,0.003,0.039,0.909,0.681,0.379,0.5,0.03,0.05,0.09,0.06,1.6,0.4,0.7,0.4,1.5,0.1,0.2,0.04,1,0.5,0.8,0.3,0.4
TEOWNtr5642,,Needleleaf tree,Ntr,GF,Ntr,GFET,,,0.003,0.043,0.907,0.68,0.378,0.5,0.03,0.05,0.09,0.06,1.6,0.4,0.7,0.4,1.5,0.1,0.2,0.04,1,0.5,0.8,0.3,0.4
TEOWNtr5643,,Needleleaf tree,Ntr,GF,Ntr,GFET,,,0.003,0.032,0.907,0.68,0.378,0.5,0.03,0.05,0.09,0.06,1.6,0.4,0.7,0.4,1.5,0.1,0.2,0.04,1,0.5,0.8,0.3,0.4
TEOWNtr5644,,Needleleaf tree,Ntr,GF,Ntr,GFET,,,0.003,0.043,0.907,0.68,0.378,0.5,0.03,0.05,0.09,0.06,1.6,0.4,0.7,0.4,1.5,0.1,0.2,0.04,1,0.5,0.8,0.3,0.4
TEOWNtr5645,,Needleleaf tree,Ntr,GF,Ntr,GFET,,,0.003,0.043,0.903,0.677,0.376,0.5,0.03,0.05,0.09,0.06,1.6,0.4,0.7,0.4,1.5,0.1,0.2,0.04,1,0.5,0.8,0.3,0.4
TEOWNtr5646,,Needleleaf tree,Ntr,GF,Ntr,GFET,,,0.003,0.043,0.909,0.682,0.379,0.5,0.03,0.05,0.09,0.06,1.6,0.4,0.7,0.4,1.5,0.1,0.2,0.04,1,0.5,0.8,0.3,0.4
TEOWNtr5647,,Needleleaf tree,Ntr,GF,Ntr,GFET,,,0.003,0.043,0.909,0.682,0.379,0.5,0.03,0.05,0.09,0.06,1.6,0.4,0.7,0.4,1.5,0.1,0.2,0.04,1,0.5,0.8,0.3,0.4
TEOWNtr5648,,Needleleaf tree,Ntr,GF,Ntr,GFET,,,0.003,0.043,0.906,0.679,0.377,0.5,0.03,0.05,0.09,0.06,1.6,0.4,0.7,0.4,1.5,0.1,0.2,0.04,1,0.5,0.8,0.3,0.4
TEOWNtr5649,,Needleleaf tree,Ntr,GF,Ntr,GFET,,,0.003,0.043,0.906,0.679,0.377,0.5,0.03,0.05,0.09,0.06,1.6,0.4,0.7,0.4,1.5,0.1,0.2,0.04,1,0.5,0.8,0.3,0.4
TEOWNtr5650,,Needleleaf tree,Ntr,GF,Ntr,GFET,,,3.877,0.043,0.905,0.679,0.377,0.5,0.03,0.05,0.09,0.06,1.6,0.4,0.7,0.4,1.5,0.1,0.2,0.04,1,0.5,0.8,0.3,0.4
TEOWNtr5651,,Needleleaf tree,Ntr,GF,Ntr,GFET,,,0.01,0.01,0.012,0.009,0.005,0.5,0.03,0.05,0.09,0.06,1.6,0.4,0.7,0.4,1.5,0.1,0.2,0.04,1,0.5,0.8,0.3,0.4
TEOWNtr5652,,Needleleaf tree,Ntr,GF,Ntr,GFET,,,0.01,0.01,0.012,0.009,0.005,0.5,0.03,0.05,0.09,0.06,1.6,0.4,0.7,0.4,1.5,0.1,0.2,0.04,1,0.5,0.8,0.3,0.4
TEOWNtr5653,,Needleleaf tree,Ntr,GF,Ntr,GFET,,,0.01,0.01,0.012,0.009,0.005,0.5,0.03,0.05,0.09,0.06,1.6,0.4,0.7,0.4,1.5,0.1,0.2,0.04,1,0.5,0.8,0.3,0.4
TEOWNtr5654,,Needleleaf tree,Ntr,GF,Ntr,GFET,,,4.222,0.043,0.905,0.679,0.377,0.5,0.03,0.05,0.09,0.06,1.6,0.4,0.7,0.4,1.5,0.1,0.2,0.04,1,0.5,0.8,0.3,0.4
TEOWNtr5655,,Needleleaf tree,Ntr,GF,Ntr,GFET,,,3.699,0.043,0.905,0.679,0.377,0.5,0.03,0.05,0.09,0.06,1.6,0.4,0.7,0.4,1.5,0.1,0.2,0.04,1,0.5,0.8,0.3,0.4
TEOWNtr5656,,Needleleaf tree,Ntr,GF,Ntr,GFET,,,0.01,0.01,0.012,0.009,0.005,0.5,0.03,0.05,0.09,0.06,1.6,0.4,0.7,0.4,1.5,0.1,0.2,0.04,1,0.5,0.8,0.3,0.4
TEOWNtr5657,,Needleleaf tree,Ntr,GF,Ntr,GFET,,,0.01,0.01,0.012,0.009,0.005,0.5,0.03,0.05,0.09,0.06,1.6,0.4,0.7,0.4,1.5,0.1,0.2,0.04,1,0.5,0.8,0.3,0.4
TEOWNtr5658,,Needleleaf tree,Ntr,GF,Ntr,GFET,,,0.01,0.01,0.012,0.009,0.005,0.5,0.03,0.05,0.09,0.06,1.6,0.4,0.7,0.4,1.5,0.1,0.2,0.04,1,0.5,0.8,0.3,0.4
TEOWNtr5659,,Needleleaf tree,Ntr,GF,Ntr,GFET,,,10.567,0.043,0.905,0.679,0.377,0.5,0.03,0.05,0.09,0.06,1.6,0.4,0.7,0.4,1.5,0.1,0.2,0.04,1,0.5,0.8,0.3,0.4
TEOWNtr5660,,Needleleaf tree,Ntr,GF,Ntr,GFET,,,0.01,0.01,0.012,0.009,0.005,0.5,0.03,0.05,0.09,0.06,1.6,0.4,0.7,0.4,1.5,0.1,0.2,0.04,1,0.5,0.8,0.3,0.4
TEOWNtr5661,,Needleleaf tree,Ntr,GF,Ntr,GFET,,,0.01,0.01,0.012,0.009,0.005,0.5,0.03,0.05,0.09,0.06,1.6,0.4,0.7,0.4,1.5,0.1,0.2,0.04,1,0.5,0.8,0.3,0.4
TEOWNtr5662,,Needleleaf tree,Ntr,GF,Ntr,GFET,,,0.01,0.01,0.012,0.009,0.005,0.5,0.03,0.05,0.09,0.06,1.6,0.4,0.7,0.4,1.5,0.1,0.2,0.04,1,0.5,0.8,0.3,0.4
TEOWNtr5663,,Needleleaf tree,Ntr,GF,Ntr,GFET,,,0.01,0.01,0.012,0.009,0.005,0.5,0.03,0.05,0.09,0.06,1.6,0.4,0.7,0.4,1.5,0.1,0.2,0.04,1,0.5,0.8,0.3,0.4
TEOWNtr5664,,Needleleaf tree,Ntr,GF,Ntr,GFET,,,0.01,0.01,0.012,0.009,0.005,0.5,0.03,0.05,0.09,0.06,1.6,0.4,0.7,0.4,1.5,0.1,0.2,0.04,1,0.5,0.8,0.3,0.4
TEOWNtr5665,,Needleleaf tree,Ntr,GF,Ntr,GFET,,,0.01,0.01,0.012,0.009,0.005,0.5,0.03,0.05,0.09,0.06,1.6,0.4,0.7,0.4,1.5,0.1,0.2,0.04,1,0.5,0.8,0.3,0.4
TEOWNtr5666,,Needleleaf tree,Ntr,GF,Ntr,GFET,,,0.01,0.01,0.012,0.009,0.005,0.5,0.03,0.05,0.09,0.06,1.6,0.4,0.7,0.4,1.5,0.1,0.2,0.04,1,0.5,0.8,0.3,0.4
TEOWNtr5667,,Needleleaf tree,Ntr,GF,Ntr,GFET,,,7.465,0.043,0.906,0.679,0.377,0.5,0.03,0.05,0.09,0.06,1.6,0.4,0.7,0.4,1.5,0.1,0.2,0.04,1,0.5,0.8,0.3,0.4
TEOWNtr5668,,Needleleaf tree,Ntr,GF,Ntr,GFET,,,8.965,0.043,0.905,0.679,0.377,0.5,0.03,0.05,0.09,0.06,1.6,0.4,0.7,0.4,1.5,0.1,0.2,0.04,1,0.5,0.8,0.3,0.4
TEOWNtr5669,,Needleleaf tree,Ntr,GF,Ntr,GFET,,,8.546,0.043,0.905,0.679,0.377,0.5,0.03,0.05,0.09,0.06,1.6,0.4,0.7,0.4,1.5,0.1,0.2,0.04,1,0.5,0.8,0.3,0.4
TEOWNtr5670,,Needleleaf tree,Ntr,GF,Ntr,GFET,,,8.552,0.043,0.905,0.679,0.377,0.5,0.03,0.05,0.09,0.06,1.6,0.4,0.7,0.4,1.5,0.1,0.2,0.04,1,0.5,0.8,0.3,0.4
TEOWNtr5671,,Needleleaf tree,Ntr,GF,Ntr,GFET,,,7.433,0.043,0.905,0.679,0.377,0.5,0.03,0.05,0.09,0.06,1.6,0.4,0.7,0.4,1.5,0.1,0.2,0.04,1,0.5,0.8,0.3,0.4
TEOWNtr5672,,Needleleaf tree,Ntr,GF,Ntr,GFET,,,13.009,0.043,0.905,0.679,0.377,0.5,0.03,0.05,0.09,0.06,1.6,0.4,0.7,0.4,1.5,0.1,0.2,0.04,1,0.5,0.8,0.3,0.4
TEOWNtr5673,,Needleleaf tree,Ntr,GF,Ntr,GFET,,,0.01,0.01,0.012,0.009,0.005,0.5,0.03,0.05,0.09,0.06,1.6,0.4,0.7,0.4,1.5,0.1,0.2,0.04,1,0.5,0.8,0.3,0.4
TEOWNtr5674,,Needleleaf tree,Ntr,GF,Ntr,GFET,,,9.23,0.29,0.59,0.442,0.246,0.5,0.03,0.05,0.09,0.06,1.6,0.4,0.7,0.4,1.5,0.1,0.2,0.04,1,0.5,0.8,0.3,0.4
TEOWNtr5675,,Needleleaf tree,Ntr,GF,Ntr,GFET,,,9.503,0.288,0.597,0.448,0.249,0.5,0.03,0.05,0.09,0.06,1.6,0.4,0.7,0.4,1.5,0.1,0.2,0.04,1,0.5,0.8,0.3,0.4
TEOWNtr5676,,Needleleaf tree,Ntr,GF,Ntr,GFET,,,9.307,0.084,0.839,0.629,0.35,0.5,0.03,0.05,0.09,0.06,1.6,0.4,0.7,0.4,1.5,0.1,0.2,0.04,1,0.5,0.8,0.3,0.4
TEOWNtr5677,,Needleleaf tree,Ntr,GF,Ntr,GFET,,,6.721,0.13,0.568,0.426,0.237,0.5,0.03,0.05,0.09,0.06,1.6,0.4,0.7,0.4,1.5,0.1,0.2,0.04,1,0.5,0.8,0.3,0.4
TEOWNtr5678,,Needleleaf tree,Ntr,GF,Ntr,GFET,,,0.01,0.01,0.012,0.009,0.005,0.5,0.03,0.05,0.09,0.06,1.6,0.4,0.7,0.4,1.5,0.1,0.2,0.04,1,0.5,0.8,0.3,0.4
TEOWNtr5679,,Needleleaf tree,Ntr,GF,Ntr,GFET,,,7.532,0.127,0.557,0.418,0.232,0.5,0.03,0.05,0.09,0.06,1.6,0.4,0.7,0.4,1.5,0.1,0.2,0.04,1,0.5,0.8,0.3,0.4
TEOWNtr5680,,Needleleaf tree,Ntr,GF,Ntr,GFET,,,5.273,0.126,0.587,0.44,0.244,0.5,0.03,0.05,0.09,0.06,1.6,0.4,0.7,0.4,1.5,0.1,0.2,0.04,1,0.5,0.8,0.3,0.4
TEOWNtr5681,,Needleleaf tree,Ntr,GF,Ntr,GFET,,,4.649,0.179,0.512,0.384,0.213,0.5,0.03,0.05,0.09,0.06,1.6,0.4,0.7,0.4,1.5,0.1,0.2,0.04,1,0.5,0.8,0.3,0.4
TEOWNtr5682,,Needleleaf tree,Ntr,GF,Ntr,GFET,,,11.794,0.043,0.911,0.683,0.38,0.5,0.03,0.05,0.09,0.06,1.6,0.4,0.7,0.4,1.5,0.1,0.2,0.04,1,0.5,0.8,0.3,0.4
TEOWNtr5683,,Needleleaf tree,Ntr,GF,Ntr,GFET,,,10.723,0.1,0.655,0.491,0.273,0.5,0.03,0.05,0.09,0.06,1.6,0.4,0.7,0.4,1.5,0.1,0.2,0.04,1,0.5,0.8,0.3,0.4
TEOWNtr5684,,Needleleaf tree,Ntr,GF,Ntr,GFET,,,5.802,0.705,0.55,0.413,0.229,0.5,0.03,0.05,0.09,0.06,1.6,0.4,0.7,0.4,1.5,0.1,0.2,0.04,1,0.5,0.8,0.3,0.4
TEOWNtr5685,,Needleleaf tree,Ntr,GF,Ntr,GFET,,,12.304,0.149,0.718,0.538,0.299,0.5,0.03,0.05,0.09,0.06,1.6,0.4,0.7,0.4,1.5,0.1,0.2,0.04,1,0.5,0.8,0.3,0.4
TEOWNtr5686,,Needleleaf tree,Ntr,GF,Ntr,GFET,,,14.469,0.287,0.603,0.452,0.251,0.5,0.03,0.05,0.09,0.06,1.6,0.4,0.7,0.4,1.5,0.1,0.2,0.04,1,0.5,0.8,0.3,0.4
TEOWNtr5687,,Needleleaf tree,Ntr,GF,Ntr,GFET,,,5.215,0.092,0.741,0.556,0.309,0.5,0.03,0.05,0.09,0.06,1.6,0.4,0.7,0.4,1.5,0.1,0.2,0.04,1,0.5,0.8,0.3,0.4
TEOWNtr5688,,Needleleaf tree,Ntr,GF,Ntr,GFET,,,10.041,0.043,0.907,0.68,0.378,0.5,0.03,0.05,0.09,0.06,1.6,0.4,0.7,0.4,1.5,0.1,0.2,0.04,1,0.5,0.8,0.3,0.4
TEOWNtr5689,,Needleleaf tree,Ntr,GF,Ntr,GFET,,,9.617,0.18,0.648,0.486,0.27,0.5,0.03,0.05,0.09,0.06,1.6,0.4,0.7,0.4,1.5,0.1,0.2,0.04,1,0.5,0.8,0.3,0.4
TEOWNtr5690,,Needleleaf tree,Ntr,GF,Ntr,GFET,,,11.497,0.227,0.667,0.5,0.278,0.5,0.03,0.05,0.09,0.06,1.6,0.4,0.7,0.4,1.5,0.1,0.2,0.04,1,0.5,0.8,0.3,0.4
TEOWNtr5691,,Needleleaf tree,Ntr,GF,Ntr,GFET,,,11.187,0.073,0.788,0.591,0.328,0.5,0.03,0.05,0.09,0.06,1.6,0.4,0.7,0.4,1.5,0.1,0.2,0.04,1,0.5,0.8,0.3,0.4
TEOWNtr5692,,Needleleaf tree,Ntr,GF,Ntr,GFET,,,12.341,0.255,0.627,0.471,0.261,0.5,0.03,0.05,0.09,0.06,1.6,0.4,0.7,0.4,1.5,0.1,0.2,0.04,1,0.5,0.8,0.3,0.4
TEOWNtr5693,,Needleleaf tree,Ntr,GF,Ntr,GFET,,,8.925,0.046,0.855,0.641,0.356,0.5,0.03,0.05,0.09,0.06,1.6,0.4,0.7,0.4,1.5,0.1,0.2,0.04,1,0.5,0.8,0.3,0.4
TEOWNtr5694,,Needleleaf tree,Ntr,GF,Ntr,GFET,,,8.144,0.07,0.793,0.594,0.33,0.5,0.03,0.05,0.09,0.06,1.6,0.4,0.7,0.4,1.5,0.1,0.2,0.04,1,0.5,0.8,0.3,0.4
TEOWNtr5695,,Needleleaf tree,Ntr,GF,Ntr,GFET,,,25.713,0.236,0.671,0.503,0.28,0.5,0.03,0.05,0.09,0.06,1.6,0.4,0.7,0.4,1.5,0.1,0.2,0.04,1,0.5,0.8,0.3,0.4
TEOWNtr5696,,Needleleaf tree,Ntr,GF,Ntr,GFET,,,9.086,0.432,0.721,0.541,0.301,0.5,0.03,0.05,0.09,0.06,1.6,0.4,0.7,0.4,1.5,0.1,0.2,0.04,1,0.5,0.8,0.3,0.4
TEOWNtr5697,,Needleleaf tree,Ntr,GF,Ntr,GFET,,,10.262,0.043,0.907,0.68,0.378,0.5,0.03,0.05,0.09,0.06,1.6,0.4,0.7,0.4,1.5,0.1,0.2,0.04,1,0.5,0.8,0.3,0.4
TEOWNtr5698,,Needleleaf tree,Ntr,GF,Ntr,GFET,,,8.523,0.043,0.906,0.68,0.378,0.5,0.03,0.05,0.09,0.06,1.6,0.4,0.7,0.4,1.5,0.1,0.2,0.04,1,0.5,0.8,0.3,0.4
TEOWNtr5699,,Needleleaf tree,Ntr,GF,Ntr,GFET,,,14.933,0.288,0.598,0.448,0.249,0.5,0.03,0.05,0.09,0.06,1.6,0.4,0.7,0.4,1.5,0.1,0.2,0.04,1,0.5,0.8,0.3,0.4
TEOWNtr5700,,Needleleaf tree,Ntr,GF,Ntr,GFET,,,0.01,0.01,0.012,0.009,0.005,0.5,0.03,0.05,0.09,0.06,1.6,0.4,0.7,0.4,1.5,0.1,0.2,0.04,1,0.5,0.8,0.3,0.4
TEOWNtr5701,,Needleleaf tree,Ntr,GF,Ntr,GFET,,,12.599,0.051,0.873,0.654,0.364,0.5,0.03,0.05,0.09,0.06,1.6,0.4,0.7,0.4,1.5,0.1,0.2,0.04,1,0.5,0.8,0.3,0.4
TEOWNtr5702,,Needleleaf tree,Ntr,GF,Ntr,GFET,,,7.421,0.043,0.905,0.679,0.377,0.5,0.03,0.05,0.09,0.06,1.6,0.4,0.7,0.4,1.5,0.1,0.2,0.04,1,0.5,0.8,0.3,0.4
TEOWNtr5703,,Needleleaf tree,Ntr,GF,Ntr,GFET,,,8.716,0.006,0.578,0.433,0.241,0.5,0.03,0.05,0.09,0.06,1.6,0.4,0.7,0.4,1.5,0.1,0.2,0.04,1,0.5,0.8,0.3,0.4
TEOWNtr5704,,Needleleaf tree,Ntr,GF,Ntr,GFET,,,5.021,0.257,0.776,0.582,0.323,0.5,0.03,0.05,0.09,0.06,1.6,0.4,0.7,0.4,1.5,0.1,0.2,0.04,1,0.5,0.8,0.3,0.4
TEOWNtr5705,,Needleleaf tree,Ntr,GF,Ntr,GFET,,,8.956,0.236,0.669,0.502,0.279,0.5,0.03,0.05,0.09,0.06,1.6,0.4,0.7,0.4,1.5,0.1,0.2,0.04,1,0.5,0.8,0.3,0.4
TEOWNtr5706,,Needleleaf tree,Ntr,GF,Ntr,GFET,,,8.566,0.043,0.861,0.646,0.359,0.5,0.03,0.05,0.09,0.06,1.6,0.4,0.7,0.4,1.5,0.1,0.2,0.04,1,0.5,0.8,0.3,0.4
TEOWNtr5707,,Needleleaf tree,Ntr,GF,Ntr,GFET,,,9.619,0.047,0.882,0.662,0.368,0.5,0.03,0.05,0.09,0.06,1.6,0.4,0.7,0.4,1.5,0.1,0.2,0.04,1,0.5,0.8,0.3,0.4
TEOWNtr5708,,Needleleaf tree,Ntr,GF,Ntr,GFET,,,5.778,0.073,0.808,0.606,0.337,0.5,0.03,0.05,0.09,0.06,1.6,0.4,0.7,0.4,1.5,0.1,0.2,0.04,1,0.5,0.8,0.3,0.4
TEOWNtr5709,,Needleleaf tree,Ntr,GF,Ntr,GFET,,,12.595,0.29,0.6,0.45,0.25,0.5,0.03,0.05,0.09,0.06,1.6,0.4,0.7,0.4,1.5,0.1,0.2,0.04,1,0.5,0.8,0.3,0.4
TEOWNtr5710,,Needleleaf tree,Ntr,GF,Ntr,GFET,,,8.38,0.08,0.77,0.577,0.321,0.5,0.03,0.05,0.09,0.06,1.6,0.4,0.7,0.4,1.5,0.1,0.2,0.04,1,0.5,0.8,0.3,0.4
TEOWNtr5711,,Needleleaf tree,Ntr,GF,Ntr,GFET,,,5.817,0.076,0.77,0.577,0.321,0.5,0.03,0.05,0.09,0.06,1.6,0.4,0.7,0.4,1.5,0.1,0.2,0.04,1,0.5,0.8,0.3,0.4
TEOWNtr5712,,Needleleaf tree,Ntr,GF,Ntr,GFET,,,11.282,0.253,0.627,0.47,0.261,0.5,0.03,0.05,0.09,0.06,1.6,0.4,0.7,0.4,1.5,0.1,0.2,0.04,1,0.5,0.8,0.3,0.4
TEOWNtr5713,,Needleleaf tree,Ntr,GF,Ntr,GFET,,,9.789,0.067,0.796,0.597,0.332,0.5,0.03,0.05,0.09,0.06,1.6,0.4,0.7,0.4,1.5,0.1,0.2,0.04,1,0.5,0.8,0.3,0.4
TEOWNtr5714,,Needleleaf tree,Ntr,GF,Ntr,GFET,,,8.321,0.043,0.905,0.679,0.377,0.5,0.03,0.05,0.09,0.06,1.6,0.4,0.7,0.4,1.5,0.1,0.2,0.04,1,0.5,0.8,0.3,0.4
TEOWNtr5715,,Needleleaf tree,Ntr,GF,Ntr,GFET,,,6.95,0.043,0.905,0.679,0.377,0.5,0.03,0.05,0.09,0.06,1.6,0.4,0.7,0.4,1.5,0.1,0.2,0.04,1,0.5,0.8,0.3,0.4
TEOWNtr5716,,Needleleaf tree,Ntr,GF,Ntr,GFET,,,6.262,0.043,0.905,0.679,0.377,0.5,0.03,0.05,0.09,0.06,1.6,0.4,0.7,0.4,1.5,0.1,0.2,0.04,1,0.5,0.8,0.3,0.4
TEOWNtr5717,,Needleleaf tree,Ntr,GF,Ntr,GFET,,,16.506,0.037,0.958,0.718,0.399,0.5,0.03,0.05,0.09,0.06,1.6,0.4,0.7,0.4,1.5,0.1,0.2,0.04,1,0.5,0.8,0.3,0.4
TEOWNtr5718,,Needleleaf tree,Ntr,GF,Ntr,GFET,,,9.108,0.096,0.579,0.435,0.241,0.5,0.03,0.05,0.09,0.06,1.6,0.4,0.7,0.4,1.5,0.1,0.2,0.04,1,0.5,0.8,0.3,0.4
TEOWNtr5719,,Needleleaf tree,Ntr,GF,Ntr,GFET,,,6.484,0.292,0.57,0.428,0.238,0.5,0.03,0.05,0.09,0.06,1.6,0.4,0.7,0.4,1.5,0.1,0.2,0.04,1,0.5,0.8,0.3,0.4
TEOWNtr5720,,Needleleaf tree,Ntr,GF,Ntr,GFET,,,7.307,0.063,0.809,0.607,0.337,0.5,0.03,0.05,0.09,0.06,1.6,0.4,0.7,0.4,1.5,0.1,0.2,0.04,1,0.5,0.8,0.3,0.4
TEOWNtr5721,,Needleleaf tree,Ntr,GF,Ntr,GFET,,,16.495,0.036,0.908,0.681,0.378,0.5,0.03,0.05,0.09,0.06,1.6,0.4,0.7,0.4,1.5,0.1,0.2,0.04,1,0.5,0.8,0.3,0.4
TEOWNtr5722,,Needleleaf tree,Ntr,GF,Ntr,GFET,,,7.376,0.041,0.798,0.599,0.333,0.5,0.03,0.05,0.09,0.06,1.6,0.4,0.7,0.4,1.5,0.1,0.2,0.04,1,0.5,0.8,0.3,0.4
TEOWNtr5723,,Needleleaf tree,Ntr,GF,Ntr,GFET,,,13.962,0.051,0.871,0.653,0.363,0.5,0.03,0.05,0.09,0.06,1.6,0.4,0.7,0.4,1.5,0.1,0.2,0.04,1,0.5,0.8,0.3,0.4
TEOWNtr5724,,Needleleaf tree,Ntr,GF,Ntr,GFET,,,7.311,0.433,0.719,0.539,0.3,0.5,0.03,0.05,0.09,0.06,1.6,0.4,0.7,0.4,1.5,0.1,0.2,0.04,1,0.5,0.8,0.3,0.4
TEOWNtr5725,,Needleleaf tree,Ntr,GF,Ntr,GFET,,,5.058,0.063,0.822,0.617,0.343,0.5,0.03,0.05,0.09,0.06,1.6,0.4,0.7,0.4,1.5,0.1,0.2,0.04,1,0.5,0.8,0.3,0.4
TEOWNtr5726,,Needleleaf tree,Ntr,GF,Ntr,GFET,,,9.491,0.057,0.839,0.629,0.35,0.5,0.03,0.05,0.09,0.06,1.6,0.4,0.7,0.4,1.5,0.1,0.2,0.04,1,0.5,0.8,0.3,0.4
TEOWNtr5727,,Needleleaf tree,Ntr,GF,Ntr,GFET,,,16.256,0.036,0.907,0.68,0.378,0.5,0.03,0.05,0.09,0.06,1.6,0.4,0.7,0.4,1.5,0.1,0.2,0.04,1,0.5,0.8,0.3,0.4
TEOWNtr5728,,Needleleaf tree,Ntr,GF,Ntr,GFET,,,14.919,0.039,0.908,0.681,0.378,0.5,0.03,0.05,0.09,0.06,1.6,0.4,0.7,0.4,1.5,0.1,0.2,0.04,1,0.5,0.8,0.3,0.4
TEOWNtr5729,,Needleleaf tree,Ntr,GF,Ntr,GFET,,,14.442,0.042,0.915,0.686,0.381,0.5,0.03,0.05,0.09,0.06,1.6,0.4,0.7,0.4,1.5,0.1,0.2,0.04,1,0.5,0.8,0.3,0.4
TEOWNtr5730,,Needleleaf tree,Ntr,GF,Ntr,GFET,,,7.891,0.043,0.905,0.679,0.377,0.5,0.03,0.05,0.09,0.06,1.6,0.4,0.7,0.4,1.5,0.1,0.2,0.04,1,0.5,0.8,0.3,0.4
TEOWNtr5731,,Needleleaf tree,Ntr,GF,Ntr,GFET,,,8.26,0.043,0.906,0.68,0.378,0.5,0.03,0.05,0.09,0.06,1.6,0.4,0.7,0.4,1.5,0.1,0.2,0.04,1,0.5,0.8,0.3,0.4
TEOWNtr5732,,Needleleaf tree,Ntr,GF,Ntr,GFET,,,8.792,0.043,0.906,0.679,0.377,0.5,0.03,0.05,0.09,0.06,1.6,0.4,0.7,0.4,1.5,0.1,0.2,0.04,1,0.5,0.8,0.3,0.4
TEOWNtr5733,,Needleleaf tree,Ntr,GF,Ntr,GFET,,,11.099,0.043,0.906,0.679,0.377,0.5,0.03,0.05,0.09,0.06,1.6,0.4,0.7,0.4,1.5,0.1,0.2,0.04,1,0.5,0.8,0.3,0.4
TEOWNtr5734,,Needleleaf tree,Ntr,GF,Ntr,GFET,,,12.179,0.043,0.908,0.681,0.378,0.5,0.03,0.05,0.09,0.06,1.6,0.4,0.7,0.4,1.5,0.1,0.2,0.04,1,0.5,0.8,0.3,0.4
TEOWNtr5735,,Needleleaf tree,Ntr,GF,Ntr,GFET,,,7.533,0.043,0.905,0.679,0.377,0.5,0.03,0.05,0.09,0.06,1.6,0.4,0.7,0.4,1.5,0.1,0.2,0.04,1,0.5,0.8,0.3,0.4
TEOWNtr5736,,Needleleaf tree,Ntr,GF,Ntr,GFET,,,7.516,0.18,0.54,0.405,0.225,0.5,0.03,0.05,0.09,0.06,1.6,0.4,0.7,0.4,1.5,0.1,0.2,0.04,1,0.5,0.8,0.3,0.4
TEOWNtr5737,,Needleleaf tree,Ntr,GF,Ntr,GFET,,,8.956,0.043,0.906,0.679,0.377,0.5,0.03,0.05,0.09,0.06,1.6,0.4,0.7,0.4,1.5,0.1,0.2,0.04,1,0.5,0.8,0.3,0.4
TEOWNtr5738,,Needleleaf tree,Ntr,GF,Ntr,GFET,,,11.021,0.043,0.906,0.679,0.377,0.5,0.03,0.05,0.09,0.06,1.6,0.4,0.7,0.4,1.5,0.1,0.2,0.04,1,0.5,0.8,0.3,0.4
TEOWNtr5739,,Needleleaf tree,Ntr,GF,Ntr,GFET,,,9.12,0.288,0.581,0.436,0.242,0.5,0.03,0.05,0.09,0.06,1.6,0.4,0.7,0.4,1.5,0.1,0.2,0.04,1,0.5,0.8,0.3,0.4
TEOWNtr5740,,Needleleaf tree,Ntr,GF,Ntr,GFET,,,7.917,0.064,0.795,0.596,0.331,0.5,0.03,0.05,0.09,0.06,1.6,0.4,0.7,0.4,1.5,0.1,0.2,0.04,1,0.5,0.8,0.3,0.4
TEOWNtr5741,,Needleleaf tree,Ntr,GF,Ntr,GFET,,,3.803,0.057,0.828,0.621,0.345,0.5,0.03,0.05,0.09,0.06,1.6,0.4,0.7,0.4,1.5,0.1,0.2,0.04,1,0.5,0.8,0.3,0.4
TEOWNtr5742,,Needleleaf tree,Ntr,GF,Ntr,GFET,,,11.977,0.043,0.912,0.684,0.38,0.5,0.03,0.05,0.09,0.06,1.6,0.4,0.7,0.4,1.5,0.1,0.2,0.04,1,0.5,0.8,0.3,0.4
TEOWNtr5743,,Needleleaf tree,Ntr,GF,Ntr,GFET,,,9.256,0.066,0.788,0.591,0.328,0.5,0.03,0.05,0.09,0.06,1.6,0.4,0.7,0.4,1.5,0.1,0.2,0.04,1,0.5,0.8,0.3,0.4
TEOWNtr5744,,Needleleaf tree,Ntr,GF,Ntr,GFET,,,12.547,0.043,0.906,0.68,0.378,0.5,0.03,0.05,0.09,0.06,1.6,0.4,0.7,0.4,1.5,0.1,0.2,0.04,1,0.5,0.8,0.3,0.4
TEOWNtr5745,,Needleleaf tree,Ntr,GF,Ntr,GFET,,,16.232,0.069,0.789,0.592,0.329,0.5,0.03,0.05,0.09,0.06,1.6,0.4,0.7,0.4,1.5,0.1,0.2,0.04,1,0.5,0.8,0.3,0.4
TEOWNtr5746,,Needleleaf tree,Ntr,GF,Ntr,GFET,,,10.034,0.07,0.787,0.59,0.328,0.5,0.03,0.05,0.09,0.06,1.6,0.4,0.7,0.4,1.5,0.1,0.2,0.04,1,0.5,0.8,0.3,0.4
TEOWNtr5747,,Needleleaf tree,Ntr,GF,Ntr,GFET,,,16.856,0.066,0.788,0.591,0.328,0.5,0.03,0.05,0.09,0.06,1.6,0.4,0.7,0.4,1.5,0.1,0.2,0.04,1,0.5,0.8,0.3,0.4
TEOWNtr5748,,Needleleaf tree,Ntr,GF,Ntr,GFET,,,6.759,0.066,0.789,0.592,0.329,0.5,0.03,0.05,0.09,0.06,1.6,0.4,0.7,0.4,1.5,0.1,0.2,0.04,1,0.5,0.8,0.3,0.4
TEOWNtr5749,,Needleleaf tree,Ntr,GF,Ntr,GFET,,,7.396,0.066,0.792,0.594,0.33,0.5,0.03,0.05,0.09,0.06,1.6,0.4,0.7,0.4,1.5,0.1,0.2,0.04,1,0.5,0.8,0.3,0.4
TEOWNtr5750,,Needleleaf tree,Ntr,GF,Ntr,GFET,,,6.749,0.07,0.744,0.558,0.31,0.5,0.03,0.05,0.09,0.06,1.6,0.4,0.7,0.4,1.5,0.1,0.2,0.04,1,0.5,0.8,0.3,0.4
TEOWNtr5751,,Needleleaf tree,Ntr,GF,Ntr,GFET,,,7.063,0.067,0.799,0.6,0.333,0.5,0.03,0.05,0.09,0.06,1.6,0.4,0.7,0.4,1.5,0.1,0.2,0.04,1,0.5,0.8,0.3,0.4
TEOWNtr5752,,Needleleaf tree,Ntr,GF,Ntr,GFET,,,6.676,0.07,0.787,0.59,0.328,0.5,0.03,0.05,0.09,0.06,1.6,0.4,0.7,0.4,1.5,0.1,0.2,0.04,1,0.5,0.8,0.3,0.4
TEOWNtr5753,,Needleleaf tree,Ntr,GF,Ntr,GFET,,,9.111,0.07,0.787,0.59,0.328,0.5,0.03,0.05,0.09,0.06,1.6,0.4,0.7,0.4,1.5,0.1,0.2,0.04,1,0.5,0.8,0.3,0.4
TEOWNtr5754,,Needleleaf tree,Ntr,GF,Ntr,GFET,,,14.781,0.043,0.939,0.704,0.391,0.5,0.03,0.05,0.09,0.06,1.6,0.4,0.7,0.4,1.5,0.1,0.2,0.04,1,0.5,0.8,0.3,0.4
TEOWNtr5755,,Needleleaf tree,Ntr,GF,Ntr,GFET,,,14.004,0.042,0.905,0.679,0.377,0.5,0.03,0.05,0.09,0.06,1.6,0.4,0.7,0.4,1.5,0.1,0.2,0.04,1,0.5,0.8,0.3,0.4
TEOWNtr5756,,Needleleaf tree,Ntr,GF,Ntr,GFET,,,16.669,0.036,0.906,0.679,0.377,0.5,0.03,0.05,0.09,0.06,1.6,0.4,0.7,0.4,1.5,0.1,0.2,0.04,1,0.5,0.8,0.3,0.4
TEOWNtr5757,,Needleleaf tree,Ntr,GF,Ntr,GFET,,,13.059,0.062,0.826,0.619,0.344,0.5,0.03,0.05,0.09,0.06,1.6,0.4,0.7,0.4,1.5,0.1,0.2,0.04,1,0.5,0.8,0.3,0.4
TEOWNtr5758,,Needleleaf tree,Ntr,GF,Ntr,GFET,,,15.273,0.039,0.903,0.677,0.376,0.5,0.03,0.05,0.09,0.06,1.6,0.4,0.7,0.4,1.5,0.1,0.2,0.04,1,0.5,0.8,0.3,0.4
TEOWNtr5759,,Needleleaf tree,Ntr,GF,Ntr,GFET,,,14.578,0.039,0.893,0.669,0.372,0.5,0.03,0.05,0.09,0.06,1.6,0.4,0.7,0.4,1.5,0.1,0.2,0.04,1,0.5,0.8,0.3,0.4
TEOWNtr5760,,Needleleaf tree,Ntr,GF,Ntr,GFET,,,0.01,0.01,0.012,0.009,0.005,0.5,0.03,0.05,0.09,0.06,1.6,0.4,0.7,0.4,1.5,0.1,0.2,0.04,1,0.5,0.8,0.3,0.4
TEOWNtr5761,,Needleleaf tree,Ntr,GF,Ntr,GFET,,,13.936,0.044,0.884,0.663,0.368,0.5,0.03,0.05,0.09,0.06,1.6,0.4,0.7,0.4,1.5,0.1,0.2,0.04,1,0.5,0.8,0.3,0.4
TEOWNtr5762,,Needleleaf tree,Ntr,GF,Ntr,GFET,,,10.041,0.067,0.796,0.597,0.332,0.5,0.03,0.05,0.09,0.06,1.6,0.4,0.7,0.4,1.5,0.1,0.2,0.04,1,0.5,0.8,0.3,0.4
TEOWNtr5763,,Needleleaf tree,Ntr,GF,Ntr,GFET,,,15.958,0.045,0.875,0.656,0.364,0.5,0.03,0.05,0.09,0.06,1.6,0.4,0.7,0.4,1.5,0.1,0.2,0.04,1,0.5,0.8,0.3,0.4
TEOWNtr5764,,Needleleaf tree,Ntr,GF,Ntr,GFET,,,12.957,0.041,0.926,0.694,0.386,0.5,0.03,0.05,0.09,0.06,1.6,0.4,0.7,0.4,1.5,0.1,0.2,0.04,1,0.5,0.8,0.3,0.4
TEOWNtr5765,,Needleleaf tree,Ntr,GF,Ntr,GFET,,,16.495,0.037,0.925,0.693,0.385,0.5,0.03,0.05,0.09,0.06,1.6,0.4,0.7,0.4,1.5,0.1,0.2,0.04,1,0.5,0.8,0.3,0.4
TEOWNtr5766,,Needleleaf tree,Ntr,GF,Ntr,GFET,,,17.771,0.032,0.878,0.659,0.366,0.5,0.03,0.05,0.09,0.06,1.6,0.4,0.7,0.4,1.5,0.1,0.2,0.04,1,0.5,0.8,0.3,0.4
TEOWNtr5767,,Needleleaf tree,Ntr,GF,Ntr,GFET,,,10.25,0.068,0.802,0.602,0.334,0.5,0.03,0.05,0.09,0.06,1.6,0.4,0.7,0.4,1.5,0.1,0.2,0.04,1,0.5,0.8,0.3,0.4
TEOWNtr5768,,Needleleaf tree,Ntr,GF,Ntr,GFET,,,7.629,0.069,0.788,0.591,0.328,0.5,0.03,0.05,0.09,0.06,1.6,0.4,0.7,0.4,1.5,0.1,0.2,0.04,1,0.5,0.8,0.3,0.4
TEOWNtr5769,,Needleleaf tree,Ntr,GF,Ntr,GFET,,,14.804,0.047,0.883,0.662,0.368,0.5,0.03,0.05,0.09,0.06,1.6,0.4,0.7,0.4,1.5,0.1,0.2,0.04,1,0.5,0.8,0.3,0.4
TEOWNtr5770,,Needleleaf tree,Ntr,GF,Ntr,GFET,,,8.091,0.07,0.789,0.592,0.329,0.5,0.03,0.05,0.09,0.06,1.6,0.4,0.7,0.4,1.5,0.1,0.2,0.04,1,0.5,0.8,0.3,0.4
TEOWNtr5771,,Needleleaf tree,Ntr,GF,Ntr,GFET,,,13.61,0.043,0.915,0.686,0.381,0.5,0.03,0.05,0.09,0.06,1.6,0.4,0.7,0.4,1.5,0.1,0.2,0.04,1,0.5,0.8,0.3,0.4
TEOWNtr5772,,Needleleaf tree,Ntr,GF,Ntr,GFET,,,9.777,0.061,0.827,0.62,0.345,0.5,0.03,0.05,0.09,0.06,1.6,0.4,0.7,0.4,1.5,0.1,0.2,0.04,1,0.5,0.8,0.3,0.4
TEOWNtr5773,,Needleleaf tree,Ntr,GF,Ntr,GFET,,,12.598,0.043,0.924,0.693,0.385,0.5,0.03,0.05,0.09,0.06,1.6,0.4,0.7,0.4,1.5,0.1,0.2,0.04,1,0.5,0.8,0.3,0.4
TEOWNtr5774,,Needleleaf tree,Ntr,GF,Ntr,GFET,,,13.547,0.041,0.907,0.68,0.378,0.5,0.03,0.05,0.09,0.06,1.6,0.4,0.7,0.4,1.5,0.1,0.2,0.04,1,0.5,0.8,0.3,0.4
TEOWNtr5775,,Needleleaf tree,Ntr,GF,Ntr,GFET,,,15.189,0.041,0.916,0.687,0.381,0.5,0.03,0.05,0.09,0.06,1.6,0.4,0.7,0.4,1.5,0.1,0.2,0.04,1,0.5,0.8,0.3,0.4
TEOWNtr5776,,Needleleaf tree,Ntr,GF,Ntr,GFET,,,16.692,0.027,0.908,0.681,0.378,0.5,0.03,0.05,0.09,0.06,1.6,0.4,0.7,0.4,1.5,0.1,0.2,0.04,1,0.5,0.8,0.3,0.4
TEOWNtr5777,,Needleleaf tree,Ntr,GF,Ntr,GFET,,,16.648,0.036,0.909,0.681,0.379,0.5,0.03,0.05,0.09,0.06,1.6,0.4,0.7,0.4,1.5,0.1,0.2,0.04,1,0.5,0.8,0.3,0.4
TEOWNtr5778,,Needleleaf tree,Ntr,GF,Ntr,GFET,,,10.828,0.061,0.828,0.621,0.345,0.5,0.03,0.05,0.09,0.06,1.6,0.4,0.7,0.4,1.5,0.1,0.2,0.04,1,0.5,0.8,0.3,0.4
TEOWNtr5779,,Needleleaf tree,Ntr,GF,Ntr,GFET,,,13.169,0.042,0.926,0.695,0.386,0.5,0.03,0.05,0.09,0.06,1.6,0.4,0.7,0.4,1.5,0.1,0.2,0.04,1,0.5,0.8,0.3,0.4
TEOWNtr5780,,Needleleaf tree,Ntr,GF,Ntr,GFET,,,17.78,0.055,0.853,0.639,0.355,0.5,0.03,0.05,0.09,0.06,1.6,0.4,0.7,0.4,1.5,0.1,0.2,0.04,1,0.5,0.8,0.3,0.4
TEOWNtr5781,,Needleleaf tree,Ntr,GF,Ntr,GFET,,,16.761,0.023,0.909,0.682,0.379,0.5,0.03,0.05,0.09,0.06,1.6,0.4,0.7,0.4,1.5,0.1,0.2,0.04,1,0.5,0.8,0.3,0.4
TEOWNtr5782,,Needleleaf tree,Ntr,GF,Ntr,GFET,,,10.796,0.042,0.905,0.679,0.377,0.5,0.03,0.05,0.09,0.06,1.6,0.4,0.7,0.4,1.5,0.1,0.2,0.04,1,0.5,0.8,0.3,0.4
TEOWNtr5783,,Needleleaf tree,Ntr,GF,Ntr,GFET,,,17.071,0.01,0.907,0.681,0.378,0.5,0.03,0.05,0.09,0.06,1.6,0.4,0.7,0.4,1.5,0.1,0.2,0.04,1,0.5,0.8,0.3,0.4
TEOWNtr5784,,Needleleaf tree,Ntr,GF,Ntr,GFET,,,15.647,0.037,0.905,0.679,0.377,0.5,0.03,0.05,0.09,0.06,1.6,0.4,0.7,0.4,1.5,0.1,0.2,0.04,1,0.5,0.8,0.3,0.4
TEOWNtr5785,,Needleleaf tree,Ntr,GF,Ntr,GFET,,,15.676,0.039,0.908,0.681,0.378,0.5,0.03,0.05,0.09,0.06,1.6,0.4,0.7,0.4,1.5,0.1,0.2,0.04,1,0.5,0.8,0.3,0.4
TEOWNtr5786,,Needleleaf tree,Ntr,GF,Ntr,GFET,,,15.256,0.04,0.906,0.68,0.378,0.5,0.03,0.05,0.09,0.06,1.6,0.4,0.7,0.4,1.5,0.1,0.2,0.04,1,0.5,0.8,0.3,0.4
TEOWNtr5787,,Needleleaf tree,Ntr,GF,Ntr,GFET,,,16.638,0.032,0.921,0.691,0.384,0.5,0.03,0.05,0.09,0.06,1.6,0.4,0.7,0.4,1.5,0.1,0.2,0.04,1,0.5,0.8,0.3,0.4
TEOWNtr5788,,Needleleaf tree,Ntr,GF,Ntr,GFET,,,16.814,0.03,0.907,0.68,0.378,0.5,0.03,0.05,0.09,0.06,1.6,0.4,0.7,0.4,1.5,0.1,0.2,0.04,1,0.5,0.8,0.3,0.4
TEOWNtr5789,,Needleleaf tree,Ntr,GF,Ntr,GFET,,,16.692,0.029,0.908,0.681,0.378,0.5,0.03,0.05,0.09,0.06,1.6,0.4,0.7,0.4,1.5,0.1,0.2,0.04,1,0.5,0.8,0.3,0.4
TEOWNtr5790,,Needleleaf tree,Ntr,GF,Ntr,GFET,,,16.884,0.024,0.907,0.68,0.378,0.5,0.03,0.05,0.09,0.06,1.6,0.4,0.7,0.4,1.5,0.1,0.2,0.04,1,0.5,0.8,0.3,0.4
TEOWNtr5791,,Needleleaf tree,Ntr,GF,Ntr,GFET,,,11.905,0.043,0.906,0.68,0.378,0.5,0.03,0.05,0.09,0.06,1.6,0.4,0.7,0.4,1.5,0.1,0.2,0.04,1,0.5,0.8,0.3,0.4
TEOWNtr5792,,Needleleaf tree,Ntr,GF,Ntr,GFET,,,20.038,0.276,0.601,0.451,0.25,0.5,0.03,0.05,0.09,0.06,1.6,0.4,0.7,0.4,1.5,0.1,0.2,0.04,1,0.5,0.8,0.3,0.4
TEOWNtr5793,,Needleleaf tree,Ntr,GF,Ntr,GFET,,,15.569,0.041,0.924,0.693,0.385,0.5,0.03,0.05,0.09,0.06,1.6,0.4,0.7,0.4,1.5,0.1,0.2,0.04,1,0.5,0.8,0.3,0.4
TEOWNtr5794,,Needleleaf tree,Ntr,GF,Ntr,GFET,,,15.349,0.038,0.908,0.681,0.378,0.5,0.03,0.05,0.09,0.06,1.6,0.4,0.7,0.4,1.5,0.1,0.2,0.04,1,0.5,0.8,0.3,0.4
TEOWNtr5795,,Needleleaf tree,Ntr,GF,Ntr,GFET,,,11.16,0.066,0.806,0.604,0.336,0.5,0.03,0.05,0.09,0.06,1.6,0.4,0.7,0.4,1.5,0.1,0.2,0.04,1,0.5,0.8,0.3,0.4
TEOWNtr5796,,Needleleaf tree,Ntr,GF,Ntr,GFET,,,14.221,0.288,0.581,0.436,0.242,0.5,0.03,0.05,0.09,0.06,1.6,0.4,0.7,0.4,1.5,0.1,0.2,0.04,1,0.5,0.8,0.3,0.4
TEOWNtr5797,,Needleleaf tree,Ntr,GF,Ntr,GFET,,,14.351,0.042,0.921,0.691,0.384,0.5,0.03,0.05,0.09,0.06,1.6,0.4,0.7,0.4,1.5,0.1,0.2,0.04,1,0.5,0.8,0.3,0.4
TEOWNtr5798,,Needleleaf tree,Ntr,GF,Ntr,GFET,,,14.06,0.042,0.92,0.69,0.383,0.5,0.03,0.05,0.09,0.06,1.6,0.4,0.7,0.4,1.5,0.1,0.2,0.04,1,0.5,0.8,0.3,0.4
TEOWNtr5799,,Needleleaf tree,Ntr,GF,Ntr,GFET,,,15.816,0.038,0.908,0.681,0.378,0.5,0.03,0.05,0.09,0.06,1.6,0.4,0.7,0.4,1.5,0.1,0.2,0.04,1,0.5,0.8,0.3,0.4
TEOWNtr5800,,Needleleaf tree,Ntr,GF,Ntr,GFET,,,12.378,0.042,0.907,0.68,0.378,0.5,0.03,0.05,0.09,0.06,1.6,0.4,0.7,0.4,1.5,0.1,0.2,0.04,1,0.5,0.8,0.3,0.4
TEOWNtr5801,,Needleleaf tree,Ntr,GF,Ntr,GFET,,,15.685,0.038,0.906,0.68,0.378,0.5,0.03,0.05,0.09,0.06,1.6,0.4,0.7,0.4,1.5,0.1,0.2,0.04,1,0.5,0.8,0.3,0.4
TEOWNtr5802,,Needleleaf tree,Ntr,GF,Ntr,GFET,,,22.681,0.053,0.825,0.619,0.344,0.5,0.03,0.05,0.09,0.06,1.6,0.4,0.7,0.4,1.5,0.1,0.2,0.04,1,0.5,0.8,0.3,0.4
TEOWNtr5803,,Needleleaf tree,Ntr,GF,Ntr,GFET,,,21.115,0.071,0.787,0.59,0.328,0.5,0.03,0.05,0.09,0.06,1.6,0.4,0.7,0.4,1.5,0.1,0.2,0.04,1,0.5,0.8,0.3,0.4
TEOWNtr5804,,Needleleaf tree,Ntr,GF,Ntr,GFET,,,20.083,0.071,0.787,0.59,0.328,0.5,0.03,0.05,0.09,0.06,1.6,0.4,0.7,0.4,1.5,0.1,0.2,0.04,1,0.5,0.8,0.3,0.4
TEOWNtr5805,,Needleleaf tree,Ntr,GF,Ntr,GFET,,,22.645,0.073,0.788,0.591,0.328,0.5,0.03,0.05,0.09,0.06,1.6,0.4,0.7,0.4,1.5,0.1,0.2,0.04,1,0.5,0.8,0.3,0.4
TEOWNtr5806,,Needleleaf tree,Ntr,GF,Ntr,GFET,,,18.296,0.069,0.787,0.59,0.328,0.5,0.03,0.05,0.09,0.06,1.6,0.4,0.7,0.4,1.5,0.1,0.2,0.04,1,0.5,0.8,0.3,0.4
TEOWNtr5807,,Needleleaf tree,Ntr,GF,Ntr,GFET,,,16.601,0.069,0.792,0.594,0.33,0.5,0.03,0.05,0.09,0.06,1.6,0.4,0.7,0.4,1.5,0.1,0.2,0.04,1,0.5,0.8,0.3,0.4
TEOWNtr5808,,Needleleaf tree,Ntr,GF,Ntr,GFET,,,22.214,0.073,0.788,0.591,0.328,0.5,0.03,0.05,0.09,0.06,1.6,0.4,0.7,0.4,1.5,0.1,0.2,0.04,1,0.5,0.8,0.3,0.4
TEOWNtr5809,,Needleleaf tree,Ntr,GF,Ntr,GFET,,,18.991,0.07,0.789,0.592,0.329,0.5,0.03,0.05,0.09,0.06,1.6,0.4,0.7,0.4,1.5,0.1,0.2,0.04,1,0.5,0.8,0.3,0.4
TEOWNtr5810,,Needleleaf tree,Ntr,GF,Ntr,GFET,,,23.176,0.069,0.79,0.592,0.329,0.5,0.03,0.05,0.09,0.06,1.6,0.4,0.7,0.4,1.5,0.1,0.2,0.04,1,0.5,0.8,0.3,0.4
TEOWNtr5811,,Needleleaf tree,Ntr,GF,Ntr,GFET,,,4.736,0.063,0.807,0.605,0.336,0.5,0.03,0.05,0.09,0.06,1.6,0.4,0.7,0.4,1.5,0.1,0.2,0.04,1,0.5,0.8,0.3,0.4
TEOWNtr5812,,Needleleaf tree,Ntr,GF,Ntr,GFET,,,22.093,0.07,0.788,0.591,0.328,0.5,0.03,0.05,0.09,0.06,1.6,0.4,0.7,0.4,1.5,0.1,0.2,0.04,1,0.5,0.8,0.3,0.4
TEOWNtr5813,,Needleleaf tree,Ntr,GF,Ntr,GFET,,,12.353,0.07,0.787,0.59,0.328,0.5,0.03,0.05,0.09,0.06,1.6,0.4,0.7,0.4,1.5,0.1,0.2,0.04,1,0.5,0.8,0.3,0.4
TEOWNtr5814,,Needleleaf tree,Ntr,GF,Ntr,GFET,,,22.787,0.068,0.787,0.59,0.328,0.5,0.03,0.05,0.09,0.06,1.6,0.4,0.7,0.4,1.5,0.1,0.2,0.04,1,0.5,0.8,0.3,0.4
TEOWNtr5815,,Needleleaf tree,Ntr,GF,Ntr,GFET,,,21.002,0.071,0.788,0.591,0.328,0.5,0.03,0.05,0.09,0.06,1.6,0.4,0.7,0.4,1.5,0.1,0.2,0.04,1,0.5,0.8,0.3,0.4
TEOWNtr5816,,Needleleaf tree,Ntr,GF,Ntr,GFET,,,8.956,0.064,0.832,0.624,0.347,0.5,0.03,0.05,0.09,0.06,1.6,0.4,0.7,0.4,1.5,0.1,0.2,0.04,1,0.5,0.8,0.3,0.4
TEOWNtr5817,,Needleleaf tree,Ntr,GF,Ntr,GFET,,,11.602,0.043,0.906,0.68,0.378,0.5,0.03,0.05,0.09,0.06,1.6,0.4,0.7,0.4,1.5,0.1,0.2,0.04,1,0.5,0.8,0.3,0.4
TEOWNtr5818,,Needleleaf tree,Ntr,GF,Ntr,GFET,,,7.043,0.077,0.806,0.604,0.336,0.5,0.03,0.05,0.09,0.06,1.6,0.4,0.7,0.4,1.5,0.1,0.2,0.04,1,0.5,0.8,0.3,0.4
TEOWNtr5819,,Needleleaf tree,Ntr,GF,Ntr,GFET,,,5.18,0.067,0.812,0.609,0.338,0.5,0.03,0.05,0.09,0.06,1.6,0.4,0.7,0.4,1.5,0.1,0.2,0.04,1,0.5,0.8,0.3,0.4
TEOWNtr5820,,Needleleaf tree,Ntr,GF,Ntr,GFET,,,12.056,0.074,0.8,0.6,0.333,0.5,0.03,0.05,0.09,0.06,1.6,0.4,0.7,0.4,1.5,0.1,0.2,0.04,1,0.5,0.8,0.3,0.4
TEOWNtr5821,,Needleleaf tree,Ntr,GF,Ntr,GFET,,,15.007,0.044,0.906,0.679,0.377,0.5,0.03,0.05,0.09,0.06,1.6,0.4,0.7,0.4,1.5,0.1,0.2,0.04,1,0.5,0.8,0.3,0.4
TEOWNtr5822,,Needleleaf tree,Ntr,GF,Ntr,GFET,,,14.517,0.043,0.916,0.687,0.382,0.5,0.03,0.05,0.09,0.06,1.6,0.4,0.7,0.4,1.5,0.1,0.2,0.04,1,0.5,0.8,0.3,0.4
TEOWNtr5823,,Needleleaf tree,Ntr,GF,Ntr,GFET,,,7.044,0.079,0.802,0.602,0.334,0.5,0.03,0.05,0.09,0.06,1.6,0.4,0.7,0.4,1.5,0.1,0.2,0.04,1,0.5,0.8,0.3,0.4
TEOWNtr5824,,Needleleaf tree,Ntr,GF,Ntr,GFET,,,7.357,0.08,0.801,0.601,0.334,0.5,0.03,0.05,0.09,0.06,1.6,0.4,0.7,0.4,1.5,0.1,0.2,0.04,1,0.5,0.8,0.3,0.4
TEOWNtr5825,,Needleleaf tree,Ntr,GF,Ntr,GFET,,,8.288,0.054,0.845,0.633,0.352,0.5,0.03,0.05,0.09,0.06,1.6,0.4,0.7,0.4,1.5,0.1,0.2,0.04,1,0.5,0.8,0.3,0.4
TEOWNtr5826,,Needleleaf tree,Ntr,GF,Ntr,GFET,,,8.212,0.048,0.885,0.664,0.369,0.5,0.03,0.05,0.09,0.06,1.6,0.4,0.7,0.4,1.5,0.1,0.2,0.04,1,0.5,0.8,0.3,0.4
TEOWNtr5827,,Needleleaf tree,Ntr,GF,Ntr,GFET,,,8.391,0.037,0.906,0.68,0.378,0.5,0.03,0.05,0.09,0.06,1.6,0.4,0.7,0.4,1.5,0.1,0.2,0.04,1,0.5,0.8,0.3,0.4
TEOWNtr5828,,Needleleaf tree,Ntr,GF,Ntr,GFET,,,16.918,0.021,0.933,0.7,0.389,0.5,0.03,0.05,0.09,0.06,1.6,0.4,0.7,0.4,1.5,0.1,0.2,0.04,1,0.5,0.8,0.3,0.4
TEOWNtr5829,,Needleleaf tree,Ntr,GF,Ntr,GFET,,,8.064,0.042,0.911,0.683,0.379,0.5,0.03,0.05,0.09,0.06,1.6,0.4,0.7,0.4,1.5,0.1,0.2,0.04,1,0.5,0.8,0.3,0.4
TEOWNtr5830,,Needleleaf tree,Ntr,GF,Ntr,GFET,,,6.575,0.072,0.811,0.608,0.338,0.5,0.03,0.05,0.09,0.06,1.6,0.4,0.7,0.4,1.5,0.1,0.2,0.04,1,0.5,0.8,0.3,0.4
TEOWNtr5831,,Needleleaf tree,Ntr,GF,Ntr,GFET,,,5.95,0.08,0.799,0.599,0.333,0.5,0.03,0.05,0.09,0.06,1.6,0.4,0.7,0.4,1.5,0.1,0.2,0.04,1,0.5,0.8,0.3,0.4
TEOWNtr5832,,Needleleaf tree,Ntr,GF,Ntr,GFET,,,6.68,0.069,0.811,0.608,0.338,0.5,0.03,0.05,0.09,0.06,1.6,0.4,0.7,0.4,1.5,0.1,0.2,0.04,1,0.5,0.8,0.3,0.4
TEOWNtr5833,,Needleleaf tree,Ntr,GF,Ntr,GFET,,,7.522,0.049,0.883,0.663,0.368,0.5,0.03,0.05,0.09,0.06,1.6,0.4,0.7,0.4,1.5,0.1,0.2,0.04,1,0.5,0.8,0.3,0.4
TEOWNtr5834,,Needleleaf tree,Ntr,GF,Ntr,GFET,,,8.318,0.074,0.808,0.606,0.337,0.5,0.03,0.05,0.09,0.06,1.6,0.4,0.7,0.4,1.5,0.1,0.2,0.04,1,0.5,0.8,0.3,0.4
TEOWNtr5835,,Needleleaf tree,Ntr,GF,Ntr,GFET,,,13.09,0.042,0.908,0.681,0.378,0.5,0.03,0.05,0.09,0.06,1.6,0.4,0.7,0.4,1.5,0.1,0.2,0.04,1,0.5,0.8,0.3,0.4
TEOWNtr5836,,Needleleaf tree,Ntr,GF,Ntr,GFET,,,6.102,0.083,0.798,0.598,0.332,0.5,0.03,0.05,0.09,0.06,1.6,0.4,0.7,0.4,1.5,0.1,0.2,0.04,1,0.5,0.8,0.3,0.4
TEOWNtr5837,,Needleleaf tree,Ntr,GF,Ntr,GFET,,,9.279,0.048,0.886,0.664,0.369,0.5,0.03,0.05,0.09,0.06,1.6,0.4,0.7,0.4,1.5,0.1,0.2,0.04,1,0.5,0.8,0.3,0.4
TEOWNtr5838,,Needleleaf tree,Ntr,GF,Ntr,GFET,,,16.713,0.023,0.907,0.68,0.378,0.5,0.03,0.05,0.09,0.06,1.6,0.4,0.7,0.4,1.5,0.1,0.2,0.04,1,0.5,0.8,0.3,0.4
TEOWNtr5839,,Needleleaf tree,Ntr,GF,Ntr,GFET,,,20.287,0.032,0.87,0.652,0.362,0.5,0.03,0.05,0.09,0.06,1.6,0.4,0.7,0.4,1.5,0.1,0.2,0.04,1,0.5,0.8,0.3,0.4
TEOWNtr5840,,Needleleaf tree,Ntr,GF,Ntr,GFET,,,16.641,0.038,0.913,0.685,0.38,0.5,0.03,0.05,0.09,0.06,1.6,0.4,0.7,0.4,1.5,0.1,0.2,0.04,1,0.5,0.8,0.3,0.4
TEOWNtr5841,,Needleleaf tree,Ntr,GF,Ntr,GFET,,,17.152,0,0.856,0.642,0.357,0.5,0.03,0.05,0.09,0.06,1.6,0.4,0.7,0.4,1.5,0.1,0.2,0.04,1,0.5,0.8,0.3,0.4
TEOWNtr5842,,Needleleaf tree,Ntr,GF,Ntr,GFET,,,14.454,0.043,0.914,0.685,0.381,0.5,0.03,0.05,0.09,0.06,1.6,0.4,0.7,0.4,1.5,0.1,0.2,0.04,1,0.5,0.8,0.3,0.4
TEOWNtr5843,,Needleleaf tree,Ntr,GF,Ntr,GFET,,,16.701,0.026,0.978,0.733,0.407,0.5,0.03,0.05,0.09,0.06,1.6,0.4,0.7,0.4,1.5,0.1,0.2,0.04,1,0.5,0.8,0.3,0.4
TEOWNtr5844,,Needleleaf tree,Ntr,GF,Ntr,GFET,,,15.594,0.039,0.959,0.719,0.4,0.5,0.03,0.05,0.09,0.06,1.6,0.4,0.7,0.4,1.5,0.1,0.2,0.04,1,0.5,0.8,0.3,0.4
TEOWNtr5845,,Needleleaf tree,Ntr,GF,Ntr,GFET,,,19.528,0.05,0.849,0.637,0.354,0.5,0.03,0.05,0.09,0.06,1.6,0.4,0.7,0.4,1.5,0.1,0.2,0.04,1,0.5,0.8,0.3,0.4
TEOWNtr5846,,Needleleaf tree,Ntr,GF,Ntr,GFET,,,16.872,0.022,0.908,0.681,0.378,0.5,0.03,0.05,0.09,0.06,1.6,0.4,0.7,0.4,1.5,0.1,0.2,0.04,1,0.5,0.8,0.3,0.4
TEOWNtr5847,,Needleleaf tree,Ntr,GF,Ntr,GFET,,,15.57,0.036,0.915,0.686,0.381,0.5,0.03,0.05,0.09,0.06,1.6,0.4,0.7,0.4,1.5,0.1,0.2,0.04,1,0.5,0.8,0.3,0.4
TEOWNtr5848,,Needleleaf tree,Ntr,GF,Ntr,GFET,,,15.404,0.041,0.933,0.699,0.389,0.5,0.03,0.05,0.09,0.06,1.6,0.4,0.7,0.4,1.5,0.1,0.2,0.04,1,0.5,0.8,0.3,0.4
TEOWNtr5849,,Needleleaf tree,Ntr,GF,Ntr,GFET,,,16.371,0.034,0.982,0.736,0.409,0.5,0.03,0.05,0.09,0.06,1.6,0.4,0.7,0.4,1.5,0.1,0.2,0.04,1,0.5,0.8,0.3,0.4
TEOWNtr5850,,Needleleaf tree,Ntr,GF,Ntr,GFET,,,16.684,0.034,0.91,0.682,0.379,0.5,0.03,0.05,0.09,0.06,1.6,0.4,0.7,0.4,1.5,0.1,0.2,0.04,1,0.5,0.8,0.3,0.4
TEOWNtr5851,,Needleleaf tree,Ntr,GF,Ntr,GFET,,,17.043,0.01,0.9,0.675,0.375,0.5,0.03,0.05,0.09,0.06,1.6,0.4,0.7,0.4,1.5,0.1,0.2,0.04,1,0.5,0.8,0.3,0.4
TEOWNtr5852,,Needleleaf tree,Ntr,GF,Ntr,GFET,,,16.963,0.015,0.901,0.675,0.375,0.5,0.03,0.05,0.09,0.06,1.6,0.4,0.7,0.4,1.5,0.1,0.2,0.04,1,0.5,0.8,0.3,0.4
TEOWNtr5853,,Needleleaf tree,Ntr,GF,Ntr,GFET,,,16.222,0.048,0.875,0.657,0.365,0.5,0.03,0.05,0.09,0.06,1.6,0.4,0.7,0.4,1.5,0.1,0.2,0.04,1,0.5,0.8,0.3,0.4
TEOWNtr5854,,Needleleaf tree,Ntr,GF,Ntr,GFET,,,14.991,0.041,0.887,0.665,0.37,0.5,0.03,0.05,0.09,0.06,1.6,0.4,0.7,0.4,1.5,0.1,0.2,0.04,1,0.5,0.8,0.3,0.4
TEOWNtr5855,,Needleleaf tree,Ntr,GF,Ntr,GFET,,,16.229,0.028,0.904,0.678,0.377,0.5,0.03,0.05,0.09,0.06,1.6,0.4,0.7,0.4,1.5,0.1,0.2,0.04,1,0.5,0.8,0.3,0.4
TEOWNtr5856,,Needleleaf tree,Ntr,GF,Ntr,GFET,,,16.413,0.039,0.872,0.654,0.363,0.5,0.03,0.05,0.09,0.06,1.6,0.4,0.7,0.4,1.5,0.1,0.2,0.04,1,0.5,0.8,0.3,0.4
TEOWNtr5857,,Needleleaf tree,Ntr,GF,Ntr,GFET,,,16.819,0.028,0.923,0.692,0.385,0.5,0.03,0.05,0.09,0.06,1.6,0.4,0.7,0.4,1.5,0.1,0.2,0.04,1,0.5,0.8,0.3,0.4
TEOWNtr5858,,Needleleaf tree,Ntr,GF,Ntr,GFET,,,16.896,0.027,0.978,0.734,0.408,0.5,0.03,0.05,0.09,0.06,1.6,0.4,0.7,0.4,1.5,0.1,0.2,0.04,1,0.5,0.8,0.3,0.4
TEOWNtr5859,,Needleleaf tree,Ntr,GF,Ntr,GFET,,,16.722,0.027,0.923,0.692,0.385,0.5,0.03,0.05,0.09,0.06,1.6,0.4,0.7,0.4,1.5,0.1,0.2,0.04,1,0.5,0.8,0.3,0.4
TEOWNtr5860,,Needleleaf tree,Ntr,GF,Ntr,GFET,,,17.015,0.022,0.909,0.682,0.379,0.5,0.03,0.05,0.09,0.06,1.6,0.4,0.7,0.4,1.5,0.1,0.2,0.04,1,0.5,0.8,0.3,0.4
TEOWNtr5861,,Needleleaf tree,Ntr,GF,Ntr,GFET,,,16.926,0.022,0.908,0.681,0.378,0.5,0.03,0.05,0.09,0.06,1.6,0.4,0.7,0.4,1.5,0.1,0.2,0.04,1,0.5,0.8,0.3,0.4
TEOWNtr5862,,Needleleaf tree,Ntr,GF,Ntr,GFET,,,16.86,0.029,0.906,0.68,0.378,0.5,0.03,0.05,0.09,0.06,1.6,0.4,0.7,0.4,1.5,0.1,0.2,0.04,1,0.5,0.8,0.3,0.4
TEOWNtr5863,,Needleleaf tree,Ntr,GF,Ntr,GFET,,,16.906,0.029,0.91,0.682,0.379,0.5,0.03,0.05,0.09,0.06,1.6,0.4,0.7,0.4,1.5,0.1,0.2,0.04,1,0.5,0.8,0.3,0.4
TEOWNtr5864,,Needleleaf tree,Ntr,GF,Ntr,GFET,,,16.595,0.034,0.956,0.717,0.398,0.5,0.03,0.05,0.09,0.06,1.6,0.4,0.7,0.4,1.5,0.1,0.2,0.04,1,0.5,0.8,0.3,0.4
TEOWNtr5865,,Needleleaf tree,Ntr,GF,Ntr,GFET,,,16.873,0.03,0.913,0.685,0.381,0.5,0.03,0.05,0.09,0.06,1.6,0.4,0.7,0.4,1.5,0.1,0.2,0.04,1,0.5,0.8,0.3,0.4
TEOWNtr5866,,Needleleaf tree,Ntr,GF,Ntr,GFET,,,16.998,0.029,0.901,0.676,0.375,0.5,0.03,0.05,0.09,0.06,1.6,0.4,0.7,0.4,1.5,0.1,0.2,0.04,1,0.5,0.8,0.3,0.4
TEOWNtr5867,,Needleleaf tree,Ntr,GF,Ntr,GFET,,,16.029,0.04,0.928,0.696,0.387,0.5,0.03,0.05,0.09,0.06,1.6,0.4,0.7,0.4,1.5,0.1,0.2,0.04,1,0.5,0.8,0.3,0.4
TEOWNtr5868,,Needleleaf tree,Ntr,GF,Ntr,GFET,,,0.003,0,0,0,0,0.5,0.03,0.05,0.09,0.06,1.6,0.4,0.7,0.4,1.5,0.1,0.2,0.04,1,0.5,0.8,0.3,0.4
TEOWNtr5869,,Needleleaf tree,Ntr,GF,Ntr,GFET,,,17.159,0,0.906,0.679,0.377,0.5,0.03,0.05,0.09,0.06,1.6,0.4,0.7,0.4,1.5,0.1,0.2,0.04,1,0.5,0.8,0.3,0.4
Tephrosia,Desmanthus,,Tephrosia,Fabaceae,Shrub,genus,,,8,0.02,0.2,0.2,0.1,0.2,0.04,0.05,0.06,0.04,1.6,0.24,0.7,0.4,1,0.1,0.2,0.04,1.6,0.5,0.8,0.3,0.4
Tephrosia virginiana,Desmanthus,Virginia tephrosia,Tephrosia,Fabaceae,Shrub,species,,,8,0.02,0.2,0.2,0.1,0.2,0.04,0.05,0.06,0.04,1.6,0.24,0.7,0.4,1,0.1,0.2,0.04,1.6,0.5,0.8,0.3,0.4
Terminalia,NoData,tropical almond,Terminalia,Combretaceae,Btr,genus,,,4,0.02,0.2,0.2,0.1,0.1,0.04,0.05,0.06,0.04,1.6,0.24,0.7,0.4,1,0.1,0.2,0.04,1.6,0.5,0.8,0.3,0.4
Terminalia avicennioides,NoData,,Terminalia,Combretaceae,Unknown,species,,,4,0.02,0.2,0.2,0.1,0.1,0.04,0.05,0.06,0.04,1.6,0.24,0.7,0.4,1,0.1,0.2,0.04,1.6,0.5,0.8,0.3,0.4
Terminalia bellirica,NoData,myrobalan,Terminalia,Combretaceae,Unknown,species,,,4,0.02,0.2,0.2,0.1,0.1,0.04,0.05,0.06,0.04,1.6,0.24,0.7,0.4,1,0.1,0.2,0.04,1.6,0.5,0.8,0.3,0.4
Terminalia brachystemma,NoData,,Terminalia,Combretaceae,Unknown,species,,,4,0.02,0.2,0.2,0.1,0.1,0.04,0.05,0.06,0.04,1.6,0.24,0.7,0.4,1,0.1,0.2,0.04,1.6,0.5,0.8,0.3,0.4
Terminalia laxiflora,NoData,,Terminalia,Combretaceae,Unknown,species,,,4,0.02,0.2,0.2,0.1,0.1,0.04,0.05,0.06,0.04,1.6,0.24,0.7,0.4,1,0.1,0.2,0.04,1.6,0.5,0.8,0.3,0.4
Terminalia mantaly,NoData,,Terminalia,Combretaceae,Unknown,species,,,4,0.02,0.2,0.2,0.1,0.1,0.04,0.05,0.06,0.04,1.6,0.24,0.7,0.4,1,0.1,0.2,0.04,1.6,0.5,0.8,0.3,0.4
Terminalia prunoides,NoData,,Terminalia,Combretaceae,Unknown,species,,,4,0.02,0.2,0.2,0.1,0.1,0.04,0.05,0.06,0.04,1.6,0.24,0.7,0.4,1,0.1,0.2,0.04,1.6,0.5,0.8,0.3,0.4
Terminalia sericea,NoData,clusterleaf,Terminalia,Combretaceae,Unknown,species,,,4,0.02,0.2,0.2,0.1,0.1,0.04,0.05,0.06,0.04,1.6,0.24,0.7,0.4,1,0.1,0.2,0.04,1.6,0.5,0.8,0.3,0.4
Terminalia superba,NoData,superb terminalia,Terminalia,Combretaceae,Unknown,species,,,4,0.02,0.2,0.2,0.1,0.1,0.04,0.05,0.06,0.04,1.6,0.24,0.7,0.4,1,0.1,0.2,0.04,1.6,0.5,0.8,0.3,0.4
Terminia,NoData,,Terminia,TBD,Unknown,genus,,,4,0.02,0.2,0.2,0.1,0.1,0.04,0.05,0.06,0.04,1.6,0.24,0.7,0.4,1,0.1,0.2,0.04,1.6,0.5,0.8,0.3,0.4
Terminia myriocarpa,NoData,,Terminia,TBD,Unknown,species,,,4,0.02,0.2,0.2,0.1,0.1,0.04,0.05,0.06,0.04,1.6,0.24,0.7,0.4,1,0.1,0.2,0.04,1.6,0.5,0.8,0.3,0.4
Terminia prunoides,NoData,,Terminia,TBD,Unknown,species,,,4,0.02,0.2,0.2,0.1,0.1,0.04,0.05,0.06,0.04,1.6,0.24,0.7,0.4,1,0.1,0.2,0.04,1.6,0.5,0.8,0.3,0.4
Terminia sericea,NoData,,Terminia,TBD,Unknown,species,,,4,0.02,0.2,0.2,0.1,0.1,0.04,0.05,0.06,0.04,1.6,0.24,0.7,0.4,1,0.1,0.2,0.04,1.6,0.5,0.8,0.3,0.4
Terminia superba,NoData,,Terminia,TBD,Unknown,species,,,4,0.02,0.2,0.2,0.1,0.1,0.04,0.05,0.06,0.04,1.6,0.24,0.7,0.4,1,0.1,0.2,0.04,1.6,0.5,0.8,0.3,0.4
Ternstroemia,NoData,,Ternstroemia,Theaceae,Unknown,genus,,,4,0.02,0.2,0.2,0.1,0.1,0.04,0.05,0.06,0.04,1.6,0.24,0.7,0.4,1,0.1,0.2,0.04,1.6,0.5,0.8,0.3,0.4
Ternstroemia gymnanthera,NoData,,Ternstroemia,Theaceae,Unknown,species,,,4,0.02,0.2,0.2,0.1,0.1,0.04,0.05,0.06,0.04,1.6,0.24,0.7,0.4,1,0.1,0.2,0.04,1.6,0.5,0.8,0.3,0.4
Tetrorchidium,NoData,,Tetrorchidium,TBD,Unknown,genus,,,4,0.02,0.2,0.2,0.1,0.1,0.04,0.05,0.06,0.04,1.6,0.24,0.7,0.4,1,0.1,0.2,0.04,1.6,0.5,0.8,0.3,0.4
Tetrorchidium didymostemon,NoData,,Tetrorchidium,TBD,Unknown,species,,,4,0.02,0.2,0.2,0.1,0.1,0.04,0.05,0.06,0.04,1.6,0.24,0.7,0.4,1,0.1,0.2,0.04,1.6,0.5,0.8,0.3,0.4
Theaceae,NoData,,Theaceae,Theaceae,Unknown,family,,,4,0.02,0.2,0.2,0.1,0.1,0.04,0.05,0.06,0.04,1.6,0.24,0.7,0.4,1,0.1,0.2,0.04,1.6,0.5,0.8,0.3,0.4
Thelypteris,NoData,maiden fern,Thelypteris,Thelypteridaceae,Herb,genus,,,4,0.02,0.2,0.2,0.1,0.1,0.04,0.05,0.06,0.04,1.6,0.24,0.7,0.4,1,0.1,0.2,0.04,1.6,0.5,0.8,0.3,0.4
Thelypteris decursive-pinnata,NoData,,Thelypteris,Thelypteridaceae,Unknown,species,,,4,0.02,0.2,0.2,0.1,0.1,0.04,0.05,0.06,0.04,1.6,0.24,0.7,0.4,1,0.1,0.2,0.04,1.6,0.5,0.8,0.3,0.4
Thelypteris dentata,NoData,downy maiden fern,Thelypteris,Thelypteridaceae,Herb,species,,,4,0.02,0.2,0.2,0.1,0.1,0.04,0.05,0.06,0.04,1.6,0.24,0.7,0.4,1,0.1,0.2,0.04,1.6,0.5,0.8,0.3,0.4
Thelypteris kunthii,NoData,Kunth's maiden fern,Thelypteris,Thelypteridaceae,Herb,species,,,4,0.02,0.2,0.2,0.1,0.1,0.04,0.05,0.06,0.04,1.6,0.24,0.7,0.4,1,0.1,0.2,0.04,1.6,0.5,0.8,0.3,0.4
Thelypteris plegopteri,NoData,,Thelypteris,Thelypteridaceae,Unknown,species,,,4,0.02,0.2,0.2,0.1,0.1,0.04,0.05,0.06,0.04,1.6,0.24,0.7,0.4,1,0.1,0.2,0.04,1.6,0.5,0.8,0.3,0.4
Theobroma,NoData,,Theobroma,Sterculiaceae,Btr,genus,,,4,0.02,0.2,0.2,0.1,0.1,0.04,0.05,0.06,0.04,1.6,0.24,0.7,0.4,1,0.1,0.2,0.04,1.6,0.5,0.8,0.3,0.4
Theobroma cacao,NoData,cacao,Theobroma,Sterculiaceae,Btr,species,,,4,0.02,0.2,0.2,0.1,0.1,0.04,0.05,0.06,0.04,1.6,0.24,0.7,0.4,1,0.1,0.2,0.04,1.6,0.5,0.8,0.3,0.4
Thevetia,NoData,,Thevetia,Apocynaceae,Btr,genus,,,4,0.02,0.2,0.2,0.1,0.1,0.04,0.05,0.06,0.04,1.6,0.24,0.7,0.4,1,0.1,0.2,0.04,1.6,0.5,0.8,0.3,0.4
Thevetia peruviana,NoData,luckynut,Thevetia,Apocynaceae,Btr,species,,,4,0.02,0.2,0.2,0.1,0.1,0.04,0.05,0.06,0.04,1.6,0.24,0.7,0.4,1,0.1,0.2,0.04,1.6,0.5,0.8,0.3,0.4
Thevetia thevetioides,NoData,thevetia,Thevetia,Apocynaceae,Unknown,species,,,4,0.02,0.2,0.2,0.1,0.1,0.04,0.05,0.06,0.04,1.6,0.24,0.7,0.4,1,0.1,0.2,0.04,1.6,0.5,0.8,0.3,0.4
Thomandersia,NoData,,Thomandersia,TBD,Unknown,genus,,,4,0.02,0.2,0.2,0.1,0.1,0.04,0.05,0.06,0.04,1.6,0.24,0.7,0.4,1,0.1,0.2,0.04,1.6,0.5,0.8,0.3,0.4
Thomandersia laurifolia,NoData,,Thomandersia,TBD,Unknown,species,,,4,0.02,0.2,0.2,0.1,0.1,0.04,0.05,0.06,0.04,1.6,0.24,0.7,0.4,1,0.1,0.2,0.04,1.6,0.5,0.8,0.3,0.4
Thouinia,NoData,,Thouinia,Sapindaceae,Unknown,genus,,,4,0.02,0.2,0.2,0.1,0.1,0.04,0.05,0.06,0.04,1.6,0.24,0.7,0.4,1,0.1,0.2,0.04,1.6,0.5,0.8,0.3,0.4
Thouinia portoricensis,NoData,,Thouinia,Sapindaceae,Unknown,species,,,4,0.02,0.2,0.2,0.1,0.1,0.04,0.05,0.06,0.04,1.6,0.24,0.7,0.4,1,0.1,0.2,0.04,1.6,0.5,0.8,0.3,0.4
Thrinax,Phoenix canariensis,thatch palm,Thrinax,Arecaceae,Btr,genus,,,8,0.02,0.2,0.2,0.05,0.1,0.04,0.05,0.06,0.04,1.6,0.24,0.7,0.4,1,0.1,0.2,0.04,1.6,0.5,0.8,0.3,0.4
Thrinax morrisii,NoData,Key thatch palm,Thrinax,Arecaceae,Btr,species,,,4,0.02,0.2,0.2,0.1,0.1,0.04,0.05,0.06,0.04,1.6,0.24,0.7,0.4,1,0.1,0.2,0.04,1.6,0.5,0.8,0.3,0.4
Thrinax radiata,Phoenix canariensis,,Thrinax,Arecaceae,Btr,genus,,,8,0.02,0.2,0.2,0.05,0.1,0.04,0.05,0.06,0.04,1.6,0.24,0.7,0.4,1,0.1,0.2,0.04,1.6,0.5,0.8,0.3,0.4
Thuja,Thuja,arborvitae,Thuja,Cupressaceae,Ntr,genus,,,0.2,0.02,0.2,0.1,0.2,0.2,0.04,0.05,0.1,0.06,1.6,0.24,0.7,0.4,1,0.1,0.2,0.04,1.6,0.5,0.8,0.3,0.4
Thuja occidentalis,Thuja,arborvitae,Thuja,Cupressaceae,Ntr,species,,,0.2,0.02,0.2,0.1,0.2,0.2,0.04,0.05,0.1,0.06,1.6,0.24,0.7,0.4,1,0.1,0.2,0.04,1.6,0.5,0.8,0.3,0.4
Thuja orientalis,Thuja,,Thuja,Cupressaceae,Unknown,species,,,0.2,0.02,0.2,0.1,0.2,0.2,0.04,0.05,0.1,0.06,1.6,0.24,0.7,0.4,1,0.1,0.2,0.04,1.6,0.5,0.8,0.3,0.4
Thuja plicata,Thuja,western redcedar,Thuja,Cupressaceae,Ntr,species,,,0.2,0.02,0.2,0.1,0.2,0.2,0.04,0.05,0.1,0.06,1.6,0.24,0.7,0.4,1,0.1,0.2,0.04,1.6,0.5,0.8,0.3,0.4
Thuja plicate,Thuja,,Thuja,Cupressaceae,Unknown,species,,,0.2,0.02,0.2,0.1,0.2,0.2,0.04,0.05,0.1,0.06,1.6,0.24,0.7,0.4,1,0.1,0.2,0.04,1.6,0.5,0.8,0.3,0.4
Thujopsis,NoData,,Thujopsis,Cupressaceae,Ntr,genus,,,4,0.02,0.2,0.2,0.1,0.1,0.04,0.05,0.06,0.04,1.6,0.24,0.7,0.4,1,0.1,0.2,0.04,1.6,0.5,0.8,0.3,0.4
Thujopsis dolabrata,NoData,Hiba,Thujopsis,Cupressaceae,Ntr,species,,,4,0.02,0.2,0.2,0.1,0.1,0.04,0.05,0.06,0.04,1.6,0.24,0.7,0.4,1,0.1,0.2,0.04,1.6,0.5,0.8,0.3,0.4
Thymus,NoData,,Thymus,Lamiaceae,Shrub,genus,,,4,0.02,0.2,0.2,0.1,0.1,0.04,0.05,0.06,0.04,1.6,0.24,0.7,0.4,1,0.1,0.2,0.04,1.6,0.5,0.8,0.3,0.4
Thymus vulgaris,NoData,garden thyme,Thymus,Lamiaceae,Shrub,species,,,4,0.02,0.2,0.2,0.1,0.1,0.04,0.05,0.06,0.04,1.6,0.24,0.7,0.4,1,0.1,0.2,0.04,1.6,0.5,0.8,0.3,0.4
Tibouchina,Nodata,,Tibouchina,Melastomataceae,Btr,genus,,,4,0.02,0.2,0.2,0.1,0.1,0.04,0.05,0.06,0.04,1.6,0.24,0.7,0.4,1,0.1,0.2,0.04,1.6,0.5,0.8,0.3,0.4
Tilia,Tilia,basswood,Tilia,Malvaceae,Btr,genus,,,0.2,0.02,0.2,0.2,0.05,0.05,0.04,0.05,0.06,0.04,1.6,0.24,0.7,0.4,1,0.1,0.2,0.04,1.6,0.5,0.8,0.3,0.4
Tilia americana,Tilia,American basswood,Tilia,Malvaceae,Btr,species,,,0.2,0.02,0.2,0.2,0.05,0.05,0.04,0.05,0.06,0.04,1.6,0.24,0.7,0.4,1,0.1,0.2,0.04,1.6,0.5,0.8,0.3,0.4
Tilia amurensis,Tilia,,Tilia,Malvaceae,Unknown,species,,,0.2,0.02,0.2,0.2,0.05,0.05,0.04,0.05,0.06,0.04,1.6,0.24,0.7,0.4,1,0.1,0.2,0.04,1.6,0.5,0.8,0.3,0.4
Tilia cordata,Tilia,littleleaf linden,Tilia,Malvaceae,Btr,species,,,0.2,0.02,0.2,0.2,0.05,0.05,0.04,0.05,0.06,0.04,1.6,0.24,0.7,0.4,1,0.1,0.2,0.04,1.6,0.5,0.8,0.3,0.4
Tilia heterophylla,Tilia,,Tilia,Malvaceae,Btr,species,,,0.2,0.02,0.2,0.2,0.05,0.05,0.04,0.05,0.06,0.04,1.6,0.24,0.7,0.4,1,0.1,0.2,0.04,1.6,0.5,0.8,0.3,0.4
Tilia mandshurica,Tilia,,Tilia,Malvaceae,Unknown,species,,,0.2,0.02,0.2,0.2,0.05,0.05,0.04,0.05,0.06,0.04,1.6,0.24,0.7,0.4,1,0.1,0.2,0.04,1.6,0.5,0.8,0.3,0.4
Tilia tomentosa,Tilia,,Tilia,Malvaceae,Btr,species,,,0.2,0.02,0.2,0.2,0.05,0.05,0.04,0.05,0.06,0.04,1.6,0.24,0.7,0.4,1,0.1,0.2,0.04,1.6,0.5,0.8,0.3,0.4
Tiliaceae,NoData,,Tiliaceae,Tiliaceae,Unknown,family,,,4,0.02,0.2,0.2,0.1,0.1,0.04,0.05,0.06,0.04,1.6,0.24,0.7,0.4,1,0.1,0.2,0.04,1.6,0.5,0.8,0.3,0.4
Tipuana,NoData,,Tipuana,Fabaceae,Unknown,genus,,,4,0.02,0.2,0.2,0.1,0.1,0.04,0.05,0.06,0.04,1.6,0.24,0.7,0.4,1,0.1,0.2,0.04,1.6,0.5,0.8,0.3,0.4
Tipuana tipu,NoData,tipa,Tipuana,Fabaceae,Unknown,species,,,4,0.02,0.2,0.2,0.1,0.1,0.04,0.05,0.06,0.04,1.6,0.24,0.7,0.4,1,0.1,0.2,0.04,1.6,0.5,0.8,0.3,0.4
Tocoyena,NoData,,Tocoyena,TBD,Unknown,genus,,,4,0.02,0.2,0.2,0.1,0.1,0.04,0.05,0.06,0.04,1.6,0.24,0.7,0.4,1,0.1,0.2,0.04,1.6,0.5,0.8,0.3,0.4
Tocoyena pittieri,NoData,,Tocoyena,TBD,Unknown,species,,,4,0.02,0.2,0.2,0.1,0.1,0.04,0.05,0.06,0.04,1.6,0.24,0.7,0.4,1,0.1,0.2,0.04,1.6,0.5,0.8,0.3,0.4
Tontelea,NoData,,Tontelea,Hyppocrateaceae,Shrub,genus,,,4,0.02,0.2,0.2,0.1,0.1,0.04,0.05,0.06,0.04,1.6,0.24,0.7,0.4,1,0.1,0.2,0.04,1.6,0.5,0.8,0.3,0.4
Tontelea richardi,NoData,,Tontelea,Hyppocrateaceae,Shrub,species,,,4,0.02,0.2,0.2,0.1,0.1,0.04,0.05,0.06,0.04,1.6,0.24,0.7,0.4,1,0.1,0.2,0.04,1.6,0.5,0.8,0.3,0.4
Toona,NoData,,Toona,Meliaceae,Btr,genus,,,4,0.02,0.2,0.2,0.1,0.1,0.04,0.05,0.06,0.04,1.6,0.24,0.7,0.4,1,0.1,0.2,0.04,1.6,0.5,0.8,0.3,0.4
Toona ciliata,NoData,Australian redcedar,Toona,Meliaceae,Btr,species,,,4,0.02,0.2,0.2,0.1,0.1,0.04,0.05,0.06,0.04,1.6,0.24,0.7,0.4,1,0.1,0.2,0.04,1.6,0.5,0.8,0.3,0.4
Torreya,Torreya californica,,Torreya,Taxaceae,Ntr,genus,,,0.2,0.02,0.2,0.2,0.1,0.1,0.04,0.05,0.1,0.06,1.6,0.24,0.7,0.4,1,0.1,0.2,0.04,1.6,0.5,0.8,0.3,0.4
Torreya californica,Torreya californica,California nutmeg,Torreya,Taxaceae,Ntr,species,,,0.2,0.02,0.2,0.2,0.1,0.1,0.04,0.05,0.1,0.06,1.6,0.24,0.7,0.4,1,0.1,0.2,0.04,1.6,0.5,0.8,0.3,0.4
Toxicodendron,NoData,,Toxicodendron,Anacardiaceae,Unknown,genus,,,4,0.02,0.2,0.2,0.1,0.1,0.04,0.05,0.06,0.04,1.6,0.24,0.7,0.4,1,0.1,0.2,0.04,1.6,0.5,0.8,0.3,0.4
Toxicodendron succedaneum,NoData,wax tree,Toxicodendron,Anacardiaceae,Unknown,species,,,4,0.02,0.2,0.2,0.1,0.1,0.04,0.05,0.06,0.04,1.6,0.24,0.7,0.4,1,0.1,0.2,0.04,1.6,0.5,0.8,0.3,0.4
Trachelospermum,NoData,,Trachelospermum,Apocynaceae,Shrub,genus,,,4,0.02,0.2,0.2,0.1,0.1,0.04,0.05,0.06,0.04,1.6,0.24,0.7,0.4,1,0.1,0.2,0.04,1.6,0.5,0.8,0.3,0.4
Trachelospermum asiaticum var.liuliuens,NoData,trachelospermum,Trachelospermum,Apocynaceae,Shrub,species,,,4,0.02,0.2,0.2,0.1,0.1,0.04,0.05,0.06,0.04,1.6,0.24,0.7,0.4,1,0.1,0.2,0.04,1.6,0.5,0.8,0.3,0.4
Trachycarpus,NoData,,Trachycarpus,Arecaceae,Unknown,genus,,,4,0.02,0.2,0.2,0.1,0.1,0.04,0.05,0.06,0.04,1.6,0.24,0.7,0.4,1,0.1,0.2,0.04,1.6,0.5,0.8,0.3,0.4
Trachycarpus fortunei,NoData,Chinese windmill palm,Trachycarpus,Arecaceae,Unknown,species,,,4,0.02,0.2,0.2,0.1,0.1,0.04,0.05,0.06,0.04,1.6,0.24,0.7,0.4,1,0.1,0.2,0.04,1.6,0.5,0.8,0.3,0.4
Trachycarpus wagnerianus,NoData,,Trachycarpus,Arecaceae,Unknown,species,,,4,0.02,0.2,0.2,0.1,0.1,0.04,0.05,0.06,0.04,1.6,0.24,0.7,0.4,1,0.1,0.2,0.04,1.6,0.5,0.8,0.3,0.4
Trattinnickia,NoData,,Trattinnickia,TBD,Unknown,genus,,,4,0.02,0.2,0.2,0.1,0.1,0.04,0.05,0.06,0.04,1.6,0.24,0.7,0.4,1,0.1,0.2,0.04,1.6,0.5,0.8,0.3,0.4
Trattinnickia aspera,NoData,,Trattinnickia,TBD,Unknown,species,,,4,0.02,0.2,0.2,0.1,0.1,0.04,0.05,0.06,0.04,1.6,0.24,0.7,0.4,1,0.1,0.2,0.04,1.6,0.5,0.8,0.3,0.4
Treculia,NoData,,Treculia,Moraceae,Unknown,genus,,,4,0.02,0.2,0.2,0.1,0.1,0.04,0.05,0.06,0.04,1.6,0.24,0.7,0.4,1,0.1,0.2,0.04,1.6,0.5,0.8,0.3,0.4
Treculia africana,NoData,African breadfruit,Treculia,Moraceae,Unknown,species,,,4,0.02,0.2,0.2,0.1,0.1,0.04,0.05,0.06,0.04,1.6,0.24,0.7,0.4,1,0.1,0.2,0.04,1.6,0.5,0.8,0.3,0.4
Trema,NoData,,Trema,Ulmaceae,Unknown,genus,,,4,0.02,0.2,0.2,0.1,0.1,0.04,0.05,0.06,0.04,1.6,0.24,0.7,0.4,1,0.1,0.2,0.04,1.6,0.5,0.8,0.3,0.4
Trema guineensis,NoData,,Trema,Ulmaceae,Unknown,species,,,4,0.02,0.2,0.2,0.1,0.1,0.04,0.05,0.06,0.04,1.6,0.24,0.7,0.4,1,0.1,0.2,0.04,1.6,0.5,0.8,0.3,0.4
Trema micrantha,NoData,Jamaican nettletree,Trema,Ulmaceae,Btr,species,,,4,0.02,0.2,0.2,0.1,0.1,0.04,0.05,0.06,0.04,1.6,0.24,0.7,0.4,1,0.1,0.2,0.04,1.6,0.5,0.8,0.3,0.4
Trema orientalis,NoData,Oriental trema,Trema,Ulmaceae,Btr,species,,,4,0.02,0.2,0.2,0.1,0.1,0.04,0.05,0.06,0.04,1.6,0.24,0.7,0.4,1,0.1,0.2,0.04,1.6,0.5,0.8,0.3,0.4
Trevesia,NoData,,Trevesia,TBD,Unknown,genus,,,4,0.02,0.2,0.2,0.1,0.1,0.04,0.05,0.06,0.04,1.6,0.24,0.7,0.4,1,0.1,0.2,0.04,1.6,0.5,0.8,0.3,0.4
Trevesia palmata,NoData,,Trevesia,TBD,Unknown,species,,,4,0.02,0.2,0.2,0.1,0.1,0.04,0.05,0.06,0.04,1.6,0.24,0.7,0.4,1,0.1,0.2,0.04,1.6,0.5,0.8,0.3,0.4
Triadica,Triadica,Chinese tallow,Triadica,Euphorbiaceae,Btr,genus,,,0.2,0.02,0.05,0.05,0.05,0.05,0.04,0.05,0.06,0.04,1.6,0.24,0.7,0.4,1,0.1,0.2,0.04,1.6,0.5,0.8,0.3,0.4
Triadica sebifera,Triadica,Chinese tallow,Triadica,Euphorbiaceae,Btr,species,,,0.2,0.02,0.05,0.05,0.05,0.05,0.04,0.05,0.06,0.04,1.6,0.24,0.7,0.4,1,0.1,0.2,0.04,1.6,0.5,0.8,0.3,0.4
Trichilia,NoData,trichilia,Trichilia,Meliaceae,Btr,genus,,,4,0.02,0.2,0.2,0.1,0.1,0.04,0.05,0.06,0.04,1.6,0.24,0.7,0.4,1,0.1,0.2,0.04,1.6,0.5,0.8,0.3,0.4
Trichilia emetica,NoData,,Trichilia,Meliaceae,Unknown,species,,,4,0.02,0.2,0.2,0.1,0.1,0.04,0.05,0.06,0.04,1.6,0.24,0.7,0.4,1,0.1,0.2,0.04,1.6,0.5,0.8,0.3,0.4
Trichilia gilgiana,NoData,,Trichilia,Meliaceae,Unknown,species,,,4,0.02,0.2,0.2,0.1,0.1,0.04,0.05,0.06,0.04,1.6,0.24,0.7,0.4,1,0.1,0.2,0.04,1.6,0.5,0.8,0.3,0.4
Trichostema,NoData,,Trichostema,Lamiaceae,Shrub,genus,,,4,0.02,0.2,0.2,0.1,0.1,0.04,0.05,0.06,0.04,1.6,0.24,0.7,0.4,1,0.1,0.2,0.04,1.6,0.5,0.8,0.3,0.4
Trichostema lanatum,NoData,woolly bluecurls,Trichostema,Lamiaceae,Shrub,species,,,4,0.02,0.2,0.2,0.1,0.1,0.04,0.05,0.06,0.04,1.6,0.24,0.7,0.4,1,0.1,0.2,0.04,1.6,0.5,0.8,0.3,0.4
Trichostigma,NoData,,Trichostigma,Phytolaccaceae,Unknown,genus,,,4,0.02,0.2,0.2,0.1,0.1,0.04,0.05,0.06,0.04,1.6,0.24,0.7,0.4,1,0.1,0.2,0.04,1.6,0.5,0.8,0.3,0.4
Trichostigma octandra,NoData,,Trichostigma,Phytolaccaceae,Unknown,species,,,4,0.02,0.2,0.2,0.1,0.1,0.04,0.05,0.06,0.04,1.6,0.24,0.7,0.4,1,0.1,0.2,0.04,1.6,0.5,0.8,0.3,0.4
Trifolium,NoData,clover,Trifolium,Fabaceae,Shrub,genus,,,4,0.02,0.2,0.2,0.1,0.1,0.04,0.05,0.06,0.04,1.6,0.24,0.7,0.4,1,0.1,0.2,0.04,1.6,0.5,0.8,0.3,0.4
Trifolium pratense,NoData,red clover,Trifolium,Fabaceae,Herb,species,,,4,0.02,0.2,0.2,0.1,0.1,0.04,0.05,0.06,0.04,1.6,0.24,0.7,0.4,1,0.1,0.2,0.04,1.6,0.5,0.8,0.3,0.4
Trifolium repens,NoData,white clover,Trifolium,Fabaceae,Herb,species,,,4,0.02,0.2,0.2,0.1,0.1,0.04,0.05,0.06,0.04,1.6,0.24,0.7,0.4,1,0.1,0.2,0.04,1.6,0.5,0.8,0.3,0.4
Trigonostemon,NoData,,Trigonostemon,TBD,Unknown,genus,,,4,0.02,0.2,0.2,0.1,0.1,0.04,0.05,0.06,0.04,1.6,0.24,0.7,0.4,1,0.1,0.2,0.04,1.6,0.5,0.8,0.3,0.4
Trigonostemon thyrsoidium,NoData,,Trigonostemon,TBD,Unknown,species,,,4,0.02,0.2,0.2,0.1,0.1,0.04,0.05,0.06,0.04,1.6,0.24,0.7,0.4,1,0.1,0.2,0.04,1.6,0.5,0.8,0.3,0.4
Trilepisium,NoData,,Trilepisium,TBD,Unknown,genus,,,4,0.02,0.2,0.2,0.1,0.1,0.04,0.05,0.06,0.04,1.6,0.24,0.7,0.4,1,0.1,0.2,0.04,1.6,0.5,0.8,0.3,0.4
Trilepisium madagascariense,NoData,,Trilepisium,TBD,Unknown,species,,,4,0.02,0.2,0.2,0.1,0.1,0.04,0.05,0.06,0.04,1.6,0.24,0.7,0.4,1,0.1,0.2,0.04,1.6,0.5,0.8,0.3,0.4
Triplochiton,NoData,,Triplochiton,TBD,Unknown,genus,,,4,0.02,0.2,0.2,0.1,0.1,0.04,0.05,0.06,0.04,1.6,0.24,0.7,0.4,1,0.1,0.2,0.04,1.6,0.5,0.8,0.3,0.4
Triplochiton scleroxylon,NoData,,Triplochiton,TBD,Unknown,species,,,4,0.02,0.2,0.2,0.1,0.1,0.04,0.05,0.06,0.04,1.6,0.24,0.7,0.4,1,0.1,0.2,0.04,1.6,0.5,0.8,0.3,0.4
Tristania,NoData,,Tristania,Myrtaceae,Unknown,genus,,,4,0.02,0.2,0.2,0.1,0.1,0.04,0.05,0.06,0.04,1.6,0.24,0.7,0.4,1,0.1,0.2,0.04,1.6,0.5,0.8,0.3,0.4
Tristania conferta,NoData,,Tristania,Myrtaceae,Unknown,species,,,4,0.02,0.2,0.2,0.1,0.1,0.04,0.05,0.06,0.04,1.6,0.24,0.7,0.4,1,0.1,0.2,0.04,1.6,0.5,0.8,0.3,0.4
Tristania laurina,NoData,,Tristania,Myrtaceae,Unknown,species,,,4,0.02,0.2,0.2,0.1,0.1,0.04,0.05,0.06,0.04,1.6,0.24,0.7,0.4,1,0.1,0.2,0.04,1.6,0.5,0.8,0.3,0.4
Tristaniopsis,NoData,,Tristaniopsis,Myrtaceae,Unknown,genus,,,4,0.02,0.2,0.2,0.1,0.1,0.04,0.05,0.06,0.04,1.6,0.24,0.7,0.4,1,0.1,0.2,0.04,1.6,0.5,0.8,0.3,0.4
Tristaniopsis laurina,NoData,water-gum,Tristaniopsis,Myrtaceae,Unknown,species,,,4,0.02,0.2,0.2,0.1,0.1,0.04,0.05,0.06,0.04,1.6,0.24,0.7,0.4,1,0.1,0.2,0.04,1.6,0.5,0.8,0.3,0.4
Trithrinax,NoData,,Trithrinax,Arecaceae,Ntr,genus,,,4,0.02,0.2,0.2,0.1,0.1,0.04,0.05,0.06,0.04,1.6,0.24,0.7,0.4,1,0.1,0.2,0.04,1.6,0.5,0.8,0.3,0.4
Trithrinax acanthacoma,NoData,,Trithrinax,Arecaceae,Ntr,species,,,4,0.02,0.2,0.2,0.1,0.1,0.04,0.05,0.06,0.04,1.6,0.24,0.7,0.4,1,0.1,0.2,0.04,1.6,0.5,0.8,0.3,0.4
Trithrinax acanthocoma,NoData,,Trithrinax,TBD,Unknown,species,,,4,0.02,0.2,0.2,0.1,0.1,0.04,0.05,0.06,0.04,1.6,0.24,0.7,0.4,1,0.1,0.2,0.04,1.6,0.5,0.8,0.3,0.4
Triticum,NoData,wheat,Triticum,Poaceae,Herb,genus,,,4,0.02,0.2,0.2,0.1,0.1,0.04,0.05,0.06,0.04,1.6,0.24,0.7,0.4,1,0.1,0.2,0.04,1.6,0.5,0.8,0.3,0.4
Triticum aestivum,NoData,common wheat,Triticum,Poaceae,Herb,species,,,4,0.02,0.2,0.2,0.1,0.1,0.04,0.05,0.06,0.04,1.6,0.24,0.7,0.4,1,0.1,0.2,0.04,1.6,0.5,0.8,0.3,0.4
Tsuga,Tsuga,hemlock,Tsuga,Pinaceae,Ntr,genus,,,0.2,0.02,0.6,0.6,0.1,0.2,0.04,0.05,0.1,0.06,1.6,0.24,0.7,0.4,1,0.1,0.2,0.04,1.6,0.5,0.8,0.3,0.4
Tsuga canadensis,Tsuga,eastern hemlock,Tsuga,Pinaceae,Ntr,species,,,0.2,0.02,0.6,0.6,0.1,0.2,0.04,0.05,0.1,0.06,1.6,0.24,0.7,0.4,1,0.1,0.2,0.04,1.6,0.5,0.8,0.3,0.4
Tsuga caroliniana,Tsuga,Carolina hemlock,Tsuga,Pinaceae,Ntr,species,,,0.2,0.02,0.6,0.6,0.1,0.2,0.04,0.05,0.1,0.06,1.6,0.24,0.7,0.4,1,0.1,0.2,0.04,1.6,0.5,0.8,0.3,0.4
Tsuga heterophylla,Tsuga,western hemlock,Tsuga,Pinaceae,Ntr,species,,,0.2,0.02,0.6,0.6,0.1,0.2,0.04,0.05,0.1,0.06,1.6,0.24,0.7,0.4,1,0.1,0.2,0.04,1.6,0.5,0.8,0.3,0.4
Tsuga mertensiana,Tsuga,mountain hemlock,Tsuga,Pinaceae,Ntr,species,,,0.2,0.02,0.6,0.6,0.1,0.2,0.04,0.05,0.1,0.06,1.6,0.24,0.7,0.4,1,0.1,0.2,0.04,1.6,0.5,0.8,0.3,0.4
Tulipa,NoData,tulip,Tulipa,Liliaceae,Herb,genus,,,4,0.02,0.2,0.2,0.1,0.1,0.04,0.05,0.06,0.04,1.6,0.24,0.7,0.4,1,0.1,0.2,0.04,1.6,0.5,0.8,0.3,0.4
Tynnanthus,NoData,,Tynnanthus,TBD,Unknown,genus,,,4,0.02,0.2,0.2,0.1,0.1,0.04,0.05,0.06,0.04,1.6,0.24,0.7,0.4,1,0.1,0.2,0.04,1.6,0.5,0.8,0.3,0.4
Tynnanthus croatianus,NoData,,Tynnanthus,TBD,Unknown,species,,,4,0.02,0.2,0.2,0.1,0.1,0.04,0.05,0.06,0.04,1.6,0.24,0.7,0.4,1,0.1,0.2,0.04,1.6,0.5,0.8,0.3,0.4
Uapaca,NoData,,Uapaca,TBD,Unknown,genus,,,4,0.02,0.2,0.2,0.1,0.1,0.04,0.05,0.06,0.04,1.6,0.24,0.7,0.4,1,0.1,0.2,0.04,1.6,0.5,0.8,0.3,0.4
Uapaca heudelotii,NoData,,Uapaca,TBD,Unknown,species,,,4,0.02,0.2,0.2,0.1,0.1,0.04,0.05,0.06,0.04,1.6,0.24,0.7,0.4,1,0.1,0.2,0.04,1.6,0.5,0.8,0.3,0.4
Ulex,Arundo,,Ulex,Fabaceae,Shrub,genus,,,8,0.02,0.4,0.4,0.2,0.2,0.04,0.05,0.06,0.04,1.6,0.24,0.7,0.4,1,0.1,0.2,0.04,1.6,0.5,0.8,0.3,0.4
Ulex europaeus,Arundo,common gorse,Ulex,Fabaceae,Shrub,species,,,8,0.02,0.4,0.4,0.2,0.2,0.04,0.05,0.06,0.04,1.6,0.24,0.7,0.4,1,0.1,0.2,0.04,1.6,0.5,0.8,0.3,0.4
Ulex parviflorus,Arundo,,Ulex,Fabaceae,Unknown,species,,,8,0.02,0.4,0.4,0.2,0.2,0.04,0.05,0.06,0.04,1.6,0.24,0.7,0.4,1,0.1,0.2,0.04,1.6,0.5,0.8,0.3,0.4
Ulmaceae,Ulmus,,Ulmaceae,Ulmaceae,Unknown,family,,,0.05,0.02,0.05,0.2,0.05,0.2,0.04,0.05,0.06,0.04,1.6,0.24,0.7,0.4,1,0.1,0.2,0.04,1.6,0.5,0.8,0.3,0.4
Ulmus,Ulmus,elm,Ulmus,Ulmaceae,Btr,genus,,,0.05,0.02,0.05,0.2,0.05,0.2,0.04,0.05,0.06,0.04,1.6,0.24,0.7,0.4,1,0.1,0.2,0.04,1.6,0.5,0.8,0.3,0.4
Ulmus alata,Ulmus,winged elm,Ulmus,Ulmaceae,Btr,species,,,0.05,0.02,0.05,0.2,0.05,0.2,0.04,0.05,0.06,0.04,1.6,0.24,0.7,0.4,1,0.1,0.2,0.04,1.6,0.5,0.8,0.3,0.4
Ulmus americana,Ulmus,American elm,Ulmus,Ulmaceae,Btr,species,,,0.05,0.02,0.05,0.2,0.05,0.2,0.04,0.05,0.06,0.04,1.6,0.24,0.7,0.4,1,0.1,0.2,0.04,1.6,0.5,0.8,0.3,0.4
Ulmus campestris,Ulmus,,Ulmus,Ulmaceae,Unknown,species,,,0.05,0.02,0.05,0.2,0.05,0.2,0.04,0.05,0.06,0.04,1.6,0.24,0.7,0.4,1,0.1,0.2,0.04,1.6,0.5,0.8,0.3,0.4
Ulmus crassifolia,Ulmus,cedar elm,Ulmus,Ulmaceae,Btr,species,,,0.05,0.02,0.05,0.2,0.05,0.2,0.04,0.05,0.06,0.04,1.6,0.24,0.7,0.4,1,0.1,0.2,0.04,1.6,0.5,0.8,0.3,0.4
Ulmus japonica,Ulmus,,Ulmus,Ulmaceae,Unknown,species,,,0.05,0.02,0.05,0.2,0.05,0.2,0.04,0.05,0.06,0.04,1.6,0.24,0.7,0.4,1,0.1,0.2,0.04,1.6,0.5,0.8,0.3,0.4
Ulmus laciniata,Ulmus,,Ulmus,Ulmaceae,Unknown,species,,,0.05,0.02,0.05,0.2,0.05,0.2,0.04,0.05,0.06,0.04,1.6,0.24,0.7,0.4,1,0.1,0.2,0.04,1.6,0.5,0.8,0.3,0.4
Ulmus minor,Ulmus,elm,Ulmus,Ulmaceae,Btr,species,,,0.05,0.02,0.05,0.2,0.05,0.2,0.04,0.05,0.06,0.04,1.6,0.24,0.7,0.4,1,0.1,0.2,0.04,1.6,0.5,0.8,0.3,0.4
Ulmus parviflora,Ulmus,,Ulmus,Ulmaceae,Unknown,species,,,0.05,0.02,0.05,0.2,0.05,0.2,0.04,0.05,0.06,0.04,1.6,0.24,0.7,0.4,1,0.1,0.2,0.04,1.6,0.5,0.8,0.3,0.4
Ulmus parvifolia,Ulmus,Chinese elm,Ulmus,Ulmaceae,Btr,species,,,0.05,0.02,0.05,0.2,0.05,0.2,0.04,0.05,0.06,0.04,1.6,0.24,0.7,0.4,1,0.1,0.2,0.04,1.6,0.5,0.8,0.3,0.4
Ulmus procera,Ulmus,English elm,Ulmus,Ulmaceae,Btr,species,,,0.05,0.02,0.05,0.2,0.05,0.2,0.04,0.05,0.06,0.04,1.6,0.24,0.7,0.4,1,0.1,0.2,0.04,1.6,0.5,0.8,0.3,0.4
Ulmus propingua,Ulmus,,Ulmus,Ulmaceae,Unknown,species,,,0.05,0.02,0.05,0.2,0.05,0.2,0.04,0.05,0.06,0.04,1.6,0.24,0.7,0.4,1,0.1,0.2,0.04,1.6,0.5,0.8,0.3,0.4
Ulmus pumila,Ulmus,Siberian elm,Ulmus,Ulmaceae,Btr,species,,,0.05,0.02,0.05,0.2,0.05,0.2,0.04,0.05,0.06,0.04,1.6,0.24,0.7,0.4,1,0.1,0.2,0.04,1.6,0.5,0.8,0.3,0.4
Ulmus rubra,Ulmus,slippery elm,Ulmus,Ulmaceae,Btr,species,,,0.05,0.02,0.05,0.2,0.05,0.2,0.04,0.05,0.06,0.04,1.6,0.24,0.7,0.4,1,0.1,0.2,0.04,1.6,0.5,0.8,0.3,0.4
Ulmus serotina,Ulmus,September elm,Ulmus,Ulmaceae,Btr,species,,,0.05,0.02,0.05,0.2,0.05,0.2,0.04,0.05,0.06,0.04,1.6,0.24,0.7,0.4,1,0.1,0.2,0.04,1.6,0.5,0.8,0.3,0.4
Ulmus thomasii,Ulmus,rock elm,Ulmus,Ulmaceae,Btr,species,,,0.05,0.02,0.05,0.2,0.05,0.2,0.04,0.05,0.06,0.04,1.6,0.24,0.7,0.4,1,0.1,0.2,0.04,1.6,0.5,0.8,0.3,0.4
Umbelliferae,Yucca,,Umbelliferae,Umbelliferae,Unknown,family,,,0.2,0.02,0.2,0.2,0.1,0.1,0.04,0.05,0.06,0.04,1.6,0.24,0.7,0.4,1,0.1,0.2,0.04,1.6,0.5,0.8,0.3,0.4
Umbellularia,Yucca,,Umbellularia,Lauraceae,Btr,genus,,,0.2,0.02,0.2,0.2,0.1,0.1,0.04,0.05,0.06,0.04,1.6,0.24,0.7,0.4,1,0.1,0.2,0.04,1.6,0.5,0.8,0.3,0.4
Umbellularia californica,Yucca,California laurel,Umbellularia,Lauraceae,Btr,species,,,0.2,0.02,0.2,0.2,0.1,0.1,0.04,0.05,0.06,0.04,1.6,0.24,0.7,0.4,1,0.1,0.2,0.04,1.6,0.5,0.8,0.3,0.4
Ungnadia,Yucca,,Ungnadia,Sapindaceae,Btr,genus,,,0.2,0.02,0.2,0.2,0.1,0.1,0.04,0.05,0.06,0.04,1.6,0.24,0.7,0.4,1,0.1,0.2,0.04,1.6,0.5,0.8,0.3,0.4
Ungnadia speciosa,Yucca,,Ungnadia,Sapindaceae,Btr,species,,,0.2,0.02,0.2,0.2,0.1,0.1,0.04,0.05,0.06,0.04,1.6,0.24,0.7,0.4,1,0.1,0.2,0.04,1.6,0.5,0.8,0.3,0.4
Unknown,Bumelia lanuginosa,,generic tree,generic tree,Btr,genus,,,8,0.02,0.4,0.4,0.1,0.2,0.04,0.05,0.06,0.04,1.6,0.24,0.7,0.4,1,0.1,0.2,0.04,1.6,0.5,0.8,0.3,0.4
Unknown ,Bumelia lanuginosa,,generic tree,generic tree,Btr,species,,,8,0.02,0.4,0.4,0.1,0.2,0.04,0.05,0.06,0.04,1.6,0.24,0.7,0.4,1,0.1,0.2,0.04,1.6,0.5,0.8,0.3,0.4
UNKNOWN Tree,NoData,,generic tree,generic tree,Btr,species,,,4,0.02,0.2,0.2,0.1,0.1,0.04,0.05,0.06,0.04,1.6,0.24,0.7,0.4,1,0.1,0.2,0.04,1.6,0.5,0.8,0.3,0.4
UNKNOWN Umbellularia/Vaccinium,NoData,,generic shrub,GF,Unknown,GF,,,4,0.02,0.2,0.2,0.1,0.1,0.04,0.05,0.06,0.04,1.6,0.24,0.7,0.4,1,0.1,0.2,0.04,1.6,0.5,0.8,0.3,0.4
Urena,NoData,,Urena,Malvaceae,Shrub,genus,,,4,0.02,0.2,0.2,0.1,0.1,0.04,0.05,0.06,0.04,1.6,0.24,0.7,0.4,1,0.1,0.2,0.04,1.6,0.5,0.8,0.3,0.4
Urena lobata,NoData,Caesarweed,Urena,Malvaceae,Shrub,species,,,4,0.02,0.2,0.2,0.1,0.1,0.04,0.05,0.06,0.04,1.6,0.24,0.7,0.4,1,0.1,0.2,0.04,1.6,0.5,0.8,0.3,0.4
Urera,NoData,,Urera,Urticaceae,Btr,genus,,,4,0.02,0.2,0.2,0.1,0.1,0.04,0.05,0.06,0.04,1.6,0.24,0.7,0.4,1,0.1,0.2,0.04,1.6,0.5,0.8,0.3,0.4
Urera caracasana,NoData,flameberry,Urera,Urticaceae,Btr,species,,,4,0.02,0.2,0.2,0.1,0.1,0.04,0.05,0.06,0.04,1.6,0.24,0.7,0.4,1,0.1,0.2,0.04,1.6,0.5,0.8,0.3,0.4
Urtica,NoData,,Urtica,Urticaceae,Herb,genus,,,4,0.02,0.2,0.2,0.1,0.1,0.04,0.05,0.06,0.04,1.6,0.24,0.7,0.4,1,0.1,0.2,0.04,1.6,0.5,0.8,0.3,0.4
Urtica dioica,NoData,stinging nettle,Urtica,Urticaceae,Herb,species,,,4,0.02,0.2,0.2,0.1,0.1,0.04,0.05,0.06,0.04,1.6,0.24,0.7,0.4,1,0.1,0.2,0.04,1.6,0.5,0.8,0.3,0.4
Vaccinium,NoDataLowIso,blueberry,Vaccinium,Ericaceae,Shrub,genus,,,0.2,0.02,0.2,0.2,0.2,0.2,0.04,0.05,0.04,0.02,1.6,0.24,0.7,0.4,1,0.1,0.2,0.04,1.6,0.5,0.8,0.3,0.4
Vaccinium arboreum,NoDataLowIso,blueberry,Vaccinium,Ericaceae,Shrub,genus,,,0.2,0.02,0.2,0.2,0.2,0.2,0.04,0.05,0.04,0.02,1.6,0.24,0.7,0.4,1,0.1,0.2,0.04,1.6,0.5,0.8,0.3,0.4
Vaccinium duclouxii,NoDataLowIso,,Vaccinium,Ericaceae,Shrub,species,,,0.2,0.02,0.2,0.2,0.2,0.2,0.04,0.05,0.04,0.02,1.6,0.24,0.7,0.4,1,0.1,0.2,0.04,1.6,0.5,0.8,0.3,0.4
Vaccinium myrtillus,NoDataLowIso,whortleberry,Vaccinium,Ericaceae,Shrub,species,,,0.2,0.02,0.2,0.2,0.2,0.2,0.04,0.05,0.04,0.02,1.6,0.24,0.7,0.4,1,0.1,0.2,0.04,1.6,0.5,0.8,0.3,0.4
Vaccinium uliginosum,NoDataLowIso,bog blueberry,Vaccinium,Ericaceae,Shrub,species,,,0.2,0.02,0.2,0.2,0.2,0.2,0.04,0.05,0.04,0.02,1.6,0.24,0.7,0.4,1,0.1,0.2,0.04,1.6,0.5,0.8,0.3,0.4
Vaccinium vitis-idaea,NoDataLowIso,lingonberry,Vaccinium,Ericaceae,Shrub,species,,,0.2,0.02,0.2,0.2,0.2,0.2,0.04,0.05,0.04,0.02,1.6,0.24,0.7,0.4,1,0.1,0.2,0.04,1.6,0.5,0.8,0.3,0.4
Vachellia,Vachellia,Previously Acacias,Vachellia,Fabaceae,Btr,genus,,,0.2,0.02,2,0.6,1,1,0.04,0.05,0.06,0.04,1.6,0.24,0.7,0.4,1,0.1,0.2,0.04,1.6,0.5,0.8,0.3,0.4
Vachellia farnesiana,NoData,,Vachellia,Fabaceae,Btr,species,,,4,0.02,0.2,0.2,0.1,0.1,0.04,0.05,0.06,0.04,1.6,0.24,0.7,0.4,1,0.1,0.2,0.04,1.6,0.5,0.8,0.3,0.4
Vantanea,NoData,,Vantanea,TBD,Unknown,genus,,,4,0.02,0.2,0.2,0.1,0.1,0.04,0.05,0.06,0.04,1.6,0.24,0.7,0.4,1,0.1,0.2,0.04,1.6,0.5,0.8,0.3,0.4
Vantanea depleta,NoData,,Vantanea,TBD,Unknown,species,,,4,0.02,0.2,0.2,0.1,0.1,0.04,0.05,0.06,0.04,1.6,0.24,0.7,0.4,1,0.1,0.2,0.04,1.6,0.5,0.8,0.3,0.4
Verbena,NoData,,Verbena,Verbenaceae,Unknown,genus,,,4,0.02,0.2,0.2,0.1,0.1,0.04,0.05,0.06,0.04,1.6,0.24,0.7,0.4,1,0.1,0.2,0.04,1.6,0.5,0.8,0.3,0.4
Verbenaceae,NoData,,Verbenaceae,Verbenaceae,Unknown,family,,,4,0.02,0.2,0.2,0.1,0.1,0.04,0.05,0.06,0.04,1.6,0.24,0.7,0.4,1,0.1,0.2,0.04,1.6,0.5,0.8,0.3,0.4
Vernonia,Yucca,ironweed,Vernonia,Asteraceae,Shrub,genus,,,0.2,0.02,0.2,0.2,0.1,0.1,0.04,0.05,0.06,0.04,1.6,0.24,0.7,0.4,1,0.1,0.2,0.04,1.6,0.5,0.8,0.3,0.4
Vernonia colorata,NoData,,Vernonia,Asteraceae,Unknown,species,,,4,0.02,0.2,0.2,0.1,0.1,0.04,0.05,0.06,0.04,1.6,0.24,0.7,0.4,1,0.1,0.2,0.04,1.6,0.5,0.8,0.3,0.4
Vernonia titanophylla,NoData,,Vernonia,Asteraceae,Unknown,species,,,4,0.02,0.2,0.2,0.1,0.1,0.04,0.05,0.06,0.04,1.6,0.24,0.7,0.4,1,0.1,0.2,0.04,1.6,0.5,0.8,0.3,0.4
Viburnum,NoData,,Viburnum,Caprifoliaceae,Unknown,genus,,,4,0.02,0.2,0.2,0.1,0.1,0.04,0.05,0.06,0.04,1.6,0.24,0.7,0.4,1,0.1,0.2,0.04,1.6,0.5,0.8,0.3,0.4
Viburnum cylindricum,NoData,,Viburnum,Caprifoliaceae,Unknown,species,,,4,0.02,0.2,0.2,0.1,0.1,0.04,0.05,0.06,0.04,1.6,0.24,0.7,0.4,1,0.1,0.2,0.04,1.6,0.5,0.8,0.3,0.4
Viburnum japonicum,NoData,,Viburnum,Caprifoliaceae,Unknown,species,,,4,0.02,0.2,0.2,0.1,0.1,0.04,0.05,0.06,0.04,1.6,0.24,0.7,0.4,1,0.1,0.2,0.04,1.6,0.5,0.8,0.3,0.4
Viburnum plicatum,NoData,Japanese snowball,Viburnum,Caprifoliaceae,Shrub,species,,,4,0.02,0.2,0.2,0.1,0.1,0.04,0.05,0.06,0.04,1.6,0.24,0.7,0.4,1,0.1,0.2,0.04,1.6,0.5,0.8,0.3,0.4
Viburnum rufidulum,NoData,rusty blackhaw,Viburnum,Caprifoliaceae,Btr,species,,,4,0.02,0.2,0.2,0.1,0.1,0.04,0.05,0.06,0.04,1.6,0.24,0.7,0.4,1,0.1,0.2,0.04,1.6,0.5,0.8,0.3,0.4
Viburnum suspensum,NoData,viburnum,Viburnum,Caprifoliaceae,Shrub,species,,,4,0.02,0.2,0.2,0.1,0.1,0.04,0.05,0.06,0.04,1.6,0.24,0.7,0.4,1,0.1,0.2,0.04,1.6,0.5,0.8,0.3,0.4
Viburnum tinus,NoData,laurustinus,Viburnum,Caprifoliaceae,Shrub,species,,,4,0.02,0.2,0.2,0.1,0.1,0.04,0.05,0.06,0.04,1.6,0.24,0.7,0.4,1,0.1,0.2,0.04,1.6,0.5,0.8,0.3,0.4
Viburnum trilobum,NoData,,Viburnum,Caprifoliaceae,Unknown,species,,,4,0.02,0.2,0.2,0.1,0.1,0.04,0.05,0.06,0.04,1.6,0.24,0.7,0.4,1,0.1,0.2,0.04,1.6,0.5,0.8,0.3,0.4
Vicia,NoData,,Vicia,Fabaceae,Shrub,genus,,,4,0.02,0.2,0.2,0.1,0.1,0.04,0.05,0.06,0.04,1.6,0.24,0.7,0.4,1,0.1,0.2,0.04,1.6,0.5,0.8,0.3,0.4
Vicia faba,NoData,horsebean,Vicia,Fabaceae,Shrub,species,,,4,0.02,0.2,0.2,0.1,0.1,0.04,0.05,0.06,0.04,1.6,0.24,0.7,0.4,1,0.1,0.2,0.04,1.6,0.5,0.8,0.3,0.4
Vicia pannonica,NoData,Hungarian vetch,Vicia,Fabaceae,Shrub,species,,,4,0.02,0.2,0.2,0.1,0.1,0.04,0.05,0.06,0.04,1.6,0.24,0.7,0.4,1,0.1,0.2,0.04,1.6,0.5,0.8,0.3,0.4
Vigna,NoData,cowpea,Vigna,Fabaceae,Shrub,genus,,,4,0.02,0.2,0.2,0.1,0.1,0.04,0.05,0.06,0.04,1.6,0.24,0.7,0.4,1,0.1,0.2,0.04,1.6,0.5,0.8,0.3,0.4
Vigna unguiculata,NoData,blackeyed pea,Vigna,Fabaceae,Shrub,species,,,4,0.02,0.2,0.2,0.1,0.1,0.04,0.05,0.06,0.04,1.6,0.24,0.7,0.4,1,0.1,0.2,0.04,1.6,0.5,0.8,0.3,0.4
Virola,NoData,virola,Virola,Myristicaceae,Unknown,genus,,,4,0.02,0.2,0.2,0.1,0.1,0.04,0.05,0.06,0.04,1.6,0.24,0.7,0.4,1,0.1,0.2,0.04,1.6,0.5,0.8,0.3,0.4
Virola pavonis,NoData,,Virola,Myristicaceae,Unknown,species,,,4,0.02,0.2,0.2,0.1,0.1,0.04,0.05,0.06,0.04,1.6,0.24,0.7,0.4,1,0.1,0.2,0.04,1.6,0.5,0.8,0.3,0.4
Virola sebifera,NoData,virola,Virola,Myristicaceae,Unknown,species,,,4,0.02,0.2,0.2,0.1,0.1,0.04,0.05,0.06,0.04,1.6,0.24,0.7,0.4,1,0.1,0.2,0.04,1.6,0.5,0.8,0.3,0.4
Vismia,NoData,,Vismia,TBD,Unknown,genus,,,4,0.02,0.2,0.2,0.1,0.1,0.04,0.05,0.06,0.04,1.6,0.24,0.7,0.4,1,0.1,0.2,0.04,1.6,0.5,0.8,0.3,0.4
Vismia guianensis,NoData,,Vismia,TBD,Unknown,species,,,4,0.02,0.2,0.2,0.1,0.1,0.04,0.05,0.06,0.04,1.6,0.24,0.7,0.4,1,0.1,0.2,0.04,1.6,0.5,0.8,0.3,0.4
Vismia japurensis,NoData,,Vismia,TBD,Unknown,species,,,4,0.02,0.2,0.2,0.1,0.1,0.04,0.05,0.06,0.04,1.6,0.24,0.7,0.4,1,0.1,0.2,0.04,1.6,0.5,0.8,0.3,0.4
Vitellaria,NoData,,Vitellaria,Sapotaceae,Unknown,genus,,,4,0.02,0.2,0.2,0.1,0.1,0.04,0.05,0.06,0.04,1.6,0.24,0.7,0.4,1,0.1,0.2,0.04,1.6,0.5,0.8,0.3,0.4
Vitellaria paradoxa,NoData,shea butter,Vitellaria,Sapotaceae,Unknown,species,,,4,0.02,0.2,0.2,0.1,0.1,0.04,0.05,0.06,0.04,1.6,0.24,0.7,0.4,1,0.1,0.2,0.04,1.6,0.5,0.8,0.3,0.4
Vitex,NoData,chastetree,Vitex,Verbenaceae,Btr,genus,,,4,0.02,0.2,0.2,0.1,0.1,0.04,0.05,0.06,0.04,1.6,0.24,0.7,0.4,1,0.1,0.2,0.04,1.6,0.5,0.8,0.3,0.4
Vitex agnus-castus,NoData,lilac chastetree,Vitex,Verbenaceae,Btr,species,,,4,0.02,0.2,0.2,0.1,0.1,0.04,0.05,0.06,0.04,1.6,0.24,0.7,0.4,1,0.1,0.2,0.04,1.6,0.5,0.8,0.3,0.4
Vitex doniana,NoData,,Vitex,Verbenaceae,Unknown,species,,,4,0.02,0.2,0.2,0.1,0.1,0.04,0.05,0.06,0.04,1.6,0.24,0.7,0.4,1,0.1,0.2,0.04,1.6,0.5,0.8,0.3,0.4
Vitex lucens,NoData,,Vitex,Verbenaceae,Btr,species,,,4,0.02,0.2,0.2,0.1,0.1,0.04,0.05,0.06,0.04,1.6,0.24,0.7,0.4,1,0.1,0.2,0.04,1.6,0.5,0.8,0.3,0.4
Vitex negundo,NoData,Chinese chastetree,Vitex,Verbenaceae,Btr,species,,,4,0.02,0.2,0.2,0.1,0.1,0.04,0.05,0.06,0.04,1.6,0.24,0.7,0.4,1,0.1,0.2,0.04,1.6,0.5,0.8,0.3,0.4
Vitex rehmanni,NoData,,Vitex,Verbenaceae,Unknown,species,,,4,0.02,0.2,0.2,0.1,0.1,0.04,0.05,0.06,0.04,1.6,0.24,0.7,0.4,1,0.1,0.2,0.04,1.6,0.5,0.8,0.3,0.4
Vitis,NoData,grape,Vitis,Vitaceae,Shrub,genus,,,4,0.02,0.2,0.2,0.1,0.1,0.04,0.05,0.06,0.04,1.6,0.24,0.7,0.4,1,0.1,0.2,0.04,1.6,0.5,0.8,0.3,0.4
Vitis coignetiae,NoData,,Vitis,Vitaceae,Unknown,species,,,4,0.02,0.2,0.2,0.1,0.1,0.04,0.05,0.06,0.04,1.6,0.24,0.7,0.4,1,0.1,0.2,0.04,1.6,0.5,0.8,0.3,0.4
Vitis tiliifolia,NoData,West Indian grape,Vitis,Vitaceae,Shrub,species,,,4,0.02,0.2,0.2,0.1,0.1,0.04,0.05,0.06,0.04,1.6,0.24,0.7,0.4,1,0.1,0.2,0.04,1.6,0.5,0.8,0.3,0.4
Vitis vinifera,NoData,wine grape,Vitis,Vitaceae,Shrub,species,,,4,0.02,0.2,0.2,0.1,0.1,0.04,0.05,0.06,0.04,1.6,0.24,0.7,0.4,1,0.1,0.2,0.04,1.6,0.5,0.8,0.3,0.4
Vochysia,NoData,,Vochysia,Vochysiaceae,Btr,genus,,,4,0.02,0.2,0.2,0.1,0.1,0.04,0.05,0.06,0.04,1.6,0.24,0.7,0.4,1,0.1,0.2,0.04,1.6,0.5,0.8,0.3,0.4
Vochysia ferruginea,NoData,,Vochysia,Vochysiaceae,Btr,species,,,4,0.02,0.2,0.2,0.1,0.1,0.04,0.05,0.06,0.04,1.6,0.24,0.7,0.4,1,0.1,0.2,0.04,1.6,0.5,0.8,0.3,0.4
Wallichia,NoData,,Wallichia,TBD,Unknown,genus,,,4,0.02,0.2,0.2,0.1,0.1,0.04,0.05,0.06,0.04,1.6,0.24,0.7,0.4,1,0.1,0.2,0.04,1.6,0.5,0.8,0.3,0.4
Wallichia caryotoides,NoData,,Wallichia,TBD,Unknown,species,,,4,0.02,0.2,0.2,0.1,0.1,0.04,0.05,0.06,0.04,1.6,0.24,0.7,0.4,1,0.1,0.2,0.04,1.6,0.5,0.8,0.3,0.4
Wallichia densiflora,NoData,,Wallichia,TBD,Unknown,species,,,4,0.02,0.2,0.2,0.1,0.1,0.04,0.05,0.06,0.04,1.6,0.24,0.7,0.4,1,0.1,0.2,0.04,1.6,0.5,0.8,0.3,0.4
Warscewiczia,NoData,,Warscewiczia,TBD,Unknown,genus,,,4,0.02,0.2,0.2,0.1,0.1,0.04,0.05,0.06,0.04,1.6,0.24,0.7,0.4,1,0.1,0.2,0.04,1.6,0.5,0.8,0.3,0.4
Warscewiczia coccinea,NoData,,Warscewiczia,TBD,Unknown,species,,,4,0.02,0.2,0.2,0.1,0.1,0.04,0.05,0.06,0.04,1.6,0.24,0.7,0.4,1,0.1,0.2,0.04,1.6,0.5,0.8,0.3,0.4
Washingtonia,Sabal,fan palm,Washingtonia,Arecaceae,Btr,genus,,,8,0.02,0.2,0.2,0.05,0.05,0.02,0.05,0.06,0.04,1.6,0.24,0.7,0.4,1,0.1,0.2,0.04,1.6,0.5,0.8,0.3,0.4
Washingtonia filifera,Sabal,California fan palm,Washingtonia,Arecaceae,Btr,species,,,8,0.02,0.2,0.2,0.05,0.05,0.02,0.05,0.06,0.04,1.6,0.24,0.7,0.4,1,0.1,0.2,0.04,1.6,0.5,0.8,0.3,0.4
Washingtonia robusta,Sabal,Washington fan palm,Washingtonia,Arecaceae,Btr,species,,,8,0.02,0.2,0.2,0.05,0.05,0.02,0.05,0.06,0.04,1.6,0.24,0.7,0.4,1,0.1,0.2,0.04,1.6,0.5,0.8,0.3,0.4
Welfia,Sabal,,Welfia,Arecaceae,Unknown,genus,,,8,0.02,0.2,0.2,0.05,0.05,0.02,0.05,0.06,0.04,1.6,0.24,0.7,0.4,1,0.1,0.2,0.04,1.6,0.5,0.8,0.3,0.4
Welfia georgii,Sabal,,Welfia,Arecaceae,Unknown,species,,,8,0.02,0.2,0.2,0.05,0.05,0.02,0.05,0.06,0.04,1.6,0.24,0.7,0.4,1,0.1,0.2,0.04,1.6,0.5,0.8,0.3,0.4
Wisteria,NoData,wisteria,Wisteria,Fabaceae,Shrub,genus,,,4,0.02,0.2,0.2,0.1,0.1,0.04,0.05,0.06,0.04,1.6,0.24,0.7,0.4,1,0.1,0.2,0.04,1.6,0.5,0.8,0.3,0.4
Wisteria floribunda,NoData,Japanese wisteria,Wisteria,Fabaceae,Shrub,species,,,4,0.02,0.2,0.2,0.1,0.1,0.04,0.05,0.06,0.04,1.6,0.24,0.7,0.4,1,0.1,0.2,0.04,1.6,0.5,0.8,0.3,0.4
Wisteria sinensis,NoData,Chinese wisteria,Wisteria,Fabaceae,Shrub,species,,,4,0.02,0.2,0.2,0.1,0.1,0.04,0.05,0.06,0.04,1.6,0.24,0.7,0.4,1,0.1,0.2,0.04,1.6,0.5,0.8,0.3,0.4
Wodyetia,NoData,,Wodyetia,Arecaceae,Btr,genus,,,4,0.02,0.2,0.2,0.1,0.1,0.04,0.05,0.06,0.04,1.6,0.24,0.7,0.4,1,0.1,0.2,0.04,1.6,0.5,0.8,0.3,0.4
Wodyetia bifurcata,NoData,,Wodyetia,Arecaceae,Btr,species,,,4,0.02,0.2,0.2,0.1,0.1,0.04,0.05,0.06,0.04,1.6,0.24,0.7,0.4,1,0.1,0.2,0.04,1.6,0.5,0.8,0.3,0.4
Woodfordia,NoData,,Woodfordia,TBD,Unknown,genus,,,4,0.02,0.2,0.2,0.1,0.1,0.04,0.05,0.06,0.04,1.6,0.24,0.7,0.4,1,0.1,0.2,0.04,1.6,0.5,0.8,0.3,0.4
Woodfordia fruticosa,NoData,,Woodfordia,TBD,Unknown,species,,,4,0.02,0.2,0.2,0.1,0.1,0.04,0.05,0.06,0.04,1.6,0.24,0.7,0.4,1,0.1,0.2,0.04,1.6,0.5,0.8,0.3,0.4
Wyethia,NoData,mule-ears,Wyethia,Asteraceae,Herb,genus,,,4,0.02,0.2,0.2,0.1,0.1,0.04,0.05,0.06,0.04,1.6,0.24,0.7,0.4,1,0.1,0.2,0.04,1.6,0.5,0.8,0.3,0.4
Xanthocephalum,NoData,,Xanthocephalum,Asteraceae,Unknown,genus,,,4,0.02,0.2,0.2,0.1,0.1,0.04,0.05,0.06,0.04,1.6,0.24,0.7,0.4,1,0.1,0.2,0.04,1.6,0.5,0.8,0.3,0.4
Xanthocephalum dracuna,NoData,,Xanthocephalum,Asteraceae,Unknown,species,,,4,0.02,0.2,0.2,0.1,0.1,0.04,0.05,0.06,0.04,1.6,0.24,0.7,0.4,1,0.1,0.2,0.04,1.6,0.5,0.8,0.3,0.4
Xanthocercis,NoData,,Xanthocercis,TBD,Unknown,genus,,,4,0.02,0.2,0.2,0.1,0.1,0.04,0.05,0.06,0.04,1.6,0.24,0.7,0.4,1,0.1,0.2,0.04,1.6,0.5,0.8,0.3,0.4
Xanthocercis zambesiaca,NoData,,Xanthocercis,TBD,Unknown,species,,,4,0.02,0.2,0.2,0.1,0.1,0.04,0.05,0.06,0.04,1.6,0.24,0.7,0.4,1,0.1,0.2,0.04,1.6,0.5,0.8,0.3,0.4
Ximenia,NoData,,Ximenia,Olacaceae,Unknown,genus,,,4,0.02,0.2,0.2,0.1,0.1,0.04,0.05,0.06,0.04,1.6,0.24,0.7,0.4,1,0.1,0.2,0.04,1.6,0.5,0.8,0.3,0.4
Xylia,NoData,,Xylia,Fabaceae,Unknown,genus,,,4,0.02,0.2,0.2,0.1,0.1,0.04,0.05,0.06,0.04,1.6,0.24,0.7,0.4,1,0.1,0.2,0.04,1.6,0.5,0.8,0.3,0.4
Xylia torreana,NoData,,Xylia,Fabaceae,Unknown,species,,,4,0.02,0.2,0.2,0.1,0.1,0.04,0.05,0.06,0.04,1.6,0.24,0.7,0.4,1,0.1,0.2,0.04,1.6,0.5,0.8,0.3,0.4
Xylopia,NoData,,Xylopia,Annonaceae,Unknown,genus,,,4,0.02,0.2,0.2,0.1,0.1,0.04,0.05,0.06,0.04,1.6,0.24,0.7,0.4,1,0.1,0.2,0.04,1.6,0.5,0.8,0.3,0.4
Xylopia frutescens,NoData,pimientillo,Xylopia,Annonaceae,Unknown,species,,,4,0.02,0.2,0.2,0.1,0.1,0.04,0.05,0.06,0.04,1.6,0.24,0.7,0.4,1,0.1,0.2,0.04,1.6,0.5,0.8,0.3,0.4
Xylopia hypolampra,NoData,,Xylopia,Annonaceae,Unknown,species,,,4,0.02,0.2,0.2,0.1,0.1,0.04,0.05,0.06,0.04,1.6,0.24,0.7,0.4,1,0.1,0.2,0.04,1.6,0.5,0.8,0.3,0.4
Xylopia mildbraedii,NoData,,Xylopia,Annonaceae,Unknown,species,,,4,0.02,0.2,0.2,0.1,0.1,0.04,0.05,0.06,0.04,1.6,0.24,0.7,0.4,1,0.1,0.2,0.04,1.6,0.5,0.8,0.3,0.4
Xylosma,NoData,xylosma,Xylosma,Flacourtiaceae,Btr,genus,,,4,0.02,0.2,0.2,0.1,0.1,0.04,0.05,0.06,0.04,1.6,0.24,0.7,0.4,1,0.1,0.2,0.04,1.6,0.5,0.8,0.3,0.4
Xylosma congestum,NoData,dense logwood,Xylosma,Flacourtiaceae,Btr,species,,,4,0.02,0.2,0.2,0.1,0.1,0.04,0.05,0.06,0.04,1.6,0.24,0.7,0.4,1,0.1,0.2,0.04,1.6,0.5,0.8,0.3,0.4
Yucca,Yucca,yucca,Yucca,Agavaceae,Btr,genus,,,0.2,0.02,0.2,0.2,0.1,0.1,0.04,0.05,0.06,0.04,1.6,0.24,0.7,0.4,1,0.1,0.2,0.04,1.6,0.5,0.8,0.3,0.4
Yucca aloifolia,Yucca,aloe yucca,Yucca,Agavaceae,Btr,species,,,0.2,0.02,0.2,0.2,0.1,0.1,0.04,0.05,0.06,0.04,1.6,0.24,0.7,0.4,1,0.1,0.2,0.04,1.6,0.5,0.8,0.3,0.4
Yucca brevifolia,Yucca,Joshua tree,Yucca,Agavaceae,Btr,species,,,0.2,0.02,0.2,0.2,0.1,0.1,0.04,0.05,0.06,0.04,1.6,0.24,0.7,0.4,1,0.1,0.2,0.04,1.6,0.5,0.8,0.3,0.4
Yucca elephantipes,Yucca,yucca,Yucca,Agavaceae,Btr,species,,,0.2,0.02,0.2,0.2,0.1,0.1,0.04,0.05,0.06,0.04,1.6,0.24,0.7,0.4,1,0.1,0.2,0.04,1.6,0.5,0.8,0.3,0.4
Yucca gloriosa,Yucca,moundlily yucca,Yucca,Agavaceae,Btr,species,,,0.2,0.02,0.2,0.2,0.1,0.1,0.04,0.05,0.06,0.04,1.6,0.24,0.7,0.4,1,0.1,0.2,0.04,1.6,0.5,0.8,0.3,0.4
Yucca schidigera,Yucca,Mojave yucca,Yucca,Agavaceae,Btr,species,,,0.2,0.02,0.2,0.2,0.1,0.1,0.04,0.05,0.06,0.04,1.6,0.24,0.7,0.4,1,0.1,0.2,0.04,1.6,0.5,0.8,0.3,0.4
Zamia,NoData,,Zamia,Zamiaceae,Unknown,genus,,,4,0.02,0.2,0.2,0.1,0.1,0.04,0.05,0.06,0.04,1.6,0.24,0.7,0.4,1,0.1,0.2,0.04,1.6,0.5,0.8,0.3,0.4
Zamia floridana,NoData,,Zamia,Zamiaceae,Unknown,species,,,4,0.02,0.2,0.2,0.1,0.1,0.04,0.05,0.06,0.04,1.6,0.24,0.7,0.4,1,0.1,0.2,0.04,1.6,0.5,0.8,0.3,0.4
Zanthoxylum,NoData,,Zanthoxylum,Rutaceae,Btr,genus,,,4,0.02,0.2,0.2,0.1,0.1,0.04,0.05,0.06,0.04,1.6,0.24,0.7,0.4,1,0.1,0.2,0.04,1.6,0.5,0.8,0.3,0.4
Zanthoxylum clava-herculis,NoData,lime pricklyash,Zanthoxylum,Rutaceae,Btr,species,,,4,0.02,0.2,0.2,0.1,0.1,0.04,0.05,0.06,0.04,1.6,0.24,0.7,0.4,1,0.1,0.2,0.04,1.6,0.5,0.8,0.3,0.4
Zanthoxylum fagara,NoData,lime pricklyash,Zanthoxylum,Rutaceae,Btr,species,,,4,0.02,0.2,0.2,0.1,0.1,0.04,0.05,0.06,0.04,1.6,0.24,0.7,0.4,1,0.1,0.2,0.04,1.6,0.5,0.8,0.3,0.4
Zea,NoDataLowIso,,Zea,Poaceae,Herb,genus,,,0.2,0.02,0.2,0.2,0.2,0.2,0.04,0.05,0.04,0.02,1.6,0.24,0.7,0.4,1,0.1,0.2,0.04,1.6,0.5,0.8,0.3,0.4
Zea mays,NoDataLowIso,corn,Zea,Poaceae,Herb,species,,,0.2,0.02,0.2,0.2,0.2,0.2,0.04,0.05,0.04,0.02,1.6,0.24,0.7,0.4,1,0.1,0.2,0.04,1.6,0.5,0.8,0.3,0.4
Zelkova,Zelkova,,Zelkova,Ulmaceae,Btr,genus,,,0.005,0.02,0.005,0.005,0.005,0.005,0.005,0.05,0.005,0.005,1.6,0.24,0.7,0.4,1,0.1,0.2,0.04,1.6,0.5,0.8,0.3,0.4
Zelkova serrata,Zelkova,Japanese zelkova,Zelkova,Ulmaceae,Btr,species,,,0.005,0.02,0.005,0.005,0.005,0.005,0.005,0.05,0.005,0.005,1.6,0.24,0.7,0.4,1,0.1,0.2,0.04,1.6,0.5,0.8,0.3,0.4
Zenia,NoData,,Zenia,TBD,Unknown,genus,,,4,0.02,0.2,0.2,0.1,0.1,0.04,0.05,0.06,0.04,1.6,0.24,0.7,0.4,1,0.1,0.2,0.04,1.6,0.5,0.8,0.3,0.4
Zenia insignis,NoData,,Zenia,TBD,Unknown,species,,,4,0.02,0.2,0.2,0.1,0.1,0.04,0.05,0.06,0.04,1.6,0.24,0.7,0.4,1,0.1,0.2,0.04,1.6,0.5,0.8,0.3,0.4
Ziziphus,Ziziphus jujuba,,Ziziphus,Rhamnaceae,Btr,genus,,,1.8,0.02,0.4,0.4,0.2,0.2,0.04,0.05,0.06,0.04,1.6,0.24,0.7,0.4,1,0.1,0.2,0.04,1.6,0.5,0.8,0.3,0.4
Ziziphus jujuba,Ziziphus jujuba,,Ziziphus,Rhamnaceae,Btr,species,,,1.8,0.02,0.4,0.4,0.2,0.2,0.04,0.05,0.06,0.04,1.6,0.24,0.7,0.4,1,0.1,0.2,0.04,1.6,0.5,0.8,0.3,0.4
Ziziphus mucronata,Ziziphus jujuba,,Ziziphus,Rhamnaceae,Unknown,species,,,1.8,0.02,0.4,0.4,0.2,0.2,0.04,0.05,0.06,0.04,1.6,0.24,0.7,0.4,1,0.1,0.2,0.04,1.6,0.5,0.8,0.3,0.4
Ziziphus obtusifolia,Ziziphus jujuba,lotebush,Ziziphus,Rhamnaceae,Btr,species,,,1.8,0.02,0.4,0.4,0.2,0.2,0.04,0.05,0.06,0.04,1.6,0.24,0.7,0.4,1,0.1,0.2,0.04,1.6,0.5,0.8,0.3,0.4
Ziziphus rivularis,Ziziphus jujuba,,Ziziphus,Rhamnaceae,Unknown,species,,,1.8,0.02,0.4,0.4,0.2,0.2,0.04,0.05,0.06,0.04,1.6,0.24,0.7,0.4,1,0.1,0.2,0.04,1.6,0.5,0.8,0.3,0.4
Zuelania,NoData,,Zuelania,TBD,Unknown,genus,,,4,0.02,0.2,0.2,0.1,0.1,0.04,0.05,0.06,0.04,1.6,0.24,0.7,0.4,1,0.1,0.2,0.04,1.6,0.5,0.8,0.3,0.4
Zuelania guidonia,NoData,,Zuelania,TBD,Unknown,species,,,4,0.02,0.2,0.2,0.1,0.1,0.04,0.05,0.06,0.04,1.6,0.24,0.7,0.4,1,0.1,0.2,0.04,1.6,0.5,0.8,0.3,0.4
Zygophyllaceae,NoData,,Zygophyllaceae,Zygophyllaceae,Unknown,family,,,4,0.02,0.2,0.2,0.1,0.1,0.04,0.05,0.06,0.04,1.6,0.24,0.7,0.4,1,0.1,0.2,0.04,1.6,0.5,0.8,0.3,0.4